Workbook

Sheet TOC
A1: PISA 2018 Results (Volume I) - © OECD 2019
A2: Annex A2 | B2: Annex A2 The PISA target population, the PISA samples, and the definition of schools
A3: Version 4 - Last updated: 13-Oct-2020
A4: Disclaimer: http://oe.cd/disclaimer
A6: TOC | B6: PISA 2018 Results - Volume I
A8: Annex A2 | B8: The PISA target population, the PISA samples, and the definition of schools
A9: Tables
A12: Table I.A2.1 | B12: ='Table I.A2.1'!$A$7 -> PISA target populations and samples, 2018
A13: Table I.A2.2 | B13: ='Table I.A2.2'!$A$7 -> Change in the enrolment of 15-year-olds in grade 7 and above (PISA 2003 through PISA 2018)
A14: Table I.A2.3 | B14: ='Table I.A2.3'!$A$7 -> PISA target populations and samples in adjudicated regions
A15: Table I.A2.4 | B15: ='Table I.A2.4'!$A$7 -> Exclusions, PISA 2018
A16: Table I.A2.5 | B16: ='Table I.A2.5'!$A$7 -> Exclusions in adjudicated regions
A17: Table I.A2.6 | B17: ='Table I.A2.6'!$A$7 -> Response rates, PISA 2018
A18: Table I.A2.7 | B18: ='Table I.A2.7'!$A$7 -> Response rates in adjudicated regions
A19: Table I.A2.8 | B19: ='Table I.A2.8'!$A$7 -> Percentage of students, including those with missing information, at each grade level, PISA 2018
A20: Table I.A2.9 | B20: ='Table I.A2.9'!$A$7 -> Percentage of students at each grade level, PISA 2018
A21: Table I.A2.10 | B21: ='Table I.A2.10'!$A$7 -> Percentage of students, including those with missing information, at each grade level in adjudicated regions
A22: Table I.A2.11 | B22: ='Table I.A2.11'!$A$7 -> Percentage of students at each grade level in adjudicated regions
A23: Table I.A2.12 | B23: ='Table I.A2.12'!$A$7 -> Percentage of students, including those with missing information, at each grade level, by gender
A24: Table I.A2.13 | B24: ='Table I.A2.13'!$A$7 -> Percentage of students at each grade level, by gender
A25: Table I.A2.14 | B25: ='Table I.A2.14'!$A$7 -> Percentage of students, including those with missing information, at each grade level in adjudicated regions, by gender
A26: Table I.A2.15 | B26: ='Table I.A2.15'!$A$7 -> Percentage of students at each grade level in adjudicated regions, by gender
A29: Symbols for missing data
A30: c: There are too few observations or no observation to provide reliable estimates (i.e. there are fewer than 30 students or fewer than 5 schools with valid data).
A31: m: Data are not available. These data were not submitted by the country or were collected but subsequently removed from the publication for technical reasons.

Sheet Table I.A2.1
A1: PISA 2018 Results (Volume I) - © OECD 2019
A2: Annex A2 | B2: Annex A2 The PISA target population, the PISA samples, and the definition of schools
A3: Version 4 - Last updated: 13-Oct-2020
A4: Disclaimer: http://oe.cd/disclaimer
A6: Table I.A2.1
A7: PISA target populations and samples, 2018
B12: Population and sample information | N12: Coverage indices
B13: Total population of 15-year-olds | C13: Total enrolled population of 15-year-olds at grade 7 or above | D13: Total in national desired target population | E13: Total school-level exclusions | F13: Total in national desired target population after all school exclusions and before within-school exclusions | G13: School-level exclusion rate (%) | H13: Number of participating students | I13: Weighted number of participating students | J13: Number of excluded students | K13: Weighted number of excluded students | L13: Within-school exclusion rate (%) | M13: Overall exclusion rate (%) | N13: Coverage Index 1: Coverage of national desired population | O13: Coverage Index 2: Coverage of national enrolled population | P13: Coverage Index 3: Coverage of 15-year-old population
B14: (1) | C14: (2) | D14: (3) | E14: (4) | F14: (5) | G14: (6) | H14: (7) | I14: (8) | J14: (9) | K14: (10) | L14: (11) | M14: (12) | N14: (13) | O14: (14) | P14: (15)
A15: OECD
A16: Australia | B16: 288195 | C16: 284687 | D16: 284687 | E16: 5609.6881 | F16: 279077.31 | G16: 1.9704757 | H16: 14273 | I16: 257778.72 | J16: 716 | K16: 10248.66 | L16: 3.8237358 | M16: 5.7188657 | N16: 0.94281123 | O16: 0.94281123 | P16: 0.89445938
A17: Austria | B17: 84473 | C17: 80108 | D17: 80108 | E17: 603.27929 | F17: 79504.721 | G17: 0.75308245 | H17: 6802 | I17: 75077.25 | J17: 117 | K17: 1378.83 | L17: 1.8034275 | M17: 2.5429287 | N17: 0.97457071 | O17: 0.97457071 | P17: 0.88877215
A18: Belgium | B18: 126031 | C18: 122808 | D18: 122808 | E18: 1877.4538 | F18: 120930.55 | G18: 1.5287716 | H18: 8475 | I18: 118024.8 | J18: 45 | K18: 493.62 | L18: 0.41649222 | M18: 1.9388966 | N18: 0.98061103 | O18: 0.98061103 | P18: 0.93647436
A19: Canada | B19: 388205 | C19: 400139 | D19: 395448 | E19: 7950.446 | F19: 387497.55 | G19: 2.0104909 | H19: 22653 | I19: 335196.99 | J19: 1481 | K19: 17496.3 | L19: 4.9607692 | M19: 6.8715242 | N19: 0.93128476 | O19: 0.92036691 | P19: 0.86345356
A20: Chile | B20: 239492 | C20: 215580 | D20: 215470 | E20: 2151 | F20: 213319 | G20: 0.99828282 | H20: 7621 | I20: 213832.11 | J20: 68 | K20: 2028.78 | L20: 0.93985529 | M20: 1.9287557 | N20: 0.98071244 | O20: 0.98021203 | P20: 0.89285701
A21: Colombia | B21: 856081 | C21: 645339 | D21: 645339 | E21: 950 | F21: 644389 | G21: 0.14720945 | H21: 7522 | I21: 529976.04 | J21: 28 | K21: 1812.21 | L21: 0.34077662 | M21: 0.48748441 | N21: 0.99512516 | O21: 0.99512516 | P21: 0.61907231
A22: Czech Republic | B22: 92013 | C22: 90835 | D22: 90835 | E22: 1509.7044 | F22: 89325.296 | G22: 1.6620293 | H22: 7019 | I22: 87807.57 | J22: 1 | K22: 10.95 | L22: 0.012468896 | M22: 1.674291 | N22: 0.98325709 | O22: 0.98325709 | P22: 0.95429526
A23: Denmark | B23: 68313 | C23: 67414 | D23: 67414 | E23: 652.71477 | F23: 66761.285 | G23: 0.96821843 | H23: 7657 | I23: 59966.97 | J23: 444 | K23: 3009.21 | L23: 4.7783327 | M23: 5.7002865 | N23: 0.94299761 | O23: 0.94299761 | P23: 0.87782662
A24: Estonia | B24: 12257 | C24: 12120 | D24: 12120 | E24: 413.16666 | F24: 11706.833 | G24: 3.4089659 | H24: 5316 | I24: 11414.49 | J24: 96 | K24: 194.73 | L24: 1.6773693 | M24: 5.0291542 | N24: 0.94970596 | O24: 0.94970596 | P24: 0.93126295
A25: Finland | B25: 58325 | C25: 57552 | D25: 57552 | E25: 495.97954 | F25: 57056.02 | G25: 0.86179376 | H25: 5649 | I25: 56172.39 | J25: 157 | K25: 1490.64 | L25: 2.5850879 | M25: 3.4246035 | N25: 0.96575396 | O25: 0.96575396 | P25: 0.96309284
A26: France | B26: 828196 | C26: 798480 | D26: 798480 | E26: 13732 | F26: 784748 | G26: 1.7197676 | H26: 6308 | I26: 756477.36 | J26: 56 | K26: 6644.22 | L26: 0.8706634 | M26: 2.5754576 | N26: 0.97424546 | O26: 0.97424546 | P26: 0.91340378
A27: Germany | B27: 739792 | C27: 739792 | D27: 739792 | E27: 15447.626 | F27: 724344.37 | G27: 2.088104 | H27: 5451 | I27: 734915.28 | J27: 42 | K27: 4846.83 | L27: 0.65518765 | M27: 2.7296106 | N27: 0.97270389 | O27: 0.97270389 | P27: 0.99340798
... A52: United States | B52: 4133719 | C52: 4058637 | D52: 4058637 | E52: 24756.591 | F52: 4033880.4 | G52: 0.60997303 | H52: 4838 | I52: 3559044.6 | J52: 194 | K52: 119057.1 | L52: 3.2369171 | M52: 3.8271458 | N52: 0.96172855 | O52: 0.96172855 | P52: 0.86097884
A53: Partners
A54: Albania | B54: 36955 | C54: 30160 | D54: 30160 | E54: 0 | F54: 30160 | G54: 0 | H54: 6359 | I54: 27962.73 | J54: 0 | K54: 0 | L54: 0 | M54: 0 | N54: 1 | O54: 1 | P54: 0.75666973
A55: Argentina | B55: 702788 | C55: 678151 | D55: 678151 | E55: 5597 | F55: 672554 | G55: 0.82533241 | H55: 11975 | I55: 566485.56 | J55: 118 | K55: 4083.3 | L55: 0.7156542 | M55: 1.5350801 | N55: 0.9846492 | O55: 0.9846492 | P55: 0.80605469
A56: Baku (Azerbaijan) | B56: 43798 | C56: 22672 | D56: 22672 | E56: 454 | F56: 22218 | G56: 2.00247 | H56: 6827 | I56: 20271.21 | J56: 0 | K56: 0 | L56: 0 | M56: 2.00247 | N56: 0.9799753 | O56: 0.9799753 | P56: 0.46283415
A57: Belarus | B57: 89440 | C57: 82580 | D57: 82580 | E57: 1439.5232 | F57: 81140.477 | G57: 1.7431862 | H57: 5803 | I57: 78333.03 | J57: 31 | K57: 462.48 | L57: 0.586937 | M57: 2.3198918 | N57: 0.97680108 | O57: 0.97680108 | P57: 0.87581653
A58: Bosnia and Herzegovina | B58: 35056 | C58: 32313 | D58: 32313 | E58: 242.55904 | F58: 32070.441 | G58: 0.75065466 | H58: 6480 | I58: 28842.75 | J58: 24 | K58: 105.66 | L58: 0.36499414 | M58: 1.112909 | N58: 0.98887091 | O58: 0.98887091 | P58: 0.82276215
A59: Brazil | B59: 3132463 | C59: 2980084 | D59: 2980084 | E59: 74772 | F59: 2905312 | G59: 2.5090568 | H59: 10691 | I59: 2036860.6 | J59: 41 | K59: 8179.71 | L59: 0.39997793 | M59: 2.898999 | N59: 0.97101001 | O59: 0.97101001 | P59: 0.65024252
A60: Brunei Darussalam | B60: 7081 | C60: 7384 | D60: 7384 | E60: 0 | F60: 7384 | G60: 0 | H60: 6828 | I60: 6899.01 | J60: 53 | K60: 53.01 | L60: 0.76251548 | M60: 0.76251548 | N60: 0.99237916 | O60: 0.99237916 | P60: 0.97429883
A61: B-S-J-Z (China) | B61: 1221746 | C61: 1097296 | D61: 1097296 | E61: 33279 | F61: 1064017 | G61: 3.0328189 | H61: 12058 | I61: 992301.63 | J61: 34 | K61: 1452.24 | L61: 0.14613678 | M61: 3.1745236 | N61: 0.96825473 | O61: 0.96825473 | P61: 0.81219961
A62: Bulgaria | B62: 66499 | C62: 51674 | D62: 51674 | E62: 388 | F62: 51286 | G62: 0.75086117 | H62: 5294 | I62: 47851.47 | J62: 80 | K62: 684.87 | L62: 1.4110458 | M62: 2.151312 | N62: 0.97848688 | O62: 0.97848688 | P62: 0.7195818
A63: Costa Rica | B63: 72444 | C63: 58789 | D63: 58789 | E63: 0 | F63: 58789 | G63: 0 | H63: 7221 | I63: 45474.66 | J63: 39 | K63: 248.61 | L63: 0.54372752 | M63: 0.54372752 | N63: 0.99456272 | O63: 0.99456272 | P63: 0.62772155
A64: Croatia | B64: 39812 | C64: 30534 | D64: 30534 | E64: 408.65623 | F64: 30125.344 | G64: 1.3383645 | H64: 6609 | I64: 35461.65 | J64: 135 | K64: 636.57 | L64: 1.7634388 | M64: 3.0782021 | N64: 0.96921798 | O64: 0.96921798 | P64: 0.89072767
A65: Cyprus | B65: 8285 | C65: 8285 | D65: 8277 | E65: 138.28125 | F65: 8138.7187 | G65: 1.6706688 | H65: 5503 | I65: 7638.87 | J65: 201 | K65: 351.24 | L65: 4.3959345 | M65: 5.9931617 | N65: 0.94006838 | O65: 0.93916065 | P65: 0.92201207
... A95: Viet Nam | B95: 1332000 | C95: 1251842 | D95: 1251842 | E95: 6169.124 | F95: 1245672.9 | G95: 0.49280373 | H95: 5377 | I95: 926259.69 | J95: 0 | K95: 0 | L95: 0 | M95: 0.49280373 | N95: 0.99507196 | O95: 0.99507196 | P95: 0.69539016
A103: Information on data for Cyprus: https://oe.cd/cyprus-disclaimer
A104: Notes: For a full explanation of the details in this table please refer to the PISA 2018 Technical Report (OECD, forthcoming).
A105: The figure for total national population of 15-year-olds enrolled in Column 2 may occasionally be larger than the total number of 15-year-olds in Column 1 due to differing data sources.

Sheet Table I.A2.2
A1: PISA 2018 Results (Volume I) - © OECD 2019
A2: Annex A2 | B2: Annex A2 The PISA target population, the PISA samples, and the definition of schools
A3: Version 4 - Last updated: 13-Oct-2020
A4: Disclaimer: http://oe.cd/disclaimer
A6: Table I.A2.2
A7: Change in the enrolment of 15-year-olds in grade 7 and above (PISA 2003 through PISA 2018)
B11: PISA 2018 | F11: PISA 2015 | J11: PISA 2012 | N11: PISA 2009 | R11: PISA 2006 | V11: PISA 2003
B12: Total population of 15-year-olds | C12: Total population of 15-year-olds enrolled in grade 7 or above | D12: Weighted number of participating students | E12: Coverage index 3. Coverage of the national 15-year-old population | F12: Total population of 15-year-olds | G12: Total population of 15-year-olds enrolled in grade 7 or above | H12: Weighted number of participating students | I12: Coverage index 3. Coverage of the national 15-year-old population | J12: Total population of 15-year-olds | K12: Total population of 15-year-olds enrolled in grade 7 or above | L12: Weighted number of participating students | M12: Coverage index 3. Coverage of the national 15-year-old population | N12: Total population of 15-year-olds | O12: Total population of 15-year-olds enrolled in grade 7 or above | P12: Weighted number of participating students | Q12: Coverage index 3. Coverage of the national 15-year-old population | R12: Total population of 15-year-olds | S12: Total population of 15-year-olds enrolled in grade 7 or above | T12: Weighted number of participating students | U12: Coverage index 3. Coverage of the national 15-year-old population | V12: Total population of 15-year-olds | W12: Total population of 15-year-olds enrolled in grade 7 or above | X12: Weighted number of participating students | Y12: Coverage index 3. Coverage of the national 15-year-old population
A15: OECD
A16: Australia | B16: 288195 | C16: 284687 | D16: 257778.72 | E16: =IFERROR(D16/B16,"m") -> 0.89445938 | F16: 282888 | G16: 282547 | H16: 256329.12 | I16: =IFERROR(H16/F16,"m") -> 0.90611521 | J16: 291967 | K16: 288159 | L16: 250778.7 | M16: 0.85892824 | N16: 286334 | O16: 269669 | P16: 240851.46 | Q16: =IFERROR(P16/N16,"m") -> 0.84115564 | R16: 270115 | S16: 256754 | T16: 234939.52 | U16: =IFERROR(T16/R16,"m") -> 0.86977591 | V16: 268164 | W16: 250635 | X16: 235591.18 | Y16: =IFERROR(X16/V16,"m") -> 0.87853396
A17: Austria | B17: 84473 | C17: 80108 | D17: 75077.25 | E17: =IFERROR(D17/B17,"m") -> 0.88877215 | F17: 88013 | G17: 82683 | H17: 73378.77 | I17: =IFERROR(H17/F17,"m") -> 0.83372649 | J17: 93537 | K17: 89073 | L17: 82242.06 | M17: 0.87924629 | N17: 99818 | O17: 94192 | P17: 87326.21 | Q17: =IFERROR(P17/N17,"m") -> 0.87485433 | R17: 97337 | S17: 92149 | T17: 89925.11 | U17: =IFERROR(T17/R17,"m") -> 0.92385331 | V17: 94515 | W17: 89049 | X17: 85931.03 | Y17: =IFERROR(X17/V17,"m") -> 0.90917875
A18: Belgium | B18: 126031 | C18: 122808 | D18: 118024.8 | E18: =IFERROR(D18/B18,"m") -> 0.93647436 | F18: 123630 | G18: 121954 | H18: 114901.86 | I18: =IFERROR(H18/F18,"m") -> 0.92940112 | J18: 123469 | K18: 121493 | L18: 117912.45 | M18: 0.9549964 | N18: 126377 | O18: 126335 | P18: 119140.46 | Q18: =IFERROR(P18/N18,"m") -> 0.94273847 | R18: 124943 | S18: 124557 | T18: 123161.45 | U18: =IFERROR(T18/R18,"m") -> 0.9857411 | V18: 120802 | W18: 118185 | X18: 111830.64 | Y18: =IFERROR(X18/V18,"m") -> 0.92573502
A19: Canada | B19: 388205 | C19: 400139 | D19: 335196.99 | E19: =IFERROR(D19/B19,"m") -> 0.86345356 | F19: 396966 | G19: 381660 | H19: 331545.69 | I19: =IFERROR(H19/F19,"m") -> 0.83519921 | J19: 417873 | K19: 409453 | L19: 348069.93 | M19: 0.83295626 | N19: 430791 | O19: 426590 | P19: 360286.41 | Q19: =IFERROR(P19/N19,"m") -> 0.8363369 | R19: 426967 | S19: 428876 | T19: 370879.36 | U19: =IFERROR(T19/R19,"m") -> 0.86863706 | V19: 398865 | W19: 399265 | X19: 330436.39 | Y19: =IFERROR(X19/V19,"m") -> 0.82844168
A20: Chile | B20: 239492 | C20: 215580 | D20: 213832.11 | E20: =IFERROR(D20/B20,"m") -> 0.89285701 | F20: 255440 | G20: 245947 | H20: 203781.75 | I20: =IFERROR(H20/F20,"m") -> 0.79776758 | J20: 274803 | K20: 252733 | L20: 229198.53 | M20: 0.83404668 | N20: 290056 | O20: 265542 | P20: 247269.72 | Q20: =IFERROR(P20/N20,"m") -> 0.85248959 | R20: 297085 | S20: 255459 | T20: 233526.11 | U20: =IFERROR(T20/R20,"m") -> 0.78605823 | V20: m | W20: m | X20: m | Y20: =IFERROR(X20/V20,"m") -> m
A21: Colombia | B21: 856081 | C21: 645339 | D21: 529976.04 | E21: =IFERROR(D21/B21,"m") -> 0.61907231 | F21: 760919 | G21: 674079 | H21: 567847.83 | I21: =IFERROR(H21/F21,"m") -> 0.7462658 | J21: 889729 | K21: 620422 | L21: 560805.39 | M21: 0.63031034 | N21: 893057 | O21: 582640 | P21: 522388.27 | Q21: =IFERROR(P21/N21,"m") -> 0.58494393 | R21: 897477 | S21: 543630 | T21: 537262.21 | U21: =IFERROR(T21/R21,"m") -> 0.59863619 | V21: m | W21: m | X21: m | Y21: =IFERROR(X21/V21,"m") -> m
A22: Czech Republic | B22: 92013 | C22: 90835 | D22: 87807.57 | E22: =IFERROR(D22/B22,"m") -> 0.95429526 | F22: 90391 | G22: 90076 | H22: 84518.52 | I22: =IFERROR(H22/F22,"m") -> 0.93503247 | J22: 96946 | K22: 93214 | L22: 82100.55 | M22: 0.84686888 | N22: 122027 | O22: 116153 | P22: 113951.07 | Q22: =IFERROR(P22/N22,"m") -> 0.9338185 | R22: 127748 | S22: 124764 | T22: 128827.19 | U22: =IFERROR(T22/R22,"m") -> 1.0084478 | V22: 130679 | W22: 126348 | X22: 121183.06 | Y22: =IFERROR(X22/V22,"m") -> 0.92733385
A23: Denmark | B23: 68313 | C23: 67414 | D23: 59966.97 | E23: =IFERROR(D23/B23,"m") -> 0.87782662 | F23: 68174 | G23: 67466 | H23: 60654.54 | I23: =IFERROR(H23/F23,"m") -> 0.88970194 | J23: 72310 | K23: 70854 | L23: 65641.98 | M23: 0.90778565 | N23: 70522 | O23: 68897 | P23: 60854.5 | Q23: =IFERROR(P23/N23,"m") -> 0.86291512 | R23: 66989 | S23: 65984 | T23: 57012.63 | U23: =IFERROR(T23/R23,"m") -> 0.8510745 | V23: 59156 | W23: 58188 | X23: 51740.79 | Y23: =IFERROR(X23/V23,"m") -> 0.87464991
A24: Estonia | B24: 12257 | C24: 12120 | D24: 11414.49 | E24: =IFERROR(D24/B24,"m") -> 0.93126295 | F24: 11676 | G24: 11491 | H24: 10834.08 | I24: =IFERROR(H24/F24,"m") -> 0.92789311 | J24: 12649 | K24: 12438 | L24: 11633.88 | M24: 0.91974702 | N24: 14248 | O24: 14106 | P24: 12977.98 | Q24: =IFERROR(P24/N24,"m") -> 0.91086328 | R24: 19871 | S24: 19623 | T24: 18662.26 | U24: =IFERROR(T24/R24,"m") -> 0.93917065 | V24: m | W24: m | X24: m | Y24: =IFERROR(X24/V24,"m") -> m
A25: Finland | B25: 58325 | C25: 57552 | D25: 56172.39 | E25: =IFERROR(D25/B25,"m") -> 0.96309284 | F25: 58526 | G25: 58955 | H25: 56934.27 | I25: =IFERROR(H25/F25,"m") -> 0.97280303 | J25: 62523 | K25: 62195 | L25: 60047.25 | M25: 0.96040257 | N25: 66198 | O25: 66198 | P25: 61463 | Q25: =IFERROR(P25/N25,"m") -> 0.92847216 | R25: 66232 | S25: 66232 | T25: 61386.99 | U25: =IFERROR(T25/R25,"m") -> 0.9268479 | V25: 61107 | W25: 61107 | X25: 57883.49 | Y25: =IFERROR(X25/V25,"m") -> 0.94724811
A26: France | B26: 828196 | C26: 798480 | D26: 756477.36 | E26: =IFERROR(D26/B26,"m") -> 0.91340378 | F26: 807867 | G26: 778679 | H26: 734943.84 | I26: =IFERROR(H26/F26,"m") -> 0.90973371 | J26: 792983 | K26: 755447 | L26: 701398.89 | M26: 0.88450684 | N26: 749808 | O26: 732825 | P26: 677620.22 | Q26: =IFERROR(P26/N26,"m") -> 0.90372498 | R26: 809375 | S26: 809375 | T26: 739428.06 | U26: =IFERROR(T26/R26,"m") -> 0.91357907 | V26: 809053 | W26: 808276 | X26: 734579.09 | Y26: =IFERROR(X26/V26,"m") -> 0.90794928
A27: Germany | B27: 739792 | C27: 739792 | D27: 734915.28 | E27: =IFERROR(D27/B27,"m") -> 0.99340798 | F27: 774149 | G27: 774149 | H27: 743969.4 | I27: =IFERROR(H27/F27,"m") -> 0.96101577 | J27: 798136 | K27: 798136 | L27: 756906.81 | M27: 0.94834315 | N27: 852044 | O27: 852044 | P27: 766992.57 | Q27: =IFERROR(P27/N27,"m") -> 0.90017953 | R27: 951535 | S27: 1062920 | T27: 903512.45 | U27: =IFERROR(T27/R27,"m") -> 0.94953149 | V27: 951800 | W27: 916869 | X27: 884357.67 | Y27: =IFERROR(X27/V27,"m") -> 0.92914233
A28: Greece | B28: 102868 | C28: 100203 | D28: 95369.97 | E28: =IFERROR(D28/B28,"m") -> 0.92711018 | F28: 105530 | G28: 105253 | H28: 96156.75 | I28: =IFERROR(H28/F28,"m") -> 0.91117929 | J28: 110521 | K28: 105096 | L28: 96639.84 | M28: 0.87440251 | N28: 102229 | O28: 105664 | P28: 93088.22 | Q28: =IFERROR(P28/N28,"m") -> 0.91058525 | R28: 107505 | S28: 110663 | T28: 96411.69 | U28: =IFERROR(T28/R28,"m") -> 0.89681122 | V28: 111286 | W28: 108314 | X28: 105130.79 | Y28: =IFERROR(X28/V28,"m") -> 0.94469017
A29: Hungary | B29: 96838 | C29: 91297 | D29: 86753.76 | E29: =IFERROR(D29/B29,"m") -> 0.89586485 | F29: 94515 | G29: 90065 | H29: 84644.16 | I29: =IFERROR(H29/F29,"m") -> 0.89556324 | J29: 111761 | K29: 108816 | L29: 91178.64 | M29: 0.81583594 | N29: 121155 | O29: 118387 | P29: 105610.83 | Q29: =IFERROR(P29/N29,"m") -> 0.87170014 | R29: 124444 | S29: 120061 | T29: 106010.05 | U29: =IFERROR(T29/R29,"m") -> 0.85186952 | V29: 129138 | W29: 123762 | X29: 107043.9 | Y29: =IFERROR(X29/V29,"m") -> 0.82891093
A30: Iceland | B30: 4232 | C30: 4177 | D30: 3875.01 | E30: =IFERROR(D30/B30,"m") -> 0.91564509 | F30: 4250 | G30: 4195 | H30: 3966.24 | I30: =IFERROR(H30/F30,"m") -> 0.93323294 | J30: 4505 | K30: 4491 | L30: 4168.65 | M30: 0.92533851 | N30: 4738 | O30: 4738 | P30: 4409.87 | Q30: =IFERROR(P30/N30,"m") -> 0.93074504 | R30: 4820 | S30: 4777 | T30: 4624.4 | U30: =IFERROR(T30/R30,"m") -> 0.95941909 | V30: 4168 | W30: 4112 | X30: 3927.76 | Y30: =IFERROR(X30/V30,"m") -> 0.94236084
A31: Ireland | B31: 61999 | C31: 61188 | D31: 59638.95 | E31: =IFERROR(D31/B31,"m") -> 0.96193406 | F31: 61234 | G31: 59811 | H31: 59082.39 | I31: =IFERROR(H31/F31,"m") -> 0.96486249 | J31: 59296 | K31: 57979 | L31: 54010.32 | M31: 0.91085942 | N31: 56635 | O31: 55464 | P31: 52794.26 | Q31: =IFERROR(P31/N31,"m") -> 0.93218434 | R31: 58667 | S31: 57648 | T31: 55114.26 | U31: =IFERROR(T31/R31,"m") -> 0.93944228 | V31: 61535 | W31: 58997 | X31: 54849.87 | Y31: =IFERROR(X31/V31,"m") -> 0.89136053
A32: Israel | B32: 136848 | C32: 128419 | D32: 110644.59 | E32: =IFERROR(D32/B32,"m") -> 0.80852179 | F32: 124852 | G32: 118997 | H32: 117030.72 | I32: =IFERROR(H32/F32,"m") -> 0.93735559 | J32: 118953 | K32: 113278 | L32: 107745.27 | M32: 0.90578018 | N32: 122701 | O32: 112254 | P32: 103184.06 | Q32: =IFERROR(P32/N32,"m") -> 0.84093903 | R32: 122626 | S32: 109370 | T32: 93346.84 | U32: =IFERROR(T32/R32,"m") -> 0.76123204 | V32: m | W32: m | X32: m | Y32: =IFERROR(X32/V32,"m") -> m
A33: Italy | B33: 616185 | C33: 544279 | D33: 521222.55 | E33: =IFERROR(D33/B33,"m") -> 0.84588646 | F33: 616761 | G33: 567268 | H33: 495093.3 | I33: =IFERROR(H33/F33,"m") -> 0.8027312 | J33: 605490 | K33: 566973 | L33: 521287.62 | M33: 0.86093514 | N33: 586904 | O33: 573542 | P33: 506732.9 | Q33: =IFERROR(P33/N33,"m") -> 0.86339998 | R33: 578131 | S33: 639971 | T33: 520055.2 | U33: =IFERROR(T33/R33,"m") -> 0.8995456 | V33: 561304 | W33: 574611 | X33: 481520.75 | Y33: =IFERROR(X33/V33,"m") -> 0.85786089
A34: Japan | B34: 1186849 | C34: 1159226 | D34: 1078921.3 | E34: =IFERROR(D34/B34,"m") -> 0.90906368 | F34: 1201615 | G34: 1175907 | H34: 1138348.6 | I34: =IFERROR(H34/F34,"m") -> 0.94734885 | J34: 1241786 | K34: 1214756 | L34: 1128178.9 | M34: 0.90851311 | N34: 1211642 | O34: 1189263 | P34: 1113402.7 | Q34: =IFERROR(P34/N34,"m") -> 0.91892051 | R34: 1246207 | S34: 1222171 | T34: 1113700.9 | U34: =IFERROR(T34/R34,"m") -> 0.8936725 | V34: 1365471 | W34: 1328498 | X34: 1240053.6 | Y34: =IFERROR(X34/V34,"m") -> 0.90815085
A35: Korea | B35: 517040 | C35: 517040 | D35: 455544.03 | E35: =IFERROR(D35/B35,"m") -> 0.88106148 | F35: 620687 | G35: 619950 | H35: 569106.18 | I35: =IFERROR(H35/F35,"m") -> 0.91689721 | J35: 687104 | K35: 672101 | L35: 603631.68 | M35: 0.87851574 | N35: 717164 | O35: 700226 | P35: 630030.35 | Q35: =IFERROR(P35/N35,"m") -> 0.87850248 | R35: 660812 | S35: 627868 | T35: 576669.37 | U35: =IFERROR(T35/R35,"m") -> 0.87266782 | V35: 606722 | W35: 606370 | X35: 533504.2 | Y35: =IFERROR(X35/V35,"m") -> 0.87932233
A36: Latvia | B36: 17977 | C36: 17677 | D36: 15932.49 | E36: =IFERROR(D36/B36,"m") -> 0.88627079 | F36: 17255 | G36: 16955 | H36: 15319.74 | I36: =IFERROR(H36/F36,"m") -> 0.88784352 | J36: 18789 | K36: 18389 | L36: 16054.41 | M36: 0.85445793 | N36: 28749 | O36: 28149 | P36: 23362.38 | Q36: =IFERROR(P36/N36,"m") -> 0.81263279 | R36: 34277 | S36: 33659 | T36: 29231.86 | U36: =IFERROR(T36/R36,"m") -> 0.85281267 | V36: 37544 | W36: 37138 | X36: 33643.32 | Y36: =IFERROR(X36/V36,"m") -> 0.89610377
A37: Lithuania | B37: 27075 | C37: 25998 | D37: 24453.27 | E37: =IFERROR(D37/B37,"m") -> 0.90316787 | F37: 33163 | G37: 32097 | H37: 29914.59 | I37: =IFERROR(H37/F37,"m") -> 0.90204716 | J37: 38524 | K37: 35567 | L37: 33041.97 | M37: 0.85769832 | N37: 51822 | O37: 43967 | P37: 40530.17 | Q37: =IFERROR(P37/N37,"m") -> 0.78210355 | R37: 53931 | S37: 51808 | T37: 50329.08 | U37: =IFERROR(T37/R37,"m") -> 0.93321244 | V37: m | W37: m | X37: m | Y37: =IFERROR(X37/V37,"m") -> m
A38: Luxembourg | B38: 6291 | C38: 5952 | D38: 5478 | E38: =IFERROR(D38/B38,"m") -> 0.87076776 | F38: 6327 | G38: 6053 | H38: 5540.01 | I38: =IFERROR(H38/F38,"m") -> 0.87561404 | J38: 6187 | K38: 6082 | L38: 5523 | M38: 0.85016971 | N38: 5864 | O38: 5623 | P38: 5124 | Q38: =IFERROR(P38/N38,"m") -> 0.87380628 | R38: 4595 | S38: 4595 | T38: 4733 | U38: =IFERROR(T38/R38,"m") -> 1.0300326 | V38: 4204 | W38: 4204 | X38: 4080 | Y38: =IFERROR(X38/V38,"m") -> 0.97050428
A39: Mexico | B39: 2231751 | C39: 1697100 | D39: 1480904.4 | E39: =IFERROR(D39/B39,"m") -> 0.66356166 | F39: 2257399 | G39: 1401247 | H39: 1392995.4 | I39: =IFERROR(H39/F39,"m") -> 0.61707983 | J39: 2114745 | K39: 1472875 | L39: 1326024.8 | M39: 0.62703769 | N39: 2151771 | O39: 1425397 | P39: 1305460.8 | Q39: =IFERROR(P39/N39,"m") -> 0.60669131 | R39: 2200916 | S39: 1383364 | T39: 1190420 | U39: =IFERROR(T39/R39,"m") -> 0.54087482 | V39: 2192452 | W39: 1273163 | X39: 1071650.1 | Y39: =IFERROR(X39/V39,"m") -> 0.48879066
A40: Netherlands | B40: 208704 | C40: 204753 | D40: 190280.52 | E40: =IFERROR(D40/B40,"m") -> 0.91172436 | F40: 203234 | G40: 200976 | H40: 191816.61 | I40: =IFERROR(H40/F40,"m") -> 0.94382146 | J40: 194000 | K40: 193190 | L40: 196261.62 | M40: 1.0116578 | N40: 199000 | O40: 198334 | P40: 183546.23 | Q40: =IFERROR(P40/N40,"m") -> 0.92234286 | R40: 197046 | S40: 193769 | T40: 189575.82 | U40: =IFERROR(T40/R40,"m") -> 0.96208916 | V40: 194216 | W40: 194216 | X40: 184942.82 | Y40: =IFERROR(X40/V40,"m") -> 0.95225326
A41: New Zealand | B41: 59700 | C41: 58131 | D41: 52999.62 | E41: =IFERROR(D41/B41,"m") -> 0.88776583 | F41: 60162 | G41: 57448 | H41: 54274.44 | I41: =IFERROR(H41/F41,"m") -> 0.90213823 | J41: 60940 | K41: 59118 | L41: 53413.62 | M41: 0.87649524 | N41: 63460 | O41: 60083 | P41: 55128.8 | Q41: =IFERROR(P41/N41,"m") -> 0.8687173 | R41: 63800 | S41: 59341 | T41: 53397.58 | U41: =IFERROR(T41/R41,"m") -> 0.83695266 | V41: 55440 | W41: 53293 | X41: 48637.56 | Y41: =IFERROR(X41/V41,"m") -> 0.87730087
A42: Norway | B42: 60968 | C42: 60794 | D42: 55566.06 | E42: =IFERROR(D42/B42,"m") -> 0.91139713 | F42: 63642 | G42: 63491 | H42: 58082.58 | I42: =IFERROR(H42/F42,"m") -> 0.91264542 | J42: 64917 | K42: 64777 | L42: 59431.62 | M42: 0.91550164 | N42: 63352 | O42: 62948 | P42: 57366.74 | Q42: =IFERROR(P42/N42,"m") -> 0.90552374 | R42: 61708 | S42: 61449 | T42: 59884.49 | U42: =IFERROR(T42/R42,"m") -> 0.97044937 | V42: 56060 | W42: 55648 | X42: 52816.3 | Y42: =IFERROR(X42/V42,"m") -> 0.94213878
A43: Poland | B43: 354020 | C43: 331850 | D43: 318723.75 | E43: =IFERROR(D43/B43,"m") -> 0.90029871 | F43: 380366 | G43: 361600 | H43: 345709.14 | I43: =IFERROR(H43/F43,"m") -> 0.90888549 | J43: 425597 | K43: 410700 | L43: 379275.21 | M43: 0.89116044 | N43: 482500 | O43: 473700 | P43: 448866.15 | Q43: =IFERROR(P43/N43,"m") -> 0.93029254 | R43: 549000 | S43: 546000 | T43: 515992.95 | U43: =IFERROR(T43/R43,"m") -> 0.93987787 | V43: 589506 | W43: 569294 | X43: 534900.03 | Y43: =IFERROR(X43/V43,"m") -> 0.90736995
A44: Portugal | B44: 112977 | C44: 110732 | D44: 98627.58 | E44: =IFERROR(D44/B44,"m") -> 0.87298813 | F44: 110939 | G44: 101107 | H44: 97213.65 | I44: =IFERROR(H44/F44,"m") -> 0.87628021 | J44: 108728 | K44: 127537 | L44: 96034.23 | M44: 0.88325206 | N44: 115669 | O44: 107583 | P44: 96820.39 | Q44: =IFERROR(P44/N44,"m") -> 0.837047 | R44: 115426 | S44: 100816 | T44: 90078.87 | U44: =IFERROR(T44/R44,"m") -> 0.78040364 | V44: 109149 | W44: 99216 | X44: 96856.99 | Y44: =IFERROR(X44/V44,"m") -> 0.88738321
A45: Slovak Republic | B45: 51526 | C45: 50100 | D45: 44418.06 | E45: =IFERROR(D45/B45,"m") -> 0.86205139 | F45: 55674 | G45: 55203 | H45: 49653.57 | I45: =IFERROR(H45/F45,"m") -> 0.89186281 | J45: 59723 | K45: 59367 | L45: 54486.15 | M45: 0.91231435 | N45: 72826 | O45: 72454 | P45: 69274.05 | Q45: =IFERROR(P45/N45,"m") -> 0.9512269 | R45: 79989 | S45: 78427 | T45: 76200.83 | U45: =IFERROR(T45/R45,"m") -> 0.95264136 | V45: 84242 | W45: 81945 | X45: 77066.7 | Y45: =IFERROR(X45/V45,"m") -> 0.91482515
A46: Slovenia | B46: 17501 | C46: 18236 | D46: 17138.34 | E46: =IFERROR(D46/B46,"m") -> 0.97927776 | F46: 18078 | G46: 17689 | H46: 16772.88 | I46: =IFERROR(H46/F46,"m") -> 0.92780617 | J46: 19471 | K46: 18935 | L46: 18303.39 | M46: 0.94003338 | N46: 20314 | O46: 19571 | P46: 18773.01 | Q46: =IFERROR(P46/N46,"m") -> 0.92414148 | R46: 23431 | S46: 23018 | T46: 20595.17 | U46: =IFERROR(T46/R46,"m") -> 0.87897102 | V46: m | W46: m | X46: m | Y46: =IFERROR(X46/V46,"m") -> m
A47: Spain | B47: 454168 | C47: 436560 | D47: 416703.15 | E47: =IFERROR(D47/B47,"m") -> 0.91750883 | F47: 440084 | G47: 414276 | H47: 399935.4 | I47: =IFERROR(H47/F47,"m") -> 0.9087706 | J47: 423444 | K47: 404374 | L47: 374266.25 | M47: 0.88386245 | N47: 433224 | O47: 425336 | P47: 387054.48 | Q47: =IFERROR(P47/N47,"m") -> 0.89342806 | R47: 439415 | S47: 436885 | T47: 381685.95 | U47: =IFERROR(T47/R47,"m") -> 0.86862294 | V47: 454064 | W47: 418005 | X47: 344371.96 | Y47: =IFERROR(X47/V47,"m") -> 0.75842163
A48: Sweden | B48: 108622 | C48: 107824 | D48: 93128.97 | E48: =IFERROR(D48/B48,"m") -> 0.85736748 | F48: 97749 | G48: 97210 | H48: 91490.55 | I48: =IFERROR(H48/F48,"m") -> 0.93597428 | J48: 102087 | K48: 102027 | L48: 94987.65 | M48: 0.93045784 | N48: 121486 | O48: 121216 | P48: 113053.84 | Q48: =IFERROR(P48/N48,"m") -> 0.93059151 | R48: 129734 | S48: 127036 | T48: 126392.73 | U48: =IFERROR(T48/R48,"m") -> 0.97424522 | V48: 109482 | W48: 112258 | X48: 107104.11 | Y48: =IFERROR(X48/V48,"m") -> 0.97828054
A49: Switzerland | B49: 80590 | C49: 78059 | D49: 71683.44 | E49: =IFERROR(D49/B49,"m") -> 0.88948306 | F49: 85495 | G49: 83655 | H49: 82223.49 | I49: =IFERROR(H49/F49,"m") -> 0.96173449 | J49: 87200 | K49: 85239 | L49: 79678.79 | M49: 0.91374759 | N49: 90623 | O49: 89423 | P49: 80839.05 | Q49: =IFERROR(P49/N49,"m") -> 0.89203679 | R49: 87766 | S49: 86108 | T49: 89650.91 | U49: =IFERROR(T49/R49,"m") -> 1.0214765 | V49: 83247 | W49: 81020 | X49: 86490.63 | Y49: =IFERROR(X49/V49,"m") -> 1.0389639
A50: Turkey | B50: 1218693 | C50: 1038993 | D50: 884970.63 | E50: =IFERROR(D50/B50,"m") -> 0.72616371 | F50: 1324089 | G50: 1100074 | H50: 925365.63 | I50: =IFERROR(H50/F50,"m") -> 0.69886966 | J50: 1266638 | K50: 965736 | L50: 866681.31 | M50: 0.68423757 | N50: 1336842 | O50: 859172 | P50: 757297.66 | Q50: =IFERROR(P50/N50,"m") -> 0.56648255 | R50: 1423514 | S50: 800968 | T50: 665477.29 | U50: =IFERROR(T50/R50,"m") -> 0.46748911 | V50: 1351492 | W50: 725030 | X50: 481279.22 | Y50: =IFERROR(X50/V50,"m") -> 0.35610956
A51: United Kingdom | B51: 703991 | C51: 697603 | D51: 597239.58 | E51: =IFERROR(D51/B51,"m") -> 0.84836252 | F51: 747593 | G51: 746328 | H51: 627702.72 | I51: =IFERROR(H51/F51,"m") -> 0.83963162 | J51: 738066 | K51: 745581 | L51: 688235.79 | M51: 0.93248543 | N51: 786626 | O51: 786825 | P51: 683380.04 | Q51: =IFERROR(P51/N51,"m") -> 0.86874835 | R51: 779076 | S51: 767248 | T51: 732003.69 | U51: =IFERROR(T51/R51,"m") -> 0.93957931 | V51: 768180 | W51: 736785 | X51: 698578.61 | Y51: =IFERROR(X51/V51,"m") -> 0.90939443
A52: United States | B52: 4133719 | C52: 4058637 | D52: 3559044.6 | E52: =IFERROR(D52/B52,"m") -> 0.86097884 | F52: 4220325 | G52: 3992053 | H52: 3524496.8 | I52: =IFERROR(H52/F52,"m") -> 0.83512451 | J52: 3985714 | K52: 4074457 | L52: 3536153 | M52: 0.8872069 | N52: 4103738 | O52: 4210475 | P52: 3373264.4 | Q52: =IFERROR(P52/N52,"m") -> 0.82199798 | R52: 4192939 | S52: 4192939 | T52: 3578039.6 | U52: =IFERROR(T52/R52,"m") -> 0.85334883 | V52: 3979116 | W52: 3979116 | X52: 3147088.8 | Y52: =IFERROR(X52/V52,"m") -> 0.79090148
A53: Partners
A54: Albania | B54: 36955 | C54: 30160 | D54: 27962.73 | E54: =IFERROR(D54/B54,"m") -> 0.75666973 | F54: 45667 | G54: 45163 | H54: 40896.33 | I54: =IFERROR(H54/F54,"m") -> 0.89553354 | J54: 55099 | K54: 50157 | L54: 42466.29 | M54: =IFERROR(L54/J54,"m") -> 0.77072705 | N54: 55587 | O54: 42767 | P54: 34134.21 | Q54: =IFERROR(P54/N54,"m") -> 0.61406822 | R54: m | S54: m | T54: m | U54: =IFERROR(T54/R54,"m") -> m | V54: m | W54: m | X54: m | Y54: =IFERROR(X54/V54,"m") -> m
A55: Argentina | B55: 702788 | C55: 678151 | D55: 566485.56 | E55: =IFERROR(D55/B55,"m") -> 0.80605469 | F55: 718635 | G55: 578308 | H55: 394917.06 | I55: =IFERROR(H55/F55,"m") -> 0.54953775 | J55: 684879 | K55: 637603 | L55: 545941.83 | M55: =IFERROR(L55/J55,"m") -> 0.79713618 | N55: 688434 | O55: 636713 | P55: 472106.04 | Q55: =IFERROR(P55/N55,"m") -> 0.68576805 | R55: 662686 | S55: 579222 | T55: 523047.82 | U55: =IFERROR(T55/R55,"m") -> 0.78928455 | V55: m | W55: m | X55: m | Y55: =IFERROR(X55/V55,"m") -> m
A56: Baku (Azerbaijan) | B56: 43798 | C56: 22672 | D56: 20271.21 | E56: =IFERROR(D56/B56,"m") -> 0.46283415 | F56: m | G56: m | H56: m | I56: =IFERROR(H56/F56,"m") -> m | J56: m | K56: m | L56: m | M56: =IFERROR(L56/J56,"m") -> m | N56: m | O56: m | P56: m | Q56: =IFERROR(P56/N56,"m") -> m | R56: m | S56: m | T56: m | U56: =IFERROR(T56/R56,"m") -> m | V56: m | W56: m | X56: m | Y56: =IFERROR(X56/V56,"m") -> m
A57: Belarus | B57: 89440 | C57: 82580 | D57: 78333.03 | E57: =IFERROR(D57/B57,"m") -> 0.87581652 | F57: m | G57: m | H57: m | I57: =IFERROR(H57/F57,"m") -> m | J57: m | K57: m | L57: m | M57: =IFERROR(L57/J57,"m") -> m | N57: m | O57: m | P57: m | Q57: =IFERROR(P57/N57,"m") -> m | R57: m | S57: m | T57: m | U57: =IFERROR(T57/R57,"m") -> m | V57: m | W57: m | X57: m | Y57: =IFERROR(X57/V57,"m") -> m
A58: Bosnia and Herzegovina | B58: 35056 | C58: 32313 | D58: 28842.75 | E58: =IFERROR(D58/B58,"m") -> 0.82276215 | F58: m | G58: m | H58: m | I58: =IFERROR(H58/F58,"m") -> m | J58: m | K58: m | L58: m | M58: =IFERROR(L58/J58,"m") -> m | N58: m | O58: m | P58: m | Q58: =IFERROR(P58/N58,"m") -> m | R58: m | S58: m | T58: m | U58: =IFERROR(T58/R58,"m") -> m | V58: m | W58: m | X58: m | Y58: =IFERROR(X58/V58,"m") -> m
A59: Brazil | B59: 3132463 | C59: 2980084 | D59: 2036860.6 | E59: =IFERROR(D59/B59,"m") -> 0.65024252 | F59: 3379467 | G59: 2853388 | H59: 2425960.5 | I59: =IFERROR(H59/F59,"m") -> 0.717853 | J59: 3520371 | K59: 2786064 | L59: 2470804 | M59: =IFERROR(L59/J59,"m") -> 0.70185897 | N59: 3434101 | O59: 2654489 | P59: 2080158.7 | Q59: =IFERROR(P59/N59,"m") -> 0.60573602 | R59: 3439795 | S59: 2374044 | T59: 1875461.1 | U59: =IFERROR(T59/R59,"m") -> 0.54522469 | V59: 3560650 | W59: 2359854 | X59: 1952252.8 | Y59: =IFERROR(X59/V59,"m") -> 0.5482855
A60: Brunei Darussalam | B60: 7081 | C60: 7384 | D60: 6899.01 | E60: =IFERROR(D60/B60,"m") -> 0.97429883 | F60: m | G60: m | H60: m | I60: =IFERROR(H60/F60,"m") -> m | J60: m | K60: m | L60: m | M60: =IFERROR(L60/J60,"m") -> m | N60: m | O60: m | P60: m | Q60: =IFERROR(P60/N60,"m") -> m | R60: m | S60: m | T60: m | U60: =IFERROR(T60/R60,"m") -> m | V60: m | W60: m | X60: m | Y60: =IFERROR(X60/V60,"m") -> m
A61: B-S-J-Z (China) | B61: 1221746 | C61: 1097296 | D61: 992301.63 | E61: =IFERROR(D61/B61,"m") -> 0.81219961 | F61: m | G61: m | H61: m | I61: =IFERROR(H61/F61,"m") -> m | J61: m | K61: m | L61: m | M61: =IFERROR(L61/J61,"m") -> m | N61: m | O61: m | P61: m | Q61: =IFERROR(P61/N61,"m") -> m | R61: m | S61: m | T61: m | U61: =IFERROR(T61/R61,"m") -> m | V61: m | W61: m | X61: m | Y61: =IFERROR(X61/V61,"m") -> m
A62: Bulgaria | B62: 66499 | C62: 51674 | D62: 47851.47 | E62: =IFERROR(D62/B62,"m") -> 0.7195818 | F62: 66601 | G62: 59397 | H62: 53684.94 | I62: =IFERROR(H62/F62,"m") -> 0.80606808 | J62: 70188 | K62: 59684 | L62: 54254.7 | M62: =IFERROR(L62/J62,"m") -> 0.77299111 | N62: 80226 | O62: 70688 | P62: 57832.84 | Q62: =IFERROR(P62/N62,"m") -> 0.72087403 | R62: 89751 | S62: 88071 | T62: 74325.71 | U62: =IFERROR(T62/R62,"m") -> 0.82813239 | V62: m | W62: m | X62: m | Y62: =IFERROR(X62/V62,"m") -> m
A63: Costa Rica | B63: 72444 | C63: 58789 | D63: 45474.66 | E63: =IFERROR(D63/B63,"m") -> 0.62772155 | F63: 81773 | G63: 66524 | H63: 51897.3 | I63: =IFERROR(H63/F63,"m") -> 0.6346508 | J63: 81489 | K63: 64326 | L63: 40383.6 | M63: =IFERROR(L63/J63,"m") -> 0.49557118 | N63: 80523 | O63: 63603 | P63: 42954 | Q63: =IFERROR(P63/N63,"m") -> 0.53343765 | R63: m | S63: m | T63: m | U63: =IFERROR(T63/R63,"m") -> m | V63: m | W63: m | X63: m | Y63: =IFERROR(X63/V63,"m") -> m
A64: Croatia | B64: 39812 | C64: 30534 | D64: 35461.65 | E64: =IFERROR(D64/B64,"m") -> 0.89072767 | F64: 45031 | G64: 35920 | H64: 40899.15 | I64: =IFERROR(H64/F64,"m") -> 0.90824432 | J64: 48155 | K64: 46550 | L64: 45501.93 | M64: =IFERROR(L64/J64,"m") -> 0.94490562 | N64: 48491 | O64: 46256 | P64: 43064.9 | Q64: =IFERROR(P64/N64,"m") -> 0.88810088 | R64: 54500 | S64: 51318 | T64: 46522.57 | U64: =IFERROR(T64/R64,"m") -> 0.85362514 | V64: m | W64: m | X64: m | Y64: =IFERROR(X64/V64,"m") -> m
A65: Cyprus | B65: 8285 | C65: 8285 | D65: 7638.87 | E65: =IFERROR(D65/B65,"m") -> 0.92201207 | F65: 9255 | G65: 9255 | H65: 8785.41 | I65: =IFERROR(H65/F65,"m") -> 0.94926094 | J65: 9956 | K65: 9956 | L65: 9650.25 | M65: =IFERROR(L65/J65,"m") -> 0.96928988 | N65: m | O65: m | P65: m | Q65: =IFERROR(P65/N65,"m") -> m | R65: m | S65: m | T65: m | U65: =IFERROR(T65/R65,"m") -> m | V65: m | W65: m | X65: m | Y65: =IFERROR(X65/V65,"m") -> m
A66: Dominican Republic | B66: 192198 | C66: 148033 | D66: 140330.4 | E66: =IFERROR(D66/B66,"m") -> 0.73013455 | F66: 193153 | G66: 139555 | H66: 132299.73 | I66: =IFERROR(H66/F66,"m") -> 0.68494784 | J66: m | K66: m | L66: m | M66: =IFERROR(L66/J66,"m") -> m | N66: m | O66: m | P66: m | Q66: =IFERROR(P66/N66,"m") -> m | R66: m | S66: m | T66: m | U66: =IFERROR(T66/R66,"m") -> m | V66: m | W66: m | X66: m | Y66: =IFERROR(X66/V66,"m") -> m
A67: Georgia | B67: 46605 | C67: 41750 | D67: 38489.01 | E67: =IFERROR(D67/B67,"m") -> 0.82585581 | F67: 48695 | G67: 43197 | H67: 38334.06 | I67: =IFERROR(H67/F67,"m") -> 0.78722785 | J67: m | K67: m | L67: m | M67: =IFERROR(L67/J67,"m") -> m | N67: 56070 | O67: 51351 | P67: 42641 | Q67: =IFERROR(P67/N67,"m") -> 0.76049581 | R67: m | S67: m | T67: m | U67: =IFERROR(T67/R67,"m") -> m | V67: m | W67: m | X67: m | Y67: =IFERROR(X67/V67,"m") -> m
A68: Hong Kong (China) | B68: 51935 | C68: 51328 | D68: 51100.98 | E68: =IFERROR(D68/B68,"m") -> 0.98394108 | F68: 65100 | G68: 61630 | H68: 57661.86 | I68: =IFERROR(H68/F68,"m") -> 0.88574286 | J68: 84200 | K68: 77864 | L68: 70636.26 | M68: =IFERROR(L68/J68,"m") -> 0.83891045 | N68: 85000 | O68: 78224 | P68: 75548.07 | Q68: =IFERROR(P68/N68,"m") -> 0.88880082 | R68: 77398 | S68: 75542 | T68: 75144.65 | U68: =IFERROR(T68/R68,"m") -> 0.9708862 | V68: 75000 | W68: 72631 | X68: 72483.85 | Y68: =IFERROR(X68/V68,"m") -> 0.96645133
A69: Indonesia | B69: 4439086 | C69: 3684980 | D69: 3768507.9 | E69: =IFERROR(D69/B69,"m") -> 0.84893781 | F69: 4534216 | G69: 3182816 | H69: 3092772.5 | I69: =IFERROR(H69/F69,"m") -> 0.68209643 | J69: 4174217 | K69: 3599844 | L69: 2645155.4 | M69: =IFERROR(L69/J69,"m") -> 0.63368899 | N69: 4267801 | O69: 3158173 | P69: 2259118.4 | Q69: =IFERROR(P69/N69,"m") -> 0.52934014 | R69: 4238600 | S69: 3119393 | T69: 2248313.4 | U69: =IFERROR(T69/R69,"m") -> 0.53043774 | V69: 4281895 | W69: 3113548 | X69: 1971476.3 | Y69: =IFERROR(X69/V69,"m") -> 0.46042145
A70: Jordan | B70: 212777 | C70: 132291 | D70: 114900.87 | E70: =IFERROR(D70/B70,"m") -> 0.54000606 | F70: 196734 | G70: 121729 | H70: 108669.39 | I70: =IFERROR(H70/F70,"m") -> 0.5523671 | J70: 153293 | K70: 125333 | L70: 111097.65 | M70: =IFERROR(L70/J70,"m") -> 0.72474053 | N70: 133953 | O70: 107254 | P70: 104056.04 | Q70: =IFERROR(P70/N70,"m") -> 0.77681008 | R70: 122354 | S70: 126708 | T70: 90266.78 | U70: =IFERROR(T70/R70,"m") -> 0.73775095 | V70: m | W70: m | X70: m | Y70: =IFERROR(X70/V70,"m") -> m
A71: Kazakhstan | B71: 230646 | C71: 230018 | D71: 212228.79 | E71: =IFERROR(D71/B71,"m") -> 0.92014945 | F71: 211407 | G71: 209555 | H71: 192908.73 | I71: =IFERROR(H71/F71,"m") -> 0.91249925 | J71: 258716 | K71: 247048 | L71: 208411.38 | M71: =IFERROR(L71/J71,"m") -> 0.80556046 | N71: 281659 | O71: 263206 | P71: 250656.73 | Q71: =IFERROR(P71/N71,"m") -> 0.88992977 | R71: m | S71: m | T71: m | U71: =IFERROR(T71/R71,"m") -> m | V71: m | W71: m | X71: m | Y71: =IFERROR(X71/V71,"m") -> m
A72: Kosovo | B72: 30494 | C72: 27288 | D72: 25739.07 | E72: =IFERROR(D72/B72,"m") -> 0.84406998 | F72: 31546 | G72: 28229 | H72: 22332.78 | I72: =IFERROR(H72/F72,"m") -> 0.70794332 | J72: m | K72: m | L72: m | M72: =IFERROR(L72/J72,"m") -> m | N72: m | O72: m | P72: m | Q72: =IFERROR(P72/N72,"m") -> m | R72: m | S72: m | T72: m | U72: =IFERROR(T72/R72,"m") -> m | V72: m | W72: m | X72: m | Y72: =IFERROR(X72/V72,"m") -> m
A73: Lebanon | B73: 61979 | C73: 59687 | D73: 53725.68 | E73: =IFERROR(D73/B73,"m") -> 0.86683683 | F73: 64044 | G73: 62281 | H73: 42330.51 | I73: =IFERROR(H73/F73,"m") -> 0.66095981 | J73: m | K73: m | L73: m | M73: =IFERROR(L73/J73,"m") -> m | N73: m | O73: m | P73: m | Q73: =IFERROR(P73/N73,"m") -> m | R73: m | S73: m | T73: m | U73: =IFERROR(T73/R73,"m") -> m | V73: m | W73: m | X73: m | Y73: =IFERROR(X73/V73,"m") -> m
A74: Macao (China) | B74: 4300 | C74: 3845 | D74: 3798.99 | E74: =IFERROR(D74/B74,"m") -> 0.88348605 | F74: 5100 | G74: 4417 | H74: 4506.99 | I74: =IFERROR(H74/F74,"m") -> 0.88372353 | J74: 6600 | K74: 5416 | L74: 5366.01 | M74: =IFERROR(L74/J74,"m") -> 0.81303182 | N74: 7500 | O74: 5969 | P74: 5978 | Q74: =IFERROR(P74/N74,"m") -> 0.79706667 | R74: m | S74: m | T74: m | U74: =IFERROR(T74/R74,"m") -> m | V74: 8318 | W74: 6939 | X74: 6546.49 | Y74: =IFERROR(X74/V74,"m") -> 0.78702693
A75: Malaysia | B75: 537800 | C75: 455358 | D75: 388637.58 | E75: =IFERROR(D75/B75,"m") -> 0.72264332 | F75: 540000 | G75: 448838 | H75: 412524.33 | I75: =IFERROR(H75/F75,"m") -> 0.76393394 | J75: 544302 | K75: 457999 | L75: 432079.74 | M75: =IFERROR(L75/J75,"m") -> 0.79382354 | N75: 539295 | O75: 492758 | P75: 421448 | Q75: =IFERROR(P75/N75,"m") -> 0.78147952 | R75: m | S75: m | T75: m | U75: =IFERROR(T75/R75,"m") -> m | V75: m | W75: m | X75: m | Y75: =IFERROR(X75/V75,"m") -> m
A76: Malta | B76: 4039 | C76: 4056 | D76: 3924.99 | E76: =IFERROR(D76/B76,"m") -> 0.97177272 | F76: 4397 | G76: 4406 | H76: 4295.97 | I76: =IFERROR(H76/F76,"m") -> 0.97702297 | J76: m | K76: m | L76: m | M76: =IFERROR(L76/J76,"m") -> m | N76: 5152 | O76: 4930 | P76: 4807 | Q76: =IFERROR(P76/N76,"m") -> 0.93303571 | R76: m | S76: m | T76: m | U76: =IFERROR(T76/R76,"m") -> m | V76: m | W76: m | X76: m | Y76: =IFERROR(X76/V76,"m") -> m
A77: Moldova | B77: 29716 | C77: 29467 | D77: 28252.02 | E77: =IFERROR(D77/B77,"m") -> 0.95073428 | F77: 31576 | G77: 30601 | H77: 29340.9 | I77: =IFERROR(H77/F77,"m") -> 0.92921523 | J77: m | K77: m | L77: m | M77: =IFERROR(L77/J77,"m") -> m | N77: 47873 | O77: 44069 | P77: 43195 | Q77: =IFERROR(P77/N77,"m") -> 0.90228312 | R77: m | S77: m | T77: m | U77: =IFERROR(T77/R77,"m") -> m | V77: m | W77: m | X77: m | Y77: =IFERROR(X77/V77,"m") -> m
A78: Montenegro | B78: 7484 | C78: 7432 | D78: 7087.32 | E78: =IFERROR(D78/B78,"m") -> 0.94699626 | F78: 7524 | G78: 7506 | H78: 6776.67 | I78: =IFERROR(H78/F78,"m") -> 0.90067384 | J78: 8600 | K78: 8600 | L78: 7714.2 | M78: =IFERROR(L78/J78,"m") -> 0.897 | N78: 8500 | O78: 8493 | P78: 7728.45 | Q78: =IFERROR(P78/N78,"m") -> 0.90922941 | R78: 9190 | S78: 8973 | T78: 7733.55 | U78: =IFERROR(T78/R78,"m") -> 0.84151795 | V78: m | W78: m | X78: m | Y78: =IFERROR(X78/V78,"m") -> m
A79: Morocco | B79: 601250 | C79: 415806 | D79: 386407.95 | E79: =IFERROR(D79/B79,"m") -> 0.64267435 | F79: m | G79: m | H79: m | I79: =IFERROR(H79/F79,"m") -> m | J79: m | K79: m | L79: m | M79: =IFERROR(L79/J79,"m") -> m | N79: m | O79: m | P79: m | Q79: =IFERROR(P79/N79,"m") -> m | R79: m | S79: m | T79: m | U79: =IFERROR(T79/R79,"m") -> m | V79: m | W79: m | X79: m | Y79: =IFERROR(X79/V79,"m") -> m
A80: North Macedonia | B80: 18812 | C80: 18812 | D80: 17819.88 | E80: =IFERROR(D80/B80,"m") -> 0.94726132 | F80: 16719 | G80: 16717 | H80: 15846.93 | I80: =IFERROR(H80/F80,"m") -> 0.94783958 | J80: m | K80: m | L80: m | M80: =IFERROR(L80/J80,"m") -> m | N80: m | O80: m | P80: m | Q80: =IFERROR(P80/N80,"m") -> m | R80: m | S80: m | T80: m | U80: =IFERROR(T80/R80,"m") -> m | V80: m | W80: m | X80: m | Y80: =IFERROR(X80/V80,"m") -> m
A81: Panama | B81: 72084 | C81: 60057 | D81: 38540.1 | E81: =IFERROR(D81/B81,"m") -> 0.5346554 | F81: m | G81: m | H81: m | I81: =IFERROR(H81/F81,"m") -> m | J81: m | K81: m | L81: m | M81: =IFERROR(L81/J81,"m") -> m | N81: 57919 | O81: 43623 | P81: 30510 | Q81: =IFERROR(P81/N81,"m") -> 0.52677014 | R81: m | S81: m | T81: m | U81: =IFERROR(T81/R81,"m") -> m | V81: m | W81: m | X81: m | Y81: =IFERROR(X81/V81,"m") -> m
A82: Peru | B82: 580690 | C82: 484352 | D82: 424586.46 | E82: =IFERROR(D82/B82,"m") -> 0.73117577 | F82: 580371 | G82: 478229 | H82: 431738.19 | I82: =IFERROR(H82/F82,"m") -> 0.74390035 | J82: 584294 | K82: 508969 | L82: 419944.71 | M82: =IFERROR(L82/J82,"m") -> 0.71872159 | N82: 585567 | O82: 491514 | P82: 427606.84 | Q82: =IFERROR(P82/N82,"m") -> 0.73024409 | R82: m | S82: m | T82: m | U82: =IFERROR(T82/R82,"m") -> m | V82: m | W82: m | X82: m | Y82: =IFERROR(X82/V82,"m") -> m
A83: Philippines | B83: 2063564 | C83: 1734997 | D83: 1400584.1 | E83: =IFERROR(D83/B83,"m") -> 0.67872092 | F83: m | G83: m | H83: m | I83: =IFERROR(H83/F83,"m") -> m | J83: m | K83: m | L83: m | M83: =IFERROR(L83/J83,"m") -> m | N83: m | O83: m | P83: m | Q83: =IFERROR(P83/N83,"m") -> m | R83: m | S83: m | T83: m | U83: =IFERROR(T83/R83,"m") -> m | V83: m | W83: m | X83: m | Y83: =IFERROR(X83/V83,"m") -> m
A84: Qatar | B84: 16492 | C84: 16408 | D84: 15228 | E84: =IFERROR(D84/B84,"m") -> 0.92335678 | F84: 13871 | G84: 13850 | H84: 12951.3 | I84: =IFERROR(H84/F84,"m") -> 0.9336962 | J84: 11667 | K84: 11532 | L84: 11002.62 | M84: =IFERROR(L84/J84,"m") -> 0.94305477 | N84: 10974 | O84: 10665 | P84: 9806.38 | Q84: =IFERROR(P84/N84,"m") -> 0.89360124 | R84: 8053 | S84: 7865 | T84: 7271.34 | U84: =IFERROR(T84/R84,"m") -> 0.90293555 | V84: m | W84: m | X84: m | Y84: =IFERROR(X84/V84,"m") -> m
A85: Romania | B85: 203940 | C85: 171685 | D85: 148097.76 | E85: =IFERROR(D85/B85,"m") -> 0.726183 | F85: 218846 | G85: 176334 | H85: 164215.98 | I85: =IFERROR(H85/F85,"m") -> 0.75037232 | J85: 212694 | K85: 146243 | L85: 140915.14 | M85: =IFERROR(L85/J85,"m") -> 0.66252522 | N85: 220264 | O85: 152084 | P85: 151129.84 | Q85: =IFERROR(P85/N85,"m") -> 0.68613046 | R85: 312483 | S85: 241890 | T85: 223887.02 | U85: =IFERROR(T85/R85,"m") -> 0.71647744 | V85: m | W85: m | X85: m | Y85: =IFERROR(X85/V85,"m") -> m
A86: Russia | B86: 1343738 | C86: 1339706 | D86: 1257388.4 | E86: =IFERROR(D86/B86,"m") -> 0.93573929 | F86: 1176473 | G86: 1172943 | H86: 1120932.3 | I86: =IFERROR(H86/F86,"m") -> 0.9527905 | J86: 1272632 | K86: 1268814 | L86: 1172539.1 | M86: =IFERROR(L86/J86,"m") -> 0.9213497 | N86: 1673085 | O86: 1667460 | P86: 1290046.9 | Q86: =IFERROR(P86/N86,"m") -> 0.77105879 | R86: 2243924 | S86: 2077231 | T86: 1810855.9 | U86: =IFERROR(T86/R86,"m") -> 0.80700412 | V86: 2496216 | W86: 2366285 | X86: 2153373.3 | Y86: =IFERROR(X86/V86,"m") -> 0.86265505
A87: Saudi Arabia | B87: 418788 | C87: 406768 | D87: 354013.14 | E87: =IFERROR(D87/B87,"m") -> 0.8453278 | F87: m | G87: m | H87: m | I87: =IFERROR(H87/F87,"m") -> m | J87: m | K87: m | L87: m | M87: =IFERROR(L87/J87,"m") -> m | N87: m | O87: m | P87: m | Q87: =IFERROR(P87/N87,"m") -> m | R87: m | S87: m | T87: m | U87: =IFERROR(T87/R87,"m") -> m | V87: m | W87: m | X87: m | Y87: =IFERROR(X87/V87,"m") -> m
A88: Serbia | B88: 69972 | C88: 66729 | D88: 61895.16 | E88: =IFERROR(D88/B88,"m") -> 0.8845704 | F88: m | G88: m | H88: m | I88: =IFERROR(H88/F88,"m") -> m | J88: 85121 | K88: 75870 | L88: 67934 | M88: =IFERROR(L88/J88,"m") -> 0.79808743 | N88: 85121 | O88: 75128 | P88: 70796 | Q88: =IFERROR(P88/N88,"m") -> 0.83171015 | R88: 88584 | S88: 80692 | T88: 73907 | U88: =IFERROR(T88/R88,"m") -> 0.83431545 | V88: m | W88: m | X88: m | Y88: =IFERROR(X88/V88,"m") -> m
A89: Singapore | B89: 46229 | C89: 45178 | D89: 44057.88 | E89: =IFERROR(D89/B89,"m") -> 0.95303554 | F89: 48218 | G89: 47050 | H89: 46224.12 | I89: =IFERROR(H89/F89,"m") -> 0.95864864 | J89: 53637 | K89: 52163 | L89: 51088.17 | M89: =IFERROR(L89/J89,"m") -> 0.95248 | N89: 54982 | O89: 54212 | P89: 51874 | Q89: =IFERROR(P89/N89,"m") -> 0.94347241 | R89: m | S89: m | T89: m | U89: =IFERROR(T89/R89,"m") -> m | V89: m | W89: m | X89: m | Y89: =IFERROR(X89/V89,"m") -> m
A90: Chinese Taipei | B90: 246260 | C90: 240241 | D90: 226698.24 | E90: =IFERROR(D90/B90,"m") -> 0.92056461 | F90: m | G90: m | H90: m | I90: =IFERROR(H90/F90,"m") -> m | J90: m | K90: m | L90: m | M90: =IFERROR(L90/J90,"m") -> m | N90: m | O90: m | P90: m | Q90: =IFERROR(P90/N90,"m") -> m | R90: m | S90: m | T90: m | U90: =IFERROR(T90/R90,"m") -> m | V90: m | W90: m | X90: m | Y90: =IFERROR(X90/V90,"m") -> m
A91: Thailand | B91: 795130 | C91: 696833 | D91: 575712.75 | E91: =IFERROR(D91/B91,"m") -> 0.72404858 | F91: 895513 | G91: 756917 | H91: 634794.66 | I91: =IFERROR(H91/F91,"m") -> 0.70886147 | J91: 982080 | K91: 784897 | L91: 703012.2 | M91: =IFERROR(L91/J91,"m") -> 0.71584005 | N91: 949891 | O91: 763679 | P91: 691916.43 | Q91: =IFERROR(P91/N91,"m") -> 0.72841666 | R91: 895924 | S91: 727860 | T91: 644124.69 | U91: =IFERROR(T91/R91,"m") -> 0.71895015 | V91: 927070 | W91: 778267 | X91: 637075.68 | Y91: =IFERROR(X91/V91,"m") -> 0.68719264
A92: Ukraine | B92: 351424 | C92: 321833 | D92: 304855.23 | E92: =IFERROR(D92/B92,"m") -> 0.86748552 | F92: m | G92: m | H92: m | I92: =IFERROR(H92/F92,"m") -> m | J92: m | K92: m | L92: m | M92: =IFERROR(L92/J92,"m") -> m | N92: m | O92: m | P92: m | Q92: =IFERROR(P92/N92,"m") -> m | R92: m | S92: m | T92: m | U92: =IFERROR(T92/R92,"m") -> m | V92: m | W92: m | X92: m | Y92: =IFERROR(X92/V92,"m") -> m
A93: United Arab Emirates | B93: 59275 | C93: 59203 | D93: 54402.84 | E93: =IFERROR(D93/B93,"m") -> 0.91780413 | F93: 51687 | G93: 51518 | H93: 46950.24 | I93: =IFERROR(H93/F93,"m") -> 0.90835684 | J93: 48824 | K93: 48446 | L93: 40612.41 | M93: =IFERROR(L93/J93,"m") -> 0.83181243 | N93: 41564 | O93: 40447 | P93: 38707 | Q93: =IFERROR(P93/N93,"m") -> 0.93126263 | R93: m | S93: m | T93: m | U93: =IFERROR(T93/R93,"m") -> m | V93: m | W93: m | X93: m | Y93: =IFERROR(X93/V93,"m") -> m
A94: Uruguay | B94: 50965 | C94: 46768 | D94: 39745.83 | E94: =IFERROR(D94/B94,"m") -> 0.7798652 | F94: 53533 | G94: 43865 | H94: 38286.72 | I94: =IFERROR(H94/F94,"m") -> 0.71519848 | J94: 54638 | K94: 46442 | L94: 39770.88 | M94: =IFERROR(L94/J94,"m") -> 0.7278978 | N94: 53801 | O94: 43281 | P94: 33970.6 | Q94: =IFERROR(P94/N94,"m") -> 0.63141206 | R94: 52119 | S94: 40815 | T94: 36011.48 | U94: =IFERROR(T94/R94,"m") -> 0.69094726 | V94: 53948 | W94: 40023 | X94: 33775.23 | Y94: =IFERROR(X94/V94,"m") -> 0.6260701
A95: Viet Nam | B95: 1332000 | C95: 1251842 | D95: 926259.69 | E95: =IFERROR(D95/B95,"m") -> 0.69539016 | F95: 1340000 | G95: 1032599 | H95: 874859.19 | I95: =IFERROR(H95/F95,"m") -> 0.65287999 | J95: 1393000 | K95: 1091462 | L95: 956517.48 | M95: 0.68666007 | N95: m | O95: m | P95: m | Q95: =IFERROR(P95/N95,"m") -> m | R95: m | S95: m | T95: m | U95: =IFERROR(T95/R95,"m") -> m | V95: m | W95: m | X95: m | Y95: =IFERROR(X95/V95,"m") -> m
A103: Information on data for Cyprus: https://oe.cd/cyprus-disclaimer
A104: Notes: Costa Rica, Georgia, Malta and Moldova conducted the PISA 2009 assessment in 2010 as part of PISA 2009+.
A105: For Albania, Brazil, Chile, Jordan, Netherlands, Romania and Uruguay, estimates of the Total population of 15-year-olds across years have been updated to align data sources with those used in 2018. Therefore, the estimates reported in this table do not match those that appear in previous PISA reports.
A106: For Mexico, in 2015, the Total population of 15-year-olds enrolled in grade 7 or above is an estimate of the target population size of the sample frame from which the 15-year-old students were selected for the PISA test. At the time Mexico provided the information to PISA, the official figure for this population was 1 573 952.

Sheet Table I.A2.3
A1: PISA 2018 Results (Volume I) - © OECD 2019
A2: Annex A2 | B2: Annex A2 The PISA target population, the PISA samples, and the definition of schools
A3: Version 4 - Last updated: 13-Oct-2020
A4: Disclaimer: http://oe.cd/disclaimer
A6: Table I.A2.3
A7: PISA target populations and samples in adjudicated regions
B12: Population and sample information | N12: Coverage indices
B13: Total population of 15-year-olds | C13: Total enrolled population of 15-year-olds at grade 7 or above | D13: Total in national desired target population | E13: Total school-level exclusions | F13: Total in national desired target population after all school exclusions and before within-school exclusions | G13: School-level exclusion rate (%) | H13: Number of participating students | I13: Weighted number of participating students | J13: Number of excluded students | K13: Weighted number of excluded students | L13: Within-school exclusion rate (%) | M13: Overall exclusion rate (%) | N13: Coverage Index 1: Coverage of national desired population | O13: Coverage Index 2: Coverage of national enrolled population | P13: Coverage Index 3: Coverage of 15-year-old population
B14: (1) | C14: (2) | D14: (3) | E14: (4) | F14: (5) | G14: (6) | H14: (7) | I14: (8) | J14: (9) | K14: (10) | L14: (11) | M14: (12) | N14: (13) | O14: (14) | P14: (15)
A15: OECD
A16: Belgium
A17: Flemish community* | B17: 69245 | C17: 67326 | D17: 67326 | E17: 1270.454 | F17: 66055.546 | G17: 1.8870184 | H17: 4882 | I17: 66685.44 | J17: 24 | K17: 293.19 | L17: 0.43773663 | M17: 2.3164949 | N17: 0.97683505 | O17: 0.97683505 | P17: 0.96303618
A18: United Kingdom
A19: Excluding Scotland* | B19: 650593 | C19: 644332 | D19: 644332 | E19: 14425 | F19: 629907 | G19: 2.2387527 | H19: 10820 | I19: 552087.87 | J19: 544 | K19: 18798.66 | L19: 3.292889 | M19: 5.4579221 | N19: 0.94542078 | O19: 0.94542078 | P19: 0.84859178
A20: Scotland* | B20: 53398 | C20: 53271 | D20: 53271 | E20: 902 | F20: 52369 | G20: 1.693229 | H20: 2998 | I20: 45151.71 | J20: 144 | K20: 1763.58 | L20: 3.759073 | M20: 5.3886523 | N20: 0.94611348 | O20: 0.94611348 | P20: 0.84556931
A21: Partners
A22: Argentina
A23: Ciudad Autónoma de Buenos Aires* | B23: 36923 | C23: 37793 | D23: 37793 | E23: 222 | F23: 37571 | G23: 0.58741037 | H23: 2330 | I23: 34625.13 | J23: 6 | K23: 71.61 | L23: 0.20638827 | M23: 0.79258629 | N23: 0.99207414 | O23: 0.99207414 | P23: 0.93776589
A24: Córdoba* | B24: 55682 | C24: 53654 | D24: 53654 | E24: 617 | F24: 53037 | G24: 1.1499609 | H24: 2391 | I24: 46205.16 | J24: 63 | K24: 1230.93 | L24: 2.594923 | M24: 3.7150432 | N24: 0.96284957 | O24: 0.96284957 | P24: 0.82980425
A25: Provincia de Buenos Aires* | B25: 258548 | C25: 256779 | D25: 256779 | E25: 2960 | F25: 253819 | G25: 1.1527422 | H25: 2073 | I25: 210617.52 | J25: 18 | K25: 1392.21 | L25: 0.6566726 | M25: 1.8018451 | N25: 0.98198141 | O25: 0.98198141 | P25: 0.81461671
A26: Tucumán* | B26: 28534 | C26: 27010 | D26: 27010 | E26: 257 | F26: 26753 | G26: 0.95149944 | H26: 2279 | I26: 21434.13 | J26: 13 | K26: 120.78 | L26: 0.56033559 | M26: 1.5065034 | N26: 0.98493359 | O26: 0.98493359 | P26: 0.75117859
A27: Russia
A28: Moscow City* | H28: 5768 | I28: 79378.38 | J28: 80 | K28: 1037.16 | L28: 1.2897507 | M28: 1.2897507
A29: Moscow Region* | H29: 2016 | I29: 65735.73 | J29: 4 | K29: 127.32 | L29: 0.19331021 | M29: 0.19331021
A30: Tatarstan* | H30: 5816 | I30: 35048.1 | J30: 17 | K30: 122.25 | L30: 0.34759392 | M30: 0.34759392
A31: United Arab Emirates
A32: Abu Dhabi* | B32: 22207 | C32: 22194 | D32: 22176 | E32: 190.48907 | F32: 21985.511 | G32: 0.85898753 | H32: 6450 | I32: 20630.79 | J32: 27 | K32: 61.95 | L32: 0.2993808 | M32: 1.1557967 | N32: 0.98844347 | O32: 0.98764181 | P32: 0.92902193
A33: Dubai* | B33: 16464 | C33: 16455 | D33: 16453 | E33: 584 | F33: 15869 | G33: 3.5495046 | H33: 6133 | I33: 14580.57 | J33: 75 | K33: 167.37 | L33: 1.1348704 | M33: 4.6440927 | N33: 0.95355907 | O33: 0.95344317 | P33: 0.88560313
A35: *PISA adjudicated region
A36: Notes: For a full explanation of the details in this table please refer to the PISA 2018 Technical Report (OECD, forthcoming).
A37: The figure for total national population of 15-year-olds enrolled in Column 2 may occasionally be larger than the total number of 15-year-olds in Column 1 due to differing data sources.

Sheet Table I.A2.4
A1: PISA 2018 Results (Volume I) - © OECD 2019
A2: Annex A2 | B2: Annex A2 The PISA target population, the PISA samples, and the definition of schools
A3: Version 4 - Last updated: 13-Oct-2020
A4: Disclaimer: http://oe.cd/disclaimer
A6: Table I.A2.4
A7: Exclusions, PISA 2018
B12: Student exclusions (unweighted) | H12: Student exclusions (weighted)
B13: Number of excluded students with functional disability (Code 1) | C13: Number of excluded students with intellectual disability (Code 2) | D13: Number of excluded students because of language (Code 3) | E13: Number of excluded students for other reasons (Code 4) | F13: Number of excluded students because of no materials available in the language of instruction (Code 5) | G13: Total number of excluded students | H13: Weighted number of excluded students with functional disability (Code 1) | I13: Weighted number of excluded students with intellectual disability (Code 2) | J13: Weighted number of excluded students because of language (Code 3) | K13: Weighted number of excluded students for other reasons (Code 4) | L13: Weighted number of excluded students because of no materials available in the language of instruction (Code 5) | M13: Total weighted number of excluded students
B14: (1) | C14: (2) | D14: (3) | E14: (4) | F14: (5) | G14: (6) | H14: (7) | I14: (8) | J14: (9) | K14: (10) | L14: (11) | M14: (12)
A15: OECD
A16: Australia | B16: 69 | C16: 555 | D16: 92 | E16: 0 | F16: 0 | G16: 716 | H16: 1053.51 | I16: 7894.98 | J16: 1300.17 | K16: 0 | L16: 0 | M16: 10248.66
A17: Austria | B17: 7 | C17: 49 | D17: 61 | E17: 0 | F17: 0 | G17: 117 | H17: 77.46 | I17: 530.73 | J17: 770.61 | K17: 0 | L17: 0 | M17: 1378.83
A18: Belgium | B18: 8 | C18: 19 | D18: 18 | E18: 0 | F18: 0 | G18: 45 | H18: 86.85 | I18: 210.96 | J18: 195.81 | K18: 0 | L18: 0 | M18: 493.62
A19: Canada | B19: 125 | C19: 1040 | D19: 316 | E19: 0 | F19: 0 | G19: 1481 | H19: 1611.18 | I19: 11744.07 | J19: 4141.05 | K19: 0 | L19: 0 | M19: 17496.3
A20: Chile | B20: 6 | C20: 58 | D20: 4 | E20: 0 | F20: 0 | G20: 68 | H20: 173.22 | I20: 1726.83 | J20: 128.73 | K20: 0 | L20: 0 | M20: 2028.78
A21: Colombia | B21: 4 | C21: 24 | D21: 0 | E21: 0 | F21: 0 | G21: 28 | H21: 345.81 | I21: 1466.4 | J21: 0 | K21: 0 | L21: 0 | M21: 1812.21
A22: Czech Republic | B22: 1 | C22: 0 | D22: 0 | E22: 0 | F22: 0 | G22: 1 | H22: 10.95 | I22: 0 | J22: 0 | K22: 0 | L22: 0 | M22: 10.95
A23: Denmark | B23: 15 | C23: 179 | D23: 88 | E23: 162 | F23: 0 | G23: 444 | H23: 97.62 | I23: 1453.2 | J23: 426.51 | K23: 1031.88 | L23: 0 | M23: 3009.21
A24: Estonia | B24: 3 | C24: 85 | D24: 8 | E24: 0 | F24: 0 | G24: 96 | H24: 7.86 | I24: 173.85 | J24: 13.05 | K24: 0 | L24: 0 | M24: 194.73
A25: Finland | B25: 6 | C25: 100 | D25: 22 | E25: 17 | F25: 12 | G25: 157 | H25: 54.72 | I25: 965.82 | J25: 204.33 | K25: 154.86 | L25: 110.91 | M25: 1490.64
A26: France | B26: 8 | C26: 28 | D26: 20 | E26: 0 | F26: 0 | G26: 56 | H26: 776.25 | I26: 3397.08 | J26: 2470.89 | K26: 0 | L26: 0 | M26: 6644.22
A27: Germany | B27: 2 | C27: 18 | D27: 22 | E27: 0 | F27: 0 | G27: 42 | H27: 198.75 | I27: 1858.8 | J27: 2789.28 | K27: 0 | L27: 0 | M27: 4846.83
... A52: United States | B52: 38 | C52: 106 | D52: 39 | E52: 11 | F52: 0 | G52: 194 | H52: 25164.18 | I52: 62554.8 | J52: 24971.58 | K52: 6366.54 | L52: 0 | M52: 119057.1
A53: Partners
A54: Albania | B54: 0 | C54: 0 | D54: 0 | E54: 0 | F54: 0 | G54: 0 | H54: 0 | I54: 0 | J54: 0 | K54: 0 | L54: 0 | M54: 0
A55: Argentina | B55: 21 | C55: 96 | D55: 1 | E55: 0 | F55: 0 | G55: 118 | H55: 870.81 | I55: 3199.11 | J55: 13.41 | K55: 0 | L55: 0 | M55: 4083.3
A56: Baku (Azerbaijan) | B56: 0 | C56: 0 | D56: 0 | E56: 0 | F56: 0 | G56: 0 | H56: 0 | I56: 0 | J56: 0 | K56: 0 | L56: 0 | M56: 0
A57: Belarus | B57: 30 | C57: 1 | D57: 0 | E57: 0 | F57: 0 | G57: 31 | H57: 449.46 | I57: 13.02 | J57: 0 | K57: 0 | L57: 0 | M57: 462.48
A58: Bosnia and Herzegovina | B58: 8 | C58: 16 | D58: 0 | E58: 0 | F58: 0 | G58: 24 | H58: 28.65 | I58: 77.01 | J58: 0 | K58: 0 | L58: 0 | M58: 105.66
A59: Brazil | B59: 4 | C59: 36 | D59: 1 | E59: 0 | F59: 0 | G59: 41 | H59: 693.45 | I59: 7100.01 | J59: 386.25 | K59: 0 | L59: 0 | M59: 8179.71
A60: Brunei Darussalam | B60: 9 | C60: 44 | D60: 0 | E60: 0 | F60: 0 | G60: 53 | H60: 9 | I60: 44.01 | J60: 0 | K60: 0 | L60: 0 | M60: 53.01
A61: B-S-J-Z (China) | B61: 2 | C61: 24 | D61: 8 | E61: 0 | F61: 0 | G61: 34 | H61: 49.02 | I61: 1194.06 | J61: 209.19 | K61: 0 | L61: 0 | M61: 1452.24
A62: Bulgaria | B62: 4 | C62: 76 | D62: 0 | E62: 0 | F62: 0 | G62: 80 | H62: 31.41 | I62: 653.46 | J62: 0 | K62: 0 | L62: 0 | M62: 684.87
A63: Costa Rica | B63: 22 | C63: 12 | D63: 5 | E63: 0 | F63: 0 | G63: 39 | H63: 138.96 | I63: 78.33 | J63: 31.32 | K63: 0 | L63: 0 | M63: 248.61
A64: Croatia | B64: 7 | C64: 84 | D64: 4 | E64: 0 | F64: 40 | G64: 135 | H64: 33.33 | I64: 397.2 | J64: 23.55 | K64: 0 | L64: 182.46 | M64: 636.57
A65: Cyprus | B65: 17 | C65: 143 | D65: 41 | E65: 0 | F65: 0 | G65: 201 | H65: 24.57 | I65: 249.69 | J65: 76.98 | K65: 0 | L65: 0 | M65: 351.24
... A95: Viet Nam | B95: 0 | C95: 0 | D95: 0 | E95: 0 | F95: 0 | G95: 0 | H95: 0 | I95: 0 | J95: 0 | K95: 0 | L95: 0 | M95: 0
A103: Information on data for Cyprus: https://oe.cd/cyprus-disclaimer
A104: Note: For a full explanation of other details in this table please refer to the PISA 2018 Technical Report (OECD, forthcoming).
A106: Exclusion codes:
A107: Code 1 | B107: Functional disability – student has a moderate to severe permanent physical disability.
A108: Code 2 | B108: Intellectual disability – student has a mental or emotional disability and has either been tested as cognitively delayed or is considered in the professional opinion of qualified staff to be cognitively delayed.
A109: Code 3 | B109: Limited assessment language proficiency – student is not a native speaker of any of the languages of the assessment in the country; he/she has limited proficiency in the assessment language, and he/she has received less than one year of instruction in the assessment language.
A110: Code 4 | B110: Other reasons defined by the national centres and approved by the international centre.
A111: Code 5 | B111: No materials available in the language of instruction.

Sheet Table I.A2.5
A1: PISA 2018 Results (Volume I) - © OECD 2019
A2: Annex A2 | B2: Annex A2 The PISA target population, the PISA samples, and the definition of schools
A3: Version 4 - Last updated: 13-Oct-2020
A4: Disclaimer: http://oe.cd/disclaimer
A6: Table I.A2.5
A7: Exclusions in adjudicated regions
B12: Student exclusions (unweighted) | H12: Student exclusion (weighted)
B13: Number of excluded students with functional disability (Code 1) | C13: Number of excluded students with intellectual disability (Code 2) | D13: Number of excluded students because of language (Code 3) | E13: Number of excluded students for other reasons (Code 4) | F13: Number of excluded students because of no materials available in the language of instruction (Code 5) | G13: Total number of excluded students | H13: Weighted number of excluded students with functional disability (Code 1) | I13: Weighted number of excluded students with intellectual disability (Code 2) | J13: Weighted number of excluded students because of language (Code 3) | K13: Weighted number of excluded students for other reasons (Code 4) | L13: Weighted number of excluded students because of no materials available in the language of instruction (Code 5) | M13: Total weighted number of excluded students
B14: (1) | C14: (2) | D14: (3) | E14: (4) | F14: (5) | G14: (6) | H14: (7) | I14: (8) | J14: (9) | K14: (10) | L14: (11) | M14: (12)
A15: OECD
A16: Belgium
A17: Flemish community* | B17: 5 | C17: 17 | D17: 2 | E17: 0 | F17: 0 | G17: 24 | H17: 56.55 | I17: 198.81 | J17: 37.83 | K17: 0 | L17: 0 | M17: 293.19
A18: United Kingdom
A19: Excluding Scotland* | B19: 55 | C19: 459 | D19: 30 | E19: 0 | F19: 0 | G19: 544 | H19: 2210.19 | I19: 15189.36 | J19: 1399.11 | K19: 0 | L19: 0 | M19: 18798.66
A20: Scotland* | B20: 20 | C20: 114 | D20: 10 | E20: 0 | F20: 0 | G20: 144 | H20: 238.2 | I20: 1402.74 | J20: 122.64 | K20: 0 | L20: 0 | M20: 1763.58
A21: Partners
A22: Argentina
A23: Ciudad Autónoma de Buenos Aires* | B23: 0 | C23: 5 | D23: 1 | E23: 0 | F23: 0 | G23: 6 | H23: 0 | I23: 58.23 | J23: 13.41 | K23: 0 | L23: 0 | M23: 71.61
A24: Córdoba* | B24: 10 | C24: 53 | D24: 0 | E24: 0 | F24: 0 | G24: 63 | H24: 138.06 | I24: 1092.87 | J24: 0 | K24: 0 | L24: 0 | M24: 1230.93
A25: Provincia de Buenos Aires* | B25: 7 | C25: 11 | D25: 0 | E25: 0 | F25: 0 | G25: 18 | H25: 516.45 | I25: 875.76 | J25: 0 | K25: 0 | L25: 0 | M25: 1392.21
A26: Tucumán* | B26: 1 | C26: 12 | D26: 0 | E26: 0 | F26: 0 | G26: 13 | H26: 6.45 | I26: 114.36 | J26: 0 | K26: 0 | L26: 0 | M26: 120.78
A27: Russia
A28: Moscow City* | B28: 36 | C28: 42 | D28: 2 | E28: 0 | F28: 0 | G28: 80 | H28: 465 | I28: 546.6 | J28: 25.56 | K28: 0 | L28: 0 | M28: 1037.16
A29: Moscow Region* | B29: 3 | C29: 0 | D29: 1 | E29: 0 | F29: 0 | G29: 4 | H29: 97.71 | I29: 0 | J29: 29.61 | K29: 0 | L29: 0 | M29: 127.32
A30: Tatarstan* | B30: 8 | C30: 5 | D30: 4 | E30: 0 | F30: 0 | G30: 17 | H30: 47.46 | I30: 47.22 | J30: 27.6 | K30: 0 | L30: 0 | M30: 122.25
A31: United Arab Emirates
A32: Abu Dhabi* | B32: 1 | C32: 24 | D32: 2 | E32: 0 | F32: 0 | G32: 27 | H32: 0.99 | I32: 57.06 | J32: 3.87 | K32: 0 | L32: 0 | M32: 61.95
A33: Dubai* | B33: 6 | C33: 51 | D33: 18 | E33: 0 | F33: 0 | G33: 75 | H33: 7.23 | I33: 125.19 | J33: 34.95 | K33: 0 | L33: 0 | M33: 167.37
A35: *PISA adjudicated region
A36: Exclusion codes:
A37: Code 1 | B37: Functional disability – student has a moderate to severe permanent physical disability.
A38: Code 2 | B38: Intellectual disability – student has a mental or emotional disability and has either been tested as cognitively delayed or is considered in the professional opinion of qualified staff to be cognitively delayed.
A39: Code 3 | B39: Limited assessment language proficiency – student is not a native speaker of any of the languages of the assessment in the country; he/she has limited proficiency in the assessment language, and he/she has received less than one year of instruction in the assessment language.
A40: Code 4 | B40: Other reasons defined by the national centres and approved by the international centre.
A41: Code 5 | B41: No materials available in the language of instruction.
A42: Notes: For a full explanation of other details in this table please refer to the PISA 2018 Technical Report (OECD, forthcoming).

Sheet Table I.A2.6
A1: PISA 2018 Results (Volume I) - © OECD 2019
A2: Annex A2 | B2: Annex A2 The PISA target population, the PISA samples, and the definition of schools
A3: Version 4 - Last updated: 13-Oct-2020
A4: Disclaimer: http://oe.cd/disclaimer
A6: Table I.A2.6
A7: Response rates, PISA 2018
B12: Initial sample - before school replacement | G12: Final sample - after school replacement | L12: Final sample - students within schools after school replacement
B13: Weighted school participation rate before replacement (%) | C13: Weighted number of responding schools (weighted also by enrolment) | D13: Weighted number of schools sampled (responding and non-responding) (weighted also by enrolment) | E13: Number of responding schools (unweighted) | F13: Number of responding and non-responding schools (unweighted) | G13: Weighted school participation rate after replacement (%) | H13: Weighted number of responding schools (weighted also by enrolment) | I13: Weighted number of schools sampled (responding and non-responding) (weighted also by enrolment) | J13: Number of responding schools (unweighted) | K13: Number of responding and non-responding schools (unweighted) | L13: Weighted student participation rate after replacement (%) | M13: Number of students assessed (weighted) | N13: Number of students sampled (assessed and absent) (weighted) | O13: Number of students assessed (unweighted) | P13: Number of students sampled (assessed and absent) (unweighted)
B14: (1) | C14: (2) | D14: (3) | E14: (4) | F14: (5) | G14: (6) | H14: (7) | I14: (8) | J14: (9) | K14: (10) | L14: (11) | M14: (12) | N14: (13) | O14: (14) | P14: (15)
A15: OECD
A16: Australia | B16: 94.812302 | C16: 264303.78 | D16: 278765.28 | E16: 734 | F16: 779 | G16: 95.807638 | H16: 267078.43 | I16: 278765.28 | J16: 740 | K16: 779 | L16: 85.140134 | M16: 210664.66 | N16: 247432.85 | O16: 14081 | P16: 16756
A17: Austria | B17: 99.906015 | C17: 78872.014 | D17: 78946.211 | E17: 291 | F17: 293 | G17: 99.906015 | H17: 78872.014 | I17: 78946.211 | J17: 291 | K17: 293 | L17: 92.544467 | M17: 69425.931 | N17: 75018.997 | O17: 6802 | P17: 7555
A18: Belgium | B18: 86.544264 | C18: 103631.37 | D18: 119743.78 | E18: 256 | F18: 308 | G18: 94.604608 | H18: 113259.4 | I18: 119718.69 | J18: 285 | K18: 308 | L18: 91.099378 | M18: 101503.87 | N18: 111421.03 | O18: 8431 | P18: 9271
A19: Canada | B19: 85.727358 | C19: 328934.66 | D19: 383698.58 | E19: 782 | F19: 914 | G19: 88.57498 | H19: 339896.26 | I19: 383738.45 | J19: 804 | K19: 914 | L19: 84.028909 | M19: 251025.04 | N19: 298736.52 | O19: 22440 | P19: 26252
A20: Chile | B20: 90.217054 | C20: 190059.7 | D20: 210669.37 | E20: 224 | F20: 258 | G20: 99.66134 | H20: 209952.74 | I20: 210666.18 | J20: 255 | K20: 258 | L20: 93.093646 | M20: 197940.24 | N20: 212624.87 | O20: 7601 | P20: 8156
A21: Colombia | B21: 94.708348 | C21: 596406.25 | D21: 629729.33 | E21: 238 | F21: 250 | G21: 96.999278 | H21: 610210.96 | I21: 629088.14 | J21: 244 | K21: 250 | L21: 92.822217 | M21: 475819.89 | N21: 512614.22 | O21: 7480 | P21: 8036
A22: Czech Republic | B22: 98.815348 | C22: 86649.728 | D22: 87688.533 | E22: 330 | F22: 334 | G22: 98.815348 | H22: 86649.728 | I22: 87688.533 | J22: 330 | K22: 334 | L22: 91.902917 | M22: 79903.479 | N22: 86943.354 | O22: 6996 | P22: 7628
A23: Denmark | B23: 88.114664 | C23: 52391.672 | D23: 59458.517 | E23: 328 | F23: 371 | G23: 93.335298 | H23: 55169.539 | I23: 59108.976 | J23: 344 | K23: 371 | L23: 86.437764 | M23: 48473 | N23: 56078.498 | O23: 7607 | P23: 8891
A24: Estonia | B24: 100 | C24: 11684.163 | D24: 11684.163 | E24: 231 | F24: 231 | G24: 100 | H24: 11684.163 | I24: 11684.163 | J24: 231 | K24: 231 | L24: 92.096821 | M24: 10532.157 | N24: 11435.962 | O24: 5316 | P24: 5786
A25: Finland | B25: 99.496475 | C25: 57419.596 | D25: 57710.181 | E25: 213 | F25: 214 | G25: 100 | H25: 57710.181 | I25: 57710.181 | J25: 214 | K25: 214 | L25: 92.833263 | M25: 52101.957 | N25: 56124.233 | O25: 5649 | P25: 6084
A26: France | B26: 98.010673 | C26: 769117.14 | D26: 784727.94 | E26: 244 | F26: 252 | G26: 99.786043 | H26: 783048.96 | I26: 784727.94 | J26: 250 | K26: 252 | L26: 92.565209 | M26: 698720.67 | N26: 754841.56 | O26: 6295 | P26: 6817
A27: Germany | B27: 95.6776 | C27: 739666.09 | D27: 773082.01 | E27: 215 | F27: 226 | G27: 98.196 | H27: 759094.47 | I27: 773040.22 | J27: 221 | K27: 226 | L27: 90.401039 | M27: 652025.02 | N27: 721258.32 | O27: 5431 | P27: 6036
... A52: United States | B52: 64.95708 | C52: 2516630.5 | D52: 3874297.5 | E52: 136 | F52: 215 | G52: 76.412206 | H52: 2960088.5 | I52: 3873842.5 | J52: 162 | K52: 215 | L52: 84.798053 | M52: 2301006.4 | N52: 2713513.2 | O52: 4811 | P52: 5686
A53: Partners
A54: Albania | B54: 96.920426 | C54: 29234.249 | D54: 30163.145 | E54: 322 | F54: 336 | G54: 97.006689 | H54: 29260.268 | I54: 30163.145 | J54: 323 | K54: 336 | L54: 98.265902 | M54: 26611.09 | N54: 27080.696 | O54: 6333 | P54: 6438
A55: Argentina | B55: 95.228564 | C55: 626740.22 | D55: 658143.09 | E55: 439 | F55: 458 | G55: 95.670764 | H55: 629650.52 | I55: 658143.09 | J55: 445 | K55: 458 | L55: 86.278379 | M55: 467612.53 | N55: 541981.13 | O55: 11836 | P55: 13532
A56: Baku (Azerbaijan) | B56: 93.465696 | C56: 18730.316 | D56: 20039.776 | E56: 181 | F56: 197 | G56: 100 | H56: 20248.539 | I56: 20248.539 | J56: 197 | K56: 197 | L56: 88.860889 | M56: 18049.389 | N56: 20311.96 | O56: 6827 | P56: 7607
A57: Belarus | B57: 100 | C57: 79623.287 | D57: 79623.287 | E57: 234 | F57: 234 | G57: 100 | H57: 79623.287 | I57: 79623.287 | J57: 234 | K57: 234 | L57: 97.431204 | M57: 76320.813 | N57: 78333.028 | O57: 5803 | P57: 5963
A58: Bosnia and Herzegovina | B58: 99.892942 | C58: 31024.545 | D58: 31057.795 | E58: 212 | F58: 213 | G58: 100 | H58: 31051.145 | I58: 31051.145 | J58: 213 | K58: 213 | L58: 95.558762 | M58: 27561.769 | N58: 28842.744 | O58: 6480 | P58: 6781
A59: Brazil | B59: 86.76155 | C59: 2483765.8 | D59: 2862749.5 | E59: 547 | F59: 638 | G59: 92.692699 | H59: 2649165.4 | I59: 2858008.7 | J59: 586 | K59: 638 | L59: 88.845141 | M59: 1683080.4 | N59: 1894397.8 | O59: 10606 | P59: 11956
A60: Brunei Darussalam | B60: 100 | C60: 6681 | D60: 6681 | E60: 55 | F60: 55 | G60: 100 | H60: 6681 | I60: 6681 | J60: 55 | K60: 55 | L60: 98.970865 | M60: 6828 | N60: 6899 | O60: 6828 | P60: 6899
A61: B-S-J-Z (China) | B61: 96.440185 | C61: 1030427.3 | D61: 1068462.6 | E61: 355 | F61: 362 | G61: 99.393066 | H61: 1062001 | I61: 1068486 | J61: 361 | K61: 362 | L61: 99.214132 | M61: 978802.84 | N61: 986555.87 | O61: 12058 | P61: 12156
A62: Bulgaria | B62: 95.875245 | C62: 48095.058 | D62: 50164.209 | E62: 191 | F62: 199 | G62: 98.850431 | H62: 49568.222 | I62: 50144.669 | J62: 197 | K62: 199 | L62: 93.078858 | M62: 44002.735 | N62: 47274.683 | O62: 5294 | P62: 5673
A63: Costa Rica | B63: 100 | C63: 58842.794 | D63: 58842.794 | E63: 205 | F63: 205 | G63: 100 | H63: 58842.794 | I63: 58842.794 | J63: 205 | K63: 205 | L63: 97.050841 | M63: 44179.008 | N63: 45521.51 | O63: 7221 | P63: 7433
A64: Croatia | B64: 97.237496 | C64: 28382.067 | D64: 29188.398 | E64: 178 | F64: 183 | G64: 100 | H64: 29177.059 | I64: 29177.059 | J64: 183 | K64: 183 | L64: 92.019344 | M64: 32631.568 | N64: 35461.64 | O64: 6609 | P64: 7190
A65: Cyprus | B65: 97.826212 | C65: 7945.7814 | D65: 8122.3439 | E65: 90 | F65: 99 | G65: 97.826212 | H65: 7945.7814 | I65: 8122.3439 | J65: 90 | K65: 99 | L65: 93.353315 | M65: 6975.4478 | N65: 7472.0944 | O65: 5503 | P65: 5890
... A95: Viet Nam | B95: 100 | C95: 1116404 | D95: 1116404 | E95: 151 | F95: 151 | G95: 100 | H95: 1116404 | I95: 1116404 | J95: 151 | K95: 151 | L95: 98.770771 | M95: 914873.84 | N95: 926259.69 | O95: 5377 | P95: 5445
A103: Information on data for Cyprus: https://oe.cd/cyprus-disclaimer

Sheet Table I.A2.7
A1: PISA 2018 Results (Volume I) - © OECD 2019
A2: Annex A2 | B2: Annex A2 The PISA target population, the PISA samples, and the definition of schools
A3: Version 4 - Last updated: 13-Oct-2020
A4: Disclaimer: http://oe.cd/disclaimer
A6: Table I.A2.7
A7: Response rates in adjudicated regions
B12: Initial sample - before school replacement | G12: Final sample - after school replacement | L12: Final sample - students within schools after school replacement
B13: Weighted school participation rate before replacement (%) | C13: Weighted number of responding schools (weighted also by enrolment) | D13: Weighted number of schools sampled (responding and non-responding) (weighted also by enrolment) | E13: Number of responding schools (unweighted) | F13: Number of responding and non-responding schools (unweighted) | G13: Weighted school participation rate after replacement (%) | H13: Weighted number of responding schools (weighted also by enrolment) | I13: Weighted number of schools sampled (responding and non-responding) (weighted also by enrolment) | J13: Number of responding schools (unweighted) | K13: Number of responding and non-responding schools (unweighted) | L13: Weighted student participation rate after replacement (%) | M13: Number of students assessed (weighted) | N13: Number of students sampled (assessed and absent) (weighted) | O13: Number of students assessed (unweighted) | P13: Number of students sampled (assessed and absent) (unweighted)
B14: (1) | C14: (2) | D14: (3) | E14: (4) | F14: (5) | G14: (6) | H14: (7) | I14: (8) | J14: (9) | K14: (10) | L14: (11) | M14: (12) | N14: (13) | O14: (14) | P14: (15)
A15: OECD
A16: Belgium
A17: Flemish community* | B17: 78.981891 | C17: 50947.433 | D17: 64505.208 | E17: 144 | F17: 190 | G17: 91.106224 | H17: 58745.402 | I17: 64480.12 | J17: 169 | K17: 190 | L17: 90.4048 | M17: 55105.677 | N17: 60954.358 | O17: 4855 | P17: 5360
A18: United Kingdom
A19: Excluding Scotland* | B19: 71.770047 | C19: 451975.58 | D19: 629755.17 | E19: 298 | F19: 421 | G19: 86.106853 | H19: 542901.49 | I19: 630497.43 | J19: 353 | K19: 421 | L19: 83.327382 | M19: 394434 | N19: 473354.6 | O19: 10699 | P19: 12756
A20: Scotland* | B20: 86.496579 | C20: 44766.406 | D20: 51755.117 | E20: 101 | F20: 117 | G20: 92.154403 | H20: 47656.974 | I20: 51714.267 | J20: 108 | K20: 117 | L20: 80.512597 | M20: 33509.888 | N20: 41620.677 | O20: 2969 | P20: 3687
A21: Partners
A22: Argentina
A23: Ciudad Autónoma de Buenos Aires* | B23: 91.228291 | C23: 33148.836 | D23: 36336.136 | E23: 74 | F23: 81 | G23: 97.462105 | H23: 35413.963 | I23: 36336.136 | J23: 79 | K23: 81 | L23: 87.2371 | M23: 29322.493 | N23: 33612.393 | O23: 2303 | P23: 2655
A24: Córdoba* | B24: 98.711525 | C24: 49427.807 | D24: 50072.985 | E24: 82 | F24: 83 | G24: 100 | H24: 50072.985 | I24: 50072.985 | J24: 83 | K24: 83 | L24: 94.3466 | M24: 43592.988 | N24: 46205.154 | O24: 2391 | P24: 2543
A25: Provincia de Buenos Aires* | B25: 95.158062 | C25: 240701.89 | D25: 252949.56 | E25: 84 | F25: 88 | G25: 95.158062 | H25: 240701.89 | I25: 252949.56 | J25: 84 | K25: 88 | L25: 83.7333 | M25: 168541.18 | N25: 201283.36 | O25: 2026 | P25: 2451
A26: Tucumán* | B26: 98.677889 | C26: 24749.042 | D26: 25080.636 | E26: 84 | F26: 85 | G26: 98.677889 | H26: 24749.042 | I26: 25080.636 | J26: 84 | K26: 85 | L26: 88.1264 | M26: 18609.437 | N26: 21116.755 | O26: 2268 | P26: 2585
A27: Russia
A28: Moscow City* | B28: 100 | C28: 78840.172 | D28: 78840.172 | E28: 151 | F28: 151 | G28: 100 | H28: 78840.172 | I28: 78840.172 | J28: 151 | K28: 151 | L28: 95.4506 | M28: 75678.256 | N28: 79285.273 | O28: 5768 | P28: 6044
A29: Moscow Region* | B29: 100 | C29: 66209.192 | D29: 66209.192 | E29: 61 | F29: 61 | G29: 100 | H29: 66209.192 | I29: 66209.192 | J29: 61 | K29: 61 | L29: 98.0496 | M29: 64439.239 | N29: 65721.033 | O29: 2016 | P29: 2059
A30: Tatarstan* | B30: 100 | C30: 35865.544 | D30: 35865.544 | E30: 239 | F30: 239 | G30: 100 | H30: 35865.544 | I30: 35865.544 | J30: 239 | K30: 239 | L30: 97.8585 | M30: 34308.431 | N30: 35059.215 | O30: 5816 | P30: 5954
A31: United Arab Emirates
A32: Abu Dhabi* | B32: 99.986399 | C32: 22053.884 | D32: 22056.884 | E32: 244 | F32: 246 | G32: 99.986399 | H32: 22053.884 | I32: 22056.884 | J32: 244 | K32: 246 | L32: 94.8463 | M32: 19566.775 | N32: 20629.993 | O32: 6450 | P32: 6792
A33: Dubai* | B33: 99.804527 | C33: 15828 | D33: 15859 | E33: 234 | F33: 235 | G33: 99.804527 | H33: 15828 | I33: 15859 | J33: 234 | K33: 235 | L33: 94.9807 | M33: 13856.086 | N33: 14588.314 | O33: 6121 | P33: 6461
A35: *PISA adjudicated region

Sheet Table I.A2.8
A1: PISA 2018 Results (Volume I) - © OECD 2019
A2: Annex A2 | B2: Annex A2 The PISA target population, the PISA samples, and the definition of schools
A3: Version 4 - Last updated: 13-Oct-2020
A4: Disclaimer: http://oe.cd/disclaimer
A6: Table I.A2.8
A7: Percentage of students, including those with missing information, at each grade level, PISA 2018
B12: All students
B13: 7th grade | D13: 8th grade | F13: 9th grade | H13: 10th grade | J13: 11th grade | L13: 12th grade and above | N13: Information unavailable
B14: % | C14: S.E. | D14: % | E14: S.E. | F14: % | G14: S.E. | H14: % | I14: S.E. | J14: % | K14: S.E. | L14: % | M14: S.E. | N14: % | O14: SE
A15: OECD
A16: Australia | B16: 0 | C16: c | D16: 0.087350266 | E16: 0.033663397 | F16: 11.491462 | G16: 0.36250726 | H16: 81.002697 | I16: 0.54268543 | J16: 7.3895484 | K16: 0.40437766 | L16: 0.028942407 | M16: 0.015990907 | N16: 0 | O16: c
A17: Austria | B17: 0.43179546 | C17: 0.11389359 | D17: 6.8199103 | E17: 0.4334443 | F17: 44.526559 | G17: 0.73790128 | H17: 48.056344 | I17: 0.81610204 | J17: 0.16539097 | K17: 0.052447744 | L17: 0 | M17: c | N17: 0 | O17: c
A18: Belgium | B18: 0.34734711 | C18: 0.10552091 | D18: 6.1214958 | E18: 0.38301087 | F18: 26.658644 | G18: 0.67340997 | H18: 63.333287 | I18: 0.76407521 | J18: 1.2652469 | K18: 0.136221 | L18: 0 | M18: c | N18: 2.2739794 | O18: 0.31999113
A19: Canada | B19: 0.33703709 | C19: 0.088397267 | D19: 1.0476709 | E19: 0.17062457 | F19: 9.7424394 | G19: 0.3110233 | H19: 87.688202 | I19: 0.30396376 | J19: 1.1282997 | K19: 0.080947594 | L19: 0.056351352 | M19: 0.028114458 | N19: 0 | O19: c
A20: Chile | B20: 0.96666087 | C20: 0.1982964 | D20: 4.3607198 | E20: 0.453877 | F20: 20.557346 | G20: 0.70918429 | H20: 68.527888 | I20: 0.92484296 | J20: 5.5873848 | K20: 0.33168119 | L20: 0 | M20: c | N20: 0 | O20: c
A21: Colombia | B21: 4.4392426 | C21: 0.41384962 | D21: 11.277525 | E21: 0.52640651 | F21: 22.821737 | G21: 0.64998351 | H21: 42.963735 | I21: 0.75284507 | J21: 18.49776 | K21: 0.71144404 | L21: 0 | M21: c | N21: 0 | O21: c
A22: Czech Republic | B22: 0.6201213 | C22: 0.17961522 | D22: 3.3469904 | E22: 0.4265869 | F22: 48.486902 | G22: 1.2127481 | H22: 47.545987 | I22: 1.2571427 | J22: 0 | K22: c | L22: 0 | M22: c | N22: 0 | O22: c
A23: Denmark | B23: 0.12000257 | C23: 0.041972636 | D23: 16.302405 | E23: 0.50800133 | F23: 81.738068 | G23: 0.54400418 | H23: 1.7443991 | I23: 0.26448956 | J23: 0 | K23: c | L23: 0.095125402 | M23: 0.097776204 | N23: 0 | O23: c
A24: Estonia | B24: 0.41034963 | C24: 0.09830147 | D24: 21.842922 | E24: 0.57186498 | F24: 76.357839 | G24: 0.56385552 | H24: 1.3471281 | I24: 0.16723201 | J24: 0.041761959 | K24: 0.045237871 | L24: 0 | M24: c | N24: 0 | O24: c
A25: Finland | B25: 0.33734727 | C25: 0.095433338 | D25: 13.887889 | E25: 0.40304574 | F25: 85.558413 | G25: 0.45135213 | H25: 0.21635084 | I25: 0.11628163 | J25: 0 | K25: c | L25: 0 | M25: c | N25: 0 | O25: c
A26: France | B26: 0.016235689 | C26: 0.009567623 | D26: 0.51728393 | E26: 0.10617312 | F26: 16.91535 | G26: 0.5575355 | H26: 79.240849 | I26: 0.5874574 | J26: 3.206763 | K26: 0.16160798 | L26: 0.10351885 | M26: 0.034072486 | N26: 0 | O26: c
A27: Germany | B27: 0.43145454 | C27: 0.10509514 | D27: 8.0898971 | E27: 0.44595116 | F27: 46.360338 | G27: 1.0214936 | H27: 43.990888 | I27: 1.125573 | J27: 1.0964885 | K27: 0.30919574 | L27: 0.03093391 | M27: 0.022137772 | N27: 0 | O27: c
A28: Greece | B28: 0.080343475 | C28: 0.043188707 | D28: 0.70434462 | E28: 0.17976737 | F28: 3.6885865 | G28: 0.54893163 | H28: 95.526725 | I28: 0.59943095 | J28: 0 | K28: c | L28: 0 | M28: c | N28: 0 | O28: c
A29: Hungary | B29: 1.6726281 | C29: 0.25618579 | D29: 8.2893155 | E29: 0.52523536 | F29: 71.064459 | G29: 0.73795551 | H29: 18.937371 | I29: 0.64178301 | J29: 0.036225547 | K29: 0.026025583 | L29: 0 | M29: c | N29: 0 | O29: c
A30: Iceland | B30: 0 | C30: c | D30: 0 | E30: c | F30: 0 | G30: c | H30: 99.216408 | I30: 0.08240121 | J30: 0.78359153 | K30: 0.08240121 | L30: 0 | M30: c | N30: 0 | O30: c
A31: Ireland | B31: 0.016885759 | C31: 0.016275421 | D31: 2.0181134 | E31: 0.22460215 | F31: 61.568136 | G31: 0.67735112 | H31: 27.914427 | I31: 0.90704475 | J31: 8.4824375 | K31: 0.73040073 | L31: 0 | M31: c | N31: 0 | O31: c
A32: Israel | B32: 0.015167647 | C32: 0.014581302 | D32: 0.11434016 | E32: 0.052800349 | F32: 16.730808 | G32: 0.85525575 | H32: 82.408562 | I32: 0.86469987 | J32: 0.7009414 | K32: 0.21780254 | L32: 0.030181052 | M32: 0.03136623 | N32: 0 | O32: c
A33: Italy | B33: 0 | C33: c | D33: 0.96303395 | E33: 0.17873953 | F33: 13.495185 | G33: 0.46521666 | H33: 77.849247 | I33: 0.5208668 | J33: 7.6925341 | K33: 0.32736694 | L33: 0 | M33: c | N33: 0 | O33: c
A34: Japan | B34: 0 | C34: c | D34: 0 | E34: c | F34: 0 | G34: c | H34: 100 | I34: c | J34: 0 | K34: c | L34: 0 | M34: c | N34: 0 | O34: c
A35: Korea | B35: 0 | C35: c | D35: 0 | E35: c | F35: 16.07867 | G35: 0.71626635 | H35: 83.842565 | I35: 0.71541742 | J35: 0.078765291 | K35: 0.035303451 | L35: 0 | M35: c | N35: 0 | O35: c
A36: Latvia | B36: 0.65828165 | C36: 0.14688892 | D36: 9.7888695 | E36: 0.49162254 | F36: 85.973652 | G36: 0.53812516 | H36: 2.4990885 | I36: 0.18336589 | J36: 0.029582021 | K36: 0.021038351 | L36: 0 | M36: c | N36: 1.0505263 | O36: 0.24566477
A37: Lithuania | B37: 0.052639667 | C37: 0.051705912 | D37: 2.4278561 | E37: 0.21406574 | F37: 90.241569 | G37: 0.45667923 | H37: 7.2779348 | I37: 0.36418403 | J37: 0 | K37: c | L37: 0 | M37: c | N37: 0 | O37: c
A38: Luxembourg | B38: 0.34379006 | C38: 0.075730883 | D38: 9.9504635 | E38: 0.13232283 | F38: 48.285531 | G38: 0.1390433 | H38: 40.344008 | I38: 0.12343744 | J38: 1.0762073 | K38: 0.072809015 | L38: 0 | M38: c | N38: 0 | O38: c
A39: Mexico | B39: 0.93501846 | C39: 0.15656542 | D39: 2.9262746 | E39: 0.41111478 | F39: 17.603211 | G39: 1.0766275 | H39: 77.849574 | I39: 1.0446638 | J39: 0.55810965 | K39: 0.11645564 | L39: 0.1278126 | M39: 0.090894484 | N39: 0 | O39: c
A40: Netherlands | B40: 0.085895792 | C40: 0.047453826 | D40: 2.5673364 | E40: 0.26519043 | F40: 36.808008 | G40: 0.78175932 | H40: 59.268994 | I40: 0.81474877 | J40: 1.2417463 | K40: 0.15904917 | L40: 0.028020293 | M40: 0.027871211 | N40: 0 | O40: c
A41: New Zealand | B41: 0 | C41: c | D41: 0 | E41: c | F41: 0.10991108 | G41: 0.045308154 | H41: 6.6342338 | I41: 0.45791258 | J41: 89.045527 | K41: 0.43297754 | L41: 4.2103283 | M41: 0.23852122 | N41: 0 | O41: c
A42: Norway | B42: 0 | C42: c | D42: 0 | E42: c | F42: 0.33106661 | G42: 0.081543766 | H42: 99.278735 | I42: 0.25008325 | J42: 0.39019859 | K42: 0.23777007 | L42: 0 | M42: c | N42: 0 | O42: c
A43: Poland | B43: 0.30755789 | C43: 0.11624896 | D43: 3.1445586 | E43: 0.32406276 | F43: 95.116704 | G43: 0.51661755 | H43: 1.4311791 | I43: 0.44592369 | J43: 0 | K43: c | L43: 0 | M43: c | N43: 0 | O43: c
A44: Portugal | B44: 2.3740771 | C44: 0.23015368 | D44: 7.2202176 | E44: 0.43360501 | F44: 17.198641 | G44: 0.92608796 | H44: 57.350209 | I44: 1.3048662 | J44: 0.19175479 | K44: 0.058742875 | L44: 0 | M44: c | N44: 15.6651 | O44: 1.4534411
A45: Slovak Republic | B45: 1.93304 | C45: 0.22888011 | D45: 4.3305534 | E45: 0.42421409 | F45: 40.754414 | G45: 1.1260007 | H45: 51.298631 | I45: 0.98737228 | J45: 1.6833619 | K45: 0.45221783 | L45: 0 | M45: c | N45: 0 | O45: c
A46: Slovenia | B46: 0.30305083 | C46: 0.04834656 | D46: 0.65431292 | E46: 0.15736079 | F46: 6.1864325 | G46: 0.38047897 | H46: 92.427042 | I46: 0.42215091 | J46: 0.429162 | K46: 0.11259015 | L46: 0 | M46: c | N46: 0 | O46: c
A47: Spain | B47: 0.041400665 | C47: 0.015446232 | D47: 5.8942329 | E47: 0.23778571 | F47: 24.097218 | G47: 0.42645103 | H47: 69.902316 | I47: 0.54284838 | J47: 0.064832196 | K47: 0.023334166 | L47: 0 | M47: c | N47: 0 | O47: c
A48: Sweden | B48: 0 | C48: c | D48: 2.102591 | E48: 0.2679196 | F48: 96.310718 | G48: 0.60918912 | H48: 1.5866912 | I48: 0.54888831 | J48: 0 | K48: c | L48: 0 | M48: c | N48: 0 | O48: c
A49: Switzerland | B49: 0.47725012 | C49: 0.13445933 | D49: 10.221356 | E49: 0.64333977 | F49: 60.775835 | G49: 1.3632536 | H49: 27.829737 | I49: 1.3638264 | J49: 0.68269723 | K49: 0.34317291 | L49: 0.013124774 | M49: 0.015412405 | N49: 0 | O49: c
A50: Turkey | B50: 0.069828104 | C50: 0.052768103 | D50: 0.44224466 | E50: 0.17390646 | F50: 17.697226 | G50: 1.0791948 | H50: 78.761078 | I50: 1.0554295 | J50: 2.945537 | K50: 0.26701937 | L50: 0.084086281 | M50: 0.034520687 | N50: 0 | O50: c
A51: United Kingdom | B51: 0 | C51: c | D51: 0 | E51: c | F51: 0.0012150685 | G51: 0.0012164463 | H51: 1.0115893 | I51: 0.60981671 | J51: 93.425256 | K51: 0.57299933 | L51: 5.5619392 | M51: 0.20182758 | N51: 0 | O51: c
A52: United States | B52: 0 | C52: c | D52: 0.11468412 | E52: 0.070021893 | F52: 7.4517661 | G52: 0.48567269 | H52: 73.647374 | I52: 0.75383963 | J52: 18.653314 | K52: 0.68867827 | L52: 0.13286214 | M52: 0.060724189 | N52: 0 | O52: c
A53: Partners
A54: Albania | B54: 0.20615871 | C54: 0.069579299 | D54: 1.2125339 | E54: 0.25751944 | F54: 36.592096 | G54: 1.3546437 | H54: 61.459352 | I54: 1.3611007 | J54: 0.51785589 | K54: 0.11017669 | L54: 0.012003262 | M54: 0.01199712 | N54: 0 | O54: c
A55: Argentina | B55: 2.1167532 | C55: 0.46223033 | D55: 9.8048487 | E55: 0.73386269 | F55: 22.071057 | G55: 0.83985937 | H55: 63.793001 | I55: 1.4222746 | J55: 1.838619 | K55: 0.96636984 | L55: 0.0016902779 | M55: 0.0016176653 | N55: 0.37403137 | O55: 0.38969332
A56: Baku (Azerbaijan) | B56: 0.23920688 | C56: 0.091673542 | D56: 2.8305175 | E56: 0.92273021 | F56: 34.72966 | G56: 0.7392391 | H56: 61.507029 | I56: 1.2141808 | J56: 0.69358698 | K56: 0.11230778 | L56: 0 | M56: c | N56: 0 | O56: c
A57: Belarus | B57: 0.076701985 | C57: 0.038562078 | D57: 0.92135746 | E57: 0.15528043 | F57: 42.81787 | G57: 0.86844719 | H57: 56.18407 | I57: 0.8577322 | J57: 0 | K57: c | L57: 0 | M57: c | N57: 0 | O57: c
A58: Bosnia and Herzegovina | B58: 0.024373547 | C58: 0.025095279 | D58: 0.22386181 | E58: 0.097880188 | F58: 16.221783 | G58: 1.0801548 | H58: 83.388823 | I58: 1.0897926 | J58: 0.14115921 | K58: 0.074170157 | L58: 0 | M58: c | N58: 0 | O58: c
A59: Brazil | B59: 4.0501531 | C59: 0.24792597 | D59: 8.0842831 | E59: 0.52518147 | F59: 13.526842 | G59: 0.63763556 | H59: 33.501331 | I59: 0.81471068 | J59: 39.316718 | K59: 0.79488709 | L59: 1.5206722 | M59: 0.14268248 | N59: 0 | O59: c
A60: Brunei Darussalam | B60: 0.029533842 | C60: 0.020881424 | D60: 0.46829274 | E60: 0.054731854 | F60: 6.4652465 | G60: 0.11445087 | H60: 59.742243 | I60: 0.14013574 | J60: 29.221629 | K60: 0.097677669 | L60: 4.0730547 | M60: 0.039756884 | N60: 0 | O60: c
A61: B-S-J-Z (China) | B61: 0.25339427 | C61: 0.076749181 | D61: 1.5318922 | E61: 0.19572421 | F61: 38.660095 | G61: 1.6515567 | H61: 58.238699 | I61: 1.5687531 | J61: 1.2695743 | K61: 0.19010095 | L61: 0.046345673 | M61: 0.023323514 | N61: 0 | O61: c
A62: Bulgaria | B62: 0.19981319 | C62: 0.080009963 | D62: 2.7469356 | E62: 0.38246284 | F62: 92.78706 | G62: 0.49929709 | H62: 4.248816 | I62: 0.26756182 | J62: 0.017375286 | K62: 0.017433217 | L62: 0 | M62: c | N62: 0 | O62: c
A63: Costa Rica | B63: 4.8321264 | C63: 0.54941264 | D63: 13.793959 | E63: 0.74563779 | F63: 36.481469 | G63: 1.0782161 | H63: 44.713296 | I63: 1.4687595 | J63: 0.17914978 | K63: 0.072523958 | L63: 0 | M63: c | N63: 0 | O63: c
A64: Croatia | B64: 0.046341172 | C64: 0.033840218 | D64: 0.30121762 | E64: 0.15162584 | F64: 78.85939 | G64: 0.42615986 | H64: 20.793051 | I64: 0.44076645 | J64: 0 | K64: c | L64: 0 | M64: c | N64: 0 | O64: c
A65: Cyprus | B65: 0 | C65: c | D65: 0.10116748 | E65: 0.099526541 | F65: 4.3536597 | G65: 0.39988616 | H65: 94.407424 | I65: 0.36309644 | J65: 1.137749 | K65: 0.051760051 | L65: 0 | M65: c | N65: 0 | O65: c
A66: Dominican Republic | B66: 6.3852717 | C66: 0.60391884 | D66: 12.451469 | E66: 0.76651076 | F66: 23.558853 | G66: 0.84609878 | H66: 43.802108 | I66: 1.2139235 | J66: 12.636746 | K66: 0.70130323 | L66: 1.1655529 | M66: 0.14118539 | N66: 0 | O66: c
A67: Georgia | B67: 0.086652671 | C67: 0.038668217 | D67: 0.45540219 | E67: 0.12818024 | F67: 14.255255 | G67: 0.55211527 | H67: 84.167451 | I67: 0.60010291 | J67: 1.0352396 | K67: 0.16653533 | L67: 0 | M67: c | N67: 0 | O67: c
A68: Hong Kong (China) | B68: 1.1968379 | C68: 0.21980773 | D68: 5.868529 | E68: 0.51856733 | F68: 26.133174 | G68: 0.90542345 | H68: 66.00438 | I68: 1.1192405 | J68: 0.79707977 | K68: 0.5227901 | L68: 0 | M68: c | N68: 0 | O68: c
A69: Indonesia | B69: 3.4294216 | C69: 1.0596512 | D69: 8.100519 | E69: 0.97359005 | F69: 33.664372 | G69: 1.9838902 | H69: 49.246298 | I69: 2.2249604 | J69: 4.2037102 | K69: 0.68911725 | L69: 1.3556792 | M69: 0.9405541 | N69: 0 | O69: c
A70: Jordan | B70: 0.21597197 | C70: 0.080398981 | D70: 1.5941987 | E70: 0.19606157 | F70: 11.207787 | G70: 0.58089128 | H70: 86.982042 | I70: 0.66812489 | J70: 0 | K70: c | L70: 0 | M70: c | N70: 0 | O70: c
A71: Kazakhstan | B71: 0.098652748 | C71: 0.027878999 | D71: 1.7168411 | E71: 0.11320162 | F71: 43.950204 | G71: 0.67868596 | H71: 53.374937 | I71: 0.7097512 | J71: 0.84358229 | K71: 0.083693297 | L71: 0.015783382 | M71: 0.0099125498 | N71: 0 | O71: c
A72: Kosovo | B72: 0 | C72: c | D72: 0.44759673 | E72: 0.10865391 | F72: 23.241975 | G72: 0.9364073 | H72: 74.552609 | I72: 0.93525901 | J72: 1.7496795 | K72: 0.15006286 | L72: 0.0081403128 | M72: 0.0081401981 | N72: 0 | O72: c
A73: Lebanon | B73: 5.2971326 | C73: 0.4529705 | D73: 8.4554944 | E73: 0.52677841 | F73: 16.253237 | G73: 0.86294017 | H73: 58.244224 | I73: 1.0408178 | J73: 11.661154 | K73: 0.456971 | L73: 0.088756879 | M73: 0.083278736 | N73: 0 | O73: c
A74: Macao (China) | B74: 1.88298 | C74: 0.10382422 | D74: 9.4257347 | E74: 0.17064365 | F74: 29.689689 | G74: 0.17111104 | H74: 57.938685 | I74: 0.16526033 | J74: 1.0365881 | K74: 0.11302081 | L74: 0.026322717 | M74: 0.026322732 | N74: 0 | O74: c
A75: Malaysia | B75: 0 | C75: c | D75: 0 | E75: c | F75: 5.5061941 | G75: 0.60376652 | H75: 94.218186 | I75: 0.59772781 | J75: 0.2756204 | K75: 0.082983968 | L75: 0 | M75: c | N75: 0 | O75: c
A76: Malta | B76: 0 | C76: c | D76: 0 | E76: c | F76: 0.11860855 | G76: 0.041262355 | H76: 5.4127465 | I76: 0.15273804 | J76: 94.360722 | K76: 0.14240436 | L76: 0.10792314 | M76: 0.039529484 | N76: 0 | O76: c
A77: Moldova | B77: 0.19704698 | C77: 0.056823993 | D77: 6.1618408 | E77: 0.45064548 | F77: 83.186327 | G77: 0.84721675 | H77: 10.441659 | I77: 0.80786758 | J77: 0.013125788 | K77: 0.013495749 | L77: 0 | M77: c | N77: 0 | O77: c
A78: Montenegro | B78: 0 | C78: c | D78: 0 | E78: c | F78: 3.3483889 | G78: 0.3467241 | H78: 93.783298 | I78: 0.34749063 | J78: 2.8683132 | K78: 0.068582561 | L78: 0 | M78: c | N78: 0 | O78: c
A79: Morocco | B79: 7.979144 | C79: 0.6855999 | D79: 13.884565 | E79: 1.1059827 | F79: 32.084352 | G79: 1.9095319 | H79: 38.359542 | I79: 2.7441525 | J79: 7.6923976 | K79: 0.77396657 | L79: 0 | M79: c | N79: 0 | O79: c
A80: North Macedonia | B80: 0 | C80: c | D80: 0.20121906 | E80: 0.052255736 | F80: 95.771044 | G80: 0.13747916 | H80: 4.0277368 | I80: 0.11866353 | J80: 0 | K80: c | L80: 0 | M80: c | N80: 0 | O80: c
A81: Panama | B81: 3.2473222 | C81: 0.49056754 | D81: 6.9099174 | E81: 0.63407462 | F81: 20.581119 | G81: 0.95536287 | H81: 65.394158 | I81: 1.4325294 | J81: 3.8359381 | K81: 0.4127499 | L81: 0.031545097 | M81: 0.022258211 | N81: 0 | O81: c
A82: Peru | B82: 1.8256151 | C82: 0.30685356 | D82: 5.731185 | E82: 0.36793066 | F82: 14.341269 | G82: 0.51814064 | H82: 54.549163 | I82: 0.73265547 | J82: 23.552768 | K82: 0.59157766 | L82: 0 | M82: c | N82: 0 | O82: c
A83: Philippines | B83: 4.5492198 | C83: 0.35182215 | D83: 12.823224 | E83: 0.55265908 | F83: 51.056198 | G83: 0.74368887 | H83: 30.88628 | I83: 0.71656087 | J83: 0.6406558 | K83: 0.33114944 | L83: 0.044422368 | M83: 0.044458965 | N83: 0 | O83: c
A84: Qatar | B84: 1.2755487 | C84: 0.05425014 | D84: 4.5114556 | E84: 0.083405947 | F84: 17.953135 | G84: 0.082557504 | H84: 63.356115 | I84: 0.1128372 | J84: 12.868782 | K84: 0.095990799 | L84: 0.03496409 | M84: 0.013790155 | N84: 0 | O84: c
A85: Romania | B85: 0.90348683 | C85: 0.32078336 | D85: 6.0352407 | E85: 0.93210246 | F85: 77.904779 | G85: 0.91773855 | H85: 15.139565 | I85: 0.48645993 | J85: 0.016928499 | K85: 0.016961809 | L85: 0 | M85: c | N85: 0 | O85: c
A86: Russia | B86: 0.35039767 | C86: 0.045733844 | D86: 7.7329764 | E86: 0.38017322 | F86: 81.061375 | G86: 0.88749401 | H86: 10.745587 | I86: 1.0703754 | J86: 0.10966396 | K86: 0.04633407 | L86: 0 | M86: c | N86: 0 | O86: c
A87: Saudi Arabia | B87: 1.1691796 | C87: 0.22109355 | D87: 3.60828 | E87: 0.58876048 | F87: 13.989379 | G87: 1.8418212 | H87: 77.462884 | I87: 2.3648856 | J87: 3.6437331 | K87: 0.31212973 | L87: 0.12654469 | M87: 0.038707198 | N87: 0 | O87: c
A88: Serbia | B88: 0.11565083 | C88: 0.081855621 | D88: 0.78786941 | E88: 0.18328771 | F88: 87.668738 | G88: 0.39618311 | H88: 11.427742 | I88: 0.37495007 | J88: 0 | K88: c | L88: 0 | M88: c | N88: 0 | O88: c
A89: Singapore | B89: 0.031538675 | C89: 0.02265856 | D89: 1.103079 | E89: 0.1451591 | F89: 7.6364501 | G89: 0.32209068 | H89: 90.810659 | I89: 0.48855151 | J89: 0.41827289 | K89: 0.18649682 | L89: 0 | M89: c | N89: 0 | O89: c
A90: Chinese Taipei | B90: 0 | C90: c | D90: 0.12615833 | E90: 0.037827439 | F90: 35.653542 | G90: 0.90285713 | H90: 64.185405 | I90: 0.90537565 | J90: 0.034895104 | K90: 0.029363307 | L90: 0 | M90: c | N90: 0 | O90: c
A91: Thailand | B91: 0.20610241 | C91: 0.063281798 | D91: 0.73834146 | E91: 0.15006289 | F91: 19.936797 | G91: 0.85109337 | H91: 76.630025 | I91: 0.86775715 | J91: 2.4887344 | K91: 0.33618346 | L91: 0 | M91: c | N91: 0 | O91: c
A92: Ukraine | B92: 0 | C92: c | D92: 0.38343803 | E92: 0.10262387 | F92: 29.849176 | G92: 1.3131755 | H92: 41.26662 | I92: 1.8474674 | J92: 0.49779074 | K92: 0.10276992 | L92: 0 | M92: c | N92: 28.002975 | O92: 2.4148166
A93: United Arab Emirates | B93: 0.34903397 | C93: 0.055902233 | D93: 1.4697538 | E93: 0.13810365 | F93: 9.5757946 | G93: 0.31013255 | H93: 56.78214 | I93: 0.62477765 | J93: 29.93995 | K93: 0.49958084 | L93: 1.8833278 | M93: 0.15826905 | N93: 0 | O93: c
A94: Uruguay | B94: 4.198391 | C94: 0.53387057 | D94: 11.239972 | E94: 0.48537488 | F94: 20.536117 | G94: 0.7498647 | H94: 63.403924 | I94: 1.0790856 | J94: 0.62159556 | K94: 0.099892822 | L94: 0 | M94: c | N94: 0 | O94: c
A95: Viet Nam | B95: 0.24693257 | C95: 0.10839101 | D95: 0.75071594 | E95: 0.32327205 | F95: 3.9647906 | G95: 1.1867757 | H95: 92.324416 | I95: 2.5229884 | J95: 0.016205001 | K95: 0.016302481 | L95: 0 | M95: c | N95: 2.6969398 | O95: 2.0402971
A104: Information on data for Cyprus: https://oe.cd/cyprus-disclaimer
A105: Note: The large number of students with missing grade-level information in Ukraine can be attributed to missing data from students in the first and second year of vocational colleges. Most of these 15-year-old students would have been in the first year of vocational college, which is equivalent to grade 10.

Sheet Table I.A2.9
A1: PISA 2018 Results (Volume I) - © OECD 2019
A2: Annex A2 | B2: Annex A2 The PISA target population, the PISA samples, and the definition of schools
A3: Version 4 - Last updated: 13-Oct-2020
A4: Disclaimer: http://oe.cd/disclaimer
A6: Table I.A2.9
A7: Percentage of students at each grade level, PISA 2018
B12: All students
B13: 7th grade | D13: 8th grade | F13: 9th grade | H13: 10th grade | J13: 11th grade | L13: 12th grade and above
B14: % | C14: S.E. | D14: % | E14: S.E. | F14: % | G14: S.E. | H14: % | I14: S.E. | J14: % | K14: S.E. | L14: % | M14: S.E.
A15: OECD
A16: Australia | B16: 0 | C16: c | D16: 0.087350266 | E16: 0.033663397 | F16: 11.491462 | G16: 0.36250726 | H16: 81.002697 | I16: 0.54268543 | J16: 7.3895484 | K16: 0.40437766 | L16: 0.028942407 | M16: 0.015990907
A17: Austria | B17: 0.43179546 | C17: 0.11389359 | D17: 6.8199103 | E17: 0.4334443 | F17: 44.526559 | G17: 0.73790128 | H17: 48.056344 | I17: 0.81610204 | J17: 0.16539097 | K17: 0.052447744 | L17: 0 | M17: c
A18: Belgium | B18: 0.3554295 | C18: 0.10791336 | D18: 6.2639364 | E18: 0.39138481 | F18: 27.278962 | G18: 0.68576088 | H18: 64.806984 | I18: 0.74653438 | J18: 1.2946879 | K18: 0.13932883 | L18: 0 | M18: c
A19: Canada | B19: 0.33703709 | C19: 0.088397267 | D19: 1.0476709 | E19: 0.17062457 | F19: 9.7424394 | G19: 0.3110233 | H19: 87.688202 | I19: 0.30396376 | J19: 1.1282997 | K19: 0.080947594 | L19: 0.056351352 | M19: 0.028114458
A20: Chile | B20: 0.96666087 | C20: 0.1982964 | D20: 4.3607198 | E20: 0.453877 | F20: 20.557346 | G20: 0.70918429 | H20: 68.527888 | I20: 0.92484296 | J20: 5.5873848 | K20: 0.33168119 | L20: 0 | M20: c
A21: Colombia | B21: 4.4392426 | C21: 0.41384962 | D21: 11.277525 | E21: 0.52640651 | F21: 22.821737 | G21: 0.64998351 | H21: 42.963735 | I21: 0.75284507 | J21: 18.49776 | K21: 0.71144404 | L21: 0 | M21: c
A22: Czech Republic | B22: 0.6201213 | C22: 0.17961522 | D22: 3.3469904 | E22: 0.4265869 | F22: 48.486902 | G22: 1.2127481 | H22: 47.545987 | I22: 1.2571427 | J22: 0 | K22: c | L22: 0 | M22: c
A23: Denmark | B23: 0.12000257 | C23: 0.041972636 | D23: 16.302405 | E23: 0.50800133 | F23: 81.738068 | G23: 0.54400418 | H23: 1.7443991 | I23: 0.26448956 | J23: 0 | K23: c | L23: 0.095125402 | M23: 0.097776204
A24: Estonia | B24: 0.41034963 | C24: 0.09830147 | D24: 21.842922 | E24: 0.57186498 | F24: 76.357839 | G24: 0.56385552 | H24: 1.3471281 | I24: 0.16723201 | J24: 0.041761959 | K24: 0.045237871 | L24: 0 | M24: c
A25: Finland | B25: 0.33734727 | C25: 0.095433338 | D25: 13.887889 | E25: 0.40304574 | F25: 85.558413 | G25: 0.45135213 | H25: 0.21635084 | I25: 0.11628163 | J25: 0 | K25: c | L25: 0 | M25: c
A26: France | B26: 0.016235689 | C26: 0.009567623 | D26: 0.51728393 | E26: 0.10617312 | F26: 16.91535 | G26: 0.5575355 | H26: 79.240849 | I26: 0.5874574 | J26: 3.206763 | K26: 0.16160798 | L26: 0.10351885 | M26: 0.034072486
A27: Germany | B27: 0.43145454 | C27: 0.10509514 | D27: 8.0898971 | E27: 0.44595116 | F27: 46.360338 | G27: 1.0214936 | H27: 43.990888 | I27: 1.125573 | J27: 1.0964885 | K27: 0.30919574 | L27: 0.03093391 | M27: 0.022137772
A28: Greece | B28: 0.080343475 | C28: 0.043188707 | D28: 0.70434462 | E28: 0.17976737 | F28: 3.6885865 | G28: 0.54893163 | H28: 95.526725 | I28: 0.59943095 | J28: 0 | K28: c | L28: 0 | M28: c
A29: Hungary | B29: 1.6726281 | C29: 0.25618579 | D29: 8.2893155 | E29: 0.52523536 | F29: 71.064459 | G29: 0.73795551 | H29: 18.937371 | I29: 0.64178301 | J29: 0.036225547 | K29: 0.026025583 | L29: 0 | M29: c
A30: Iceland | B30: 0 | C30: c | D30: 0 | E30: c | F30: 0 | G30: c | H30: 99.216408 | I30: 0.08240121 | J30: 0.78359153 | K30: 0.08240121 | L30: 0 | M30: c
A31: Ireland | B31: 0.016885759 | C31: 0.016275421 | D31: 2.0181134 | E31: 0.22460215 | F31: 61.568136 | G31: 0.67735112 | H31: 27.914427 | I31: 0.90704475 | J31: 8.4824375 | K31: 0.73040073 | L31: 0 | M31: c
A32: Israel | B32: 0.015167647 | C32: 0.014581302 | D32: 0.11434016 | E32: 0.052800349 | F32: 16.730808 | G32: 0.85525575 | H32: 82.408562 | I32: 0.86469987 | J32: 0.7009414 | K32: 0.21780254 | L32: 0.030181052 | M32: 0.03136623
A33: Italy | B33: 0 | C33: c | D33: 0.96303395 | E33: 0.17873953 | F33: 13.495185 | G33: 0.46521666 | H33: 77.849247 | I33: 0.5208668 | J33: 7.6925341 | K33: 0.32736694 | L33: 0 | M33: c
A34: Japan | B34: 0 | C34: c | D34: 0 | E34: c | F34: 0 | G34: c | H34: 100 | I34: c | J34: 0 | K34: c | L34: 0 | M34: c
A35: Korea | B35: 0 | C35: c | D35: 0 | E35: c | F35: 16.07867 | G35: 0.71626635 | H35: 83.842565 | I35: 0.71541742 | J35: 0.078765291 | K35: 0.035303451 | L35: 0 | M35: c
A36: Latvia | B36: 0.66527049 | C36: 0.14813597 | D36: 9.8927959 | E36: 0.49248684 | F36: 86.886417 | G36: 0.53079963 | H36: 2.5256208 | I36: 0.18608898 | J36: 0.029896088 | K36: 0.021261976 | L36: 0 | M36: c
A37: Lithuania | B37: 0.052639667 | C37: 0.051705912 | D37: 2.4278561 | E37: 0.21406574 | F37: 90.241569 | G37: 0.45667923 | H37: 7.2779348 | I37: 0.36418403 | J37: 0 | K37: c | L37: 0 | M37: c
A38: Luxembourg | B38: 0.34379006 | C38: 0.075730883 | D38: 9.9504635 | E38: 0.13232283 | F38: 48.285531 | G38: 0.1390433 | H38: 40.344008 | I38: 0.12343744 | J38: 1.0762073 | K38: 0.072809015 | L38: 0 | M38: c
A39: Mexico | B39: 0.93501846 | C39: 0.15656542 | D39: 2.9262746 | E39: 0.41111478 | F39: 17.603211 | G39: 1.0766275 | H39: 77.849574 | I39: 1.0446638 | J39: 0.55810965 | K39: 0.11645564 | L39: 0.1278126 | M39: 0.090894484
A40: Netherlands | B40: 0.085895792 | C40: 0.047453826 | D40: 2.5673364 | E40: 0.26519043 | F40: 36.808008 | G40: 0.78175932 | H40: 59.268994 | I40: 0.81474877 | J40: 1.2417463 | K40: 0.15904917 | L40: 0.028020293 | M40: 0.027871211
A41: New Zealand | B41: 0 | C41: c | D41: 0 | E41: c | F41: 0.10991108 | G41: 0.045308154 | H41: 6.6342338 | I41: 0.45791258 | J41: 89.045527 | K41: 0.43297754 | L41: 4.2103283 | M41: 0.23852122
A42: Norway | B42: 0 | C42: c | D42: 0 | E42: c | F42: 0.33106661 | G42: 0.081543766 | H42: 99.278735 | I42: 0.25008325 | J42: 0.39019859 | K42: 0.23777007 | L42: 0 | M42: c
A43: Poland | B43: 0.30755789 | C43: 0.11624896 | D43: 3.1445586 | E43: 0.32406276 | F43: 95.116704 | G43: 0.51661755 | H43: 1.4311791 | I43: 0.44592369 | J43: 0 | K43: c | L43: 0 | M43: c
A44: Portugal | B44: 2.8150589 | C44: 0.26539484 | D44: 8.5613638 | E44: 0.48343618 | F44: 20.393267 | G44: 0.95884525 | H44: 68.002938 | I44: 1.286102 | J44: 0.22737299 | K44: 0.069953394 | L44: 0 | M44: c
A45: Slovak Republic | B45: 1.93304 | C45: 0.22888011 | D45: 4.3305534 | E45: 0.42421409 | F45: 40.754414 | G45: 1.1260007 | H45: 51.298631 | I45: 0.98737228 | J45: 1.6833619 | K45: 0.45221783 | L45: 0 | M45: c
A46: Slovenia | B46: 0.30305083 | C46: 0.04834656 | D46: 0.65431292 | E46: 0.15736079 | F46: 6.1864325 | G46: 0.38047897 | H46: 92.427042 | I46: 0.42215091 | J46: 0.429162 | K46: 0.11259015 | L46: 0 | M46: c
A47: Spain | B47: 0.041400665 | C47: 0.015446232 | D47: 5.8942329 | E47: 0.23778571 | F47: 24.097218 | G47: 0.42645103 | H47: 69.902316 | I47: 0.54284838 | J47: 0.064832196 | K47: 0.023334166 | L47: 0 | M47: c
A48: Sweden | B48: 0 | C48: c | D48: 2.102591 | E48: 0.2679196 | F48: 96.310718 | G48: 0.60918912 | H48: 1.5866912 | I48: 0.54888831 | J48: 0 | K48: c | L48: 0 | M48: c
A49: Switzerland | B49: 0.47725012 | C49: 0.13445933 | D49: 10.221356 | E49: 0.64333977 | F49: 60.775835 | G49: 1.3632536 | H49: 27.829737 | I49: 1.3638264 | J49: 0.68269723 | K49: 0.34317291 | L49: 0.013124774 | M49: 0.015412405
A50: Turkey | B50: 0.069828104 | C50: 0.052768103 | D50: 0.44224466 | E50: 0.17390646 | F50: 17.697226 | G50: 1.0791948 | H50: 78.761078 | I50: 1.0554295 | J50: 2.945537 | K50: 0.26701937 | L50: 0.084086281 | M50: 0.034520687
A51: United Kingdom | B51: 0 | C51: c | D51: 0 | E51: c | F51: 0.0012150685 | G51: 0.0012164463 | H51: 1.0115893 | I51: 0.60981671 | J51: 93.425256 | K51: 0.57299933 | L51: 5.5619392 | M51: 0.20182758
A52: United States | B52: 0 | C52: c | D52: 0.11468412 | E52: 0.070021893 | F52: 7.4517661 | G52: 0.48567269 | H52: 73.647374 | I52: 0.75383963 | J52: 18.653314 | K52: 0.68867827 | L52: 0.13286214 | M52: 0.060724189
A53: Partners
A54: Albania | B54: 0.20615871 | C54: 0.069579299 | D54: 1.2125339 | E54: 0.25751944 | F54: 36.592096 | G54: 1.3546437 | H54: 61.459352 | I54: 1.3611007 | J54: 0.51785589 | K54: 0.11017669 | L54: 0.012003262 | M54: 0.01199712
A55: Argentina | B55: 2.1247002 | C55: 0.46428366 | D55: 9.8416596 | E55: 0.73489231 | F55: 22.153919 | G55: 0.83640529 | H55: 64.032502 | I55: 1.4132941 | J55: 1.8455218 | K55: 0.97023599 | L55: 0.0016966238 | M55: 0.0016238063
A56: Baku (Azerbaijan) | B56: 0.23920688 | C56: 0.091673542 | D56: 2.8305175 | E56: 0.92273021 | F56: 34.72966 | G56: 0.7392391 | H56: 61.507029 | I56: 1.2141808 | J56: 0.69358698 | K56: 0.11230778 | L56: 0 | M56: c
A57: Belarus | B57: 0.076701985 | C57: 0.038562078 | D57: 0.92135746 | E57: 0.15528043 | F57: 42.81787 | G57: 0.86844719 | H57: 56.18407 | I57: 0.8577322 | J57: 0 | K57: c | L57: 0 | M57: c
A58: Bosnia and Herzegovina | B58: 0.024373547 | C58: 0.025095279 | D58: 0.22386181 | E58: 0.097880188 | F58: 16.221783 | G58: 1.0801548 | H58: 83.388823 | I58: 1.0897926 | J58: 0.14115921 | K58: 0.074170157 | L58: 0 | M58: c
A59: Brazil | B59: 4.0501531 | C59: 0.24792597 | D59: 8.0842831 | E59: 0.52518147 | F59: 13.526842 | G59: 0.63763556 | H59: 33.501331 | I59: 0.81471068 | J59: 39.316718 | K59: 0.79488709 | L59: 1.5206722 | M59: 0.14268248
A60: Brunei Darussalam | B60: 0.029533842 | C60: 0.020881424 | D60: 0.46829274 | E60: 0.054731854 | F60: 6.4652465 | G60: 0.11445087 | H60: 59.742243 | I60: 0.14013574 | J60: 29.221629 | K60: 0.097677669 | L60: 4.0730547 | M60: 0.039756884
A61: B-S-J-Z (China) | B61: 0.25339427 | C61: 0.076749181 | D61: 1.5318922 | E61: 0.19572421 | F61: 38.660095 | G61: 1.6515567 | H61: 58.238699 | I61: 1.5687531 | J61: 1.2695743 | K61: 0.19010095 | L61: 0.046345673 | M61: 0.023323514
A62: Bulgaria | B62: 0.19981319 | C62: 0.080009963 | D62: 2.7469356 | E62: 0.38246284 | F62: 92.78706 | G62: 0.49929709 | H62: 4.248816 | I62: 0.26756182 | J62: 0.017375286 | K62: 0.017433217 | L62: 0 | M62: c
A63: Costa Rica | B63: 4.8321264 | C63: 0.54941264 | D63: 13.793959 | E63: 0.74563779 | F63: 36.481469 | G63: 1.0782161 | H63: 44.713296 | I63: 1.4687595 | J63: 0.17914978 | K63: 0.072523958 | L63: 0 | M63: c
A64: Croatia | B64: 0.046341172 | C64: 0.033840218 | D64: 0.30121762 | E64: 0.15162584 | F64: 78.85939 | G64: 0.42615986 | H64: 20.793051 | I64: 0.44076645 | J64: 0 | K64: c | L64: 0 | M64: c
A65: Cyprus | B65: 0 | C65: c | D65: 0.10116748 | E65: 0.099526541 | F65: 4.3536597 | G65: 0.39988616 | H65: 94.407424 | I65: 0.36309644 | J65: 1.137749 | K65: 0.051760051 | L65: 0 | M65: c
A66: Dominican Republic | B66: 6.3852717 | C66: 0.60391884 | D66: 12.451469 | E66: 0.76651076 | F66: 23.558853 | G66: 0.84609878 | H66: 43.802108 | I66: 1.2139235 | J66: 12.636746 | K66: 0.70130323 | L66: 1.1655529 | M66: 0.14118539
A67: Georgia | B67: 0.086652671 | C67: 0.038668217 | D67: 0.45540219 | E67: 0.12818024 | F67: 14.255255 | G67: 0.55211527 | H67: 84.167451 | I67: 0.60010291 | J67: 1.0352396 | K67: 0.16653533 | L67: 0 | M67: c
A68: Hong Kong (China) | B68: 1.1968379 | C68: 0.21980773 | D68: 5.868529 | E68: 0.51856733 | F68: 26.133174 | G68: 0.90542345 | H68: 66.00438 | I68: 1.1192405 | J68: 0.79707977 | K68: 0.5227901 | L68: 0 | M68: c
A69: Indonesia | B69: 3.4294216 | C69: 1.0596512 | D69: 8.100519 | E69: 0.97359005 | F69: 33.664372 | G69: 1.9838902 | H69: 49.246298 | I69: 2.2249604 | J69: 4.2037102 | K69: 0.68911725 | L69: 1.3556792 | M69: 0.9405541
A70: Jordan | B70: 0.21597197 | C70: 0.080398981 | D70: 1.5941987 | E70: 0.19606157 | F70: 11.207787 | G70: 0.58089128 | H70: 86.982042 | I70: 0.66812489 | J70: 0 | K70: c | L70: 0 | M70: c
A71: Kazakhstan | B71: 0.098652748 | C71: 0.027878999 | D71: 1.7168411 | E71: 0.11320162 | F71: 43.950204 | G71: 0.67868596 | H71: 53.374937 | I71: 0.7097512 | J71: 0.84358229 | K71: 0.083693297 | L71: 0.015783382 | M71: 0.0099125498
A72: Kosovo | B72: 0 | C72: c | D72: 0.44759673 | E72: 0.10865391 | F72: 23.241975 | G72: 0.9364073 | H72: 74.552609 | I72: 0.93525901 | J72: 1.7496795 | K72: 0.15006286 | L72: 0.0081403128 | M72: 0.0081401981
A73: Lebanon | B73: 5.2971326 | C73: 0.4529705 | D73: 8.4554944 | E73: 0.52677841 | F73: 16.253237 | G73: 0.86294017 | H73: 58.244224 | I73: 1.0408178 | J73: 11.661154 | K73: 0.456971 | L73: 0.088756879 | M73: 0.083278736
A74: Macao (China) | B74: 1.88298 | C74: 0.10382422 | D74: 9.4257347 | E74: 0.17064365 | F74: 29.689689 | G74: 0.17111104 | H74: 57.938685 | I74: 0.16526033 | J74: 1.0365881 | K74: 0.11302081 | L74: 0.026322717 | M74: 0.026322732
A75: Malaysia | B75: 0 | C75: c | D75: 0 | E75: c | F75: 5.5061941 | G75: 0.60376652 | H75: 94.218186 | I75: 0.59772781 | J75: 0.2756204 | K75: 0.082983968 | L75: 0 | M75: c
A76: Malta | B76: 0 | C76: c | D76: 0 | E76: c | F76: 0.11860855 | G76: 0.041262355 | H76: 5.4127465 | I76: 0.15273804 | J76: 94.360722 | K76: 0.14240436 | L76: 0.10792314 | M76: 0.039529484
A77: Moldova | B77: 0.19704698 | C77: 0.056823993 | D77: 6.1618408 | E77: 0.45064548 | F77: 83.186327 | G77: 0.84721675 | H77: 10.441659 | I77: 0.80786758 | J77: 0.013125788 | K77: 0.013495749 | L77: 0 | M77: c
A78: Montenegro | B78: 0 | C78: c | D78: 0 | E78: c | F78: 3.3483889 | G78: 0.3467241 | H78: 93.783298 | I78: 0.34749063 | J78: 2.8683132 | K78: 0.068582561 | L78: 0 | M78: c
A79: Morocco | B79: 7.979144 | C79: 0.6855999 | D79: 13.884565 | E79: 1.1059827 | F79: 32.084352 | G79: 1.9095319 | H79: 38.359542 | I79: 2.7441525 | J79: 7.6923976 | K79: 0.77396657 | L79: 0 | M79: c
A80: North Macedonia | B80: 0 | C80: c | D80: 0.20121906 | E80: 0.052255736 | F80: 95.771044 | G80: 0.13747916 | H80: 4.0277368 | I80: 0.11866353 | J80: 0 | K80: c | L80: 0 | M80: c
A81: Panama | B81: 3.2473222 | C81: 0.49056754 | D81: 6.9099174 | E81: 0.63407462 | F81: 20.581119 | G81: 0.95536287 | H81: 65.394158 | I81: 1.4325294 | J81: 3.8359381 | K81: 0.4127499 | L81: 0.031545097 | M81: 0.022258211
A82: Peru | B82: 1.8256151 | C82: 0.30685356 | D82: 5.731185 | E82: 0.36793066 | F82: 14.341269 | G82: 0.51814064 | H82: 54.549163 | I82: 0.73265547 | J82: 23.552768 | K82: 0.59157766 | L82: 0 | M82: c
A83: Philippines | B83: 4.5492198 | C83: 0.35182215 | D83: 12.823224 | E83: 0.55265908 | F83: 51.056198 | G83: 0.74368887 | H83: 30.88628 | I83: 0.71656087 | J83: 0.6406558 | K83: 0.33114944 | L83: 0.044422368 | M83: 0.044458965
A84: Qatar | B84: 1.2755487 | C84: 0.05425014 | D84: 4.5114556 | E84: 0.083405947 | F84: 17.953135 | G84: 0.082557504 | H84: 63.356115 | I84: 0.1128372 | J84: 12.868782 | K84: 0.095990799 | L84: 0.03496409 | M84: 0.013790155
A85: Romania | B85: 0.90348683 | C85: 0.32078336 | D85: 6.0352407 | E85: 0.93210246 | F85: 77.904779 | G85: 0.91773855 | H85: 15.139565 | I85: 0.48645993 | J85: 0.016928499 | K85: 0.016961809 | L85: 0 | M85: c
A86: Russia | B86: 0.35039767 | C86: 0.045733844 | D86: 7.7329764 | E86: 0.38017322 | F86: 81.061375 | G86: 0.88749401 | H86: 10.745587 | I86: 1.0703754 | J86: 0.10966396 | K86: 0.04633407 | L86: 0 | M86: c
A87: Saudi Arabia | B87: 1.1691796 | C87: 0.22109355 | D87: 3.60828 | E87: 0.58876048 | F87: 13.989379 | G87: 1.8418212 | H87: 77.462884 | I87: 2.3648856 | J87: 3.6437331 | K87: 0.31212973 | L87: 0.12654469 | M87: 0.038707198
A88: Serbia | B88: 0.11565083 | C88: 0.081855621 | D88: 0.78786941 | E88: 0.18328771 | F88: 87.668738 | G88: 0.39618311 | H88: 11.427742 | I88: 0.37495007 | J88: 0 | K88: c | L88: 0 | M88: c
A89: Singapore | B89: 0.031538675 | C89: 0.02265856 | D89: 1.103079 | E89: 0.1451591 | F89: 7.6364501 | G89: 0.32209068 | H89: 90.810659 | I89: 0.48855151 | J89: 0.41827289 | K89: 0.18649682 | L89: 0 | M89: c
A90: Chinese Taipei | B90: 0 | C90: c | D90: 0.12615833 | E90: 0.037827439 | F90: 35.653542 | G90: 0.90285713 | H90: 64.185405 | I90: 0.90537565 | J90: 0.034895104 | K90: 0.029363307 | L90: 0 | M90: c
A91: Thailand | B91: 0.20610241 | C91: 0.063281798 | D91: 0.73834146 | E91: 0.15006289 | F91: 19.936797 | G91: 0.85109337 | H91: 76.630025 | I91: 0.86775715 | J91: 2.4887344 | K91: 0.33618346 | L91: 0 | M91: c
A92: Ukraine | B92: 0 | C92: c | D92: 0.53257482 | E92: 0.14073131 | F92: 41.458902 | G92: 1.4100043 | H92: 57.317119 | I92: 1.4108961 | J92: 0.69140461 | K92: 0.14516024 | L92: 0 | M92: c
A93: United Arab Emirates | B93: 0.34903397 | C93: 0.055902233 | D93: 1.4697538 | E93: 0.13810365 | F93: 9.5757946 | G93: 0.31013255 | H93: 56.78214 | I93: 0.62477765 | J93: 29.93995 | K93: 0.49958084 | L93: 1.8833278 | M93: 0.15826905
A94: Uruguay | B94: 4.198391 | C94: 0.53387057 | D94: 11.239972 | E94: 0.48537488 | F94: 20.536117 | G94: 0.7498647 | H94: 63.403924 | I94: 1.0790856 | J94: 0.62159556 | K94: 0.099892822 | L94: 0 | M94: c
A95: Viet Nam | B95: 0.25377677 | C95: 0.11119767 | D95: 0.77152346 | E95: 0.33244081 | F95: 4.0746823 | G95: 1.2212376 | H95: 94.883363 | I95: 1.5695256 | J95: 0.016654153 | K95: 0.01676454 | L95: 0 | M95: c
A103: Information on data for Cyprus: https://oe.cd/cyprus-disclaimer
A104: Notes: The grade level was not recorded for a number of students in six countries (Argentina, Belgium, Latvia, Portugal, Ukraine and Viet Nam). This table presents the grade level distribution of students whose grade levels were recorded.
A105: The large number of students with missing grade-level information in Ukraine can be attributed to missing data from students in the first and second year of vocational colleges. Most of these 15-year-old students would have been in the first year of vocational college, which is equivalent to grade 10. If the 28.0% of the sample who were so affected were indeed in grade 10, then 0.4% of students in Ukraine would have been in grade 8; 29.8% in grade 9; 69.3% in grade 10; and 0.5% in grade 11.

Sheet Table I.A2.10
A1: PISA 2018 Results (Volume I) - © OECD 2019
A2: Annex A2 | B2: Annex A2 The PISA target population, the PISA samples, and the definition of schools
A3: Version 4 - Last updated: 13-Oct-2020
A4: Disclaimer: http://oe.cd/disclaimer
A6: Table I.A2.10
A7: Percentage of students, including those with missing information, at each grade level in adjudicated regions
B12: All students
B13: 7th grade | D13: 8th grade | F13: 9th grade | H13: 10th grade | J13: 11th grade | L13: 12th grade and above | N13: Information unavailable
B14: % | C14: S.E. | D14: % | E14: S.E. | F14: % | G14: S.E. | H14: % | I14: S.E. | J14: % | K14: S.E. | L14: % | M14: S.E. | N14: % | O14: SE
A15: OECD
A16: Belgium
A17: Flemish community* | B17: 0.31666732 | C17: 0.16526569 | D17: 3.7375112 | E17: 0.54627608 | F17: 22.602094 | G17: 0.95047081 | H17: 72.098796 | I17: 1.1146188 | J17: 1.2449313 | K17: 0.15526033 | L17: 0 | M17: c | N17: 0 | O17: c
A18: United Kingdom
A19: Excluding Scotland* | B19: m | C19: m | D19: m | E19: m | F19: m | G19: m | H19: m | I19: m | J19: m | K19: m | L19: m | M19: m | N19: m | O19: m
A20: Scotland* | B20: 0 | C20: c | D20: 0 | E20: c | F20: 0 | G20: c | H20: 0.24849191 | I20: 0.071993935 | J20: 49.585431 | K20: 0.98547949 | L20: 50.166077 | M20: 0.98146423 | N20: 0 | O20: c
A21: Partners
A22: Argentina
A23: Ciudad Autónoma de Buenos Aires* | B23: 0 | C23: c | D23: 2.3524912 | E23: 0.35936903 | F23: 19.237231 | G23: 1.6162506 | H23: 77.967664 | I23: 1.7141155 | J23: 0.44261341 | K23: 0.15446594 | L23: 0 | M23: c | N23: 0 | O23: c
A24: Córdoba* | B24: 0.87839181 | C24: 0.23242979 | D24: 6.4796532 | E24: 0.72703451 | F24: 17.994696 | G24: 1.1120809 | H24: 73.940776 | I24: 1.5832303 | J24: 0.70648303 | K24: 0.51669282 | L24: 0 | M24: c | N24: 0 | O24: c
A25: Provincia de Buenos Aires* | B25: 1.7465081 | C25: 0.35798573 | D25: 9.2248369 | E25: 1.3305715 | F25: 20.935476 | G25: 1.6049967 | H25: 64.639739 | I25: 2.7327906 | J25: 3.4534402 | K25: 2.5580434 | L25: 0 | M25: c | N25: 0 | O25: c
A26: Tucumán* | B26: 0.88414613 | C26: 0.20682235 | D26: 7.7661772 | E26: 0.66283157 | F26: 20.750683 | G26: 1.2070839 | H26: 66.902016 | I26: 2.1089189 | J26: 3.5161326 | K26: 1.6373101 | L26: 0.044672569 | M26: 0.042779727 | N26: 0.13617212 | O26: 0.13741652
A27: Russia
A28: Moscow City* | B28: 0.23546983 | C28: 0.067004192 | D28: 7.2948845 | E28: 0.3175412 | F28: 82.63468 | G28: 0.36773319 | H28: 9.7292424 | I28: 0.37434535 | J28: 0.10572293 | K28: 0.042087114 | L28: 0 | M28: c | N28: 0 | O28: c
A29: Moscow region* | B29: 0.14269057 | C29: 0.10359758 | D29: 6.1992304 | E29: 0.61465479 | F29: 85.262929 | G29: 1.007078 | H29: 8.3205159 | I29: 0.88789866 | J29: 0.074634022 | K29: 0.063269289 | L29: 0 | M29: c | N29: 0 | O29: c
A30: Tatarstan* | B30: 0.075939681 | C30: 0.040246755 | D30: 9.5757888 | E30: 0.50127268 | F30: 85.80918 | G30: 0.65703227 | H30: 4.5390915 | I30: 0.58386059 | J30: 0 | K30: c | L30: 0 | M30: c | N30: 0 | O30: c
A35: *PISA adjudicated region

Sheet Table I.A2.11
A1: PISA 2018 Results (Volume I) - © OECD 2019
A2: Annex A2 | B2: Annex A2 The PISA target population, the PISA samples, and the definition of schools
A3: Version 4 - Last updated: 13-Oct-2020
A4: Disclaimer: http://oe.cd/disclaimer
A6: Table I.A2.11
A7: Percentage of students at each grade level in adjudicated regions
B12: All students
B13: 7th grade | D13: 8th grade | F13: 9th grade | H13: 10th grade | J13: 11th grade | L13: 12th grade and above
B14: % | C14: S.E. | D14: % | E14: S.E. | F14: % | G14: S.E. | H14: % | I14: S.E. | J14: % | K14: S.E. | L14: % | M14: S.E.
A15: OECD
A16: Belgium
A17: Flemish community* | B17: 0.31666732 | C17: 0.16526569 | D17: 3.7375112 | E17: 0.54627608 | F17: 22.602094 | G17: 0.95047081 | H17: 72.098796 | I17: 1.1146188 | J17: 1.2449313 | K17: 0.15526033 | L17: 0 | M17: c
A18: United Kingdom
A19: Excluding Scotland* | B19: m | C19: m | D19: m | E19: m | F19: m | G19: m | H19: m | I19: m | J19: m | K19: m | L19: m | M19: m
A20: Scotland* | B20: 0 | C20: c | D20: 0 | E20: c | F20: 0 | G20: c | H20: 0.24849191 | I20: 0.071993935 | J20: 49.585431 | K20: 0.98547949 | L20: 50.166077 | M20: 0.98146423
A21: Partners
A22: Argentina
A23: Ciudad Autónoma de Buenos Aires* | B23: 0 | C23: c | D23: 2.3524912 | E23: 0.35936903 | F23: 19.237231 | G23: 1.6162506 | H23: 77.967664 | I23: 1.7141155 | J23: 0.44261341 | K23: 0.15446594 | L23: 0 | M23: c
A24: Córdoba* | B24: 0.87839181 | C24: 0.23242979 | D24: 6.4796532 | E24: 0.72703451 | F24: 17.994696 | G24: 1.1120809 | H24: 73.940776 | I24: 1.5832303 | J24: 0.70648303 | K24: 0.51669282 | L24: 0 | M24: c
A25: Provincia de Buenos Aires* | B25: 1.7465081 | C25: 0.35798573 | D25: 9.2248369 | E25: 1.3305715 | F25: 20.935476 | G25: 1.6049967 | H25: 64.639739 | I25: 2.7327906 | J25: 3.4534402 | K25: 2.5580434 | L25: 0 | M25: c
A26: Tucumán* | B26: 0.88535174 | C26: 0.2071345 | D26: 7.776767 | E26: 0.66248735 | F26: 20.778978 | G26: 1.1975499 | H26: 66.993242 | I26: 2.130736 | J26: 3.5209271 | K26: 1.6397295 | L26: 0.044733484 | M26: 0.042839256
A27: Russia
A28: Moscow City* | B28: 0.23546983 | C28: 0.067004192 | D28: 7.2948845 | E28: 0.3175412 | F28: 82.63468 | G28: 0.36773319 | H28: 9.7292424 | I28: 0.37434535 | J28: 0.10572293 | K28: 0.042087114 | L28: 0 | M28: c
A29: Moscow region* | B29: 0.14269057 | C29: 0.10359758 | D29: 6.1992304 | E29: 0.61465479 | F29: 85.262929 | G29: 1.007078 | H29: 8.3205159 | I29: 0.88789866 | J29: 0.074634022 | K29: 0.063269289 | L29: 0 | M29: c
A30: Tatarstan* | B30: 0.075939681 | C30: 0.040246755 | D30: 9.5757888 | E30: 0.50127268 | F30: 85.80918 | G30: 0.65703227 | H30: 4.5390915 | I30: 0.58386059 | J30: 0 | K30: c | L30: 0 | M30: c
A35: *PISA adjudicated region

Sheet Table I.A2.12
A1: PISA 2018 Results (Volume I) - © OECD 2019
A2: Annex A2 | B2: Annex A2 The PISA target population, the PISA samples, and the definition of schools
A3: Version 4 - Last updated: 13-Oct-2020
A4: Disclaimer: http://oe.cd/disclaimer
A6: Table I.A2.12
A7: Percentage of students, including those with missing information, at each grade level, by gender
B12: Boys | P12: Girls
B13: 7th grade | D13: 8th grade | F13: 9th grade | H13: 10th grade | J13: 11th grade | L13: 12th grade and above | N13: Information unavailable | P13: 7th grade | R13: 8th grade | T13: 9th grade | V13: 10th grade | X13: 11th grade | Z13: 12th grade and above | AB13: Information unavailable
B14: % | C14: S.E. | D14: % | E14: S.E. | F14: % | G14: S.E. | H14: % | I14: S.E. | J14: % | K14: S.E. | L14: % | M14: S.E. | N14: % | O14: S.E. | P14: % | Q14: S.E. | R14: % | S14: S.E. | T14: % | U14: S.E. | V14: % | W14: S.E. | X14: % | Y14: S.E. | Z14: % | AA14: S.E. | AB14: % | AC14: S.E.
A15: OECD
A16: Australia | B16: 0 | C16: c | D16: 0.11374522 | E16: 0.042462151 | F16: 13.922102 | G16: 0.46323381 | H16: 79.296845 | I16: 0.57339349 | J16: 6.6212192 | K16: 0.36971725 | L16: 0.046088703 | M16: 0.029514401 | N16: 0 | O16: c | P16: 0 | Q16: c | R16: 0.060068231 | S16: 0.038240091 | T16: 8.9791344 | U16: 0.40754086 | V16: 82.765878 | W16: 0.65552143 | X16: 8.1836994 | Y16: 0.52718481 | Z16: 0.011219862 | AA16: 0.011287168 | AB16: 0 | AC16: c
A17: Austria | B17: 0.58645825 | C17: 0.15059755 | D17: 7.6785377 | E17: 0.70727991 | F17: 45.555632 | G17: 1.1357498 | H17: 46.015615 | I17: 1.1614085 | J17: 0.16375734 | K17: 0.07343968 | L17: 0 | M17: c | N17: 0 | O17: c | P17: 0.27240015 | Q17: 0.10957114 | R17: 5.9350097 | S17: 0.60123546 | T17: 43.465999 | U17: 1.217574 | V17: 50.159517 | W17: 1.3465174 | X17: 0.16707458 | Y17: 0.075179975 | Z17: 0 | AA17: c | AB17: 0 | AC17: c
A18: Belgium | B18: 0.41783284 | C18: 0.17799475 | D18: 6.5595988 | E18: 0.58264845 | F18: 28.919225 | G18: 0.88922868 | H18: 60.20797 | I18: 0.88087886 | J18: 1.1561081 | K18: 0.17281762 | L18: 0 | M18: c | N18: 2.7392654 | O18: 0.2524211 | P18: 0.27730114 | Q18: 0.083012585 | R18: 5.6861261 | S18: 0.38124836 | T18: 24.412167 | U18: 0.76454333 | V18: 66.439104 | W18: 0.94898157 | X18: 1.3737048 | Y18: 0.17740851 | Z18: 0 | AA18: c | AB18: 1.8115964 | AC18: 0.53218422
A19: Canada | B19: 0.4706304 | C19: 0.13283923 | D19: 1.1546031 | E19: 0.21111151 | F19: 10.34827 | G19: 0.36611215 | H19: 86.909927 | I19: 0.38706177 | J19: 1.062369 | K19: 0.11633363 | L19: 0.054199958 | M19: 0.028006171 | N19: 0 | O19: c | P19: 0.20137236 | Q19: 0.054095555 | R19: 0.93911019 | S19: 0.15808502 | T19: 9.1275272 | U19: 0.36087569 | V19: 88.47815 | W19: 0.35398809 | X19: 1.1953018 | Y19: 0.11424427 | Z19: 0.058538454 | AA19: 0.031219581 | AB19: 0 | AC19: c
A20: Chile | B20: 1.4220683 | C20: 0.33276438 | D20: 5.9554556 | E20: 0.70134997 | F20: 24.17842 | G20: 0.95200441 | H20: 63.457708 | I20: 1.2200385 | J20: 4.9863473 | K20: 0.35813018 | L20: 0 | M20: c | N20: 0 | O20: c | P20: 0.49956768 | Q20: 0.20462711 | R20: 2.7250631 | S20: 0.48371937 | T20: 16.843355 | U20: 0.73209638 | V20: 73.728169 | W20: 1.0929399 | X20: 6.2038449 | Y20: 0.47814479 | Z20: 0 | AA20: c | AB20: 0 | AC20: c
A21: Colombia | B21: 5.695332 | C21: 0.58529063 | D21: 13.988286 | E21: 0.78773323 | F21: 23.804628 | G21: 0.81425196 | H21: 40.347178 | I21: 0.92306001 | J21: 16.164576 | K21: 0.76262463 | L21: 0 | M21: c | N21: 0 | O21: c | P21: 3.2320973 | Q21: 0.44267808 | R21: 8.6723909 | S21: 0.55234441 | T21: 21.877146 | U21: 0.81199347 | V21: 45.478336 | W21: 0.93098545 | X21: 20.74003 | Y21: 0.87874519 | Z21: 0 | AA21: c | AB21: 0 | AC21: c
A22: Czech Republic | B22: 0.62763381 | C22: 0.17763571 | D22: 4.1298088 | E22: 0.61484679 | F22: 52.58349 | G22: 1.4993078 | H22: 42.659067 | I22: 1.554093 | J22: 0 | K22: c | L22: 0 | M22: c | N22: 0 | O22: c | P22: 0.61227151 | Q22: 0.23678164 | R22: 2.5290274 | S22: 0.42547064 | T22: 44.206396 | U22: 1.7011367 | V22: 52.652305 | W22: 1.795227 | X22: 0 | Y22: c | Z22: 0 | AA22: c | AB22: 0 | AC22: c
A23: Denmark | B23: 0.19307566 | C23: 0.082697018 | D23: 22.033406 | E23: 0.76900831 | F23: 76.693093 | G23: 0.84116242 | H23: 1.0804254 | I23: 0.27815229 | J23: 0 | K23: c | L23: 0 | M23: c | N23: 0 | O23: c | P23: 0.046797352 | Q23: 0.017469023 | R23: 10.561042 | S23: 0.49767261 | T23: 86.792164 | U23: 0.60634604 | V23: 2.4095733 | W23: 0.42759149 | X23: 0 | Y23: c | Z23: 0.19042281 | AA23: 0.19578541 | AB23: 0 | AC23: c
A24: Estonia | B24: 0.56103985 | C24: 0.16017333 | D24: 25.030717 | E24: 0.86496987 | F24: 73.254766 | G24: 0.90065448 | H24: 1.1534767 | I24: 0.20658753 | J24: 0 | K24: c | L24: 0 | M24: c | N24: 0 | O24: c | P24: 0.25951246 | Q24: 0.12002997 | R24: 18.652017 | S24: 0.62348198 | T24: 79.463937 | U24: 0.66053179 | V24: 1.5409684 | W24: 0.2434002 | X24: 0.083564644 | Y24: 0.090348016 | Z24: 0 | AA24: c | AB24: 0 | AC24: c
A25: Finland | B25: 0.42891882 | C25: 0.12114698 | D25: 15.832303 | E25: 0.55075737 | F25: 83.705026 | G25: 0.555577 | H25: 0.033753127 | I25: 0.033530081 | J25: 0 | K25: c | L25: 0 | M25: c | N25: 0 | O25: c | P25: 0.24223959 | Q25: 0.11491276 | R25: 11.86839 | S25: 0.49049169 | T25: 87.48337 | U25: 0.58095371 | V25: 0.40599975 | W25: 0.23427503 | X25: 0 | Y25: c | Z25: 0 | AA25: c | AB25: 0 | AC25: c
A26: France | B26: 0.019529136 | C26: 0.014889164 | D26: 0.70443909 | E26: 0.15479808 | F26: 19.801749 | G26: 0.86473302 | H26: 76.048451 | I26: 0.86199434 | J26: 3.2551062 | K26: 0.23019159 | L26: 0.17072578 | M26: 0.060060566 | N26: 0 | O26: c | P26: 0.012852282 | Q26: 0.011970483 | R26: 0.32501661 | S26: 0.11618172 | T26: 13.950109 | U26: 0.6251504 | V26: 82.520447 | W26: 0.66178103 | X26: 3.1570994 | Y26: 0.21848186 | Z26: 0.034476146 | AA26: 0.033158977 | AB26: 0 | AC26: c
A27: Germany | B27: 0.44679873 | C27: 0.121474 | D27: 9.4510455 | E27: 0.61687023 | F27: 48.34476 | G27: 1.3145072 | H27: 40.595943 | I27: 1.2311307 | J27: 1.1039295 | K27: 0.31550643 | L27: 0.057523407 | M27: 0.041183777 | N27: 0 | O27: c | P27: 0.41360328 | Q27: 0.16187897 | R27: 6.506353 | S27: 0.47310822 | T27: 44.051684 | U27: 1.0373282 | V27: 47.940528 | W27: 1.2490793 | X27: 1.0878317 | Y27: 0.41211048 | Z27: 0 | AA27: c | AB27: 0 | AC27: c
A28: Greece | B28: 0.12839956 | C28: 0.10014009 | D28: 1.0936573 | E28: 0.28697889 | F28: 4.7125667 | G28: 0.66131499 | H28: 94.065376 | I28: 0.75068984 | J28: 0 | K28: c | L28: 0 | M28: c | N28: 0 | O28: c | P28: 0.030901579 | Q28: 0.030983098 | R28: 0.30380516 | S28: 0.18843082 | T28: 2.6350775 | U28: 0.67882772 | V28: 97.030216 | W28: 0.72347598 | X28: 0 | Y28: c | Z28: 0 | AA28: c | AB28: 0 | AC28: c
A29: Hungary | B29: 1.7325718 | C29: 0.43170337 | D29: 10.046287 | E29: 0.80125521 | F29: 72.851778 | G29: 0.92241512 | H29: 15.296231 | I29: 0.66536967 | J29: 0.073132012 | K29: 0.052119095 | L29: 0 | M29: c | N29: 0 | O29: c | P29: 1.6137904 | Q29: 0.43553457 | R29: 6.5647595 | S29: 0.66667492 | T29: 69.310117 | U29: 1.1261968 | V29: 22.511333 | W29: 0.93557085 | X29: 0 | Y29: c | Z29: 0 | AA29: c | AB29: 0 | AC29: c
A30: Iceland | B30: 0 | C30: c | D30: 0 | E30: c | F30: 0 | G30: c | H30: 99.513657 | I30: 0.11135433 | J30: 0.48634262 | K30: 0.11135433 | L30: 0 | M30: c | N30: 0 | O30: c | P30: 0 | Q30: c | R30: 0 | S30: c | T30: 0 | U30: c | V30: 98.923027 | W30: 0.13401967 | X30: 1.076973 | Y30: 0.13401967 | Z30: 0 | AA30: c | AB30: 0 | AC30: c
A31: Ireland | B31: 0.033965429 | C31: 0.032727875 | D31: 2.514835 | E31: 0.35268294 | F31: 63.748813 | G31: 0.89205725 | H31: 24.672105 | I31: 1.0317891 | J31: 9.0302813 | K31: 0.95004618 | L31: 0 | M31: c | N31: 0 | O31: c | P31: 0 | Q31: c | R31: 1.5270312 | S31: 0.2593309 | T31: 59.412217 | U31: 0.82953274 | V31: 31.119938 | W31: 1.0628111 | X31: 7.9408135 | Y31: 0.75548023 | Z31: 0 | AA31: c | AB31: 0 | AC31: c
A32: Israel | B32: 0 | C32: c | D32: 0.18054804 | E32: 0.096062052 | F32: 18.92106 | G32: 1.0453338 | H32: 80.040224 | I32: 1.0866477 | J32: 0.79441411 | K32: 0.42133274 | L32: 0.063754153 | M32: 0.066329478 | N32: 0 | O32: c | P32: 0.028802835 | Q32: 0.027683224 | R32: 0.054821563 | S32: 0.049154187 | T32: 14.761847 | U32: 0.92851263 | V32: 84.537616 | W32: 0.9352938 | X32: 0.61691268 | Y32: 0.15322726 | Z32: 0 | AA32: c | AB32: 0 | AC32: c
A33: Italy | B33: 0 | C33: c | D33: 1.1632147 | E33: 0.25002532 | F33: 16.241181 | G33: 0.73233493 | H33: 75.383051 | I33: 0.82241154 | J33: 7.2125532 | K33: 0.45123275 | L33: 0 | M33: c | N33: 0 | O33: c | P33: 0 | Q33: c | R33: 0.7484321 | S33: 0.17910127 | T33: 10.551366 | U33: 0.59981205 | V33: 80.493108 | W33: 0.69915983 | X33: 8.207093 | Y33: 0.45520547 | Z33: 0 | AA33: c | AB33: 0 | AC33: c
A34: Japan | B34: 0 | C34: c | D34: 0 | E34: c | F34: 0 | G34: c | H34: 100 | I34: c | J34: 0 | K34: c | L34: 0 | M34: c | N34: 0 | O34: c | P34: 0 | Q34: c | R34: 0 | S34: c | T34: 0 | U34: c | V34: 100 | W34: c | X34: 0 | Y34: c | Z34: 0 | AA34: c | AB34: 0 | AC34: c
A35: Korea | B35: 0 | C35: c | D35: 0 | E35: c | F35: 16.786078 | G35: 1.3572892 | H35: 83.160036 | I35: 1.3567776 | J35: 0.053886804 | K35: 0.038596624 | L35: 0 | M35: c | N35: 0 | O35: c | P35: 0 | Q35: c | R35: 0 | S35: c | T35: 15.29922 | U35: 1.160664 | V35: 84.594602 | W35: 1.1612077 | X35: 0.10617738 | Y35: 0.061310587 | Z35: 0 | AA35: c | AB35: 0 | AC35: c
A36: Latvia | B36: 1.0516191 | C36: 0.25444257 | D36: 12.068506 | E36: 0.68839536 | F36: 84.272109 | G36: 0.74724189 | H36: 1.8482625 | I36: 0.22107582 | J36: 0 | K36: c | L36: 0 | M36: c | N36: 0.75950407 | O36: 0.292977 | P36: 0.2769726 | Q36: 0.10146538 | R36: 7.5789456 | S36: 0.58264572 | T36: 87.623162 | U36: 0.64840532 | V36: 3.1300119 | W36: 0.29437843 | X36: 0.058259413 | Y36: 0.041408944 | Z36: 0 | AA36: c | AB36: 1.3326489 | AC36: 0.30334741
A37: Lithuania | B37: 0.1030234 | C37: 0.10115779 | D37: 3.5337016 | E37: 0.36486828 | F37: 90.903143 | G37: 0.57783578 | H37: 5.4601315 | I37: 0.40031631 | J37: 0 | K37: c | L37: 0 | M37: c | N37: 0 | O37: c | P37: 0 | Q37: c | R37: 1.2724962 | S37: 0.21126508 | T37: 89.550373 | U37: 0.54326163 | V37: 9.1771305 | W37: 0.47160963 | X37: 0 | Y37: c | Z37: 0 | AA37: c | AB37: 0 | AC37: c
A38: Luxembourg | B38: 0.34063252 | C38: 0.11338623 | D38: 10.524678 | E38: 0.22000134 | F38: 51.034935 | G38: 0.26183899 | H38: 37.189055 | I38: 0.21913108 | J38: 0.91069965 | K38: 0.11310115 | L38: 0 | M38: c | N38: 0 | O38: c | P38: 0.34703655 | Q38: 0.099852476 | R38: 9.3600714 | S38: 0.21485814 | T38: 45.458666 | U38: 0.20417867 | V38: 43.587848 | W38: 0.25219124 | X38: 1.246378 | Y38: 0.11374182 | Z38: 0 | AA38: c | AB38: 0 | AC38: c
A39: Mexico | B39: 1.2827712 | C39: 0.24914722 | D39: 4.107148 | E39: 0.64670451 | F39: 18.506636 | G39: 1.0684771 | H39: 75.701015 | I39: 1.1095168 | J39: 0.31205431 | K39: 0.092997051 | L39: 0.090375927 | M39: 0.080819555 | N39: 0 | O39: c | P39: 0.6145847 | Q39: 0.19058862 | R39: 1.8381688 | S39: 0.42047161 | T39: 16.770758 | U39: 1.380944 | V39: 79.829345 | W39: 1.3715856 | X39: 0.78483524 | Y39: 0.19349591 | Z39: 0.1623083 | AA39: 0.10227858 | AB39: 0 | AC39: c
A40: Netherlands | B40: 0.17135181 | C40: 0.094591341 | D40: 2.9679677 | E40: 0.42541956 | F40: 40.163927 | G40: 0.87192304 | H40: 55.721424 | I40: 0.99463294 | J40: 0.97532914 | K40: 0.19292998 | L40: 0 | M40: c | N40: 0 | O40: c | P40: 0 | Q40: c | R40: 2.1646435 | S40: 0.29740964 | T40: 33.434818 | U40: 0.96086189 | V40: 62.834819 | W40: 0.96634304 | X40: 1.5095344 | Y40: 0.21061033 | Z40: 0.056184784 | AA40: 0.055875303 | AB40: 0 | AC40: c
A41: New Zealand | B41: 0 | C41: c | D41: 0 | E41: c | F41: 0.10947595 | G41: 0.06583281 | H41: 7.7086182 | I41: 0.58035344 | J41: 88.244207 | K41: 0.61762883 | L41: 3.9376985 | M41: 0.30269498 | N41: 0 | O41: c | P41: 0 | Q41: c | R41: 0 | S41: c | T41: 0.1103531 | U41: 0.063881944 | V41: 5.5427969 | W41: 0.42823652 | X41: 89.859565 | Y41: 0.45335862 | Z41: 4.4872852 | AA41: 0.35882975 | AB41: 0 | AC41: c
A42: Norway | B42: 0 | C42: c | D42: 0 | E42: c | F42: 0.36184647 | G42: 0.11672029 | H42: 99.413356 | I42: 0.25261146 | J42: 0.22479769 | K42: 0.22457759 | L42: 0 | M42: c | N42: 0 | O42: c | P42: 0 | Q42: c | R42: 0 | S42: c | T42: 0.29960837 | U42: 0.11070767 | V42: 99.141147 | W42: 0.3295758 | X42: 0.55924489 | Y42: 0.31394039 | Z42: 0 | AA42: c | AB42: 0 | AC42: c
A43: Poland | B43: 0.61545207 | C43: 0.23170705 | D43: 4.4942651 | E43: 0.48568192 | F43: 93.935766 | G43: 0.65542 | H43: 0.95451689 | I43: 0.52581772 | J43: 0 | K43: c | L43: 0 | M43: c | N43: 0 | O43: c | P43: 0 | Q43: c | R43: 1.7963263 | S43: 0.2724054 | T43: 96.296353 | U43: 0.76816239 | V43: 1.9073207 | W43: 0.7216944 | X43: 0 | Y43: c | Z43: 0 | AA43: c | AB43: 0 | AC43: c
A44: Portugal | B44: 3.0439006 | C44: 0.34792296 | D44: 8.9507968 | E44: 0.60687746 | F44: 18.70813 | G44: 1.2100164 | H44: 50.679069 | I44: 1.4846115 | J44: 0.15791708 | K44: 0.069031796 | L44: 0 | M44: c | N44: 18.460187 | O44: 1.7944353 | P44: 1.6846142 | Q44: 0.28577166 | R44: 5.4388976 | S44: 0.51089092 | T44: 15.644894 | U44: 0.88306186 | V44: 64.216949 | W44: 1.566345 | X44: 0.22658463 | Y44: 0.092174742 | Z44: 0 | AA44: c | AB44: 12.788061 | AC44: 1.7110756
A45: Slovak Republic | B45: 1.9462687 | C45: 0.2921964 | D45: 4.73807 | E45: 0.44948911 | F45: 46.634256 | G45: 1.8423803 | H45: 45.2284 | I45: 1.8605549 | J45: 1.4530056 | K45: 0.52744243 | L45: 0 | M45: c | N45: 0 | O45: c | P45: 1.9199918 | Q45: 0.28579756 | R45: 3.9285977 | S45: 0.59882448 | T45: 34.954806 | U45: 1.5873902 | V45: 57.286029 | W45: 1.6191298 | X45: 1.9105748 | Y45: 0.4840835 | Z45: 0 | AA45: c | AB45: 0 | AC45: c
A46: Slovenia | B46: 0.23206344 | C46: 0.22862404 | D46: 0.80537831 | E46: 0.32993597 | F46: 8.2279005 | G46: 0.72807129 | H46: 90.453116 | I46: 0.78061614 | J46: 0.28154157 | K46: 0.11791744 | L46: 0 | M46: c | N46: 0 | O46: c | P46: 0.3775536 | Q46: 0.30715161 | R46: 0.49576659 | S46: 0.19750277 | T46: 4.0438685 | U46: 0.57543315 | V46: 94.498719 | W46: 0.6389773 | X46: 0.58409277 | Y46: 0.19383221 | Z46: 0 | AA46: c | AB46: 0 | AC46: c
A47: Spain | B47: 0.058277583 | C47: 0.028104782 | D47: 7.2468071 | E47: 0.34488906 | F47: 27.502088 | G47: 0.58560129 | H47: 65.128673 | I47: 0.70469232 | J47: 0.06415486 | K47: 0.031439186 | L47: 0 | M47: c | N47: 0 | O47: c | P47: 0.02409263 | Q47: 0.012261091 | R47: 4.5071074 | S47: 0.2623575 | T47: 20.605372 | U47: 0.45489409 | V47: 74.797901 | W47: 0.53043093 | X47: 0.065526835 | Y47: 0.034384655 | Z47: 0 | AA47: c | AB47: 0 | AC47: c
A48: Sweden | B48: 0 | C48: c | D48: 2.4367485 | E48: 0.36573676 | F48: 96.356696 | G48: 0.53146903 | H48: 1.2065551 | I48: 0.39202385 | J48: 0 | K48: c | L48: 0 | M48: c | N48: 0 | O48: c | P48: 0 | Q48: c | R48: 1.7681253 | S48: 0.2861888 | T48: 96.264697 | U48: 0.85009065 | V48: 1.9671778 | W48: 0.806802 | X48: 0 | Y48: c | Z48: 0 | AA48: c | AB48: 0 | AC48: c
A49: Switzerland | B49: 0.58572982 | C49: 0.17681057 | D49: 11.943708 | E49: 0.89007623 | F49: 60.541087 | G49: 1.4283981 | H49: 26.256561 | I49: 1.5559301 | J49: 0.65238698 | K49: 0.30767964 | L49: 0.020526546 | M49: 0.028925237 | N49: 0 | O49: c | P49: 0.35660737 | Q49: 0.13749837 | R49: 8.3058886 | S49: 0.64609334 | T49: 61.036904 | U49: 1.9347094 | V49: 29.579301 | W49: 1.9318488 | X49: 0.71640596 | Y49: 0.40055038 | Z49: 0.0048930953 | AA49: 0.0046949196 | AB49: 0 | AC49: c
A50: Turkey | B50: 0.09231031 | C50: 0.067179143 | D50: 0.36924124 | E50: 0.15512494 | F50: 20.747031 | G50: 1.4681576 | H50: 76.481871 | I50: 1.4639327 | J50: 2.281871 | K50: 0.2890145 | L50: 0.02767538 | M50: 0.027692073 | N50: 0 | O50: c | P50: 0.04695587 | Q50: 0.046666161 | R50: 0.51651457 | S50: 0.26912704 | T50: 14.594513 | U50: 0.95902943 | V50: 81.079825 | W50: 0.9850477 | X50: 3.6207166 | Y50: 0.39623526 | Z50: 0.14147582 | AA50: 0.063466628 | AB50: 0 | AC50: c
A51: United Kingdom | B51: 0 | C51: c | D51: 0 | E51: c | F51: 0 | G51: c | H51: 0.61984251 | I51: 0.48969959 | J51: 94.028535 | K51: 0.49111375 | L51: 5.3516228 | M51: 0.24814802 | N51: 0 | O51: c | P51: 0 | Q51: c | R51: 0 | S51: c | T51: 0.0023617275 | U51: 0.0023625185 | V51: 1.3812804 | W51: 0.79213052 | X51: 92.855943 | Y51: 0.73635073 | Z51: 5.7604146 | AA51: 0.32648528 | AB51: 0 | AC51: c
A52: United States | B52: 0 | C52: c | D52: 0.19940775 | E52: 0.11433494 | F52: 8.8653453 | G52: 0.63631246 | H52: 73.456154 | I52: 0.82966214 | J52: 17.370881 | K52: 0.79617962 | L52: 0.1082114 | M52: 0.079385384 | N52: 0 | O52: c | P52: 0 | Q52: c | R52: 0.026229461 | S52: 0.026296904 | T52: 5.9759361 | U52: 0.54388363 | V52: 73.847014 | W52: 0.97089987 | X52: 19.992222 | Y52: 0.85244597 | Z52: 0.15859845 | AA52: 0.092541649 | AB52: 0 | AC52: c
A53: Partners
A54: Albania | B54: 0.25232977 | C54: 0.10019193 | D54: 1.7119775 | E54: 0.40507531 | F54: 40.139581 | G54: 1.4852737 | H54: 57.553207 | I54: 1.4613809 | J54: 0.34290537 | K54: 0.11482933 | L54: 0 | M54: c | N54: 0 | O54: c | P54: 0.15804472 | Q54: 0.092482519 | R54: 0.69207305 | S54: 0.18947703 | T54: 32.895328 | U54: 1.633592 | V54: 65.529874 | W54: 1.6263915 | X54: 0.70016857 | Y54: 0.1747685 | Z54: 0.024511637 | AA54: 0.024558657 | AB54: 0 | AC54: c
A55: Argentina | B55: 2.433571 | C55: 0.54823186 | D55: 11.721844 | E55: 0.94179828 | F55: 24.428741 | G55: 0.98165317 | H55: 59.429845 | I55: 1.4856418 | J55: 1.731392 | K55: 0.91886475 | L55: 0 | M55: c | N55: 0.25460741 | O55: 0.2848227 | P55: 1.808846 | Q55: 0.40997362 | R55: 7.9417691 | S55: 0.72270441 | T55: 19.779683 | U55: 1.0434766 | V55: 68.033442 | W55: 1.5737365 | X55: 1.9428302 | Y55: 1.0232816 | Z55: 0.0033330164 | AA55: 0.0031942731 | AB55: 0.4900965 | AC55: 0.49220079
A56: Baku (Azerbaijan) | B56: 0.092979316 | C56: 0.053345698 | D56: 2.6203577 | E56: 0.87152494 | F56: 32.50098 | G56: 0.80546969 | H56: 63.851305 | I56: 1.2494465 | J56: 0.93437835 | K56: 0.18782414 | L56: 0 | M56: c | N56: 0 | O56: c | P56: 0.40140416 | Q56: 0.17982371 | R56: 3.063629 | S56: 1.0350342 | T56: 37.201736 | U56: 0.94703249 | V56: 58.906732 | W56: 1.3006317 | X56: 0.42649844 | Y56: 0.096212993 | Z56: 0 | AA56: c | AB56: 0 | AC56: c
A57: Belarus | B57: 0.10118665 | C57: 0.058071095 | D57: 1.10402 | E57: 0.22754917 | F57: 44.642981 | G57: 1.2280963 | H57: 54.151813 | I57: 1.2245255 | J57: 0 | K57: c | L57: 0 | M57: c | N57: 0 | O57: c | P57: 0.050172407 | Q57: 0.05018096 | R57: 0.72343934 | S57: 0.16641533 | T57: 40.84033 | U57: 1.2618494 | V57: 58.386058 | W57: 1.2947356 | X57: 0 | Y57: c | Z57: 0 | AA57: c | AB57: 0 | AC57: c
A58: Bosnia and Herzegovina | B58: 0.047575357 | C58: 0.049053828 | D58: 0.25802031 | E58: 0.12487799 | F58: 17.353723 | G58: 1.238654 | H58: 82.304693 | I58: 1.2352339 | J58: 0.035988423 | K58: 0.036100139 | L58: 0 | M58: c | N58: 0 | O58: c | P58: 0 | Q58: c | R58: 0.18797824 | S58: 0.11174377 | T58: 15.032677 | U58: 1.1946439 | V58: 84.527703 | W58: 1.2275695 | X58: 0.25164133 | Y58: 0.13793675 | Z58: 0 | AA58: c | AB58: 0 | AC58: c
A59: Brazil | B59: 5.3446389 | C59: 0.35817506 | D59: 10.221551 | E59: 0.69910933 | F59: 15.684198 | G59: 0.74537635 | H59: 32.506926 | I59: 0.8408181 | J59: 34.914841 | K59: 0.89214564 | L59: 1.3278452 | M59: 0.16921673 | N59: 0 | O59: c | P59: 2.7565332 | Q59: 0.2666102 | R59: 5.9484451 | S59: 0.519449 | T59: 11.37093 | U59: 0.64932977 | V59: 34.49507 | W59: 0.92630232 | X59: 43.715651 | Y59: 0.88010965 | Z59: 1.7133702 | AA59: 0.18490101 | AB59: 0 | AC59: c
A60: Brunei Darussalam | B60: 0.058499549 | C60: 0.041314985 | D60: 0.72459234 | E60: 0.095985044 | F60: 7.3969007 | G60: 0.21600008 | H60: 59.635117 | I60: 0.25239207 | J60: 28.883138 | K60: 0.16611478 | L60: 3.3017525 | M60: 0.090568502 | N60: 0 | O60: c | P60: 0 | Q60: c | R60: 0.20696607 | S60: 0.078141378 | T60: 5.5153189 | U60: 0.18346082 | V60: 59.85147 | W60: 0.19730472 | X60: 29.56676 | Y60: 0.17078775 | Z60: 4.8594853 | AA60: 0.10120352 | AB60: 0 | AC60: c
A61: B-S-J-Z (China) | B61: 0.27820382 | C61: 0.1101545 | D61: 1.7828914 | E61: 0.27425893 | F61: 41.07137 | G61: 1.8422514 | H61: 55.874535 | I61: 1.739005 | J61: 0.99300006 | K61: 0.20535429 | L61: 0 | M61: c | N61: 0 | O61: c | P61: 0.22627597 | Q61: 0.10389216 | R61: 1.2575353 | S61: 0.21659194 | T61: 36.024429 | U61: 1.6825896 | V61: 60.822869 | W61: 1.5897827 | X61: 1.5718862 | Y61: 0.2404285 | Z61: 0.097004235 | AA61: 0.048753785 | AB61: 0 | AC61: c
A62: Bulgaria | B62: 0.15378732 | C62: 0.09073051 | D62: 3.2861281 | E62: 0.50282853 | F62: 93.212845 | G62: 0.63472762 | H62: 3.3145078 | I62: 0.33528667 | J62: 0.032731554 | K62: 0.032850527 | L62: 0 | M62: c | N62: 0 | O62: c | P62: 0.25189048 | Q62: 0.10097993 | R62: 2.1368508 | S62: 0.37679915 | T62: 92.305293 | U62: 0.60065059 | V62: 5.3059656 | W62: 0.4234784 | X62: 0 | Y62: c | Z62: 0 | AA62: c | AB62: 0 | AC62: c
A63: Costa Rica | B63: 6.1893498 | C63: 0.62645153 | D63: 15.320855 | E63: 0.84523752 | F63: 37.412838 | G63: 1.1916212 | H63: 41.010257 | I63: 1.3723402 | J63: 0.066700692 | K63: 0.045855831 | L63: 0 | M63: c | N63: 0 | O63: c | P63: 3.507021 | Q63: 0.62603439 | R63: 12.303195 | S63: 0.86955075 | T63: 35.572141 | U63: 1.2316172 | V63: 48.328705 | W63: 1.8336545 | X63: 0.2889378 | Y63: 0.14800984 | Z63: 0 | AA63: c | AB63: 0 | AC63: c
A64: Croatia | B64: 0.046649625 | C64: 0.046054189 | D64: 0.41984662 | E64: 0.24565681 | F64: 80.473238 | G64: 0.49750591 | H64: 19.060266 | I64: 0.5006926 | J64: 0 | K64: c | L64: 0 | M64: c | N64: 0 | O64: c | P64: 0.046036771 | Q64: 0.048324124 | R64: 0.18414708 | S64: 0.12624196 | T64: 77.266744 | U64: 0.5668265 | V64: 22.503072 | W64: 0.56682409 | X64: 0 | Y64: c | Z64: 0 | AA64: c | AB64: 0 | AC64: c
A65: Cyprus | B65: 0 | C65: c | D65: 0.19852296 | E65: 0.19489414 | F65: 5.1786325 | G65: 0.51064058 | H65: 93.695588 | I65: 0.56318647 | J65: 0.92725663 | K65: 0.10959382 | L65: 0 | M65: c | N65: 0 | O65: c | P65: 0 | Q65: c | R65: 0 | S65: c | T65: 3.4963846 | U65: 0.52793678 | V65: 95.147132 | W65: 0.48262228 | X65: 1.3564833 | Y65: 0.13037196 | Z65: 0 | AA65: c | AB65: 0 | AC65: c
A66: Dominican Republic | B66: 8.9416431 | C66: 0.97803011 | D66: 15.788885 | E66: 0.87221043 | F66: 25.706292 | G66: 0.97559355 | H66: 39.381315 | I66: 1.3596212 | J66: 9.3243194 | K66: 0.58432227 | L66: 0.85754447 | M66: 0.1823324 | N66: 0 | O66: c | P66: 3.8452746 | Q66: 0.52291611 | R66: 9.1354287 | S66: 0.8466929 | T66: 21.425169 | U66: 0.94487594 | V66: 48.194583 | W66: 1.2943903 | X66: 15.927956 | Y66: 0.95953221 | Z66: 1.4715885 | AA66: 0.2263642 | AB66: 0 | AC66: c
A67: Georgia | B67: 0.032449671 | C67: 0.034229311 | D67: 0.5808788 | E67: 0.1926442 | F67: 15.707714 | G67: 0.70421885 | H67: 82.54026 | I67: 0.81865978 | J67: 1.138697 | K67: 0.23414973 | L67: 0 | M67: c | N67: 0 | O67: c | P67: 0.1457701 | Q67: 0.0716866 | R67: 0.318549 | S67: 0.11214162 | T67: 12.671105 | U67: 0.75304174 | V67: 85.942174 | W67: 0.75898544 | X67: 0.92240193 | Y67: 0.19938232 | Z67: 0 | AA67: c | AB67: 0 | AC67: c
A68: Hong Kong (China) | B68: 1.7116544 | C68: 0.37907952 | D68: 6.9021339 | E68: 0.60142044 | F68: 27.700417 | G68: 0.89045914 | H68: 62.892529 | I68: 1.1623367 | J68: 0.79326567 | K68: 0.56855644 | L68: 0 | M68: c | N68: 0 | O68: c | P68: 0.65369636 | Q68: 0.13995729 | R68: 4.7780558 | S68: 0.55963008 | T68: 24.479702 | U68: 1.118918 | V68: 69.287442 | W68: 1.2779733 | X68: 0.80110372 | Y68: 0.48135992 | Z68: 0 | AA68: c | AB68: 0 | AC68: c
A69: Indonesia | B69: 4.5439582 | C69: 1.4631682 | D69: 10.050901 | E69: 1.1900575 | F69: 35.245415 | G69: 2.4218335 | H69: 45.920554 | I69: 2.5618298 | J69: 3.0486917 | K69: 0.63071221 | L69: 1.1904803 | M69: 0.79517092 | N69: 0 | O69: c | P69: 2.3499035 | Q69: 0.84095716 | R69: 6.2114178 | S69: 0.95080541 | T69: 32.133005 | U69: 1.9945568 | V69: 52.467548 | W69: 2.5251359 | X69: 5.3224384 | Y69: 0.87268752 | Z69: 1.5156875 | AA69: 1.086975 | AB69: 0 | AC69: c
A70: Jordan | B70: 0.29262147 | C70: 0.15468198 | D70: 1.5692315 | E70: 0.29356797 | F70: 10.887311 | G70: 0.78288074 | H70: 87.250836 | I70: 0.98292483 | J70: 0 | K70: c | L70: 0 | M70: c | N70: 0 | O70: c | P70: 0.14199794 | Q70: 0.049343667 | R70: 1.6182944 | S70: 0.2662036 | T70: 11.517077 | U70: 0.84940978 | V70: 86.722631 | W70: 0.90169313 | X70: 0 | Y70: c | Z70: 0 | AA70: c | AB70: 0 | AC70: c
A71: Kazakhstan | B71: 0.1182949 | C71: 0.034806518 | D71: 2.0169173 | E71: 0.18285507 | F71: 46.48502 | G71: 0.95213183 | H71: 50.644976 | I71: 0.99750286 | J71: 0.72678695 | K71: 0.10505564 | L71: 0.0080043068 | M71: 0.0080072161 | N71: 0 | O71: c | P71: 0.077873887 | Q71: 0.043675977 | R71: 1.3993993 | S71: 0.14654038 | T71: 41.268695 | U71: 0.89337364 | V71: 56.262883 | W71: 0.88807363 | X71: 0.96713669 | Y71: 0.13905992 | Z71: 0.02401264 | AA71: 0.018506426 | AB71: 0 | AC71: c
A72: Kosovo | B72: 0 | C72: c | D72: 0.42462534 | E72: 0.13615856 | F72: 24.195058 | G72: 1.1492859 | H72: 73.918538 | I72: 1.1551302 | J72: 1.4454952 | K72: 0.24650768 | L72: 0.016282835 | M72: 0.016297819 | N72: 0 | O72: c | P72: 0 | Q72: c | R72: 0.47056188 | S72: 0.15157049 | T72: 22.28915 | U72: 0.96307158 | V72: 75.186507 | W72: 0.963223 | X72: 2.0537812 | Y72: 0.2755605 | Z72: 0 | AA72: c | AB72: 0 | AC72: c
A73: Lebanon | B73: 6.4150028 | C73: 0.70181205 | D73: 9.0060021 | E73: 0.71915165 | F73: 17.373611 | G73: 1.3569099 | H73: 56.952365 | I73: 1.5282128 | J73: 10.136845 | K73: 0.5248186 | L73: 0.11617412 | M73: 0.10903092 | N73: 0 | O73: c | P73: 4.3375168 | Q73: 0.52227417 | R73: 7.9829208 | S73: 0.69246034 | T73: 15.291473 | U73: 0.85611324 | V73: 59.353198 | W73: 1.1422607 | X73: 12.969671 | Y73: 0.62010937 | Z73: 0.06522104 | AA73: 0.061537303 | AB73: 0 | AC73: c
A74: Macao (China) | B74: 2.5552535 | C74: 0.2229526 | D74: 12.044324 | E74: 0.2952443 | F74: 30.1608 | G74: 0.26831736 | H74: 54.191724 | I74: 0.3015039 | J74: 1.0478994 | K74: 0.1502895 | L74: 0 | M74: c | N74: 0 | O74: c | P74: 1.1924624 | Q74: 0.170939 | R74: 6.7360826 | S74: 0.27300983 | T74: 29.205794 | U74: 0.33343863 | V74: 61.787332 | W74: 0.35016231 | X74: 1.0249698 | Y74: 0.22885097 | Z74: 0.053359776 | AA74: 0.05334718 | AB74: 0 | AC74: c
A75: Malaysia | B75: 0 | C75: c | D75: 0 | E75: c | F75: 6.4786973 | G75: 0.75960403 | H75: 93.190324 | I75: 0.75745236 | J75: 0.33097885 | K75: 0.12419152 | L75: 0 | M75: c | N75: 0 | O75: c | P75: 0 | Q75: c | R75: 0 | S75: c | T75: 4.5826263 | U75: 0.62381395 | V75: 95.194326 | W75: 0.61907265 | X75: 0.22304754 | Y75: 0.05604406 | Z75: 0 | AA75: c | AB75: 0 | AC75: c
A76: Malta | B76: 0 | C76: c | D76: 0 | E76: c | F76: 0.10468365 | G76: 0.074211648 | H76: 6.102298 | I76: 0.2509125 | J76: 93.736213 | K76: 0.25423044 | L76: 0.056804974 | M76: 0.056857187 | N76: 0 | O76: c | P76: 0 | Q76: c | R76: 0 | S76: c | T76: 0.1337865 | U76: 0.098001276 | V76: 4.6611446 | W76: 0.24598211 | X76: 95.041428 | Y76: 0.2472373 | Z76: 0.16364126 | AA76: 0.054687238 | AB76: 0 | AC76: c
A77: Moldova | B77: 0.32291219 | C77: 0.11790101 | D77: 6.6964048 | E77: 0.61555611 | F77: 84.097876 | G77: 1.2490614 | H77: 8.8828066 | I77: 1.137607 | J77: 0 | K77: c | L77: 0 | M77: c | N77: 0 | O77: c | P77: 0.064048716 | Q77: 0.0556802 | R77: 5.5969817 | S77: 0.505596 | T77: 82.223119 | U77: 1.3729515 | V77: 12.088855 | W77: 1.4628218 | X77: 0.026995444 | Y77: 0.027757743 | Z77: 0 | AA77: c | AB77: 0 | AC77: c
A78: Montenegro | B78: 0 | C78: c | D78: 0 | E78: c | F78: 4.0403718 | G78: 0.55441805 | H78: 93.769301 | I78: 0.54989767 | J78: 2.1903277 | K78: 0.12951119 | L78: 0 | M78: c | N78: 0 | O78: c | P78: 0 | Q78: c | R78: 0 | S78: c | T78: 2.5948267 | U78: 0.47897737 | V78: 93.798541 | W78: 0.51026751 | X78: 3.6066324 | Y78: 0.18513832 | Z78: 0 | AA78: c | AB78: 0 | AC78: c
A79: Morocco | B79: 11.51107 | C79: 0.91470586 | D79: 17.64223 | E79: 1.1401051 | F79: 33.665012 | G79: 1.7445062 | H79: 31.220906 | I79: 2.5883422 | J79: 5.9607825 | K79: 0.66852659 | L79: 0 | M79: c | N79: 0 | O79: c | P79: 4.1117786 | Q79: 0.44930244 | R79: 9.7700207 | S79: 1.0720745 | T79: 30.353571 | U79: 2.2040663 | V79: 46.17616 | W79: 2.8603286 | X79: 9.5884702 | Y79: 0.95788414 | Z79: 0 | AA79: c | AB79: 0 | AC79: c
A80: North Macedonia | B80: 0 | C80: c | D80: 0.32580172 | E80: 0.14294038 | F80: 96.124003 | G80: 0.24765016 | H80: 3.5501948 | I80: 0.20322101 | J80: 0 | K80: c | L80: 0 | M80: c | N80: 0 | O80: c | P80: 0 | Q80: c | R80: 0.063545509 | S80: 0.048537012 | T80: 95.380997 | U80: 0.25053371 | V80: 4.555458 | W80: 0.25705492 | X80: 0 | Y80: c | Z80: 0 | AA80: c | AB80: 0 | AC80: c
A81: Panama | B81: 4.8849694 | C81: 0.65592229 | D81: 8.9405516 | E81: 0.93746686 | F81: 22.667165 | G81: 1.0917011 | H81: 60.575428 | I81: 1.6173462 | J81: 2.9018712 | K81: 0.40574769 | L81: 0.030015374 | M81: 0.03000682 | N81: 0 | O81: c | P81: 1.6344902 | Q81: 0.42036037 | R81: 4.9100534 | S81: 0.576732 | T81: 18.526683 | U81: 1.1099353 | V81: 70.139871 | W81: 1.5531947 | X81: 4.7558512 | Y81: 0.57739846 | Z81: 0.03305164 | AA81: 0.032909054 | AB81: 0 | AC81: c
A82: Peru | B82: 2.2570083 | C82: 0.48190421 | D82: 6.6102071 | E82: 0.49595971 | F82: 15.736628 | G82: 0.69216139 | H82: 54.379778 | I82: 0.93141168 | J82: 21.016379 | K82: 0.68795711 | L82: 0 | M82: c | N82: 0 | O82: c | P82: 1.3764272 | Q82: 0.24677395 | R82: 4.8159039 | S82: 0.47085811 | T82: 12.888352 | U82: 0.63954404 | V82: 54.725535 | W82: 0.84338428 | X82: 26.193782 | Y82: 0.81053227 | Z82: 0 | AA82: c | AB82: 0 | AC82: c
A83: Philippines | B83: 5.777022 | C83: 0.52169406 | D83: 15.655022 | E83: 0.6676161 | F83: 51.418375 | G83: 0.95470503 | H83: 26.329425 | I83: 0.79272785 | J83: 0.75709207 | K83: 0.44806153 | L83: 0.063064467 | M83: 0.063044658 | N83: 0 | O83: c | P83: 3.4621724 | Q83: 0.31732506 | R83: 10.316062 | S83: 0.58395222 | T83: 50.735542 | U83: 0.74551054 | V83: 34.920739 | W83: 0.76384343 | X83: 0.53756774 | Y83: 0.24196753 | Z83: 0.027917392 | AA83: 0.027973854 | AB83: 0 | AC83: c
A84: Qatar | B84: 1.6112601 | C84: 0.092081175 | D84: 5.43753 | E84: 0.12847569 | F84: 19.588395 | G84: 0.14079716 | H84: 61.342013 | I84: 0.16721835 | J84: 12.007151 | K84: 0.15654216 | L84: 0.01365201 | M84: 0.0096619493 | N84: 0 | O84: c | P84: 0.92994894 | Q84: 0.0559796 | R84: 3.5581041 | S84: 0.11322772 | T84: 16.269709 | U84: 0.14048966 | V84: 65.429541 | W84: 0.18815792 | X84: 13.755792 | Y84: 0.15550151 | Z84: 0.056903909 | AA84: 0.026559086 | AB84: 0 | AC84: c
A85: Romania | B85: 0.83305789 | C85: 0.34160828 | D85: 7.294744 | E85: 1.221002 | F85: 78.46405 | G85: 1.189994 | H85: 13.408148 | I85: 0.53616951 | J85: 0 | K85: c | L85: 0 | M85: c | N85: 0 | O85: c | P85: 0.97829715 | Q85: 0.38768837 | R85: 4.697384 | S85: 0.94152794 | T85: 77.310716 | U85: 1.0412437 | V85: 16.978693 | W85: 0.61614121 | X85: 0.034910116 | Y85: 0.035259453 | Z85: 0 | AA85: c | AB85: 0 | AC85: c
A86: Russia | B86: 0.34291243 | C86: 0.069209018 | D86: 8.9135962 | E86: 0.50526415 | F86: 81.350499 | G86: 1.0540459 | H86: 9.3670067 | I86: 1.2735395 | J86: 0.02598532 | K86: 0.022153098 | L86: 0 | M86: c | N86: 0 | O86: c | P86: 0.35780903 | Q86: 0.079328273 | R86: 6.5640097 | S86: 0.45960828 | T86: 80.775105 | U86: 0.91345616 | V86: 12.110559 | W86: 1.1018661 | X86: 0.19251667 | Y86: 0.084187274 | Z86: 0 | AA86: c | AB86: 0 | AC86: c
A87: Saudi Arabia | B87: 1.2930457 | C87: 0.36394203 | D87: 4.4467824 | E87: 0.95434454 | F87: 13.734623 | G87: 2.7101609 | H87: 76.560342 | I87: 3.5099968 | J87: 3.9308908 | K87: 0.49746022 | L87: 0.034315993 | M87: 0.034416903 | N87: 0 | O87: c | P87: 1.0372774 | Q87: 0.24405474 | R87: 2.7153787 | S87: 0.58845782 | T87: 14.260663 | U87: 2.3444182 | V87: 78.423979 | W87: 2.8536846 | X87: 3.3379456 | Y87: 0.36670439 | Z87: 0.22475686 | AA87: 0.071144039 | AB87: 0 | AC87: c
A88: Serbia | B88: 0.11349739 | C88: 0.11375376 | D88: 1.07865 | E88: 0.38640711 | F88: 88.169439 | G88: 0.55536155 | H88: 10.638414 | I88: 0.47951685 | J88: 0 | K88: c | L88: 0 | M88: c | N88: 0 | O88: c | P88: 0.11788758 | Q88: 0.11770331 | R88: 0.48584114 | S88: 0.16829805 | T88: 87.148669 | U88: 0.51739041 | V88: 12.247602 | W88: 0.49924319 | X88: 0 | Y88: c | Z88: 0 | AA88: c | AB88: 0 | AC88: c
A89: Singapore | B89: 0.034825215 | C89: 0.035249255 | D89: 1.0215711 | E89: 0.20562133 | F89: 8.2519775 | G89: 0.42710724 | H89: 90.153477 | I89: 0.5612226 | J89: 0.53814874 | K89: 0.21857843 | L89: 0 | M89: c | N89: 0 | O89: c | P89: 0.028122107 | Q89: 0.028151147 | R89: 1.1878116 | S89: 0.13508532 | T89: 6.9965702 | U89: 0.34823903 | V89: 91.493842 | W89: 0.51623832 | X89: 0.29365431 | Y89: 0.16020893 | Z89: 0 | AA89: c | AB89: 0 | AC89: c
A90: Chinese Taipei | B90: 0 | C90: c | D90: 0.064933472 | E90: 0.037683833 | F90: 36.380446 | G90: 1.3569404 | H90: 63.516868 | I90: 1.3678091 | J90: 0.037752816 | K90: 0.037424062 | L90: 0 | M90: c | N90: 0 | O90: c | P90: 0 | Q90: c | R90: 0.18791478 | S90: 0.081022793 | T90: 34.920326 | U90: 1.389144 | V90: 64.859746 | W90: 1.3663387 | X90: 0.03201258 | Y90: 0.04511876 | Z90: 0 | AA90: c | AB90: 0 | AC90: c
A91: Thailand | B91: 0.27567985 | C91: 0.12062341 | D91: 1.0157478 | E91: 0.18054157 | F91: 22.562429 | G91: 1.1229138 | H91: 74.314244 | I91: 1.2046248 | J91: 1.8318989 | K91: 0.30807534 | L91: 0 | M91: c | N91: 0 | O91: c | P91: 0.14487562 | Q91: 0.066133179 | R91: 0.49422931 | S91: 0.1688519 | T91: 17.626291 | U91: 0.99475172 | V91: 78.667867 | W91: 0.99549552 | X91: 3.0667368 | Y91: 0.45513925 | Z91: 0 | AA91: c | AB91: 0 | AC91: c
A92: Ukraine | B92: 0 | C92: c | D92: 0.50702871 | E92: 0.16416381 | F92: 30.314004 | G92: 1.6078134 | H92: 36.289786 | I92: 1.9572317 | J92: 0.34764196 | K92: 0.1074405 | L92: 0 | M92: c | N92: 32.54154 | O92: 2.8302074 | P92: 0 | Q92: c | R92: 0.24614766 | S92: 0.14230425 | T92: 29.332823 | U92: 1.4629812 | V92: 46.795122 | W92: 2.2556317 | X92: 0.6645831 | Y92: 0.18058129 | Z92: 0 | AA92: c | AB92: 22.961324 | AC92: 2.6125152
A93: United Arab Emirates | B93: 0.57386496 | C93: 0.1096481 | D93: 1.979117 | E93: 0.2046566 | F93: 10.684719 | G93: 0.37760247 | H93: 56.459056 | I93: 0.88870656 | J93: 28.565025 | K93: 0.63134752 | L93: 1.7382177 | M93: 0.20990197 | N93: 0 | O93: c | P93: 0.13024741 | Q93: 0.024155593 | R93: 0.97408453 | S93: 0.11264533 | T93: 8.4966826 | U93: 0.32138112 | V93: 57.096538 | W93: 0.61504424 | X93: 31.27791 | Y93: 0.65659857 | Z93: 2.0245367 | AA93: 0.17603579 | AB93: 0 | AC93: c
A94: Uruguay | B94: 5.2274271 | C94: 0.73106652 | D94: 12.880906 | E94: 0.80738343 | F94: 22.888769 | G94: 1.0865768 | H94: 58.546037 | I94: 1.5292085 | J94: 0.45686081 | K94: 0.14159402 | L94: 0 | M94: c | N94: 0 | O94: c | P94: 3.253736 | Q94: 0.46607312 | R94: 9.7335959 | S94: 0.53716231 | T94: 18.376383 | U94: 0.77924958 | V94: 67.863463 | W94: 1.0043593 | X94: 0.77282202 | Y94: 0.15483838 | Z94: 0 | AA94: c | AB94: 0 | AC94: c
A95: Viet Nam | B95: 0.46426894 | C95: 0.21671062 | D95: 1.1517492 | E95: 0.48062447 | F95: 5.5251318 | G95: 1.6992244 | H95: 89.013018 | I95: 3.334307 | J95: 0.033635863 | K95: 0.03384739 | L95: 0 | M95: c | N95: 3.812196 | O95: 2.5975271 | P95: 0.044880835 | Q95: 0.045836628 | R95: 0.37788618 | S95: 0.19972184 | T95: 2.5141835 | U95: 0.75392088 | V95: 95.402933 | W95: 1.808296 | X95: 0 | Y95: c | Z95: 0 | AA95: c | AB95: 1.6601164 | AC95: 1.5571313
A103: Information on data for Cyprus: https://oe.cd/cyprus-disclaimer

Sheet Table I.A2.13
A1: PISA 2018 Results (Volume I) - © OECD 2019
A2: Annex A2 | B2: Annex A2 The PISA target population, the PISA samples, and the definition of schools
A3: Version 4 - Last updated: 13-Oct-2020
A4: Disclaimer: http://oe.cd/disclaimer
A6: Table I.A2.13
A7: Percentage of students at each grade level, by gender
B12: Boys | N12: Girls
B13: 7th grade | D13: 8th grade | F13: 9th grade | H13: 10th grade | J13: 11th grade | L13: 12th grade and above | N13: 7th grade | P13: 8th grade | R13: 9th grade | T13: 10th grade | V13: 11th grade | X13: 12th grade and above
B14: % | C14: S.E. | D14: % | E14: S.E. | F14: % | G14: S.E. | H14: % | I14: S.E. | J14: % | K14: S.E. | L14: % | M14: S.E. | N14: % | O14: S.E. | P14: % | Q14: S.E. | R14: % | S14: S.E. | T14: % | U14: S.E. | V14: % | W14: S.E. | X14: % | Y14: S.E.
A15: OECD
A16: Australia | B16: 0 | C16: c | D16: 0.11374522 | E16: 0.042462151 | F16: 13.922102 | G16: 0.46323381 | H16: 79.296845 | I16: 0.57339349 | J16: 6.6212192 | K16: 0.36971725 | L16: 0.046088703 | M16: 0.029514401 | N16: 0 | O16: c | P16: 0.060068231 | Q16: 0.038240091 | R16: 8.9791344 | S16: 0.40754086 | T16: 82.765878 | U16: 0.65552143 | V16: 8.1836994 | W16: 0.52718481 | X16: 0.011219862 | Y16: 0.011287168
A17: Austria | B17: 0.58645825 | C17: 0.15059755 | D17: 7.6785377 | E17: 0.70727991 | F17: 45.555632 | G17: 1.1357498 | H17: 46.015615 | I17: 1.1614085 | J17: 0.16375734 | K17: 0.07343968 | L17: 0 | M17: c | N17: 0.27240015 | O17: 0.10957114 | P17: 5.9350097 | Q17: 0.60123546 | R17: 43.465999 | S17: 1.217574 | T17: 50.159517 | U17: 1.3465174 | V17: 0.16707458 | W17: 0.075179975 | X17: 0 | Y17: c
A18: Belgium | B18: 0.42960074 | C18: 0.18299841 | D18: 6.7443443 | E18: 0.59883643 | F18: 29.73371 | G18: 0.90744215 | H18: 61.903676 | I18: 0.89873027 | J18: 1.1886689 | K18: 0.17765624 | L18: 0 | M18: c | N18: 0.28241741 | O18: 0.084454201 | P18: 5.7910363 | Q18: 0.387953 | R18: 24.862577 | S18: 0.7699679 | T18: 67.66492 | U18: 0.88234785 | V18: 1.39905 | W18: 0.18055303 | X18: 0 | Y18: c
A19: Canada | B19: 0.4706304 | C19: 0.13283923 | D19: 1.1546031 | E19: 0.21111151 | F19: 10.34827 | G19: 0.36611215 | H19: 86.909927 | I19: 0.38706177 | J19: 1.062369 | K19: 0.11633363 | L19: 0.054199958 | M19: 0.028006171 | N19: 0.20137236 | O19: 0.054095555 | P19: 0.93911019 | Q19: 0.15808502 | R19: 9.1275272 | S19: 0.36087569 | T19: 88.47815 | U19: 0.35398809 | V19: 1.1953018 | W19: 0.11424427 | X19: 0.058538454 | Y19: 0.031219581
A20: Chile | B20: 1.4220683 | C20: 0.33276438 | D20: 5.9554556 | E20: 0.70134997 | F20: 24.17842 | G20: 0.95200441 | H20: 63.457708 | I20: 1.2200385 | J20: 4.9863473 | K20: 0.35813018 | L20: 0 | M20: c | N20: 0.49956768 | O20: 0.20462711 | P20: 2.7250631 | Q20: 0.48371937 | R20: 16.843355 | S20: 0.73209638 | T20: 73.728169 | U20: 1.0929399 | V20: 6.2038449 | W20: 0.47814479 | X20: 0 | Y20: c
A21: Colombia | B21: 5.695332 | C21: 0.58529063 | D21: 13.988286 | E21: 0.78773323 | F21: 23.804628 | G21: 0.81425196 | H21: 40.347178 | I21: 0.92306001 | J21: 16.164576 | K21: 0.76262463 | L21: 0 | M21: c | N21: 3.2320973 | O21: 0.44267808 | P21: 8.6723909 | Q21: 0.55234441 | R21: 21.877146 | S21: 0.81199347 | T21: 45.478336 | U21: 0.93098545 | V21: 20.74003 | W21: 0.87874519 | X21: 0 | Y21: c
A22: Czech Republic | B22: 0.62763381 | C22: 0.17763571 | D22: 4.1298088 | E22: 0.61484679 | F22: 52.58349 | G22: 1.4993078 | H22: 42.659067 | I22: 1.554093 | J22: 0 | K22: c | L22: 0 | M22: c | N22: 0.61227151 | O22: 0.23678164 | P22: 2.5290274 | Q22: 0.42547064 | R22: 44.206396 | S22: 1.7011367 | T22: 52.652305 | U22: 1.795227 | V22: 0 | W22: c | X22: 0 | Y22: c
A23: Denmark | B23: 0.19307566 | C23: 0.082697018 | D23: 22.033406 | E23: 0.76900831 | F23: 76.693093 | G23: 0.84116242 | H23: 1.0804254 | I23: 0.27815229 | J23: 0 | K23: c | L23: 0 | M23: c | N23: 0.046797352 | O23: 0.017469023 | P23: 10.561042 | Q23: 0.49767261 | R23: 86.792164 | S23: 0.60634604 | T23: 2.4095733 | U23: 0.42759149 | V23: 0 | W23: c | X23: 0.19042281 | Y23: 0.19578541
A24: Estonia | B24: 0.56103985 | C24: 0.16017333 | D24: 25.030717 | E24: 0.86496987 | F24: 73.254766 | G24: 0.90065448 | H24: 1.1534767 | I24: 0.20658753 | J24: 0 | K24: c | L24: 0 | M24: c | N24: 0.25951246 | O24: 0.12002997 | P24: 18.652017 | Q24: 0.62348198 | R24: 79.463937 | S24: 0.66053179 | T24: 1.5409684 | U24: 0.2434002 | V24: 0.083564644 | W24: 0.090348016 | X24: 0 | Y24: c
A25: Finland | B25: 0.42891882 | C25: 0.12114698 | D25: 15.832303 | E25: 0.55075737 | F25: 83.705026 | G25: 0.555577 | H25: 0.033753127 | I25: 0.033530081 | J25: 0 | K25: c | L25: 0 | M25: c | N25: 0.24223959 | O25: 0.11491276 | P25: 11.86839 | Q25: 0.49049169 | R25: 87.48337 | S25: 0.58095371 | T25: 0.40599975 | U25: 0.23427503 | V25: 0 | W25: c | X25: 0 | Y25: c
A26: France | B26: 0.019529136 | C26: 0.014889164 | D26: 0.70443909 | E26: 0.15479808 | F26: 19.801749 | G26: 0.86473302 | H26: 76.048451 | I26: 0.86199434 | J26: 3.2551062 | K26: 0.23019159 | L26: 0.17072578 | M26: 0.060060566 | N26: 0.012852282 | O26: 0.011970483 | P26: 0.32501661 | Q26: 0.11618172 | R26: 13.950109 | S26: 0.6251504 | T26: 82.520447 | U26: 0.66178103 | V26: 3.1570994 | W26: 0.21848186 | X26: 0.034476146 | Y26: 0.033158977
A27: Germany | B27: 0.44679873 | C27: 0.121474 | D27: 9.4510455 | E27: 0.61687023 | F27: 48.34476 | G27: 1.3145072 | H27: 40.595943 | I27: 1.2311307 | J27: 1.1039295 | K27: 0.31550643 | L27: 0.057523407 | M27: 0.041183777 | N27: 0.41360328 | O27: 0.16187897 | P27: 6.506353 | Q27: 0.47310822 | R27: 44.051684 | S27: 1.0373282 | T27: 47.940528 | U27: 1.2490793 | V27: 1.0878317 | W27: 0.41211048 | X27: 0 | Y27: c
A28: Greece | B28: 0.12839956 | C28: 0.10014009 | D28: 1.0936573 | E28: 0.28697889 | F28: 4.7125667 | G28: 0.66131499 | H28: 94.065376 | I28: 0.75068984 | J28: 0 | K28: c | L28: 0 | M28: c | N28: 0.030901579 | O28: 0.030983098 | P28: 0.30380516 | Q28: 0.18843082 | R28: 2.6350775 | S28: 0.67882772 | T28: 97.030216 | U28: 0.72347598 | V28: 0 | W28: c | X28: 0 | Y28: c
A29: Hungary | B29: 1.7325718 | C29: 0.43170337 | D29: 10.046287 | E29: 0.80125521 | F29: 72.851778 | G29: 0.92241512 | H29: 15.296231 | I29: 0.66536967 | J29: 0.073132012 | K29: 0.052119095 | L29: 0 | M29: c | N29: 1.6137904 | O29: 0.43553457 | P29: 6.5647595 | Q29: 0.66667492 | R29: 69.310117 | S29: 1.1261968 | T29: 22.511333 | U29: 0.93557085 | V29: 0 | W29: c | X29: 0 | Y29: c
A30: Iceland | B30: 0 | C30: c | D30: 0 | E30: c | F30: 0 | G30: c | H30: 99.513657 | I30: 0.11135433 | J30: 0.48634262 | K30: 0.11135433 | L30: 0 | M30: c | N30: 0 | O30: c | P30: 0 | Q30: c | R30: 0 | S30: c | T30: 98.923027 | U30: 0.13401967 | V30: 1.076973 | W30: 0.13401967 | X30: 0 | Y30: c
A31: Ireland | B31: 0.033965429 | C31: 0.032727875 | D31: 2.514835 | E31: 0.35268294 | F31: 63.748813 | G31: 0.89205725 | H31: 24.672105 | I31: 1.0317891 | J31: 9.0302813 | K31: 0.95004618 | L31: 0 | M31: c | N31: 0 | O31: c | P31: 1.5270312 | Q31: 0.2593309 | R31: 59.412217 | S31: 0.82953274 | T31: 31.119938 | U31: 1.0628111 | V31: 7.9408135 | W31: 0.75548023 | X31: 0 | Y31: c
A32: Israel | B32: 0 | C32: c | D32: 0.18054804 | E32: 0.096062052 | F32: 18.92106 | G32: 1.0453338 | H32: 80.040224 | I32: 1.0866477 | J32: 0.79441411 | K32: 0.42133274 | L32: 0.063754153 | M32: 0.066329478 | N32: 0.028802835 | O32: 0.027683224 | P32: 0.054821563 | Q32: 0.049154187 | R32: 14.761847 | S32: 0.92851263 | T32: 84.537616 | U32: 0.9352938 | V32: 0.61691268 | W32: 0.15322726 | X32: 0 | Y32: c
A33: Italy | B33: 0 | C33: c | D33: 1.1632147 | E33: 0.25002532 | F33: 16.241181 | G33: 0.73233493 | H33: 75.383051 | I33: 0.82241154 | J33: 7.2125532 | K33: 0.45123275 | L33: 0 | M33: c | N33: 0 | O33: c | P33: 0.7484321 | Q33: 0.17910127 | R33: 10.551366 | S33: 0.59981205 | T33: 80.493108 | U33: 0.69915983 | V33: 8.207093 | W33: 0.45520547 | X33: 0 | Y33: c
A34: Japan | B34: 0 | C34: c | D34: 0 | E34: c | F34: 0 | G34: c | H34: 100 | I34: c | J34: 0 | K34: c | L34: 0 | M34: c | N34: 0 | O34: c | P34: 0 | Q34: c | R34: 0 | S34: c | T34: 100 | U34: c | V34: 0 | W34: c | X34: 0 | Y34: c
A35: Korea | B35: 0 | C35: c | D35: 0 | E35: c | F35: 16.786078 | G35: 1.3572892 | H35: 83.160036 | I35: 1.3567776 | J35: 0.053886804 | K35: 0.038596624 | L35: 0 | M35: c | N35: 0 | O35: c | P35: 0 | Q35: c | R35: 15.29922 | S35: 1.160664 | T35: 84.594602 | U35: 1.1612077 | V35: 0.10617738 | W35: 0.061310587 | X35: 0 | Y35: c
A36: Latvia | B36: 1.0596673 | C36: 0.25536025 | D36: 12.160868 | E36: 0.68820457 | F36: 84.917057 | G36: 0.76454701 | H36: 1.8624076 | I36: 0.2230945 | J36: 0 | K36: c | L36: 0 | M36: c | N36: 0.28071353 | O36: 0.10281411 | P36: 7.6813105 | Q36: 0.58937096 | R36: 88.806642 | S36: 0.59770802 | T36: 3.1722873 | U36: 0.29880193 | V36: 0.059046293 | W36: 0.041966123 | X36: 0 | Y36: c
A37: Lithuania | B37: 0.1030234 | C37: 0.10115779 | D37: 3.5337016 | E37: 0.36486828 | F37: 90.903143 | G37: 0.57783578 | H37: 5.4601315 | I37: 0.40031631 | J37: 0 | K37: c | L37: 0 | M37: c | N37: 0 | O37: c | P37: 1.2724962 | Q37: 0.21126508 | R37: 89.550373 | S37: 0.54326163 | T37: 9.1771305 | U37: 0.47160963 | V37: 0 | W37: c | X37: 0 | Y37: c
A38: Luxembourg | B38: 0.34063252 | C38: 0.11338623 | D38: 10.524678 | E38: 0.22000134 | F38: 51.034935 | G38: 0.26183899 | H38: 37.189055 | I38: 0.21913108 | J38: 0.91069965 | K38: 0.11310115 | L38: 0 | M38: c | N38: 0.34703655 | O38: 0.099852476 | P38: 9.3600714 | Q38: 0.21485814 | R38: 45.458666 | S38: 0.20417867 | T38: 43.587848 | U38: 0.25219124 | V38: 1.246378 | W38: 0.11374182 | X38: 0 | Y38: c
A39: Mexico | B39: 1.2827712 | C39: 0.24914722 | D39: 4.107148 | E39: 0.64670451 | F39: 18.506636 | G39: 1.0684771 | H39: 75.701015 | I39: 1.1095168 | J39: 0.31205431 | K39: 0.092997051 | L39: 0.090375927 | M39: 0.080819555 | N39: 0.6145847 | O39: 0.19058862 | P39: 1.8381688 | Q39: 0.42047161 | R39: 16.770758 | S39: 1.380944 | T39: 79.829345 | U39: 1.3715856 | V39: 0.78483524 | W39: 0.19349591 | X39: 0.1623083 | Y39: 0.10227858
A40: Netherlands | B40: 0.17135181 | C40: 0.094591341 | D40: 2.9679677 | E40: 0.42541956 | F40: 40.163927 | G40: 0.87192304 | H40: 55.721424 | I40: 0.99463294 | J40: 0.97532914 | K40: 0.19292998 | L40: 0 | M40: c | N40: 0 | O40: c | P40: 2.1646435 | Q40: 0.29740964 | R40: 33.434818 | S40: 0.96086189 | T40: 62.834819 | U40: 0.96634304 | V40: 1.5095344 | W40: 0.21061033 | X40: 0.056184784 | Y40: 0.055875303
A41: New Zealand | B41: 0 | C41: c | D41: 0 | E41: c | F41: 0.10947595 | G41: 0.06583281 | H41: 7.7086182 | I41: 0.58035344 | J41: 88.244207 | K41: 0.61762883 | L41: 3.9376985 | M41: 0.30269498 | N41: 0 | O41: c | P41: 0 | Q41: c | R41: 0.1103531 | S41: 0.063881944 | T41: 5.5427969 | U41: 0.42823652 | V41: 89.859565 | W41: 0.45335862 | X41: 4.4872852 | Y41: 0.35882975
A42: Norway | B42: 0 | C42: c | D42: 0 | E42: c | F42: 0.36184647 | G42: 0.11672029 | H42: 99.413356 | I42: 0.25261146 | J42: 0.22479769 | K42: 0.22457759 | L42: 0 | M42: c | N42: 0 | O42: c | P42: 0 | Q42: c | R42: 0.29960837 | S42: 0.11070767 | T42: 99.141147 | U42: 0.3295758 | V42: 0.55924489 | W42: 0.31394039 | X42: 0 | Y42: c
A43: Poland | B43: 0.61545207 | C43: 0.23170705 | D43: 4.4942651 | E43: 0.48568192 | F43: 93.935766 | G43: 0.65542 | H43: 0.95451689 | I43: 0.52581772 | J43: 0 | K43: c | L43: 0 | M43: c | N43: 0 | O43: c | P43: 1.7963263 | Q43: 0.2724054 | R43: 96.296353 | S43: 0.76816239 | T43: 1.9073207 | U43: 0.7216944 | V43: 0 | W43: c | X43: 0 | Y43: c
A44: Portugal | B44: 3.7330238 | C44: 0.41657169 | D44: 10.97721 | E44: 0.65379443 | F44: 22.943552 | G44: 1.2840787 | H44: 62.152545 | I44: 1.6326585 | J44: 0.19366868 | K44: 0.084331261 | L44: 0 | M44: c | N44: 1.9316326 | O44: 0.32252389 | P44: 6.236414 | Q44: 0.59071246 | R44: 17.938936 | S44: 0.8969053 | T44: 73.633208 | U44: 1.1568486 | V44: 0.25980918 | W44: 0.10591154 | X44: 0 | Y44: c
A45: Slovak Republic | B45: 1.9462687 | C45: 0.2921964 | D45: 4.73807 | E45: 0.44948911 | F45: 46.634256 | G45: 1.8423803 | H45: 45.2284 | I45: 1.8605549 | J45: 1.4530056 | K45: 0.52744243 | L45: 0 | M45: c | N45: 1.9199918 | O45: 0.28579756 | P45: 3.9285977 | Q45: 0.59882448 | R45: 34.954806 | S45: 1.5873902 | T45: 57.286029 | U45: 1.6191298 | V45: 1.9105748 | W45: 0.4840835 | X45: 0 | Y45: c
A46: Slovenia | B46: 0.23206344 | C46: 0.22862404 | D46: 0.80537831 | E46: 0.32993597 | F46: 8.2279005 | G46: 0.72807129 | H46: 90.453116 | I46: 0.78061614 | J46: 0.28154157 | K46: 0.11791744 | L46: 0 | M46: c | N46: 0.3775536 | O46: 0.30715161 | P46: 0.49576659 | Q46: 0.19750277 | R46: 4.0438685 | S46: 0.57543315 | T46: 94.498719 | U46: 0.6389773 | V46: 0.58409277 | W46: 0.19383221 | X46: 0 | Y46: c
A47: Spain | B47: 0.058277583 | C47: 0.028104782 | D47: 7.2468071 | E47: 0.34488906 | F47: 27.502088 | G47: 0.58560129 | H47: 65.128673 | I47: 0.70469232 | J47: 0.06415486 | K47: 0.031439186 | L47: 0 | M47: c | N47: 0.02409263 | O47: 0.012261091 | P47: 4.5071074 | Q47: 0.2623575 | R47: 20.605372 | S47: 0.45489409 | T47: 74.797901 | U47: 0.53043093 | V47: 0.065526835 | W47: 0.034384655 | X47: 0 | Y47: c
A48: Sweden | B48: 0 | C48: c | D48: 2.4367485 | E48: 0.36573676 | F48: 96.356696 | G48: 0.53146903 | H48: 1.2065551 | I48: 0.39202385 | J48: 0 | K48: c | L48: 0 | M48: c | N48: 0 | O48: c | P48: 1.7681253 | Q48: 0.2861888 | R48: 96.264697 | S48: 0.85009065 | T48: 1.9671778 | U48: 0.806802 | V48: 0 | W48: c | X48: 0 | Y48: c
A49: Switzerland | B49: 0.58572982 | C49: 0.17681057 | D49: 11.943708 | E49: 0.89007623 | F49: 60.541087 | G49: 1.4283981 | H49: 26.256561 | I49: 1.5559301 | J49: 0.65238698 | K49: 0.30767964 | L49: 0.020526546 | M49: 0.028925237 | N49: 0.35660737 | O49: 0.13749837 | P49: 8.3058886 | Q49: 0.64609334 | R49: 61.036904 | S49: 1.9347094 | T49: 29.579301 | U49: 1.9318488 | V49: 0.71640596 | W49: 0.40055038 | X49: 0.0048930953 | Y49: 0.0046949196
A50: Turkey | B50: 0.09231031 | C50: 0.067179143 | D50: 0.36924124 | E50: 0.15512494 | F50: 20.747031 | G50: 1.4681576 | H50: 76.481871 | I50: 1.4639327 | J50: 2.281871 | K50: 0.2890145 | L50: 0.02767538 | M50: 0.027692073 | N50: 0.04695587 | O50: 0.046666161 | P50: 0.51651457 | Q50: 0.26912704 | R50: 14.594513 | S50: 0.95902943 | T50: 81.079825 | U50: 0.9850477 | V50: 3.6207166 | W50: 0.39623526 | X50: 0.14147582 | Y50: 0.063466628
A51: United Kingdom | B51: 0 | C51: c | D51: 0 | E51: c | F51: 0 | G51: c | H51: 0.61984251 | I51: 0.48969959 | J51: 94.028535 | K51: 0.49111375 | L51: 5.3516228 | M51: 0.24814802 | N51: 0 | O51: c | P51: 0 | Q51: c | R51: 0.0023617275 | S51: 0.0023625185 | T51: 1.3812804 | U51: 0.79213052 | V51: 92.855943 | W51: 0.73635073 | X51: 5.7604146 | Y51: 0.32648528
A52: United States | B52: 0 | C52: c | D52: 0.19940775 | E52: 0.11433494 | F52: 8.8653453 | G52: 0.63631246 | H52: 73.456154 | I52: 0.82966214 | J52: 17.370881 | K52: 0.79617962 | L52: 0.1082114 | M52: 0.079385384 | N52: 0 | O52: c | P52: 0.026229461 | Q52: 0.026296904 | R52: 5.9759361 | S52: 0.54388363 | T52: 73.847014 | U52: 0.97089987 | V52: 19.992222 | W52: 0.85244597 | X52: 0.15859845 | Y52: 0.092541649
A53: Partners
A54: Albania | B54: 0.25232977 | C54: 0.10019193 | D54: 1.7119775 | E54: 0.40507531 | F54: 40.139581 | G54: 1.4852737 | H54: 57.553207 | I54: 1.4613809 | J54: 0.34290537 | K54: 0.11482933 | L54: 0 | M54: c | N54: 0.15804472 | O54: 0.092482519 | P54: 0.69207305 | Q54: 0.18947703 | R54: 32.895328 | S54: 1.633592 | T54: 65.529874 | U54: 1.6263915 | V54: 0.70016857 | W54: 0.1747685 | X54: 0.024511637 | Y54: 0.024558657
A55: Argentina | B55: 2.4397829 | C55: 0.54988137 | D55: 11.751765 | E55: 0.94276214 | F55: 24.491097 | G55: 0.97918528 | H55: 59.581544 | I55: 1.4886534 | J55: 1.7358115 | K55: 0.92148805 | L55: 0 | M55: c | N55: 1.8177547 | O55: 0.41231787 | P55: 7.9808831 | Q55: 0.72479614 | R55: 19.8771 | S55: 1.0440213 | T55: 68.368514 | U55: 1.5480165 | V55: 1.9523988 | W55: 1.0284741 | X55: 0.0033494318 | Y55: 0.0032101154
A56: Baku (Azerbaijan) | B56: 0.092979316 | C56: 0.053345698 | D56: 2.6203577 | E56: 0.87152494 | F56: 32.50098 | G56: 0.80546969 | H56: 63.851305 | I56: 1.2494465 | J56: 0.93437835 | K56: 0.18782414 | L56: 0 | M56: c | N56: 0.40140416 | O56: 0.17982371 | P56: 3.063629 | Q56: 1.0350342 | R56: 37.201736 | S56: 0.94703249 | T56: 58.906732 | U56: 1.3006317 | V56: 0.42649844 | W56: 0.096212993 | X56: 0 | Y56: c
A57: Belarus | B57: 0.10118665 | C57: 0.058071095 | D57: 1.10402 | E57: 0.22754917 | F57: 44.642981 | G57: 1.2280963 | H57: 54.151813 | I57: 1.2245255 | J57: 0 | K57: c | L57: 0 | M57: c | N57: 0.050172407 | O57: 0.05018096 | P57: 0.72343934 | Q57: 0.16641533 | R57: 40.84033 | S57: 1.2618494 | T57: 58.386058 | U57: 1.2947356 | V57: 0 | W57: c | X57: 0 | Y57: c
A58: Bosnia and Herzegovina | B58: 0.047575357 | C58: 0.049053828 | D58: 0.25802031 | E58: 0.12487799 | F58: 17.353723 | G58: 1.238654 | H58: 82.304693 | I58: 1.2352339 | J58: 0.035988423 | K58: 0.036100139 | L58: 0 | M58: c | N58: 0 | O58: c | P58: 0.18797824 | Q58: 0.11174377 | R58: 15.032677 | S58: 1.1946439 | T58: 84.527703 | U58: 1.2275695 | V58: 0.25164133 | W58: 0.13793675 | X58: 0 | Y58: c
A59: Brazil | B59: 5.3446389 | C59: 0.35817506 | D59: 10.221551 | E59: 0.69910933 | F59: 15.684198 | G59: 0.74537635 | H59: 32.506926 | I59: 0.8408181 | J59: 34.914841 | K59: 0.89214564 | L59: 1.3278452 | M59: 0.16921673 | N59: 2.7565332 | O59: 0.2666102 | P59: 5.9484451 | Q59: 0.519449 | R59: 11.37093 | S59: 0.64932977 | T59: 34.49507 | U59: 0.92630232 | V59: 43.715651 | W59: 0.88010965 | X59: 1.7133702 | Y59: 0.18490101
A60: Brunei Darussalam | B60: 0.058499549 | C60: 0.041314985 | D60: 0.72459234 | E60: 0.095985044 | F60: 7.3969007 | G60: 0.21600008 | H60: 59.635117 | I60: 0.25239207 | J60: 28.883138 | K60: 0.16611478 | L60: 3.3017525 | M60: 0.090568502 | N60: 0 | O60: c | P60: 0.20696607 | Q60: 0.078141378 | R60: 5.5153189 | S60: 0.18346082 | T60: 59.85147 | U60: 0.19730472 | V60: 29.56676 | W60: 0.17078775 | X60: 4.8594853 | Y60: 0.10120352
A61: B-S-J-Z (China) | B61: 0.27820382 | C61: 0.1101545 | D61: 1.7828914 | E61: 0.27425893 | F61: 41.07137 | G61: 1.8422514 | H61: 55.874535 | I61: 1.739005 | J61: 0.99300006 | K61: 0.20535429 | L61: 0 | M61: c | N61: 0.22627597 | O61: 0.10389216 | P61: 1.2575353 | Q61: 0.21659194 | R61: 36.024429 | S61: 1.6825896 | T61: 60.822869 | U61: 1.5897827 | V61: 1.5718862 | W61: 0.2404285 | X61: 0.097004235 | Y61: 0.048753785
A62: Bulgaria | B62: 0.15378732 | C62: 0.09073051 | D62: 3.2861281 | E62: 0.50282853 | F62: 93.212845 | G62: 0.63472762 | H62: 3.3145078 | I62: 0.33528667 | J62: 0.032731554 | K62: 0.032850527 | L62: 0 | M62: c | N62: 0.25189048 | O62: 0.10097993 | P62: 2.1368508 | Q62: 0.37679915 | R62: 92.305293 | S62: 0.60065059 | T62: 5.3059656 | U62: 0.4234784 | V62: 0 | W62: c | X62: 0 | Y62: c
A63: Costa Rica | B63: 6.1893498 | C63: 0.62645153 | D63: 15.320855 | E63: 0.84523752 | F63: 37.412838 | G63: 1.1916212 | H63: 41.010257 | I63: 1.3723402 | J63: 0.066700692 | K63: 0.045855831 | L63: 0 | M63: c | N63: 3.507021 | O63: 0.62603439 | P63: 12.303195 | Q63: 0.86955075 | R63: 35.572141 | S63: 1.2316172 | T63: 48.328705 | U63: 1.8336545 | V63: 0.2889378 | W63: 0.14800984 | X63: 0 | Y63: c
A64: Croatia | B64: 0.046649625 | C64: 0.046054189 | D64: 0.41984662 | E64: 0.24565681 | F64: 80.473238 | G64: 0.49750591 | H64: 19.060266 | I64: 0.5006926 | J64: 0 | K64: c | L64: 0 | M64: c | N64: 0.046036771 | O64: 0.048324124 | P64: 0.18414708 | Q64: 0.12624196 | R64: 77.266744 | S64: 0.5668265 | T64: 22.503072 | U64: 0.56682409 | V64: 0 | W64: c | X64: 0 | Y64: c
A65: Cyprus | B65: 0 | C65: c | D65: 0.19852296 | E65: 0.19489414 | F65: 5.1786325 | G65: 0.51064058 | H65: 93.695588 | I65: 0.56318647 | J65: 0.92725663 | K65: 0.10959382 | L65: 0 | M65: c | N65: 0 | O65: c | P65: 0 | Q65: c | R65: 3.4963846 | S65: 0.52793678 | T65: 95.147132 | U65: 0.48262228 | V65: 1.3564833 | W65: 0.13037196 | X65: 0 | Y65: c
A66: Dominican Republic | B66: 8.9416431 | C66: 0.97803011 | D66: 15.788885 | E66: 0.87221043 | F66: 25.706292 | G66: 0.97559355 | H66: 39.381315 | I66: 1.3596212 | J66: 9.3243194 | K66: 0.58432227 | L66: 0.85754447 | M66: 0.1823324 | N66: 3.8452746 | O66: 0.52291611 | P66: 9.1354287 | Q66: 0.8466929 | R66: 21.425169 | S66: 0.94487594 | T66: 48.194583 | U66: 1.2943903 | V66: 15.927956 | W66: 0.95953221 | X66: 1.4715885 | Y66: 0.2263642
A67: Georgia | B67: 0.032449671 | C67: 0.034229311 | D67: 0.5808788 | E67: 0.1926442 | F67: 15.707714 | G67: 0.70421885 | H67: 82.54026 | I67: 0.81865978 | J67: 1.138697 | K67: 0.23414973 | L67: 0 | M67: c | N67: 0.1457701 | O67: 0.0716866 | P67: 0.318549 | Q67: 0.11214162 | R67: 12.671105 | S67: 0.75304174 | T67: 85.942174 | U67: 0.75898544 | V67: 0.92240193 | W67: 0.19938232 | X67: 0 | Y67: c
A68: Hong Kong (China) | B68: 1.7116544 | C68: 0.37907952 | D68: 6.9021339 | E68: 0.60142044 | F68: 27.700417 | G68: 0.89045914 | H68: 62.892529 | I68: 1.1623367 | J68: 0.79326567 | K68: 0.56855644 | L68: 0 | M68: c | N68: 0.65369636 | O68: 0.13995729 | P68: 4.7780558 | Q68: 0.55963008 | R68: 24.479702 | S68: 1.118918 | T68: 69.287442 | U68: 1.2779733 | V68: 0.80110372 | W68: 0.48135992 | X68: 0 | Y68: c
A69: Indonesia | B69: 4.5439582 | C69: 1.4631682 | D69: 10.050901 | E69: 1.1900575 | F69: 35.245415 | G69: 2.4218335 | H69: 45.920554 | I69: 2.5618298 | J69: 3.0486917 | K69: 0.63071221 | L69: 1.1904803 | M69: 0.79517092 | N69: 2.3499035 | O69: 0.84095716 | P69: 6.2114178 | Q69: 0.95080541 | R69: 32.133005 | S69: 1.9945568 | T69: 52.467548 | U69: 2.5251359 | V69: 5.3224384 | W69: 0.87268752 | X69: 1.5156875 | Y69: 1.086975
A70: Jordan | B70: 0.29262147 | C70: 0.15468198 | D70: 1.5692315 | E70: 0.29356797 | F70: 10.887311 | G70: 0.78288074 | H70: 87.250836 | I70: 0.98292483 | J70: 0 | K70: c | L70: 0 | M70: c | N70: 0.14199794 | O70: 0.049343667 | P70: 1.6182944 | Q70: 0.2662036 | R70: 11.517077 | S70: 0.84940978 | T70: 86.722631 | U70: 0.90169313 | V70: 0 | W70: c | X70: 0 | Y70: c
A71: Kazakhstan | B71: 0.1182949 | C71: 0.034806518 | D71: 2.0169173 | E71: 0.18285507 | F71: 46.48502 | G71: 0.95213183 | H71: 50.644976 | I71: 0.99750286 | J71: 0.72678695 | K71: 0.10505564 | L71: 0.0080043068 | M71: 0.0080072161 | N71: 0.077873887 | O71: 0.043675977 | P71: 1.3993993 | Q71: 0.14654038 | R71: 41.268695 | S71: 0.89337364 | T71: 56.262883 | U71: 0.88807363 | V71: 0.96713669 | W71: 0.13905992 | X71: 0.02401264 | Y71: 0.018506426
A72: Kosovo | B72: 0 | C72: c | D72: 0.42462534 | E72: 0.13615856 | F72: 24.195058 | G72: 1.1492859 | H72: 73.918538 | I72: 1.1551302 | J72: 1.4454952 | K72: 0.24650768 | L72: 0.016282835 | M72: 0.016297819 | N72: 0 | O72: c | P72: 0.47056188 | Q72: 0.15157049 | R72: 22.28915 | S72: 0.96307158 | T72: 75.186507 | U72: 0.963223 | V72: 2.0537812 | W72: 0.2755605 | X72: 0 | Y72: c
A73: Lebanon | B73: 6.4150028 | C73: 0.70181205 | D73: 9.0060021 | E73: 0.71915165 | F73: 17.373611 | G73: 1.3569099 | H73: 56.952365 | I73: 1.5282128 | J73: 10.136845 | K73: 0.5248186 | L73: 0.11617412 | M73: 0.10903092 | N73: 4.3375168 | O73: 0.52227417 | P73: 7.9829208 | Q73: 0.69246034 | R73: 15.291473 | S73: 0.85611324 | T73: 59.353198 | U73: 1.1422607 | V73: 12.969671 | W73: 0.62010937 | X73: 0.06522104 | Y73: 0.061537303
A74: Macao (China) | B74: 2.5552535 | C74: 0.2229526 | D74: 12.044324 | E74: 0.2952443 | F74: 30.1608 | G74: 0.26831736 | H74: 54.191724 | I74: 0.3015039 | J74: 1.0478994 | K74: 0.1502895 | L74: 0 | M74: c | N74: 1.1924624 | O74: 0.170939 | P74: 6.7360826 | Q74: 0.27300983 | R74: 29.205794 | S74: 0.33343863 | T74: 61.787332 | U74: 0.35016231 | V74: 1.0249698 | W74: 0.22885097 | X74: 0.053359776 | Y74: 0.05334718
A75: Malaysia | B75: 0 | C75: c | D75: 0 | E75: c | F75: 6.4786973 | G75: 0.75960403 | H75: 93.190324 | I75: 0.75745236 | J75: 0.33097885 | K75: 0.12419152 | L75: 0 | M75: c | N75: 0 | O75: c | P75: 0 | Q75: c | R75: 4.5826263 | S75: 0.62381395 | T75: 95.194326 | U75: 0.61907265 | V75: 0.22304754 | W75: 0.05604406 | X75: 0 | Y75: c
A76: Malta | B76: 0 | C76: c | D76: 0 | E76: c | F76: 0.10468365 | G76: 0.074211648 | H76: 6.102298 | I76: 0.2509125 | J76: 93.736213 | K76: 0.25423044 | L76: 0.056804974 | M76: 0.056857187 | N76: 0 | O76: c | P76: 0 | Q76: c | R76: 0.1337865 | S76: 0.098001276 | T76: 4.6611446 | U76: 0.24598211 | V76: 95.041428 | W76: 0.2472373 | X76: 0.16364126 | Y76: 0.054687238
A77: Moldova | B77: 0.32291219 | C77: 0.11790101 | D77: 6.6964048 | E77: 0.61555611 | F77: 84.097876 | G77: 1.2490614 | H77: 8.8828066 | I77: 1.137607 | J77: 0 | K77: c | L77: 0 | M77: c | N77: 0.064048716 | O77: 0.0556802 | P77: 5.5969817 | Q77: 0.505596 | R77: 82.223119 | S77: 1.3729515 | T77: 12.088855 | U77: 1.4628218 | V77: 0.026995444 | W77: 0.027757743 | X77: 0 | Y77: c
A78: Montenegro | B78: 0 | C78: c | D78: 0 | E78: c | F78: 4.0403718 | G78: 0.55441805 | H78: 93.769301 | I78: 0.54989767 | J78: 2.1903277 | K78: 0.12951119 | L78: 0 | M78: c | N78: 0 | O78: c | P78: 0 | Q78: c | R78: 2.5948267 | S78: 0.47897737 | T78: 93.798541 | U78: 0.51026751 | V78: 3.6066324 | W78: 0.18513832 | X78: 0 | Y78: c
A79: Morocco | B79: 11.51107 | C79: 0.91470586 | D79: 17.64223 | E79: 1.1401051 | F79: 33.665012 | G79: 1.7445062 | H79: 31.220906 | I79: 2.5883422 | J79: 5.9607825 | K79: 0.66852659 | L79: 0 | M79: c | N79: 4.1117786 | O79: 0.44930244 | P79: 9.7700207 | Q79: 1.0720745 | R79: 30.353571 | S79: 2.2040663 | T79: 46.17616 | U79: 2.8603286 | V79: 9.5884702 | W79: 0.95788414 | X79: 0 | Y79: c
A80: North Macedonia | B80: 0 | C80: c | D80: 0.32580172 | E80: 0.14294038 | F80: 96.124003 | G80: 0.24765016 | H80: 3.5501948 | I80: 0.20322101 | J80: 0 | K80: c | L80: 0 | M80: c | N80: 0 | O80: c | P80: 0.063545509 | Q80: 0.048537012 | R80: 95.380997 | S80: 0.25053371 | T80: 4.555458 | U80: 0.25705492 | V80: 0 | W80: c | X80: 0 | Y80: c
A81: Panama | B81: 4.8849694 | C81: 0.65592229 | D81: 8.9405516 | E81: 0.93746686 | F81: 22.667165 | G81: 1.0917011 | H81: 60.575428 | I81: 1.6173462 | J81: 2.9018712 | K81: 0.40574769 | L81: 0.030015374 | M81: 0.03000682 | N81: 1.6344902 | O81: 0.42036037 | P81: 4.9100534 | Q81: 0.576732 | R81: 18.526683 | S81: 1.1099353 | T81: 70.139871 | U81: 1.5531947 | V81: 4.7558512 | W81: 0.57739846 | X81: 0.03305164 | Y81: 0.032909054
A82: Peru | B82: 2.2570083 | C82: 0.48190421 | D82: 6.6102071 | E82: 0.49595971 | F82: 15.736628 | G82: 0.69216139 | H82: 54.379778 | I82: 0.93141168 | J82: 21.016379 | K82: 0.68795711 | L82: 0 | M82: c | N82: 1.3764272 | O82: 0.24677395 | P82: 4.8159039 | Q82: 0.47085811 | R82: 12.888352 | S82: 0.63954404 | T82: 54.725535 | U82: 0.84338428 | V82: 26.193782 | W82: 0.81053227 | X82: 0 | Y82: c
A83: Philippines | B83: 5.777022 | C83: 0.52169406 | D83: 15.655022 | E83: 0.6676161 | F83: 51.418375 | G83: 0.95470503 | H83: 26.329425 | I83: 0.79272785 | J83: 0.75709207 | K83: 0.44806153 | L83: 0.063064467 | M83: 0.063044658 | N83: 3.4621724 | O83: 0.31732506 | P83: 10.316062 | Q83: 0.58395222 | R83: 50.735542 | S83: 0.74551054 | T83: 34.920739 | U83: 0.76384343 | V83: 0.53756774 | W83: 0.24196753 | X83: 0.027917392 | Y83: 0.027973854
A84: Qatar | B84: 1.6112601 | C84: 0.092081175 | D84: 5.43753 | E84: 0.12847569 | F84: 19.588395 | G84: 0.14079716 | H84: 61.342013 | I84: 0.16721835 | J84: 12.007151 | K84: 0.15654216 | L84: 0.01365201 | M84: 0.0096619493 | N84: 0.92994894 | O84: 0.0559796 | P84: 3.5581041 | Q84: 0.11322772 | R84: 16.269709 | S84: 0.14048966 | T84: 65.429541 | U84: 0.18815792 | V84: 13.755792 | W84: 0.15550151 | X84: 0.056903909 | Y84: 0.026559086
A85: Romania | B85: 0.83305789 | C85: 0.34160828 | D85: 7.294744 | E85: 1.221002 | F85: 78.46405 | G85: 1.189994 | H85: 13.408148 | I85: 0.53616951 | J85: 0 | K85: c | L85: 0 | M85: c | N85: 0.97829715 | O85: 0.38768837 | P85: 4.697384 | Q85: 0.94152794 | R85: 77.310716 | S85: 1.0412437 | T85: 16.978693 | U85: 0.61614121 | V85: 0.034910116 | W85: 0.035259453 | X85: 0 | Y85: c
A86: Russia | B86: 0.34291243 | C86: 0.069209018 | D86: 8.9135962 | E86: 0.50526415 | F86: 81.350499 | G86: 1.0540459 | H86: 9.3670067 | I86: 1.2735395 | J86: 0.02598532 | K86: 0.022153098 | L86: 0 | M86: c | N86: 0.35780903 | O86: 0.079328273 | P86: 6.5640097 | Q86: 0.45960828 | R86: 80.775105 | S86: 0.91345616 | T86: 12.110559 | U86: 1.1018661 | V86: 0.19251667 | W86: 0.084187274 | X86: 0 | Y86: c
A87: Saudi Arabia | B87: 1.2930457 | C87: 0.36394203 | D87: 4.4467824 | E87: 0.95434454 | F87: 13.734623 | G87: 2.7101609 | H87: 76.560342 | I87: 3.5099968 | J87: 3.9308908 | K87: 0.49746022 | L87: 0.034315993 | M87: 0.034416903 | N87: 1.0372774 | O87: 0.24405474 | P87: 2.7153787 | Q87: 0.58845782 | R87: 14.260663 | S87: 2.3444182 | T87: 78.423979 | U87: 2.8536846 | V87: 3.3379456 | W87: 0.36670439 | X87: 0.22475686 | Y87: 0.071144039
A88: Serbia | B88: 0.11349739 | C88: 0.11375376 | D88: 1.07865 | E88: 0.38640711 | F88: 88.169439 | G88: 0.55536155 | H88: 10.638414 | I88: 0.47951685 | J88: 0 | K88: c | L88: 0 | M88: c | N88: 0.11788758 | O88: 0.11770331 | P88: 0.48584114 | Q88: 0.16829805 | R88: 87.148669 | S88: 0.51739041 | T88: 12.247602 | U88: 0.49924319 | V88: 0 | W88: c | X88: 0 | Y88: c
A89: Singapore | B89: 0.034825215 | C89: 0.035249255 | D89: 1.0215711 | E89: 0.20562133 | F89: 8.2519775 | G89: 0.42710724 | H89: 90.153477 | I89: 0.5612226 | J89: 0.53814874 | K89: 0.21857843 | L89: 0 | M89: c | N89: 0.028122107 | O89: 0.028151147 | P89: 1.1878116 | Q89: 0.13508532 | R89: 6.9965702 | S89: 0.34823903 | T89: 91.493842 | U89: 0.51623832 | V89: 0.29365431 | W89: 0.16020893 | X89: 0 | Y89: c
A90: Chinese Taipei | B90: 0 | C90: c | D90: 0.064933472 | E90: 0.037683833 | F90: 36.380446 | G90: 1.3569404 | H90: 63.516868 | I90: 1.3678091 | J90: 0.037752816 | K90: 0.037424062 | L90: 0 | M90: c | N90: 0 | O90: c | P90: 0.18791478 | Q90: 0.081022793 | R90: 34.920326 | S90: 1.389144 | T90: 64.859746 | U90: 1.3663387 | V90: 0.03201258 | W90: 0.04511876 | X90: 0 | Y90: c
A91: Thailand | B91: 0.27567985 | C91: 0.12062341 | D91: 1.0157478 | E91: 0.18054157 | F91: 22.562429 | G91: 1.1229138 | H91: 74.314244 | I91: 1.2046248 | J91: 1.8318989 | K91: 0.30807534 | L91: 0 | M91: c | N91: 0.14487562 | O91: 0.066133179 | P91: 0.49422931 | Q91: 0.1688519 | R91: 17.626291 | S91: 0.99475172 | T91: 78.667867 | U91: 0.99549552 | V91: 3.0667368 | W91: 0.45513925 | X91: 0 | Y91: c
A92: Ukraine | B92: 0 | C92: c | D92: 0.75161619 | E92: 0.24284071 | F92: 44.93729 | G92: 1.5975433 | H92: 53.795752 | I92: 1.6151303 | J92: 0.51534228 | K92: 0.16120938 | L92: 0 | M92: c | N92: 0 | O92: c | P92: 0.3195118 | Q92: 0.18600398 | R92: 38.075451 | S92: 1.6829785 | T92: 60.742376 | U92: 1.6788558 | V92: 0.86266162 | W92: 0.2344252 | X92: 0 | Y92: c
A93: United Arab Emirates | B93: 0.57386496 | C93: 0.1096481 | D93: 1.979117 | E93: 0.2046566 | F93: 10.684719 | G93: 0.37760247 | H93: 56.459056 | I93: 0.88870656 | J93: 28.565025 | K93: 0.63134752 | L93: 1.7382177 | M93: 0.20990197 | N93: 0.13024741 | O93: 0.024155593 | P93: 0.97408453 | Q93: 0.11264533 | R93: 8.4966826 | S93: 0.32138112 | T93: 57.096538 | U93: 0.61504424 | V93: 31.27791 | W93: 0.65659857 | X93: 2.0245367 | Y93: 0.17603579
A94: Uruguay | B94: 5.2274271 | C94: 0.73106652 | D94: 12.880906 | E94: 0.80738343 | F94: 22.888769 | G94: 1.0865768 | H94: 58.546037 | I94: 1.5292085 | J94: 0.45686081 | K94: 0.14159402 | L94: 0 | M94: c | N94: 3.253736 | O94: 0.46607312 | P94: 9.7335959 | Q94: 0.53716231 | R94: 18.376383 | S94: 0.77924958 | T94: 67.863463 | U94: 1.0043593 | V94: 0.77282202 | W94: 0.15483838 | X94: 0 | Y94: c
A95: Viet Nam | B95: 0.48266923 | C95: 0.2248643 | D95: 1.1973963 | E95: 0.50019603 | F95: 5.7441085 | G95: 1.7681201 | H95: 92.540857 | I95: 2.3037684 | J95: 0.034968948 | K95: 0.035216219 | L95: 0 | M95: c | N95: 0.045638487 | O95: 0.046617508 | P95: 0.38426544 | Q95: 0.20303902 | R95: 2.5566265 | S95: 0.76694998 | T95: 97.01347 | U95: 0.9411891 | V95: 0 | W95: c | X95: 0 | Y95: c
A103: Information on data for Cyprus: https://oe.cd/cyprus-disclaimer
A104: Note: The grade level was not recorded for a number of students in six countries (Argentina, Belgium, Latvia, Portugal, Ukraine and Viet Nam). This table presents the grade level distribution of students whose grade levels were recorded.

Sheet Table I.A2.14
A1: PISA 2018 Results (Volume I) - © OECD 2019
A2: Annex A2 | B2: Annex A2 The PISA target population, the PISA samples, and the definition of schools
A3: Version 4 - Last updated: 13-Oct-2020
A4: Disclaimer: http://oe.cd/disclaimer
A6: Table I.A2.14
A7: Percentage of students, including those with missing information, at each grade level in adjudicated regions, by gender
B12: Boys | P12: Girls
B13: 7th grade | D13: 8th grade | F13: 9th grade | H13: 10th grade | J13: 11th grade | L13: 12th grade and above | N13: Information unavailable | P13: 7th grade | R13: 8th grade | T13: 9th grade | V13: 10th grade | X13: 11th grade | Z13: 12th grade and above | AB13: Information unavailable
B14: % | C14: S.E. | D14: % | E14: S.E. | F14: % | G14: S.E. | H14: % | I14: S.E. | J14: % | K14: S.E. | L14: % | M14: S.E. | N14: % | O14: S.E. | P14: % | Q14: S.E. | R14: % | S14: S.E. | T14: % | U14: S.E. | V14: % | W14: S.E. | X14: % | Y14: S.E. | Z14: % | AA14: S.E. | AB14: % | AC14: S.E.
A15: OECD
A16: Belgium
A17: Flemish community* | B17: 0.36951132 | C17: 0.27197505 | D17: 4.2934933 | E17: 0.86146617 | F17: 23.787728 | G17: 1.201531 | H17: 70.441094 | I17: 1.2902599 | J17: 1.1081735 | K17: 0.21940846 | L17: 0 | M17: c | N17: 0 | O17: c | P17: 0.26362574 | Q17: 0.11455922 | R17: 3.1794502 | S17: 0.46791148 | T17: 21.412027 | U17: 1.0618306 | V17: 73.762697 | W17: 1.263627 | X17: 1.3822005 | Y17: 0.22066585 | Z17: 0 | AA17: c | AB17: 0 | AC17: c
A18: United Kingdom
A19: Excluding Scotland* | B19: m | C19: m | D19: m | E19: m | F19: m | G19: m | H19: m | I19: m | J19: m | K19: m | L19: m | M19: m | N19: m | O19: m | P19: m | Q19: m | R19: m | S19: m | T19: m | U19: m | V19: m | W19: m | X19: m | Y19: m | Z19: m | AA19: m | AB19: m | AC19: m
A20: Scotland* | B20: 0 | C20: c | D20: 0 | E20: c | F20: 0 | G20: c | H20: 0.43928581 | I20: 0.13088549 | J20: 52.17803 | K20: 1.192956 | L20: 47.382684 | M20: 1.159972 | N20: 0 | O20: c | P20: 0 | Q20: c | R20: 0 | S20: c | T20: 0 | U20: c | V20: 0.062036942 | W20: 0.059944242 | X20: 47.051791 | Y20: 1.162608 | Z20: 52.886172 | AA20: 1.1580758 | AB20: 0 | AC20: c
A21: Partners
A22: Argentina
A23: Ciudad Autónoma de Buenos Aires* | B23: 0 | C23: c | D23: 3.1902547 | E23: 0.52698045 | F23: 20.25647 | G23: 1.2587223 | H23: 76.170405 | I23: 1.4980349 | J23: 0.38287104 | K23: 0.17258811 | L23: 0 | M23: c | N23: 0 | O23: c | P23: 0 | Q23: c | R23: 1.4007361 | S23: 0.39011281 | T23: 18.079308 | U23: 2.516104 | V23: 80.009471 | W23: 2.5372078 | X23: 0.5104847 | Y23: 0.21634977 | Z23: 0 | AA23: c | AB23: 0 | AC23: c
A24: Córdoba* | B24: 1.0363973 | C24: 0.28841053 | D24: 7.3733449 | E24: 1.1234695 | F24: 19.354415 | G24: 1.5093359 | H24: 71.581558 | I24: 2.1218748 | J24: 0.65428414 | K24: 0.56150609 | L24: 0 | M24: c | N24: 0 | O24: c | P24: 0.72090295 | Q24: 0.28456294 | R24: 5.5888837 | S24: 0.85668937 | T24: 16.639422 | U24: 1.11943 | V24: 76.29228 | W24: 1.7343903 | X24: 0.75851124 | Y24: 0.49758904 | Z24: 0 | AA24: c | AB24: 0 | AC24: c
A25: Provincia de Buenos Aires* | B25: 1.5575094 | C25: 0.38595043 | D25: 11.220793 | E25: 1.7315154 | F25: 22.512035 | G25: 1.7964956 | H25: 61.392709 | I25: 2.8016311 | J25: 3.3169534 | K25: 2.4004064 | L25: 0 | M25: c | N25: 0 | O25: c | P25: 1.9350782 | Q25: 0.39774987 | R25: 7.2334064 | S25: 1.1864887 | T25: 19.362491 | U25: 1.8413331 | V25: 67.879407 | W25: 3.0645147 | X25: 3.5896175 | Y25: 2.7301727 | Z25: 0 | AA25: c | AB25: 0 | AC25: c
A26: Tucumán* | B26: 1.1035408 | C26: 0.38226363 | D26: 9.5706154 | E26: 1.2089967 | F26: 25.131853 | G26: 1.8473768 | H26: 60.464079 | I26: 2.7330292 | J26: 3.4266871 | K26: 1.6021775 | L26: 0 | M26: c | N26: 0.30322483 | O26: 0.30105947 | P26: 0.70530772 | Q26: 0.23102781 | R26: 6.295299 | S26: 0.70234906 | T26: 17.179396 | U26: 1.2341503 | V26: 72.149866 | W26: 2.1654679 | X26: 3.5890436 | Y26: 1.7256091 | Z26: 0.081087175 | AA26: 0.078089551 | AB26: 0 | AC26: c
A27: Russia
A28: Moscow City* | B28: 0.33296759 | C28: 0.10512083 | D28: 8.1449115 | E28: 0.51354529 | F28: 82.434207 | G28: 0.51803979 | H28: 9.0151466 | I28: 0.58699322 | J28: 0.072767639 | K28: 0.049728028 | L28: 0 | M28: c | N28: 0 | O28: c | P28: 0.13559655 | Q28: 0.067940285 | R28: 6.4241468 | S28: 0.31039779 | T28: 82.840038 | U28: 0.5368513 | V28: 10.460737 | W28: 0.46194691 | X28: 0.13948118 | Y28: 0.068101056 | Z28: 0 | AA28: c | AB28: 0 | AC28: c
A29: Moscow region* | B29: 0.17687211 | C29: 0.17563143 | D29: 7.4553741 | E29: 0.76622224 | F29: 84.10448 | G29: 1.0827227 | H29: 8.2632743 | I29: 1.0907104 | J29: 0 | K29: c | L29: 0 | M29: c | N29: 0 | O29: c | P29: 0.10589813 | Q29: 0.10504142 | R29: 4.8471381 | S29: 0.84047712 | T29: 86.509865 | U29: 1.2584901 | V29: 8.3821297 | W29: 1.0642476 | X29: 0.15496885 | Y29: 0.13186995 | Z29: 0 | AA29: c | AB29: 0 | AC29: c
A30: Tatarstan* | B30: 0.030355197 | C30: 0.030388517 | D30: 11.280222 | E30: 0.66317667 | F30: 84.878978 | G30: 0.87979066 | H30: 3.8104444 | I30: 0.7574414 | J30: 0 | K30: c | L30: 0 | M30: c | N30: 0 | O30: c | P30: 0.12098529 | Q30: 0.074240295 | R30: 7.8915042 | S30: 0.58604637 | T30: 86.728386 | U30: 0.76388632 | V30: 5.2591249 | W30: 0.64966105 | X30: 0 | Y30: c | Z30: 0 | AA30: c | AB30: 0 | AC30: c
A35: *PISA adjudicated region

Sheet Table I.A2.15
A1: PISA 2018 Results (Volume I) - © OECD 2019
A2: Annex A2 | B2: Annex A2 The PISA target population, the PISA samples, and the definition of schools
A3: Version 4 - Last updated: 13-Oct-2020
A4: Disclaimer: http://oe.cd/disclaimer
A6: Table I.A2.15
A7: Percentage of students at each grade level in adjudicated regions, by gender
B12: Boys | N12: Girls
B13: 7th grade | D13: 8th grade | F13: 9th grade | H13: 10th grade | J13: 11th grade | L13: 12th grade and above | N13: 7th grade | P13: 8th grade | R13: 9th grade | T13: 10th grade | V13: 11th grade | X13: 12th grade and above
B14: % | C14: S.E. | D14: % | E14: S.E. | F14: % | G14: S.E. | H14: % | I14: S.E. | J14: % | K14: S.E. | L14: % | M14: S.E. | N14: % | O14: S.E. | P14: % | Q14: S.E. | R14: % | S14: S.E. | T14: % | U14: S.E. | V14: % | W14: S.E. | X14: % | Y14: S.E.
A15: OECD
A16: Belgium
A17: Flemish community* | B17: 0.36951132 | C17: 0.27197505 | D17: 4.2934933 | E17: 0.86146617 | F17: 23.787728 | G17: 1.201531 | H17: 70.441094 | I17: 1.2902599 | J17: 1.1081735 | K17: 0.21940846 | L17: 0 | M17: c | N17: 0.26362574 | O17: 0.11455922 | P17: 3.1794502 | Q17: 0.46791148 | R17: 21.412027 | S17: 1.0618306 | T17: 73.762697 | U17: 1.263627 | V17: 1.3822005 | W17: 0.22066585 | X17: 0 | Y17: c
A18: United Kingdom
A19: Excluding Scotland* | B19: m | C19: m | D19: m | E19: m | F19: m | G19: m | H19: m | I19: m | J19: m | K19: m | L19: m | M19: m | N19: m | O19: m | P19: m | Q19: m | R19: m | S19: m | T19: m | U19: m | V19: m | W19: m | X19: m | Y19: m
A20: Scotland* | B20: 0 | C20: c | D20: 0 | E20: c | F20: 0 | G20: c | H20: 0.43928581 | I20: 0.13088549 | J20: 52.17803 | K20: 1.192956 | L20: 47.382684 | M20: 1.159972 | N20: 0 | O20: c | P20: 0 | Q20: c | R20: 0 | S20: c | T20: 0.062036942 | U20: 0.059944242 | V20: 47.051791 | W20: 1.162608 | X20: 52.886172 | Y20: 1.1580758
A21: Partners
A22: Argentina
A23: Ciudad Autónoma de Buenos Aires* | B23: 0 | C23: c | D23: 3.1902547 | E23: 0.52698045 | F23: 20.25647 | G23: 1.2587223 | H23: 76.170405 | I23: 1.4980349 | J23: 0.38287104 | K23: 0.17258811 | L23: 0 | M23: c | N23: 0 | O23: c | P23: 1.4007361 | Q23: 0.39011281 | R23: 18.079308 | S23: 2.516104 | T23: 80.009471 | U23: 2.5372078 | V23: 0.5104847 | W23: 0.21634977 | X23: 0 | Y23: c
A24: Córdoba* | B24: 1.0363973 | C24: 0.28841053 | D24: 7.3733449 | E24: 1.1234695 | F24: 19.354415 | G24: 1.5093359 | H24: 71.581558 | I24: 2.1218748 | J24: 0.65428414 | K24: 0.56150609 | L24: 0 | M24: c | N24: 0.72090295 | O24: 0.28456294 | P24: 5.5888837 | Q24: 0.85668937 | R24: 16.639422 | S24: 1.11943 | T24: 76.29228 | U24: 1.7343903 | V24: 0.75851124 | W24: 0.49758904 | X24: 0 | Y24: c
A25: Provincia de Buenos Aires* | B25: 1.5575094 | C25: 0.38595043 | D25: 11.220793 | E25: 1.7315154 | F25: 22.512035 | G25: 1.7964956 | H25: 61.392709 | I25: 2.8016311 | J25: 3.3169534 | K25: 2.4004064 | L25: 0 | M25: c | N25: 1.9350782 | O25: 0.39774987 | P25: 7.2334064 | Q25: 1.1864887 | R25: 19.362491 | S25: 1.8413331 | T25: 67.879407 | U25: 3.0645147 | V25: 3.5896175 | W25: 2.7301727 | X25: 0 | Y25: c
A26: Tucumán* | B26: 1.1068972 | C26: 0.38332088 | D26: 9.5997241 | E26: 1.2040315 | F26: 25.208291 | G26: 1.8242158 | H26: 60.647979 | I26: 2.8040677 | J26: 3.4371093 | K26: 1.6068285 | L26: 0 | M26: c | N26: 0.70530772 | O26: 0.23102781 | P26: 6.295299 | Q26: 0.70234906 | R26: 17.179396 | S26: 1.2341503 | T26: 72.149866 | U26: 2.1654679 | V26: 3.5890436 | W26: 1.7256091 | X26: 0.081087175 | Y26: 0.078089551
A27: Russia
A28: Moscow City* | B28: 0.33296759 | C28: 0.10512083 | D28: 8.1449115 | E28: 0.51354529 | F28: 82.434207 | G28: 0.51803979 | H28: 9.0151466 | I28: 0.58699322 | J28: 0.072767639 | K28: 0.049728028 | L28: 0 | M28: c | N28: 0.13559655 | O28: 0.067940285 | P28: 6.4241468 | Q28: 0.31039779 | R28: 82.840038 | S28: 0.5368513 | T28: 10.460737 | U28: 0.46194691 | V28: 0.13948118 | W28: 0.068101056 | X28: 0 | Y28: c
A29: Moscow region* | B29: 0.17687211 | C29: 0.17563143 | D29: 7.4553741 | E29: 0.76622224 | F29: 84.10448 | G29: 1.0827227 | H29: 8.2632743 | I29: 1.0907104 | J29: 0 | K29: c | L29: 0 | M29: c | N29: 0.10589813 | O29: 0.10504142 | P29: 4.8471381 | Q29: 0.84047712 | R29: 86.509865 | S29: 1.2584901 | T29: 8.3821297 | U29: 1.0642476 | V29: 0.15496885 | W29: 0.13186995 | X29: 0 | Y29: c
A30: Tatarstan* | B30: 0.030355197 | C30: 0.030388517 | D30: 11.280222 | E30: 0.66317667 | F30: 84.878978 | G30: 0.87979066 | H30: 3.8104444 | I30: 0.7574414 | J30: 0 | K30: c | L30: 0 | M30: c | N30: 0.12098529 | O30: 0.074240295 | P30: 7.8915042 | Q30: 0.58604637 | R30: 86.728386 | S30: 0.76388632 | T30: 5.2591249 | U30: 0.64966105 | V30: 0 | W30: c | X30: 0 | Y30: c
A35: *PISA adjudicated region
