Workbook
Name _: [1]EAT12_1!#REF!,[1]EAT12_1!#REF!,[1]EAT12_1!#REF!,[1]EAT12_1!#REF!,[1]EAT12_1!#REF!,[1]EAT12_1!#REF!,[1]EAT12_1!#REF!,[1]EAT12_1!#REF!,[1]EAT12_1!#REF!,[1]EAT12_1!#REF!
Name _: [1]EAT12_1!#REF!,[1]EAT12_1!#REF!,[1]EAT12_1!#REF!,[1]EAT12_1!#REF!,[1]EAT12_1!#REF!,[1]EAT12_1!#REF!,[1]EAT12_1!#REF!,[1]EAT12_1!#REF!,[1]EAT12_1!#REF!,[1]EAT12_1!#REF!
Name _______ISC3: [2]ISC01!$B:$B+[3]Q_ISC3!$1:$23
Name ______ISC3: [2]ISC01!$B:$B+[3]Q_ISC3!$1:$23
Name _____ISC3: [2]ISC01!$B:$B+[3]Q_ISC3!$1:$23
Name ____ISC3: [2]ISC01!$B:$B+[3]Q_ISC3!$1:$23
Name ___ISC3: [2]ISC01!$B:$B+[3]Q_ISC3!$1:$23
Name __ISC3: [2]ISC01!$B:$B+[3]Q_ISC3!$1:$23
Name _6Y: [1]EAT12_1!#REF!,[1]EAT12_1!#REF!,[1]EAT12_1!#REF!,[1]EAT12_1!#REF!,[1]EAT12_1!#REF!,[1]EAT12_1!#REF!,[1]EAT12_1!#REF!,[1]EAT12_1!#REF!,[1]EAT12_1!#REF!,[1]EAT12_1!#REF!
Name _6Y: [1]EAT12_1!#REF!,[1]EAT12_1!#REF!,[1]EAT12_1!#REF!,[1]EAT12_1!#REF!,[1]EAT12_1!#REF!,[1]EAT12_1!#REF!,[1]EAT12_1!#REF!,[1]EAT12_1!#REF!,[1]EAT12_1!#REF!,[1]EAT12_1!#REF!
Name _ISC3: [2]ISC01!$B:$B+[3]Q_ISC3!$1:$23
Name calcul: '[6]Calcul_B1.1'!$A$1:$L$37
Name POpula: [8]POpula!$A$1:$I$1559
Name SPSS: [9]Figure5.6!$B$2:$X$30
Name toto: [10]Data5.11a!$B$3:$C$34

Sheet TOC
A1: PISA 2018 Results (Volume II) - © OECD 2019
A2: Annex B1 | B2: Annex B1.9 Results (tables): Immigrant background and students’ performance
A3: Version 2 - Last updated: 02-Dec-2019
A4: Disclaimer: http://oe.cd/disclaimer
A6: TOC | B6: PISA 2018 Results - Volume II
A8: Chapter 9 | B8: Immigrant background and students’ performance
A9: Tables
A11: ='Table II.B1.9.1'!A6 -> Table II.B1.9.1 | B11: ='Table II.B1.9.1'!$A$7 -> Socio-economic status, by immigrant background
A12: ='Table II.B1.9.2'!A6 -> Table II.B1.9.2 | B12: ='Table II.B1.9.2'!$A$7 -> Language spoken at home, by immigrant background
A13: ='Table II.B1.9.3'!A6 -> Table II.B1.9.3 | B13: ='Table II.B1.9.3'!$A$7 -> Mean reading performance and academic resilience, by immigrant background
A14: ='Table II.B1.9.4'!A6 -> Table II.B1.9.4 | B14: ='Table II.B1.9.4'!$A$7 -> Low performance in reading, by immigrant background
A15: ='Table II.B1.9.5'!A6 -> Table II.B1.9.5 | B15: ='Table II.B1.9.5'!$A$7 -> Students who expect to complete tertiary education, by immigrant background
A16: ='Table II.B1.9.6'!A6 -> Table II.B1.9.6 | B16: ='Table II.B1.9.6'!$A$7 -> Percentage of academically resilient immigrant students, by quarter of key indices
A17: ='Table II.B1.9.7'!A6 -> Table II.B1.9.7 | B17: ='Table II.B1.9.7'!$A$7 -> Average of key student attitudes, by academic resilience
A18: ='Table II.B1.9.8'!A6 -> Table II.B1.9.8 | B18: ='Table II.B1.9.8'!$A$7 -> Students' well-being, by immigrant background
A19: ='Table II.B1.9.9'!A6 -> Table II.B1.9.9 | B19: ='Table II.B1.9.9'!$A$7 -> Change between 2009 and 2018 in the percentage of students with an immigrant background
A20: ='Table II.B1.9.10'!A6 -> Table II.B1.9.10 | B20: ='Table II.B1.9.10'!$A$7 -> Change between 2009 and 2018 in the reading performance of students with an immigrant background
A21: ='Table II.B1.9.11'!A6 -> Table II.B1.9.11 | B21: ='Table II.B1.9.11'!$A$7 -> Concentration of immigrant students in schools
A25: Symbols for missing data
A26: c: There were too few observations to provide reliable estimates (i.e. there were fewer than 30 students or fewer than 5 schools with valid data).
A27: m: Data are not available. There was no observation in the sample; these data were not collected by the country; or these data were collected but subsequently removed from the publication for technical reasons.
A28: w: Results were withdrawn at the request of the country concerned.
A30: OECD averages
A31: OECD average, OECD average-37 | B31: Arithmetic mean across all OECD Member countries (and Colombia).
A32: OECD average-36a | B32: Arithmetic mean across all OECD Member countries (and Colombia), excluding Spain.
A33: OECD average-36b | B33: Arithmetic mean across all OECD Member countries (and Colombia), excluding Austria.
A34: OECD average-35a | B34: Arithmetic mean across all OECD Member countries (and Colombia), excluding Austria and Spain.
A36: Note
A37: Information on data for Cyprus: https://oe.cd/cyprus-disclaimer

Sheet Table II.B1.9.1
A1: PISA 2018 Results (Volume II) - © OECD 2019
A2: Annex B1 | B2: Annex B1.9 Results (tables): Immigrant background and students’ performance
A3: Version 2 - Last updated: 02-Dec-2019
A4: Disclaimer: http://oe.cd/disclaimer
A6: Table II.B1.9.1
A7: Socio-economic status, by immigrant background
A8: Based on students' reports
B12: Percentage of immigrant students | E12: Students' socio-economic status (ESCS) | Q12: Percentage of disadvantaged students1 | AC12: Percentage of advantaged students2
E13: Non-immigrant students | H13: Immigrant students | K13: Second-generation immigrant students | N13: First-generation immigrant students | Q13: Non-immigrant | T13: Immigrant | W13: Second-generation immigrant | Z13: First-generation immigrant | AC13: Non-immigrant | AF13: Immigrant | AI13: Second-generation immigrant | AL13: First-generation immigrant
B14: % | C14: S.E. | D14: s | E14: Mean index | F14: S.E. | G14: s | H14: Mean index | I14: S.E. | J14: s | K14: Mean index | L14: S.E. | M14: s | N14: Mean index | O14: S.E. | P14: s | Q14: % | R14: S.E. | S14: s | T14: % | U14: S.E. | V14: s | W14: % | X14: S.E. | Y14: s | Z14: % | AA14: S.E. | AB14: s | AC14: % | AD14: S.E. | AE14: s | AF14: % | AG14: S.E. | AH14: s | AI14: % | AJ14: S.E. | AK14: s | AL14: % | AM14: S.E. | AN14: s
A15: OECD
A16: Australia | B16: 27.708763 | C16: 0.84465676 | E16: 0.32305747 | F16: 0.014593513 | H16: 0.30979036 | I16: 0.031466425 | K16: 0.30290287 | L16: 0.034974924 | N16: 0.31634007 | O16: 0.039017975 | Q16: 24.655072 | R16: 0.65623097 | T16: 25.357487 | U16: 1.3676533 | W16: 26.844219 | X16: 1.7040073 | Z16: 23.943668 | AA16: 1.5230141 | AC16: 25.142158 | AD16: 0.60488735 | AF16: 25.147367 | AG16: 0.95613847 | AI16: 23.374674 | AJ16: 1.1160294 | AL16: 26.833123 | AM16: 1.3861304
A17: Austria | B17: 22.686235 | C17: 1.1527353 | E17: 0.16765104 | F17: 0.016702574 | H17: -0.50710657 | I17: 0.028544783 | K17: -0.53410089 | L17: 0.030701666 | N17: -0.45519889 | O17: 0.056809488 | Q17: 17.883371 | R17: 0.71961571 | T17: 49.029747 | U17: 1.556668 | W17: 48.688817 | X17: 1.8527656 | Z17: 49.685324 | AA17: 2.6902116 | AC17: 28.83031 | AD17: 0.88622769 | AF17: 11.710718 | AG17: 0.86812378 | AI17: 9.0780124 | AJ17: 0.91000044 | AL17: 16.773178 | AM17: 1.6790542
A18: Belgium | B18: 18.059455 | C18: 0.8584751 | E18: 0.1932849 | F18: 0.01742347 | H18: -0.45160943 | I18: 0.037686551 | K18: -0.42801682 | L18: 0.032413064 | N18: -0.48241614 | O18: 0.069575587 | Q18: 20.482619 | R18: 0.68197042 | T18: 43.933765 | U18: 1.7468384 | W18: 42.73928 | X18: 1.8778163 | Z18: 45.493497 | AA18: 2.7941706 | AC18: 28.199495 | AD18: 0.74988366 | AF18: 11.580407 | AG18: 1.0472458 | AI18: 10.81519 | AJ18: 1.0382242 | AL18: 12.57961 | AM18: 1.6698537
A19: Canada | B19: 34.969966 | C19: 1.4227691 | E19: 0.45103423 | F19: 0.014122474 | H19: 0.36883745 | I19: 0.02816572 | K19: 0.35929271 | L19: 0.033258818 | N19: 0.37884379 | O19: 0.033311323 | Q19: 23.398017 | R19: 0.59086282 | T19: 27.3124 | U19: 1.3005911 | W19: 28.277233 | X19: 1.678225 | Z19: 26.300907 | AA19: 1.4297833 | AC19: 25.789762 | AD19: 0.75471729 | AF19: 23.597649 | AG19: 1.0451171 | AI19: 23.655935 | AJ19: 1.3959772 | AL19: 23.536545 | AM19: 1.2496227
A20: Chile | B20: 3.3908615 | C20: 0.38959487 | E20: -0.56648428 | F20: 0.027851757 | H20: -0.77108255 | I20: 0.089456021 | K20: -0.24022539 | L20: 0.18771126 | N20: -0.90727907 | O20: 0.10591562 | Q20: 24.243654 | R20: 1.0042866 | T20: 37.749999 | U20: 3.8186489 | W20: 21.506954 | X20: 8.1504853 | Z20: 41.917308 | AA20: 5.2318527 | AC20: 25.540923 | AD20: 1.0155964 | AF20: 21.475547 | AG20: 3.2364166 | AI20: 35.77406 | AJ20: 7.3700242 | AL20: 17.807125 | AM20: 3.4562252
A21: Colombia | B21: 0.55659208 | C21: 0.12058001 | E21: -1.1808829 | F21: 0.044758798 | H21: -1.6247984 | I21: 0.32376165 | K21: c | L21: c | N21: c | O21: c | Q21: 24.682446 | R21: 1.3083263 | T21: 53.771044 | U21: 7.8978314 | W21: m | X21: m | Z21: m | AA21: m | AC21: 25.079745 | AD21: 1.2171089 | AF21: 24.081953 | AG21: 7.2688286 | AI21: m | AJ21: m | AL21: m | AM21: m
A22: Czech Republic | B22: 4.1464036 | C22: 0.38608927 | E22: -0.1957662 | F22: 0.01727141 | H22: -0.4832509 | I22: 0.099164074 | K22: -0.5470877 | L22: 0.11841798 | N22: -0.42262146 | O22: 0.16399796 | Q22: 24.168284 | R22: 0.81695473 | T22: 41.584724 | U22: 3.9161963 | W22: 44.455096 | X22: 5.6402945 | Z22: 38.85857 | AA22: 4.6172263 | AC22: 25.222868 | AD22: 0.76171316 | AF22: 19.477544 | AG22: 2.9163574 | AI22: 17.757815 | AJ22: 3.9752479 | AL22: 21.11087 | AM22: 3.6254361
A23: Denmark | B23: 10.653251 | C23: 0.43829698 | E23: 0.59646765 | F23: 0.015168411 | H23: -0.13642186 | I23: 0.039013428 | K23: -0.14915405 | L23: 0.038307064 | N23: -0.089004775 | O23: 0.090551901 | Q23: 21.176325 | R23: 0.81528609 | T23: 56.514699 | U23: 1.9185515 | W23: 57.002783 | X23: 1.9926461 | Z23: 54.696982 | AA23: 4.3578405 | AC23: 26.869177 | AD23: 0.84362099 | AF23: 10.124243 | AG23: 1.2232184 | AI23: 9.7531975 | AJ23: 1.3734875 | AL23: 11.506089 | AM23: 2.640677
A24: Estonia | B24: 10.392583 | C24: 0.46505303 | E24: 0.078719499 | F24: 0.016363207 | H24: 0.092634669 | I24: 0.040518434 | K24: 0.075662068 | L24: 0.037559692 | N24: 0.31508268 | O24: 0.19726478 | Q24: 25.177321 | R24: 0.76977604 | T24: 23.978915 | U24: 2.1484897 | W24: 24.53868 | X24: 2.1540913 | Z24: 16.642469 | AA24: 6.3342119 | AC24: 25.301572 | AD24: 0.80265976 | AF24: 23.055251 | AG24: 1.9663178 | AI24: 21.952655 | AJ24: 1.972935 | AL24: 37.50621 | AM24: 9.3652988
A25: Finland | B25: 5.7757806 | C25: 0.47656616 | E25: 0.33048823 | F25: 0.018389489 | H25: -0.23527832 | I25: 0.073514966 | K25: -0.13689668 | L25: 0.081338249 | N25: -0.30850926 | O25: 0.10165931 | Q25: 23.749811 | R25: 0.80537355 | T25: 45.332059 | U25: 3.2175172 | W25: 42.428378 | X25: 4.043797 | Z25: 47.493431 | AA25: 4.268274 | AC25: 25.817664 | AD25: 1.0404929 | AF25: 13.054513 | AG25: 2.2104778 | AI25: 13.874951 | AJ25: 3.3220125 | AL25: 12.443815 | AM25: 2.8288438
A26: France | B26: 14.292398 | C26: 0.93597143 | E26: 0.061388335 | F26: 0.018687842 | H26: -0.58143621 | I26: 0.045863494 | K26: -0.57380791 | L26: 0.054998587 | N26: -0.59721215 | O26: 0.074029399 | Q26: 21.227013 | R26: 0.86154386 | T26: 46.981045 | U26: 2.2374591 | W26: 46.31376 | X26: 3.1142931 | Z26: 48.361045 | AA26: 3.1262587 | AC26: 27.192319 | AD26: 0.98353031 | AF26: 12.532257 | AG26: 1.396706 | AI26: 12.539299 | AJ26: 1.650694 | AL26: 12.517692 | AM26: 2.1930121
A27: Germany | B27: 22.168808 | C27: 1.1487898 | E27: 0.096672321 | F27: 0.027617645 | H27: -0.77034438 | I27: 0.039479541 | K27: -0.76375741 | L27: 0.046209988 | N27: -0.78695543 | O27: 0.070290491 | Q27: 18.670006 | R27: 0.93573647 | T27: 47.289096 | U27: 1.6458899 | W27: 48.061027 | X27: 2.0675156 | Z27: 45.342438 | AA27: 2.9505509 | AC27: 29.226831 | AD27: 1.2006145 | AF27: 9.9928889 | AG27: 1.1184688 | AI27: 9.6881312 | AJ27: 1.3641604 | AL27: 10.761427 | AM27: 1.7980385
A28: Greece | B28: 11.696103 | C28: 0.66265155 | E28: -0.019375595 | F28: 0.025962439 | H28: -0.76784831 | I28: 0.033997119 | K28: -0.75820329 | L28: 0.032975735 | N28: -0.79398739 | O28: 0.088564139 | Q28: 21.00651 | R28: 1.0036725 | T28: 54.193293 | U28: 1.9499868 | W28: 53.297248 | X28: 1.9663906 | Z28: 56.621676 | AA28: 4.3588763 | AC28: 27.173592 | AD28: 1.1444733 | AF28: 7.9232478 | AG28: 1.1222141 | AI28: 6.7304116 | AJ28: 1.2320847 | AL28: 11.155967 | AM28: 2.5481815
A29: Hungary | B29: 2.5521961 | C29: 0.30831545 | E29: -0.12211944 | F29: 0.020243656 | H29: 0.051227631 | I29: 0.087140992 | K29: 0.25208512 | L29: 0.094687415 | N29: -0.16038313 | O29: 0.12222575 | Q29: 25.116797 | R29: 0.76398438 | T29: 19.355296 | U29: 3.7852998 | W29: 13.268581 | X29: 4.0976101 | Z29: 25.767874 | AA29: 5.8616218 | AC29: 24.918006 | AD29: 0.90272418 | AF29: 30.699906 | AG29: 4.7718863 | AI29: 38.886472 | AJ29: 5.9639865 | AL29: 22.075059 | AM29: 7.0330044
A30: Iceland | B30: 5.5922791 | C30: 0.40139674 | E30: 0.59175627 | F30: 0.013391246 | H30: -0.18158209 | I30: 0.078233589 | K30: -0.13077366 | L30: 0.091132711 | N30: -0.22213245 | O30: 0.11938551 | Q30: 23.170367 | R30: 0.74891367 | T30: 55.219266 | U30: 3.8981221 | W30: 57.69004 | X30: 5.0810861 | Z30: 53.247334 | AA30: 5.2483675 | AC30: 26.393145 | AD30: 0.84356308 | AF30: 2.8932693 | AG30: 0.99531237 | AI30: 5.0869281 | AJ30: 1.7706954 | AL30: 1.1425035 | AM30: 1.1417614
A31: Ireland | B31: 17.860839 | C31: 0.91486177 | E31: 0.13175115 | F31: 0.025185791 | H31: 0.097630372 | I31: 0.042386904 | K31: 0.12223518 | L31: 0.053760449 | N31: 0.077505089 | O31: 0.056273168 | Q31: 24.952311 | R31: 1.0231832 | T31: 25.781785 | U31: 1.7741388 | W31: 22.26868 | X31: 2.1322933 | Z31: 28.655298 | AA31: 2.5862673 | AC31: 25.194708 | AD31: 1.0896374 | AF31: 25.036217 | AG31: 1.9346302 | AI31: 22.274962 | AJ31: 2.2660463 | AL31: 27.29476 | AM31: 2.8296139
A32: Israel | B32: 16.416253 | C32: 1.0738364 | E32: 0.39927053 | F32: 0.026080324 | H32: 0.16857023 | I32: 0.052672798 | K32: 0.23041096 | L32: 0.057873735 | N32: -0.031844709 | O32: 0.094418429 | Q32: 23.202622 | R32: 0.95520564 | T32: 30.482304 | U32: 2.0181814 | W32: 28.464834 | X32: 2.4150951 | Z32: 37.020571 | AA32: 3.179625 | AC32: 26.256319 | AD32: 1.1059293 | AF32: 21.241163 | AG32: 1.7464055 | AI32: 22.098846 | AJ32: 1.9572492 | AL32: 18.461563 | AM32: 2.6742075
A33: Italy | B33: 10.025087 | C33: 0.49170849 | E33: -0.15839003 | F33: 0.021438386 | H33: -0.74113834 | I33: 0.044243623 | K33: -0.67981713 | L33: 0.056212532 | N33: -0.81549732 | O33: 0.060441052 | Q33: 22.86804 | R33: 0.77650428 | T33: 42.959307 | U33: 2.678333 | W33: 40.833265 | X33: 3.3982522 | Z33: 45.537375 | AA33: 3.5519075 | AC33: 26.922778 | AD33: 1.0006507 | AF33: 7.8068416 | AG33: 1.3166898 | AI33: 9.8125838 | AJ33: 2.0705684 | AL33: 5.3746499 | AM33: 1.5747608
A34: Japan | B34: 0.62269076 | C34: 0.13447374 | E34: w | F34: w | H34: w | I34: w | K34: w | L34: w | N34: w | O34: w | Q34: w | R34: w | T34: w | U34: w | W34: w | X34: w | Z34: w | AA34: w | AC34: w | AD34: w | AF34: w | AG34: w | AI34: w | AJ34: w | AL34: w | AM34: w
A35: Korea | B35: 0.16599464 | C35: 0.08987183 | E35: 0.076241976 | F35: 0.020022799 | H35: c | I35: c | K35: c | L35: c | N35: c | O35: c | Q35: 24.729442 | R35: 0.88304807 | T35: m | U35: m | W35: m | X35: m | Z35: m | AA35: m | AC35: 25.146158 | AD35: 1.0094778 | AF35: m | AG35: m | AI35: m | AJ35: m | AL35: m | AM35: m
A36: Latvia | B36: 4.4397198 | C36: 0.3368561 | E36: -0.0050949683 | F36: 0.014312397 | H36: 0.065933779 | I36: 0.05486545 | K36: 0.011878326 | L36: 0.05842792 | N36: 0.29694796 | O36: 0.1700938 | Q36: 25.221396 | R36: 0.69806338 | T36: 21.792553 | U36: 2.608769 | W36: 24.413195 | X36: 3.1354622 | Z36: 10.592839 | AA36: 4.0221864 | AC36: 24.833535 | AD36: 0.60126345 | AF36: 27.349311 | AG36: 2.790138 | AI36: 22.988165 | AJ36: 2.7850965 | AL36: 45.987329 | AM36: 8.2846169
A37: Lithuania | B37: 1.559925 | C37: 0.1305157 | E37: 0.0291297 | F37: 0.013576415 | H37: 0.11642104 | I37: 0.11899444 | K37: 0.19240008 | L37: 0.083318399 | N37: -0.15603523 | O37: 0.37428465 | Q37: 25.051914 | R37: 0.62253485 | T37: 16.945706 | U37: 3.9796455 | W37: 16.759377 | X37: 3.8663836 | Z37: 17.613869 | AA37: 12.762927 | AC37: 25.114519 | AD37: 0.69820994 | AF37: 28.122751 | AG37: 4.1721622 | AI37: 26.490512 | AJ37: 4.516712 | AL37: 33.975864 | AM37: 9.0002776
A38: Luxembourg | B38: 54.871809 | C38: 0.64370888 | E38: 0.41439208 | F38: 0.01741086 | H38: -0.31101135 | I38: 0.020021113 | K38: -0.3795853 | L38: 0.030013722 | N38: -0.22619843 | O38: 0.030453893 | Q38: 9.6611953 | R38: 0.59137366 | T38: 37.25501 | U38: 0.93898913 | W38: 38.154017 | X38: 1.3881068 | Z38: 36.14311 | AA38: 1.4691141 | AC38: 31.446854 | AD38: 1.0385215 | AF38: 19.828106 | AG38: 0.70538311 | AI38: 16.653772 | AJ38: 0.99219948 | AL38: 23.754151 | AM38: 1.0216551
A39: Mexico | B39: 1.5614212 | C39: 0.26845506 | E39: -1.1750488 | F39: 0.039048539 | H39: -1.5283515 | I39: 0.15223524 | K39: -1.81773 | L39: 0.18361519 | N39: -1.1711495 | O39: 0.23911872 | Q39: 24.592503 | R39: 1.1172698 | T39: 36.512785 | U39: 6.1991778 | W39: 46.879687 | X39: 8.0855046 | Z39: 23.716127 | AA39: 6.9625294 | AC39: 25.303898 | AD39: 1.1294979 | AF39: 18.441507 | AG39: 5.9947739 | AI39: 8.7975585 | AJ39: 5.8817431 | AL39: 30.345771 | AM39: 10.089873
A40: Netherlands* | B40: 13.767366 | C40: 1.1613432 | E40: 0.3812005 | F40: 0.020448416 | H40: -0.3350508 | I40: 0.0505363 | K40: -0.32832972 | L40: 0.05620947 | N40: -0.36264607 | O40: 0.10606085 | Q40: 21.184737 | R40: 0.81478494 | T40: 47.565946 | U40: 2.2762373 | W40: 46.606025 | X40: 2.5087749 | Z40: 51.507165 | AA40: 4.5727421 | AC40: 27.527297 | AD40: 1.1832416 | AF40: 10.057071 | AG40: 1.0448631 | AI40: 9.7085297 | AJ40: 1.1723521 | AL40: 11.488105 | AM40: 2.8318763
A41: New Zealand | B41: 26.459841 | C41: 1.3482097 | E41: 0.1479623 | F41: 0.020239355 | H41: 0.22109409 | I41: 0.035602577 | K41: 0.083281698 | L41: 0.046200756 | N41: 0.32966129 | O41: 0.039176727 | Q41: 25.483246 | R41: 0.89596307 | T41: 23.05472 | U41: 1.5910334 | W41: 30.260647 | X41: 2.2257767 | Z41: 17.377964 | AA41: 1.6618916 | AC41: 24.727972 | AD41: 0.82581727 | AF41: 27.054961 | AG41: 1.1680278 | AI41: 25.063476 | AJ41: 1.6193083 | AL41: 28.623833 | AM41: 1.5093643
A42: Norway | B42: 12.399896 | C42: 0.77280409 | E42: 0.61557497 | F42: 0.018201652 | H42: 0.022176608 | I42: 0.045118402 | K42: 0.14161689 | L42: 0.050352137 | N42: -0.099116994 | O42: 0.072171139 | Q42: 21.921268 | R42: 0.76176319 | T42: 46.947435 | U42: 1.8939483 | W42: 40.926009 | X42: 2.5307004 | Z42: 53.062294 | AA42: 3.2150361 | AC42: 26.442042 | AD42: 1.084395 | AF42: 14.166923 | AG42: 1.2781093 | AI42: 15.290973 | AJ42: 1.7188842 | AL42: 13.025432 | AM42: 1.8439778
A43: Poland | B43: 0.64312079 | C43: 0.190311 | E43: -0.14265449 | F43: 0.023659598 | H43: c | I43: c | K43: c | L43: c | N43: c | O43: c | Q43: 24.84103 | R43: 0.89468432 | T43: m | U43: m | W43: m | X43: m | Z43: m | AA43: m | AC43: 25.03431 | AD43: 1.0642874 | AF43: m | AG43: m | AI43: m | AJ43: m | AL43: m | AM43: m
A44: Portugal* | B44: 6.9632336 | C44: 0.57149007 | E44: -0.37297475 | F44: 0.034704884 | H44: -0.56613711 | I44: 0.090928648 | K44: -0.45387288 | L44: 0.1010174 | N44: -0.71955728 | O44: 0.13822711 | Q44: 24.806995 | R44: 1.0246635 | T44: 26.154811 | U44: 3.0679988 | W44: 24.18171 | X44: 3.7659305 | Z44: 28.851247 | AA44: 4.9989636 | AC44: 25.666307 | AD44: 1.289451 | AF44: 17.807965 | AG44: 2.4723271 | AI44: 22.272155 | AJ44: 3.3979395 | AL44: 11.707207 | AM44: 3.1143235
A45: Slovak Republic | B45: 1.188531 | C45: 0.1684223 | E45: -0.20218532 | F45: 0.020909896 | H45: -0.38702767 | I45: 0.16610654 | K45: -0.18274946 | L45: 0.1760824 | N45: -0.61738679 | O45: 0.22650765 | Q45: 24.756727 | R45: 0.869083 | T45: 28.758757 | U45: 6.4973991 | W45: 18.999876 | X45: 7.1826978 | Z45: 39.763588 | AA45: 9.2447503 | AC45: 25.26803 | AD45: 0.78406884 | AF45: 21.423822 | AG45: 5.4780957 | AI45: 26.367208 | AJ45: 7.5832093 | AL45: 15.849297 | AM45: 6.8627652
A46: Slovenia | B46: 8.8801417 | C46: 0.3116744 | E46: 0.13662698 | F46: 0.012391128 | H46: -0.56965832 | I46: 0.04411216 | K46: -0.45885995 | L46: 0.066649823 | N46: -0.64605142 | O46: 0.060050016 | Q46: 21.988647 | R46: 0.61507607 | T46: 55.27392 | U46: 2.9479413 | W46: 50.63896 | X46: 4.61005 | Z46: 58.469625 | AA46: 3.8508391 | AC46: 26.660913 | AD46: 0.74982348 | AF46: 8.3490666 | AG46: 1.5874247 | AI46: 8.4170469 | AJ46: 2.2442456 | AL46: 8.3021956 | AM46: 1.8927798
A47: Spain | B47: 12.188162 | C47: 0.47645499 | E47: -0.040276271 | F47: 0.018332185 | H47: -0.6830071 | I47: 0.025969773 | K47: -0.68708797 | L47: 0.040441265 | N47: -0.6802515 | O47: 0.028439821 | Q47: 22.304234 | R47: 0.59656376 | T47: 42.696401 | U47: 1.0815258 | W47: 42.980829 | X47: 1.8110397 | Z47: 42.504341 | AA47: 1.2907404 | AC47: 27.387105 | AD47: 0.6642394 | AF47: 8.9362416 | AG47: 0.81847785 | AI47: 8.9126497 | AJ47: 1.0485556 | AL47: 8.952172 | AM47: 0.8700412
A48: Sweden | B48: 20.473116 | C48: 1.3408866 | E48: 0.49874152 | F48: 0.024883185 | H48: -0.16859691 | I48: 0.042534624 | K48: -0.029862464 | L48: 0.053539744 | N48: -0.32834358 | O48: 0.059801911 | Q48: 19.603246 | R48: 0.86558842 | T48: 45.643008 | U48: 1.8212549 | W48: 41.515688 | X48: 2.355008 | Z48: 50.395438 | AA48: 2.54216 | AC48: 28.264121 | AD48: 1.3391146 | AF48: 12.442604 | AG48: 1.4993281 | AI48: 14.688368 | AJ48: 2.4704064 | AL48: 9.8567037 | AM48: 1.5132708
A49: Switzerland | B49: 33.868233 | C49: 1.4103551 | E49: 0.21284618 | F49: 0.02399378 | H49: -0.44186267 | I49: 0.04330926 | K49: -0.47179755 | L49: 0.042597789 | N49: -0.38703306 | O49: 0.063337204 | Q49: 15.002931 | R49: 0.82128444 | T49: 44.149378 | U49: 1.758181 | W49: 45.145029 | X49: 1.8950845 | Z49: 42.325714 | AA49: 2.6063329 | AC49: 29.957009 | AD49: 1.3897159 | AF49: 15.725823 | AG49: 1.3435619 | AI49: 13.062854 | AJ49: 1.2244168 | AL49: 20.603396 | AM49: 2.1512499
A50: Turkey | B50: 0.85430184 | C50: 0.14058186 | E50: -1.1547075 | F50: 0.04361757 | H50: -0.36666154 | I50: 0.19696886 | K50: -0.32918926 | L50: 0.24127127 | N50: c | O50: c | Q50: 25.282579 | R50: 1.0116926 | T50: 11.687158 | U50: 5.7992865 | W50: 11.518112 | X50: 7.6664971 | Z50: m | AA50: m | AC50: 24.931557 | AD50: 1.4056336 | AF50: 49.299132 | AG50: 7.6916535 | AI50: 49.209984 | AJ50: 9.0669198 | AL50: m | AM50: m
A51: United Kingdom | B51: 19.760952 | C51: 1.1769924 | E51: 0.33310549 | F51: 0.025491201 | H51: 0.031262379 | I51: 0.04194006 | K51: 0.078777482 | L51: 0.046404642 | N51: -0.031791709 | O51: 0.069639297 | Q51: 22.79348 | R51: 1.0590905 | T51: 33.097047 | U51: 1.8124552 | W51: 31.16685 | X51: 2.0747281 | Z51: 35.658482 | AA51: 2.4765919 | AC51: 26.851352 | AD51: 1.0166837 | AF51: 17.897402 | AG51: 1.4617076 | AI51: 19.545244 | AJ51: 1.75785 | AL51: 15.710662 | AM51: 3.0757718
A52: United States* | B52: 23.012326 | C52: 1.5198815 | E52: 0.24504463 | F52: 0.036994576 | H52: -0.28074891 | I52: 0.085331006 | K52: -0.30669538 | L52: 0.099566874 | N52: -0.20627096 | O52: 0.080799529 | Q52: 19.615596 | R52: 1.0742 | T52: 40.59329 | U52: 3.3065017 | W52: 42.071199 | X52: 3.8256145 | Z52: 36.35103 | AA52: 3.4587847 | AC52: 27.179275 | AD52: 1.5857124 | AF52: 19.519894 | AG52: 1.9956191 | AI52: 19.772657 | AJ52: 2.5465629 | AL52: 18.794351 | AM52: 1.9539607
A53: OECD average | B53: 13.043909 | C53: 0.13102265 | E53: 0.032679093 | F53: 0.0039908737 | H53: -0.33365978 | I53: 0.016026306 | K53: -0.25869871 | L53: 0.015776226 | N53: -0.31220293 | O53: 0.02228115 | Q53: 22.463104 | R53: 0.14366946 | T53: 37.792769 | U53: 0.56146209 | W53: 36.330185 | X53: 0.68107961 | Z53: 38.434956 | AA53: 0.82457645 | AC53: 26.467045 | AD53: 0.17036181 | AF53: 18.172164 | AG53: 0.50690047 | AI53: 18.193796 | AJ53: 0.60253322 | AL53: 18.308021 | AM53: 0.74433006
A54: Partners
A55: Albania | B55: 0.62059781 | C55: 0.12271048 | E55: -0.86980494 | F55: 0.025455698 | H55: -0.80411359 | I55: 0.28357247 | K55: c | L55: c | N55: c | O55: c | Q55: 24.798868 | R55: 0.87629184 | T55: 30.09084 | U55: 8.5313383 | W55: m | X55: m | Z55: m | AA55: m | AC55: 25.054743 | AD55: 1.0161622 | AF55: 28.521205 | AG55: 10.441616 | AI55: m | AJ55: m | AL55: m | AM55: m
A56: Argentina | B56: 4.5581922 | C56: 0.32588582 | E56: -0.92831414 | F56: 0.035239854 | H56: -1.3143958 | I56: 0.076314517 | K56: -1.3629137 | L56: 0.08540857 | N56: -1.2612292 | O56: 0.11687956 | Q56: 24.5431 | R56: 1.0023702 | T56: 33.648724 | U56: 2.9438808 | W56: 32.677662 | X56: 3.3462111 | Z56: 34.71283 | AA56: 4.3001489 | AC56: 25.891583 | AD56: 1.0844433 | AF56: 14.279711 | AG56: 2.6131542 | AI56: 11.753916 | AJ56: 2.7839298 | AL56: 17.047518 | AM56: 3.3453911
A57: Baku (Azerbaijan) | B57: 5.2006981 | C57: 0.37027052 | E57: -0.54645595 | F57: 0.025807988 | H57: -0.64783569 | I57: 0.052665224 | K57: -0.52822607 | L57: 0.067047329 | N57: -0.81563479 | O57: 0.065658942 | Q57: 24.90499 | R57: 0.8850518 | T57: 26.015098 | U57: 2.5036111 | W57: 22.042434 | X57: 2.8972184 | Z57: 31.588307 | AA57: 4.251194 | AC57: 25.483739 | AD57: 1.1288025 | AF57: 19.357028 | AG57: 2.4436757 | AI57: 24.301455 | AJ57: 3.4733662 | AL57: 12.420543 | AM57: 3.1521253
A58: Belarus | B58: 4.1471742 | C58: 0.31876009 | E58: -0.11870711 | F58: 0.017637317 | H58: -0.25243347 | I58: 0.060362383 | K58: -0.18812506 | L58: 0.063802347 | N58: -0.40115526 | O58: 0.11402365 | Q58: 24.341166 | R58: 0.73440629 | T58: 32.849461 | U58: 4.1250238 | W58: 29.257801 | X58: 4.7071641 | Z58: 41.155655 | AA58: 6.4334896 | AC58: 25.490723 | AD58: 0.99067227 | AF58: 19.732203 | AG58: 2.5377689 | AI58: 20.150451 | AJ58: 3.1032024 | AL58: 18.764949 | AM58: 4.9699333
A59: Bosnia and Herzegovina | B59: 2.8167785 | C59: 0.32525594 | E59: -0.55926698 | F59: 0.022403424 | H59: -0.39955809 | I59: 0.080664842 | K59: -0.37826 | L59: 0.13261037 | N59: -0.42106519 | O59: 0.098236165 | Q59: 24.88144 | R59: 0.9007389 | T59: 18.982005 | U59: 2.9132066 | W59: 18.079965 | X59: 4.4964242 | Z59: 19.892897 | AA59: 4.3755569 | AC59: 24.925976 | AD59: 1.0615537 | AF59: 30.394559 | AG59: 4.0844663 | AI59: 32.748343 | AJ59: 6.147289 | AL59: 28.017675 | AM59: 5.1457665
A60: Brazil | B60: 0.60093706 | C60: 0.091503247 | E60: -1.0919497 | F60: 0.0299897 | H60: -1.0596786 | I60: 0.16960808 | K60: -0.80313763 | L60: 0.19861242 | N60: c | O60: c | Q60: 24.829338 | R60: 0.79273876 | T60: 26.355309 | U60: 6.2145521 | W60: 18.819531 | X60: 6.9959124 | Z60: m | AA60: m | AC60: 25.332319 | AD60: 0.89707001 | AF60: 27.40332 | AG60: 6.2002724 | AI60: 33.472242 | AJ60: 7.6928146 | AL60: m | AM60: m
A61: Brunei Darussalam | B61: 8.1815056 | C61: 0.28326741 | E61: -0.28959819 | F61: 0.011063851 | H61: 0.032636056 | I61: 0.042232295 | K61: -0.079412635 | L61: 0.081703459 | N61: 0.095932459 | O61: 0.049640963 | Q61: 25.449536 | R61: 0.52497503 | T61: 18.576235 | U61: 1.8409816 | W61: 22.703815 | X61: 3.2890382 | Z61: 16.244562 | AA61: 2.1127157 | AC61: 23.794122 | AD61: 0.46814763 | AF61: 39.096064 | AG61: 1.8492495 | AI61: 34.472222 | AJ61: 3.1056545 | AL61: 41.708077 | AM61: 2.5472782
A62: B-S-J-Z (China) | B62: 0.15768377 | C62: 0.062805617 | E62: -0.66363773 | F62: 0.034664918 | H62: c | I62: c | K62: c | L62: c | N62: c | O62: c | Q62: 24.930405 | R62: 1.1900546 | T62: m | U62: m | W62: m | X62: m | Z62: m | AA62: m | AC62: 25.046722 | AD62: 1.1890167 | AF62: m | AG62: m | AI62: m | AJ62: m | AL62: m | AM62: m
A63: Bulgaria | B63: 1.1491597 | C63: 0.16216896 | E63: -0.24464237 | F63: 0.036194243 | H63: -0.2529993 | I63: 0.16125939 | K63: c | L63: c | N63: c | O63: c | Q63: 24.629849 | R63: 1.5003966 | T63: 24.472979 | U63: 6.3532419 | W63: m | X63: m | Z63: m | AA63: m | AC63: 25.360531 | AD63: 1.0284759 | AF63: 20.592236 | AG63: 6.0559654 | AI63: m | AJ63: m | AL63: m | AM63: m
A64: Costa Rica | B64: 10.019967 | C64: 0.67284873 | E64: -0.89487939 | F64: 0.042241096 | H64: -1.498933 | I64: 0.096837617 | K64: -1.5684058 | L64: 0.099861522 | N64: -1.3534523 | O64: 0.17051769 | Q64: 23.399959 | R64: 0.98267259 | T64: 38.940841 | U64: 2.9746797 | W64: 39.437628 | X64: 3.4713155 | Z64: 37.900534 | AA64: 4.9452887 | AC64: 26.374162 | AD64: 1.3202642 | AF64: 14.808822 | AG64: 2.0983285 | AI64: 10.826664 | AJ64: 1.6383718 | AL64: 23.147735 | AM64: 4.7936772
A65: Croatia | B65: 9.0899093 | C65: 0.4859888 | E65: -0.20699827 | F65: 0.013452957 | H65: -0.46663286 | I65: 0.036260892 | K65: -0.47534969 | L65: 0.0406827 | N65: -0.41668043 | O65: 0.083061093 | Q65: 23.848473 | R65: 0.68556017 | T65: 36.905787 | U65: 2.2808861 | W65: 36.352727 | X65: 2.5650216 | Z65: 40.07514 | AA65: 5.3433112 | AC65: 25.670128 | AD65: 0.65200174 | AF65: 18.193423 | AG65: 1.5893091 | AI65: 17.425079 | AJ65: 1.7083017 | AL65: 22.596474 | AM65: 4.7938753
A66: Cyprus | B66: 14.787024 | C66: 0.51722412 | E66: 0.34406723 | F66: 0.012062362 | H66: 0.044809273 | I66: 0.046021081 | K66: 0.013677305 | L66: 0.072603204 | N66: 0.061729217 | O66: 0.056268852 | Q66: 22.957178 | R66: 0.60591537 | T66: 36.043301 | U66: 2.1932602 | W66: 35.589459 | X66: 3.309585 | Z66: 36.289961 | AA66: 2.8796594 | AC66: 26.06835 | AD66: 0.6348029 | AF66: 19.032609 | AG66: 1.5572178 | AI66: 15.493744 | AJ66: 2.2039658 | AL66: 20.95595 | AM66: 2.1332064
A67: Dominican Republic | B67: 2.9220532 | C67: 0.2689033 | E67: -1.0546905 | F67: 0.036380701 | H67: -1.2363753 | I67: 0.12419112 | K67: -1.448081 | L67: 0.18179542 | N67: -0.9782701 | O67: 0.15959367 | Q67: 25.127659 | R67: 1.2841183 | T67: 28.896143 | U67: 3.9411009 | W67: 37.155533 | X67: 6.1775063 | Z67: 18.826548 | AA67: 4.784265 | AC67: 25.411475 | AD67: 1.1112299 | AF67: 21.397613 | AG67: 4.1780336 | AI67: 17.057569 | AJ67: 4.3487978 | AL67: 26.688862 | AM67: 6.3177399
A68: Georgia | B68: 1.3646309 | C68: 0.19590177 | E68: -0.39622643 | F68: 0.021090338 | H68: -0.4700926 | I68: 0.14453874 | K68: -0.365393 | L68: 0.16722239 | N68: c | O68: c | Q68: 24.642844 | R68: 0.86042019 | T68: 30.600997 | U68: 6.2925884 | W68: 31.111391 | X68: 7.9990653 | Z68: m | AA68: m | AC68: 25.524991 | AD68: 0.95721197 | AF68: 24.103149 | AG68: 5.9918638 | AI68: 27.933406 | AJ68: 8.4138627 | AL68: m | AM68: m
A69: Hong Kong (China)* | B69: 37.911635 | C69: 1.3286601 | E69: -0.2796263 | F69: 0.031644304 | H69: -0.8732905 | I69: 0.040598859 | K69: -0.85301013 | L69: 0.03093453 | N69: -0.91257028 | O69: 0.094599494 | Q69: 16.64606 | R69: 0.87985518 | T69: 38.298351 | U69: 1.1607753 | W69: 35.973206 | X69: 1.2789048 | Z69: 42.801778 | AA69: 2.664685 | AC69: 31.003579 | AD69: 1.3380896 | AF69: 15.433092 | AG69: 1.5923089 | AI69: 14.505112 | AJ69: 1.2921535 | AL69: 17.230438 | AM69: 3.2495949
A70: Indonesia | B70: 0.25111855 | C70: 0.06652374 | E70: -1.5704174 | F70: 0.05336251 | H70: -0.61275089 | I70: 0.28916282 | K70: c | L70: c | N70: c | O70: c | Q70: 24.977995 | R70: 1.7137451 | T70: 7.6110681 | U70: 6.4214321 | W70: m | X70: m | Z70: m | AA70: m | AC70: 24.862186 | AD70: 1.8547635 | AF70: 62.09735 | AG70: 16.352763 | AI70: m | AJ70: m | AL70: m | AM70: m
A71: Jordan | B71: 11.560157 | C71: 0.53282257 | E71: -0.65400386 | F71: 0.031498654 | H71: -0.69789884 | I71: 0.065006718 | K71: -0.49991837 | L71: 0.065037096 | N71: -0.94917871 | O71: 0.10782525 | Q71: 24.660217 | R71: 1.0423573 | T71: 26.634019 | U71: 1.8421316 | W71: 17.626768 | X71: 2.1791866 | Z71: 38.066162 | AA71: 2.9367074 | AC71: 24.684369 | AD71: 0.98905242 | AF71: 26.591456 | AG71: 2.0283222 | AI71: 28.294793 | AJ71: 2.5369519 | AL71: 24.429554 | AM71: 3.4199005
A72: Kazakhstan | B72: 8.2053827 | C72: 0.44928776 | E72: -0.4200761 | F72: 0.016547184 | H72: -0.63894034 | I72: 0.035027823 | K72: -0.5851739 | L72: 0.048885644 | N72: -0.69454427 | O72: 0.0432843 | Q72: 24.198428 | R72: 0.6368165 | T72: 33.85433 | U72: 1.9999216 | W72: 34.017815 | X72: 3.0699738 | Z72: 33.685258 | AA72: 2.4668255 | AC72: 25.631629 | AD72: 0.70213016 | AF72: 17.875407 | AG72: 1.2407721 | AI72: 19.554023 | AJ72: 1.95481 | AL72: 16.139423 | AM72: 1.7476412
A73: Kosovo | B73: 1.1474608 | C73: 0.19367278 | E73: -0.46442411 | F73: 0.015602761 | H73: -0.10720654 | I73: 0.12537287 | K73: -0.26214919 | L73: 0.13944094 | N73: c | O73: c | Q73: 24.989673 | R73: 0.72491868 | T73: 17.771071 | U73: 4.9476428 | W73: 19.553938 | X73: 6.2290892 | Z73: m | AA73: m | AC73: 25.086171 | AD73: 0.70865358 | AF73: 37.330884 | AG73: 8.0081044 | AI73: 30.717465 | AJ73: 8.9525292 | AL73: m | AM73: m
A74: Lebanon | B74: 5.9837012 | C74: 0.46419036 | E74: -0.53050193 | F74: 0.033282699 | H74: -0.71975381 | I74: 0.095757831 | K74: -0.24204729 | L74: 0.12433024 | N74: -0.96454454 | O74: 0.11701386 | Q74: 23.67179 | R74: 1.0800973 | T74: 32.3587 | U74: 3.5240759 | W74: 18.397674 | X74: 3.8061411 | Z74: 39.512736 | AA74: 4.7019838 | AC74: 25.883203 | AD74: 1.0309326 | AF74: 22.026589 | AG74: 3.2082573 | AI74: 29.561406 | AJ74: 5.4440688 | AL74: 18.16553 | AM74: 4.0747539
A75: Macao (China) | B75: 62.874218 | C75: 0.67146254 | E75: -0.40716044 | F75: 0.021977616 | H75: -0.57698693 | I75: 0.015449118 | K75: -0.58100508 | L75: 0.024453622 | N75: -0.57133502 | O75: 0.025323784 | Q75: 20.854678 | R75: 0.99963487 | T75: 27.280572 | U75: 0.80695713 | W75: 27.32494 | X75: 1.2204831 | Z75: 27.218164 | AA75: 1.3814165 | AC75: 29.981264 | AD75: 1.070242 | AF75: 22.227279 | AG75: 0.74985442 | AI75: 22.78183 | AJ75: 1.1288243 | AL75: 21.447252 | AM75: 1.2732609
A76: Malaysia | B76: 1.6480915 | C76: 0.22052586 | E76: -0.75235434 | F76: 0.034854349 | H76: -1.1047888 | I76: 0.12664523 | K76: -1.4007455 | L76: 0.10987509 | N76: c | O76: c | Q76: 24.716743 | R76: 1.1853715 | T76: 35.222817 | U76: 4.7637552 | W76: 44.019631 | X76: 5.9105044 | Z76: m | AA76: m | AC76: 25.462215 | AD76: 1.3164167 | AF76: 15.644618 | AG76: 4.9564905 | AI76: 6.1145826 | AJ76: 2.9826616 | AL76: m | AM76: m
A77: Malta | B77: 8.788446 | C77: 0.43858351 | E77: 0.052611438 | F77: 0.01464339 | H77: 0.19133172 | I77: 0.052151188 | K77: 0.074091824 | L77: 0.13946941 | N77: 0.23003826 | O77: 0.059962027 | Q77: 25.377582 | R77: 0.77038417 | T77: 19.28606 | U77: 2.3884756 | W77: 30.199683 | X77: 6.1800618 | Z77: 15.682948 | AA77: 2.3900523 | AC77: 24.699305 | AD77: 0.71612015 | AF77: 29.674101 | AG77: 2.303109 | AI77: 29.548224 | AJ77: 5.101488 | AL77: 29.715658 | AM77: 2.7037726
A78: Moldova | B78: 1.4465235 | C78: 0.1641034 | E78: -0.58196978 | F78: 0.024593953 | H78: -0.23032945 | I78: 0.1398788 | K78: -0.23900239 | L78: 0.14418644 | N78: c | O78: c | Q78: 24.533149 | R78: 0.85314262 | T78: 18.799349 | U78: 5.1381224 | W78: 14.626099 | X78: 4.706688 | Z78: m | AA78: m | AC78: 25.490008 | AD78: 1.1285933 | AF78: 34.288236 | AG78: 5.0162708 | AI78: 32.582948 | AJ78: 5.1162386 | AL78: m | AM78: m
A79: Montenegro | B79: 5.7995231 | C79: 0.293478 | E79: -0.19249622 | F79: 0.010520924 | H79: -0.010397526 | I79: 0.045846552 | K79: -0.040877689 | L79: 0.057220783 | N79: 0.039854468 | O79: 0.079246151 | Q79: 25.321208 | R79: 0.6316771 | T79: 20.211959 | U79: 1.9054367 | W79: 23.246345 | X79: 2.8058857 | Z79: 15.209231 | AA79: 3.0282056 | AC79: 24.398142 | AD79: 0.471722 | AF79: 34.268578 | AG79: 2.1872383 | AI79: 32.473979 | AJ79: 2.8393889 | AL79: 37.227294 | AM79: 3.8130522
A80: Morocco | B80: 0.78286569 | C80: 0.10751899 | E80: -1.8960609 | F80: 0.06167315 | H80: -0.76279929 | I80: 0.18573045 | K80: c | L80: c | N80: c | O80: c | Q80: 25.22575 | R80: 1.4876161 | T80: 2.6640099 | U80: 2.0742699 | W80: m | X80: m | Z80: m | AA80: m | AC80: 24.902586 | AD80: 1.593294 | AF80: 50.814636 | AG80: 7.0059518 | AI80: m | AJ80: m | AL80: m | AM80: m
A81: North Macedonia | B81: 1.6242813 | C81: 0.22955526 | E81: -0.31415203 | F81: 0.011404018 | H81: -0.39280168 | I81: 0.13926069 | K81: -0.52130983 | L81: 0.21691735 | N81: c | O81: c | Q81: 24.67482 | R81: 0.52913289 | T81: 29.291242 | U81: 6.8804813 | W81: 30.802579 | X81: 9.235532 | Z81: m | AA81: m | AC81: 25.430109 | AD81: 0.57905821 | AF81: 26.395691 | AG81: 5.4218949 | AI81: 26.28761 | AJ81: 7.0400861 | AL81: m | AM81: m
A82: Panama | B82: 5.9699964 | C82: 0.73436898 | E82: -1.0997169 | F82: 0.043179961 | H82: -0.43713456 | I82: 0.11647573 | K82: -0.60897415 | L82: 0.18523491 | N82: -0.34495799 | O82: 0.14858057 | Q82: 25.183961 | R82: 0.98483991 | T82: 9.4802087 | U82: 2.7217573 | W82: 11.630087 | X82: 5.529661 | Z82: 8.3269914 | AA82: 2.5763839 | AC82: 24.92145 | AD82: 1.3573705 | AF82: 42.159667 | AG82: 4.7269433 | AI82: 31.184256 | AJ82: 5.2147339 | AL82: 48.046994 | AM82: 6.7372267
A83: Peru | B83: 0.4902788 | C83: 0.099801678 | E83: -1.1164428 | F83: 0.038053925 | H83: c | I83: c | K83: c | L83: c | N83: c | O83: c | Q83: 25.03545 | R83: 1.1450927 | T83: m | U83: m | W83: m | X83: m | Z83: m | AA83: m | AC83: 25.177534 | AD83: 1.2181779 | AF83: m | AG83: m | AI83: m | AJ83: m | AL83: m | AM83: m
A84: Philippines | B84: 1.0367395 | C84: 0.15659271 | E84: -1.3992175 | F84: 0.042557631 | H84: -1.1998225 | I84: 0.15813954 | K84: c | L84: c | N84: -1.2445335 | O84: 0.19877176 | Q84: 24.40071 | R84: 1.1955732 | T84: 18.925231 | U84: 4.7437977 | W84: m | X84: m | Z84: 17.776935 | AA84: 6.499575 | AC84: 25.672277 | AD84: 1.4904452 | AF84: 34.854005 | AG84: 7.0204524 | AI84: m | AJ84: m | AL84: 32.009966 | AM84: 8.9054459
A85: Qatar | B85: 56.805348 | C85: 0.36922238 | E85: 0.21574801 | F85: 0.012300106 | H85: 0.34116711 | I85: 0.0083842008 | K85: 0.18559021 | L85: 0.018319976 | N85: 0.40743629 | O85: 0.0086599271 | Q85: 29.67841 | R85: 0.59741259 | T85: 20.833998 | U85: 0.4659039 | W85: 28.800361 | X85: 1.0948934 | Z85: 17.440664 | AA85: 0.44450597 | AC85: 24.614562 | AD85: 0.54872529 | AF85: 25.72376 | AG85: 0.499575 | AI85: 20.079361 | AJ85: 0.91764969 | AL85: 28.128036 | AM85: 0.60626382
A86: Romania | B86: 0.78033113 | C86: 0.17564163 | D86: † | E86: -0.47075098 | F86: 0.04777787 | H86: c | I86: c | K86: c | L86: c | N86: c | O86: c | Q86: 25.20302 | R86: 1.5238818 | T86: m | U86: m | W86: m | X86: m | Z86: m | AA86: m | AC86: 25.580367 | AD86: 1.9798124 | AF86: m | AG86: m | AI86: m | AJ86: m | AL86: m | AM86: m
A87: Russia | B87: 5.7706009 | C87: 0.30960018 | E87: 0.14038957 | F87: 0.021474893 | H87: 0.04935755 | I87: 0.044904028 | K87: 0.13649425 | L87: 0.050330149 | N87: -0.089741227 | O87: 0.078708017 | Q87: 24.500868 | R87: 1.1336621 | T87: 32.55751 | U87: 2.5805162 | W87: 29.854075 | X87: 3.1454818 | Z87: 36.87308 | AA87: 3.5823949 | AC87: 25.198244 | AD87: 0.96796692 | AF87: 23.868474 | AG87: 1.6327004 | AI87: 27.601893 | AJ87: 2.5426847 | AL87: 17.908712 | AM87: 2.8835347
A88: Saudi Arabia | B88: 11.867439 | C88: 1.0844814 | E88: -0.71328049 | F88: 0.046466188 | H88: -0.46866946 | I88: 0.060050182 | K88: -0.52383721 | L88: 0.075287332 | N88: -0.40373703 | O88: 0.071421016 | Q88: 25.534964 | R88: 1.4046157 | T88: 16.743435 | U88: 1.549978 | W88: 17.557258 | X88: 2.2579196 | Z88: 15.785566 | AA88: 1.8888316 | AC88: 25.424343 | AD88: 1.4682765 | AF88: 28.423546 | AG88: 2.5960667 | AI88: 24.535416 | AJ88: 2.5638333 | AL88: 32.999874 | AM88: 3.4750128
A89: Serbia | B89: 9.3212895 | C89: 0.41176693 | E89: -0.23547201 | F89: 0.016732459 | H89: -0.22279302 | I89: 0.045059792 | K89: -0.23515368 | L89: 0.044505254 | N89: -0.12304834 | O89: 0.13457408 | Q89: 25.047863 | R89: 0.7856235 | T89: 24.062364 | U89: 2.028581 | W89: 24.403957 | X89: 2.1493526 | Z89: 21.305872 | AA89: 4.867139 | AC89: 25.304561 | AD89: 0.80688387 | AF89: 24.948956 | AG89: 2.2734501 | AI89: 24.487752 | AJ89: 2.2291389 | AL89: 28.670649 | AM89: 6.7904882
A90: Singapore | B90: 24.818878 | C90: 0.66661225 | E90: 0.072267495 | F90: 0.012014221 | H90: 0.47244956 | I90: 0.023083254 | K90: 0.37045415 | L90: 0.034341457 | N90: 0.52186805 | O90: 0.030798279 | Q90: 28.276323 | R90: 0.61704171 | T90: 14.479816 | U90: 0.81387393 | W90: 17.342425 | X90: 1.4884154 | Z90: 13.092834 | AA90: 0.97774872 | AC90: 21.027769 | AD90: 0.57292415 | AF90: 37.14308 | AG90: 1.6965171 | AI90: 33.501453 | AJ90: 1.9804639 | AL90: 38.907509 | AM90: 2.4132853
A91: Chinese Taipei | B91: 0.70330202 | C91: 0.17353561 | E91: -0.31134325 | F91: 0.023252403 | H91: -0.61630589 | I91: 0.33447269 | K91: c | L91: c | N91: c | O91: c | Q91: 24.885505 | R91: 0.81124481 | T91: 40.257441 | U91: 14.805469 | W91: m | X91: m | Z91: m | AA91: m | AC91: 24.995127 | AD91: 1.0036966 | AF91: 29.594316 | AG91: 6.1996673 | AI91: m | AJ91: m | AL91: m | AM91: m
A92: Thailand | B92: 1.0713659 | C92: 0.43149317 | E92: -1.2834383 | F92: 0.044502271 | H92: -2.1943798 | I92: 0.15783154 | K92: -2.062973 | L92: 0.21740422 | N92: c | O92: c | Q92: 24.570246 | R92: 1.0948836 | T92: 57.146002 | U92: 5.4035663 | W92: 50.077976 | X92: 5.9429906 | Z92: m | AA92: m | AC92: 25.224809 | AD92: 1.5875726 | AF92: 17.33875 | AG92: 6.9524831 | AI92: 22.203653 | AJ92: 9.7297019 | AL92: m | AM92: m
A93: Ukraine | B93: 2.314936 | C93: 0.21824514 | E93: -0.1990635 | F93: 0.024952603 | H93: -0.094447158 | I93: 0.082165624 | K93: 0.038298456 | L93: 0.08416732 | N93: -0.35938152 | O93: 0.17941462 | Q93: 24.672722 | R93: 1.1737265 | T93: 23.560226 | U93: 4.1223312 | W93: 18.03321 | X93: 4.3611442 | Z93: 34.591073 | AA93: 9.1071772 | AC93: 25.241334 | AD93: 1.1570319 | AF93: 30.356283 | AG93: 3.8070417 | AI93: 33.850465 | AJ93: 4.8959336 | AL93: 23.382577 | AM93: 6.3044581
A94: United Arab Emirates | B94: 55.781255 | C94: 0.78306141 | E94: 0.10921886 | F94: 0.011950318 | H94: 0.41853793 | I94: 0.022521403 | K94: 0.30319095 | L94: 0.019130113 | N94: 0.49979715 | O94: 0.028375331 | Q94: 34.421035 | R94: 0.61993313 | T94: 17.13115 | U94: 0.76204274 | W94: 20.613138 | X94: 0.93686459 | Z94: 14.678172 | AA94: 0.88752997 | AC94: 21.861817 | AD94: 0.59006678 | AF94: 27.702701 | AG94: 1.2442651 | AI94: 21.370784 | AJ94: 0.8962963 | AL94: 32.163387 | AM94: 1.8098856
A95: Uruguay | B95: 1.2698267 | C95: 0.18673082 | E95: -0.98422764 | F95: 0.038222644 | H95: -0.77763413 | I95: 0.18198339 | K95: -1.0515599 | L95: 0.1877835 | N95: -0.50973084 | O95: 0.25240337 | Q95: 24.901555 | R95: 1.1302982 | T95: 19.699106 | U95: 4.4166615 | W95: 22.168605 | X95: 5.8354399 | Z95: 17.283902 | AA95: 6.5872375 | AC95: 25.099693 | AD95: 1.2597604 | AF95: 29.638044 | AG95: 7.8620139 | AI95: 13.921817 | AJ95: 6.8281629 | AL95: 45.008736 | AM95: 10.247008
A96: Viet Nam | B96: 0.062539119 | C96: 0.031144342 | E96: -1.62254 | F96: 0.05291914 | H96: c | I96: c | K96: c | L96: c | N96: c | O96: c | Q96: 25.045173 | R96: 1.7013744 | T96: m | U96: m | W96: m | X96: m | Z96: m | AA96: m | AC96: 24.915267 | AD96: 1.7345693 | AF96: m | AG96: m | AI96: m | AJ96: m | AL96: m | AM96: m
A104: *Honk Kong (China), Netherlands, Portugal and United States: Data did not meet the PISA technical standards but were accepted as largely comparable (see Annexes A2 and A4).
A105: Information on data for Cyprus: https://oe.cd/cyprus-disclaimer
A106: 1. A socio-economically disadvantaged student is a student in the bottom quarter of the PISA index of economic, social and cultural status (ESCS) in his or her own country/economy.
A107: 2. A socio-economically advantaged student is a student in the top quarter of the PISA index of economic, social and cultural status (ESCS) in his or her own country/economy.
A108: Note: Information regarding the proportion of the sample covered is shown next to the standard error. No symbol means at least 75% of the population was covered; one dagger (†) means at least 50% but less than 75%; and one double-dagger (‡) means less than 50% was covered. For comparisons across cycles, the coverage information corresponds to the cycle with the lowest sample coverage.

Sheet Table II.B1.9.2
A1: PISA 2018 Results (Volume II) - © OECD 2019
A2: Annex B1 | B2: Annex B1.9 Results (tables): Immigrant background and students’ performance
A3: Version 2 - Last updated: 02-Dec-2019
A4: Disclaimer: http://oe.cd/disclaimer
A6: Table II.B1.9.2
A7: Language spoken at home, by immigrant background
A8: Based on students' reports
B12: Percentage of immigrant students | E12: Percentage of students who speak mainly another language at home | T12: Average performance in reading
E13: All students | H13: Non-immigrant | K13: Immigrant | N13: Second-generation immigrant | Q13: First-generation immigrant | T13: Immigrant students who speak mainly another language at home | W13: Immigrant students who speak the language of assessment at home | Z13: Difference in reading performance between immigrant students who speak the language of assessment at home and those who do not
B14: % | C14: S.E. | D14: s | E14: % | F14: S.E. | G14: s | H14: % | I14: S.E. | J14: s | K14: % | L14: S.E. | M14: s | N14: % | O14: S.E. | P14: s | Q14: % | R14: S.E. | S14: s | T14: Mean score | U14: S.E. | V14: s | W14: Mean score | X14: S.E. | Y14: s | Z14: Score dif. | AA14: S.E. | AB14: s
A15: OECD
A16: Australia | B16: 27.708763 | C16: 0.84465676 | E16: 13.276377 | F16: 0.55957714 | H16: 2.6875176 | I16: 0.19530622 | K16: 40.072203 | L16: 1.1336135 | N16: 32.797866 | O16: 1.3830896 | Q16: 47.012589 | R16: 1.7024636 | T16: 491.63955 | U16: 4.446552 | W16: 524.67641 | X16: 3.6081609 | Z16: 33.036861 | AA16: 4.4811497
A17: Austria | B17: 22.686235 | C17: 1.1527353 | E17: 20.496457 | F17: 0.90151551 | H17: 4.6612943 | I17: 0.34233551 | K17: 73.759018 | L17: 1.4086764 | N17: 72.439363 | O17: 1.7951061 | Q17: 76.276963 | R17: 1.9380138 | T17: 425.06291 | U17: 3.8596257 | W17: 471.30849 | X17: 8.4050868 | Z17: 46.245582 | AA17: 7.7444158
A18: Belgium | B18: 18.059455 | C18: 0.8584751 | E18: 17.536608 | F18: 0.84811966 | H18: 7.8777547 | I18: 0.51592839 | K18: 59.317426 | L18: 1.6864713 | N18: 55.715897 | O18: 2.3306208 | Q18: 64.023923 | R18: 3.27716 | T18: 429.36521 | U18: 4.584528 | W18: 468.01934 | X18: 5.1655628 | Z18: 38.654131 | AA18: 6.2110038
A19: Canada | B19: 34.969966 | C19: 1.4227691 | E19: 21.016716 | F19: 0.84408642 | H19: 4.3083376 | I19: 0.19531992 | K19: 51.706789 | L19: 1.1000887 | N19: 37.196486 | O19: 1.2293627 | Q19: 66.907881 | R19: 1.3535904 | T19: 507.9707 | U19: 3.393022 | W19: 536.65252 | X19: 3.9991512 | Z19: 28.681822 | AA19: 4.2876732
A20: Chile | B20: 3.3908615 | C20: 0.38959487 | E20: 1.8475888 | F20: 0.175707 | H20: 1.7039417 | I20: 0.16729104 | K20: 6.4631559 | L20: 2.3965378 | N20: 11.570103 | O20: 7.2271303 | Q20: 5.1529194 | R20: 2.225352 | T20: c | U20: c | W20: 439.51485 | X20: 7.9867542 | Z20: c | AA20: c
A21: Colombia | B21: 0.55659208 | C21: 0.12058001 | E21: 1.6506953 | F21: 0.17440621 | H21: 1.5130825 | I21: 0.16281086 | K21: 13.973481 | L21: 6.4293773 | N21: c | O21: c | Q21: c | R21: c | T21: c | U21: c | W21: 354.79125 | X21: 14.689332 | Z21: c | AA21: c
A22: Czech Republic | B22: 4.1464036 | C22: 0.38608927 | E22: 5.751648 | F22: 0.50522542 | H22: 2.7679404 | I22: 0.31228374 | K22: 71.181172 | L22: 3.5088641 | N22: 54.432578 | O22: 5.1551818 | Q22: 87.062021 | R22: 3.5427724 | T22: 437.39502 | U22: 11.48601 | W22: 443.39241 | X22: 15.039417 | Z22: 5.9973935 | AA22: 17.915812
A23: Denmark | B23: 10.653251 | C23: 0.43829698 | E23: 8.0689624 | F23: 0.39362101 | H23: 2.8702732 | I23: 0.26861299 | K23: 50.897215 | L23: 1.8385675 | N23: 44.277997 | O23: 2.2523433 | Q23: 75.564449 | R23: 3.6273681 | T23: 430.28771 | U23: 4.996098 | W23: 459.16828 | X23: 4.6016264 | Z23: 28.880569 | AA23: 6.3058126
A24: Estonia | B24: 10.392583 | C24: 0.46505303 | E24: 5.3852968 | F24: 0.39654398 | H24: 4.5174124 | I24: 0.35306226 | K24: 12.651133 | L24: 1.7066836 | N24: 10.464952 | O24: 1.5738927 | Q24: 40.915448 | R24: 7.8849202 | T24: 460.10222 | U24: 10.08737 | W24: 493.58089 | X24: 4.9044652 | Z24: 33.478669 | AA24: 10.858399
A25: Finland | B25: 5.7757806 | C25: 0.47656616 | E25: 7.5785608 | F25: 0.49436505 | H25: 3.3146349 | I25: 0.39888443 | K25: 73.859011 | L25: 2.3182347 | N25: 62.849667 | O25: 4.8812485 | Q25: 82.04672 | R25: 2.4515011 | T25: 425.17148 | U25: 8.4533262 | W25: 466.04648 | X25: 15.154602 | Z25: 40.875002 | AA25: 17.528553
A26: France | B26: 14.292398 | C26: 0.93597143 | E26: 11.543447 | F26: 0.66106081 | H26: 5.7899376 | I26: 0.46340046 | K26: 45.530349 | L26: 2.3052974 | N26: 35.6092 | O26: 2.2505111 | Q26: 65.944772 | R26: 3.1030498 | T26: 434.947 | U26: 6.7647098 | W26: 461.81689 | X26: 6.7266162 | Z26: 26.869885 | AA26: 8.3832534
A27: Germany | B27: 22.168808 | C27: 1.1487898 | E27: 17.822175 | F27: 0.95152182 | H27: 4.4530643 | I27: 0.40075058 | K27: 62.48237 | L27: 1.5319132 | N27: 52.910849 | O27: 1.9527305 | Q27: 85.974114 | R27: 2.4942943 | T27: 430.07769 | U27: 6.9167391 | W27: 499.66797 | X27: 7.1071168 | Z27: 69.590277 | AA27: 7.1968763
A28: Greece | B28: 11.696103 | C28: 0.66265155 | E28: 6.2419355 | F28: 0.46735183 | H28: 1.5125143 | I28: 0.2641178 | K28: 40.933171 | L28: 2.4535546 | N28: 33.041713 | O28: 2.5887419 | Q28: 62.405866 | R28: 4.0673354 | T28: 389.91473 | U28: 8.4119626 | W28: 430.86752 | X28: 5.9134151 | Z28: 40.952795 | AA28: 8.1993639
A29: Hungary | B29: 2.5521961 | C29: 0.30831545 | E29: 2.2015821 | F29: 0.23297578 | H29: 1.8643918 | I29: 0.23352283 | K29: 14.10221 | L29: 3.012348 | N29: 15.572294 | O29: 3.7356421 | Q29: 12.553423 | R29: 5.0092196 | T29: c | U29: c | W29: 489.39379 | X29: 10.780735 | Z29: c | AA29: c
A30: Iceland | B30: 5.5922791 | C30: 0.40139674 | E30: 7.1670161 | F30: 0.44511882 | H30: 2.6969908 | I30: 0.29616653 | K30: 81.478625 | L30: 2.8630685 | N30: 69.65143 | O30: 4.8536031 | Q30: 90.937932 | R30: 2.9499814 | T30: 406.02068 | U30: 7.8312173 | W30: 410.30905 | X30: 20.784048 | Z30: 4.2883639 | AA30: 21.656801
A31: Ireland | B31: 17.860839 | C31: 0.91486177 | E31: 9.0837827 | F31: 0.59268494 | H31: 0.36131498 | I31: 0.086811673 | K31: 49.447429 | L31: 1.8763177 | N31: 27.024615 | O31: 2.6130647 | Q31: 67.822715 | R31: 1.9580724 | T31: 498.4897 | U31: 5.3251096 | W31: 518.2334 | X31: 5.1686394 | Z31: 19.743705 | AA31: 7.220863
A32: Israel | B32: 16.416253 | C32: 1.0738364 | E32: 14.024953 | F32: 0.859249 | H32: 6.5283768 | I32: 0.69052684 | K32: 51.228787 | L32: 1.9877901 | N32: 44.01461 | O32: 2.2685563 | Q32: 74.36265 | R32: 2.8525618 | T32: 464.04426 | U32: 7.621583 | W32: 479.25167 | X32: 6.9369616 | Z32: 15.207418 | AA32: 7.0483249
A33: Italy | B33: 10.025087 | C33: 0.49170849 | E33: 18.464272 | F33: 0.6098366 | H33: 13.481258 | I33: 0.66291822 | K33: 62.239048 | L33: 1.9688944 | N33: 55.424856 | O33: 2.3807285 | Q33: 70.392224 | R33: 3.1384944 | T33: 423.00842 | U33: 6.0645142 | W33: 466.88104 | X33: 7.2902776 | Z33: 43.872615 | AA33: 9.3770847
A34: Japan | B34: 0.62269076 | C34: 0.13447374 | E34: 0.96766638 | F34: 0.17881164 | H34: w | I34: w | K34: w | L34: w | N34: w | O34: w | Q34: w | R34: w | T34: w | U34: w | W34: w | X34: w | Z34: w | AA34: w
A35: Korea | B35: 0.16599464 | C35: 0.08987183 | E35: 0.59048557 | F35: 0.080897464 | H35: 0.54000672 | I35: 0.082469349 | K35: c | L35: c | N35: c | O35: c | Q35: c | R35: c | T35: c | U35: c | W35: c | X35: c | Z35: c | AA35: c
A36: Latvia | B36: 4.4397198 | C36: 0.3368561 | E36: 10.532325 | F36: 0.69999372 | H36: 9.8857405 | I36: 0.6912659 | K36: 23.503665 | L36: 3.0602879 | N36: 23.066354 | O36: 3.297757 | Q36: 25.403327 | R36: 7.4271371 | T36: 422.14921 | U36: 16.408569 | W36: 491.41146 | X36: 10.008557 | Z36: 69.262249 | AA36: 19.390616
A37: Lithuania | B37: 1.559925 | C37: 0.1305157 | E37: 5.8565488 | F37: 0.40841141 | H37: 5.3551794 | I37: 0.42243152 | K37: 30.254404 | L37: 4.4679387 | N37: 28.312078 | O37: 4.7586009 | Q37: 37.338158 | R37: 11.667119 | T37: 408.04233 | U37: 26.606317 | W37: 478.27753 | X37: 12.207893 | Z37: 70.235202 | AA37: 31.116166
A38: Luxembourg | B38: 54.871809 | C38: 0.64370888 | E38: 82.883376 | F38: 0.41867302 | H38: 91.995827 | I38: 0.5368489 | K38: 75.585094 | L38: 0.72848826 | N38: 77.182532 | O38: 1.0343732 | Q38: 73.605345 | R38: 1.0234341 | T38: 431.93718 | U38: 2.0287159 | W38: 527.54779 | X38: 3.8835423 | Z38: 95.610614 | AA38: 4.7078294
A39: Mexico | B39: 1.5614212 | C39: 0.26845506 | E39: 2.8831952 | F39: 0.58353316 | H39: 2.6739052 | I39: 0.56910717 | K39: 16.351841 | L39: 5.1049338 | N39: 10.658287 | O39: 4.833108 | Q39: 23.379829 | R39: 8.741124 | T39: c | U39: c | W39: 331.75496 | X39: 16.75973 | Z39: c | AA39: c
A40: Netherlands* | B40: 13.767366 | C40: 1.1613432 | E40: 9.7827873 | F40: 0.76169075 | H40: 2.2171627 | I40: 0.30335633 | K40: 55.108604 | L40: 2.259351 | N40: 50.497458 | O40: 2.5189563 | Q40: 74.093526 | R40: 4.3851229 | T40: 415.47913 | U40: 6.7763238 | W40: 440.92456 | X40: 7.6286405 | Z40: 25.445431 | AA40: 7.4966319
A41: New Zealand | B41: 26.459841 | C41: 1.3482097 | E41: 14.299239 | F41: 0.78375162 | H41: 2.8179319 | I41: 0.29934067 | K41: 45.318833 | L41: 1.5925637 | N41: 37.278981 | O41: 2.1280539 | Q41: 51.667552 | R41: 1.9576934 | T41: 486.23604 | U41: 4.9401073 | W41: 526.11843 | X41: 4.2652618 | Z41: 39.88239 | AA41: 6.4575462
A42: Norway | B42: 12.399896 | C42: 0.77280409 | E42: 10.243323 | F42: 0.55301199 | H42: 2.6688419 | I42: 0.24253388 | K42: 62.908163 | L42: 2.0528251 | N42: 43.717142 | O42: 2.8563677 | Q42: 82.238448 | R42: 2.146147 | T42: 454.89316 | U42: 6.2132005 | W42: 459.86692 | X42: 6.41882 | Z42: 4.9737541 | AA42: 8.7555912
A43: Poland | B43: 0.64312079 | C43: 0.190311 | E43: 1.7211215 | F43: 0.28691901 | H43: 1.197866 | I43: 0.18502079 | K43: c | L43: c | N43: c | O43: c | Q43: c | R43: c | T43: c | U43: c | W43: c | X43: c | Z43: c | AA43: c
A44: Portugal* | B44: 6.9632336 | C44: 0.57149007 | E44: 3.060403 | F44: 0.34313067 | H44: 1.1763295 | I44: 0.15089817 | K44: 27.601835 | L44: 2.6980688 | N44: 23.492716 | O44: 3.4105114 | Q44: 33.169862 | R44: 3.4525292 | T44: 446.45752 | U44: 13.908733 | W44: 469.10213 | X44: 7.52879 | Z44: 22.644611 | AA44: 13.266423
A45: Slovak Republic | B45: 1.188531 | C45: 0.1684223 | E45: 8.6996744 | F45: 0.73578932 | H45: 8.0590414 | I45: 0.73585239 | K45: 40.526809 | L45: 6.4783294 | N45: 34.574151 | O45: 7.8160926 | Q45: 47.094209 | R45: 9.6585797 | T45: c | U45: c | W45: 421.36543 | X45: 18.051115 | Z45: c | AA45: c
A46: Slovenia | B46: 8.8801417 | C46: 0.3116744 | E46: 9.8547627 | F46: 0.38509975 | H46: 3.1033334 | I46: 0.34044278 | K46: 78.147239 | L46: 1.9369757 | N46: 57.051866 | O46: 3.3231564 | Q46: 92.821656 | R46: 1.7764787 | T46: 435.02257 | U46: 6.9141721 | W46: 455.8622 | X46: 12.129715 | Z46: 20.839626 | AA46: 13.835355
A47: Spain | B47: 12.188162 | C47: 0.47645499 | E47: 20.568594 | F47: 0.75920008 | H47: 16.165921 | I47: 0.79663577 | K47: 49.709931 | L47: 1.4581822 | N47: 46.916386 | O47: 2.2704731 | Q47: 51.591686 | R47: 1.8539639 | T47: m | U47: m | W47: m | X47: m | Z47: m | AA47: m
A48: Sweden | B48: 20.473116 | C48: 1.3408866 | E48: 17.608092 | F48: 1.0278923 | H48: 4.1791327 | I48: 0.32119916 | K48: 68.084776 | L48: 1.5661736 | N48: 55.910214 | O48: 2.0632962 | Q48: 81.902356 | R48: 1.875167 | T48: 427.38681 | U48: 7.0024617 | W48: 475.72663 | X48: 6.9770768 | Z48: 48.339817 | AA48: 9.0622854
A49: Switzerland | B49: 33.868233 | C49: 1.4103551 | E49: 27.014777 | F49: 1.1991717 | H49: 7.6183476 | I49: 0.68592906 | K49: 64.097664 | L49: 1.5027524 | N49: 60.486013 | O49: 1.8196436 | Q49: 70.693689 | R49: 2.0878642 | T49: 433.29389 | U49: 4.6918883 | W49: 484.41591 | X49: 4.4974324 | Z49: 51.122027 | AA49: 4.6840153
A50: Turkey | B50: 0.85430184 | C50: 0.14058186 | E50: 6.9673021 | F50: 0.90836778 | H50: 6.7424478 | I50: 0.89868097 | K50: 26.145268 | L50: 7.4832306 | N50: 15.540539 | O50: 5.5617105 | Q50: c | R50: c | T50: c | U50: c | W50: 472.81138 | X50: 13.995649 | Z50: c | AA50: c
A51: United Kingdom | B51: 19.760952 | C51: 1.1769924 | E51: 11.927335 | F51: 0.75471858 | H51: 2.6618845 | I51: 0.26774759 | K51: 48.272163 | L51: 1.750276 | N51: 32.560405 | O51: 2.1844167 | Q51: 69.409823 | R51: 1.8317342 | T51: 480.42644 | U51: 5.6916876 | W51: 500.0626 | X51: 4.9779703 | Z51: 19.636166 | AA51: 6.6855729
A52: United States* | B52: 23.012326 | C52: 1.5198815 | E52: 16.346829 | F52: 1.2072719 | H52: 2.9093793 | I52: 0.34297988 | K52: 59.938954 | L52: 2.1716152 | N52: 54.493611 | O52: 2.620839 | Q52: 75.625768 | R52: 2.7672342 | T52: 492.95119 | U52: 7.0824784 | W52: 519.67944 | X52: 7.0790922 | Z52: 26.728253 | AA52: 8.1554571
A53: OECD average-36a | B53: 13.06768 | C53: 0.13401022 | E53: 11.955481 | F53: 0.10990107 | H53: 6.5346399 | I53: 0.071596448 | K53: 47.974785 | L53: 0.53349503 | N53: 41.244276 | O53: 0.6280282 | Q53: 61.735489 | R53: 0.80950243 | T53: 443.99158 | U53: 1.7494899 | W53: 468.74241 | X53: 1.7264725 | Z53: 35.96649 | AA53: 2.3113621
A54: Partners
A55: Albania | B55: 0.62059781 | C55: 0.12271048 | E55: 3.9942579 | F55: 0.52635405 | H55: 3.799908 | I55: 0.51827983 | K55: 28.885621 | L55: 7.5353994 | N55: c | O55: c | Q55: c | R55: c | T55: c | U55: c | W55: c | X55: c | Z55: c | AA55: c
A56: Argentina | B56: 4.5581922 | C56: 0.32588582 | E56: 3.4312748 | F56: 0.30753674 | H56: 2.3912136 | I56: 0.28801386 | K56: 20.500337 | L56: 2.8008337 | N56: 13.943768 | O56: 2.6303042 | Q56: 27.673831 | R56: 4.3406616 | T56: 394.55935 | U56: 11.50626 | W56: 407.73256 | X56: 7.9949256 | Z56: 13.173208 | AA56: 13.541214
A57: Baku (Azerbaijan) | B57: 5.2006981 | C57: 0.37027052 | E57: 11.091227 | F57: 0.39141081 | H57: 10.867505 | I57: 0.4275637 | K57: 12.511652 | L57: 1.8133364 | N57: 8.635583 | O57: 1.7297072 | Q57: 17.926633 | R57: 3.0285881 | T57: 345.0105 | U57: 12.96297 | W57: 383.81627 | X57: 4.2947324 | Z57: 38.805768 | AA57: 13.430615
A58: Belarus | B58: 4.1471742 | C58: 0.31876009 | E58: 4.2765104 | F58: 0.51517283 | H58: 4.2003294 | I58: 0.51790186 | K58: 6.3041532 | L58: 1.8345056 | N58: 6.3045846 | O58: 2.0250648 | Q58: 6.3031778 | R58: 3.1145726 | T58: c | U58: c | W58: 459.46817 | X58: 7.5627649 | Z58: c | AA58: c
A59: Bosnia and Herzegovina | B59: 2.8167785 | C59: 0.32525594 | E59: 6.4579426 | F59: 0.44237109 | H59: 6.0686124 | I59: 0.43947515 | K59: 17.222443 | L59: 3.2875637 | N59: 17.114416 | O59: 4.046701 | Q59: 17.33153 | R59: 4.9195548 | T59: c | U59: c | W59: 392.27276 | X59: 7.9898301 | Z59: c | AA59: c
A60: Brazil | B60: 0.60093706 | C60: 0.091503247 | E60: 1.5326395 | F60: 0.14465206 | H60: 1.2802311 | I60: 0.13259287 | K60: 19.506853 | L60: 5.5785214 | N60: 11.769799 | O60: 5.6348085 | Q60: c | R60: c | T60: c | U60: c | W60: 323.44359 | X60: 11.616874 | Z60: c | AA60: c
A61: Brunei Darussalam | B61: 8.1815056 | C61: 0.28326741 | E61: 88.87048 | F61: 0.34008347 | H61: 90.248985 | I61: 0.35169539 | K61: 73.163084 | L61: 1.9360674 | N61: 72.841566 | O61: 3.2200733 | Q61: 73.345619 | R61: 2.2922407 | T61: 455.92168 | U61: 5.0102929 | W61: 529.8502 | X61: 5.8134816 | Z61: 73.928528 | AA61: 7.8754762
A62: B-S-J-Z (China) | B62: 0.15768377 | C62: 0.062805617 | E62: 0.48634205 | F62: 0.1015514 | H62: 0.46036965 | I62: 0.10366567 | K62: c | L62: c | N62: c | O62: c | Q62: c | R62: c | T62: c | U62: c | W62: c | X62: c | Z62: c | AA62: c
A63: Bulgaria | B63: 1.1491597 | C63: 0.16216896 | E63: 12.929688 | F63: 1.1745743 | H63: 11.77887 | I63: 1.1491626 | K63: 67.762324 | L63: 6.3733494 | N63: c | O63: c | Q63: c | R63: c | T63: 406.88701 | U63: 14.285452 | W63: c | X63: c | Z63: c | AA63: c
A64: Costa Rica | B64: 10.019967 | C64: 0.67284873 | E64: 3.4389588 | F64: 0.34719633 | H64: 2.7611199 | I64: 0.30709199 | K64: 8.0846744 | L64: 1.3896618 | N64: 7.80564 | O64: 1.6220477 | Q64: 8.6726802 | R64: 2.1538804 | T64: 428.78839 | U64: 16.262278 | W64: 405.14909 | X64: 4.3990847 | Z64: -23.639294 | AA64: 15.397113
A65: Croatia | B65: 9.0899093 | C65: 0.4859888 | E65: 3.2811593 | F65: 0.28449269 | H65: 2.6584655 | I65: 0.26077515 | K65: 8.2437391 | L65: 1.214906 | N65: 6.0883358 | O65: 1.0919197 | Q65: 20.745554 | R65: 4.8510603 | T65: 454.11169 | U65: 15.829694 | W65: 473.55702 | X65: 5.7799118 | Z65: 19.445329 | AA65: 16.567011
A66: Cyprus | B66: 14.787024 | C66: 0.51722412 | E66: 22.282276 | F66: 0.52653792 | H66: 16.422173 | I66: 0.39481973 | K66: 54.413333 | L66: 1.9047837 | N66: 43.774618 | O66: 3.6176828 | Q66: 60.223119 | R66: 2.4518888 | T66: 422.19376 | U66: 5.8508684 | W66: 441.66547 | X66: 5.6480106 | Z66: 19.47171 | AA66: 8.5752454
A67: Dominican Republic | B67: 2.9220532 | C67: 0.2689033 | E67: 3.33061 | F67: 0.31680269 | H67: 2.6937921 | I67: 0.3301851 | K67: 20.826658 | L67: 3.9795099 | N67: 14.078031 | O67: 4.0895224 | Q67: 29.054376 | R67: 6.3142531 | T67: 332.58068 | U67: 17.513515 | W67: 319.78603 | X67: 12.011371 | Z67: -12.794658 | AA67: 17.714034
A68: Georgia | B68: 1.3646309 | C68: 0.19590177 | E68: 6.2352684 | F68: 0.48023328 | H68: 5.6273561 | I68: 0.47266779 | K68: 33.719713 | L68: 6.2349032 | N68: 23.395754 | O68: 7.1197522 | Q68: c | R68: c | T68: c | U68: c | W68: 340.72348 | X68: 13.655703 | Z68: c | AA68: c
A69: Hong Kong (China)* | B69: 37.911635 | C69: 1.3286601 | E69: 18.814974 | F69: 2.0826128 | H69: 10.857586 | I69: 2.29553 | K69: 31.588194 | L69: 2.8941575 | N69: 18.390725 | O69: 2.4183475 | Q69: 57.315533 | R69: 3.5192547 | T69: 492.36397 | U69: 11.133896 | W69: 535.88133 | X69: 2.9375923 | Z69: 43.517367 | AA69: 11.408287
A70: Indonesia | B70: 0.25111855 | C70: 0.06652374 | E70: 52.597154 | F70: 2.2592423 | H70: 52.875366 | I70: 2.2844329 | K70: 34.705831 | L70: 17.423428 | N70: c | O70: c | Q70: c | R70: c | T70: c | U70: c | W70: c | X70: c | Z70: c | AA70: c
A71: Jordan | B71: 11.560157 | C71: 0.53282257 | E71: 5.7391313 | F71: 0.39373822 | H71: 5.4848685 | I71: 0.40094519 | K71: 6.9032349 | L71: 0.88658011 | N71: 6.2077629 | O71: 1.1108584 | Q71: 7.8004495 | R71: 1.305287 | T71: 426.23584 | U71: 12.978737 | W71: 433.85324 | X71: 4.4976733 | Z71: 7.6173961 | AA71: 12.647646
A72: Kazakhstan | B72: 8.2053827 | C72: 0.44928776 | E72: 9.9738464 | F72: 0.52397708 | H72: 10.010375 | I72: 0.54382037 | K72: 9.8808983 | L72: 1.0168713 | N72: 10.676285 | O72: 1.3487431 | Q72: 9.0528752 | R72: 1.3324372 | T72: 409.42064 | U72: 10.780507 | W72: 373.88091 | X72: 2.9877222 | Z72: -35.539727 | AA72: 11.556466
A73: Kosovo | B73: 1.1474608 | C73: 0.19367278 | E73: 3.307924 | F73: 0.31205022 | H73: 3.1042913 | I73: 0.29791904 | K73: 15.454656 | L73: 4.6484655 | N73: 7.6978758 | O73: 4.3879533 | Q73: c | R73: c | T73: c | U73: c | W73: 334.99589 | X73: 9.3419956 | Z73: c | AA73: c
A74: Lebanon | B74: 5.9837012 | C74: 0.46419036 | E74: 97.721857 | F74: 0.27197322 | H74: 97.803905 | I74: 0.25317997 | K74: 97.14143 | L74: 1.2474356 | M74: † | N74: 92.829111 | O74: 3.6164758 | P74: † | Q74: 99.022508 | R74: 0.92748539 | T74: 322.5702 | U74: 9.6716611 | W74: c | X74: c | Z74: c | AA74: c
A75: Macao (China) | B75: 62.874218 | C75: 0.67146254 | E75: 18.682182 | F75: 0.31692857 | H75: 24.085718 | I75: 0.92167313 | K75: 15.529591 | L75: 0.63380518 | N75: 18.689859 | O75: 0.85714008 | Q75: 11.07124 | R75: 0.95522704 | T75: 470.49393 | U75: 5.4289817 | W75: 544.90576 | X75: 1.8446578 | Z75: 74.411821 | AA75: 5.8971115
A76: Malaysia | B76: 1.6480915 | C76: 0.22052586 | E76: 32.160776 | F76: 2.2002166 | H76: 31.814257 | I76: 2.2501996 | K76: 34.188108 | L76: 5.6806806 | N76: 18.976783 | O76: 5.4934029 | Q76: c | R76: c | T76: 385.51796 | U76: 43.111173 | W76: 421.8323 | X76: 12.764145 | Z76: 36.31434 | AA76: 44.385911
A77: Malta | B77: 8.788446 | C77: 0.43858351 | E77: 82.839255 | F77: 0.54177085 | H77: 84.562013 | I77: 0.53844368 | K77: 65.184496 | L77: 2.9580115 | N77: 56.5746 | O77: 5.728051 | Q77: 67.984743 | R77: 3.3673059 | T77: 430.90571 | U77: 9.1822447 | W77: 493.75511 | X77: 11.506921 | Z77: 62.849406 | AA77: 15.680248
A78: Moldova | B78: 1.4465235 | C78: 0.1641034 | E78: 9.3631768 | F78: 0.82712281 | H78: 9.2254105 | I78: 0.82487213 | K78: 22.951708 | L78: 5.4565509 | N78: 13.914802 | O78: 5.1501658 | Q78: c | R78: c | T78: c | U78: c | W78: 447.46478 | X78: 14.665454 | Z78: c | AA78: c
A79: Montenegro | B79: 5.7995231 | C79: 0.293478 | E79: 4.2386413 | F79: 0.24995529 | H79: 3.372557 | I79: 0.22880601 | K79: 17.580527 | L79: 2.1380435 | N79: 7.0262316 | O79: 1.6953495 | Q79: 34.803926 | R79: 4.5747662 | T79: 396.23998 | U79: 11.748445 | W79: 436.27212 | X79: 5.1373764 | Z79: 40.032139 | AA79: 13.324037
A80: Morocco | B80: 0.78286569 | C80: 0.10751899 | E80: 87.173433 | F80: 0.77762124 | H80: 87.567882 | I80: 0.75439304 | K80: 84.443292 | L80: 4.6079247 | N80: c | O80: c | Q80: c | R80: c | T80: 312.66452 | U80: 12.193969 | W80: c | X80: c | Z80: c | AA80: c
A81: North Macedonia | B81: 1.6242813 | C81: 0.22955526 | E81: 7.2057424 | F81: 0.38730369 | H81: 6.6181151 | I81: 0.40604809 | K81: 23.774433 | L81: 5.6257644 | N81: 21.966267 | O81: 7.1273858 | Q81: c | R81: c | T81: c | U81: c | W81: 355.59805 | X81: 16.017714 | Z81: c | AA81: c
A82: Panama | B82: 5.9699964 | C82: 0.73436898 | E82: 11.59661 | F82: 1.0168086 | H82: 10.271381 | I82: 0.86023861 | K82: 23.611306 | L82: 4.8869508 | N82: 40.038997 | O82: 7.4548461 | Q82: 14.771446 | R82: 5.5523248 | T82: 383.82893 | U82: 13.202343 | W82: 416.2079 | X82: 11.826156 | Z82: 32.378971 | AA82: 16.918811
A83: Peru | B83: 0.4902788 | C83: 0.099801678 | E83: 6.839134 | F83: 0.7007511 | H83: 6.6466142 | I83: 0.67752281 | K83: c | L83: c | N83: c | O83: c | Q83: c | R83: c | T83: c | U83: c | W83: c | X83: c | Z83: c | AA83: c
A84: Philippines | B84: 1.0367395 | C84: 0.15659271 | E84: 94.265591 | F84: 0.44510581 | H84: 94.362345 | I84: 0.45348684 | K84: 92.925867 | L84: 3.071406 | N84: c | O84: c | Q84: 92.97472 | R84: 4.0390487 | T84: 277.3837 | U84: 13.898526 | W84: c | X84: c | Z84: c | AA84: c
A85: Qatar | B85: 56.805348 | C85: 0.36922238 | E85: 36.440193 | F85: 0.31167989 | H85: 23.728347 | I85: 0.45830791 | K85: 46.192645 | L85: 0.45831288 | N85: 39.642204 | O85: 0.99408295 | Q85: 48.986012 | R85: 0.5181534 | T85: 456.06628 | U85: 1.7140513 | W85: 436.58043 | X85: 1.692631 | Z85: -19.485849 | AA85: 2.460743
A86: Romania | B86: 0.78033113 | C86: 0.17564163 | D86: † | E86: 3.1215749 | F86: 0.54952698 | H86: 2.9885816 | I86: 0.65143276 | K86: c | L86: c | N86: c | O86: c | Q86: c | R86: c | T86: c | U86: c | W86: c | X86: c | Z86: c | AA86: c
A87: Russia | B87: 5.7706009 | C87: 0.30960018 | E87: 8.0378547 | F87: 1.0883855 | H87: 7.2116252 | I87: 1.1169055 | K87: 19.257482 | L87: 2.4306109 | N87: 15.572501 | O87: 2.3519391 | Q87: 25.160304 | R87: 4.3973757 | T87: 440.41133 | U87: 12.937451 | W87: 487.56844 | X87: 6.378409 | Z87: 47.157112 | AA87: 13.704967
A88: Saudi Arabia | B88: 11.867439 | C88: 1.0844814 | E88: 6.065264 | F88: 0.72702596 | H88: 5.0232793 | I88: 0.66009859 | K88: 11.060191 | L88: 2.8015709 | N88: 11.373104 | O88: 2.4202539 | Q88: 10.69426 | R88: 3.7453347 | T88: 422.1645 | U88: 17.848694 | W88: 439.09945 | X88: 4.660743 | Z88: 16.934949 | AA88: 18.330681
A89: Serbia | B89: 9.3212895 | C89: 0.41176693 | E89: 5.2081983 | F89: 0.57790142 | H89: 4.6019583 | I89: 0.5453483 | K89: 10.571472 | L89: 1.6954146 | N89: 9.0599156 | O89: 1.734678 | Q89: 22.549242 | R89: 6.4221289 | T89: 427.01423 | U89: 14.75803 | W89: 450.32214 | X89: 6.8241403 | Z89: 23.307907 | AA89: 14.303353
A90: Singapore | B90: 24.818878 | C90: 0.66661225 | E90: 43.108904 | F90: 0.73964094 | H90: 36.085106 | I90: 0.61590911 | K90: 63.922941 | L90: 2.5155058 | N90: 58.176324 | O90: 2.346868 | Q90: 66.712845 | R90: 3.4443197 | T90: 549.13034 | U90: 5.2229477 | W90: 592.75616 | X90: 4.0584956 | Z90: 43.625817 | AA90: 6.4980446
A91: Chinese Taipei | B91: 0.70330202 | C91: 0.17353561 | E91: 14.947301 | F91: 0.62721886 | H91: 14.665488 | I91: 0.62610927 | K91: 50.358723 | L91: 11.339454 | N91: c | O91: c | Q91: c | R91: c | T91: c | U91: c | W91: c | X91: c | Z91: c | AA91: c
A92: Thailand | B92: 1.0713659 | C92: 0.43149317 | E92: 2.7206673 | F92: 0.71651946 | H92: 2.1734685 | I92: 0.50053762 | K92: 45.012815 | L92: 11.907686 | N92: 40.527683 | O92: 13.002919 | Q92: c | R92: c | T92: c | U92: c | W92: 354.94388 | X92: 16.458478 | Z92: c | AA92: c
A93: Ukraine | B93: 2.314936 | C93: 0.21824514 | E93: 36.211557 | F93: 1.4648161 | H93: 35.284139 | I93: 1.473737 | K93: 73.876982 | L93: 4.362572 | N93: 69.460534 | O93: 5.791691 | Q93: 83.056987 | R93: 7.2460263 | T93: 436.83003 | U93: 12.330859 | W93: 470.84808 | X93: 16.411971 | Z93: 34.018047 | AA93: 20.649167
A94: United Arab Emirates | B94: 55.781255 | C94: 0.78306141 | E94: 41.319713 | F94: 0.57184429 | H94: 30.573736 | I94: 0.71994796 | K94: 49.736587 | L94: 0.87857408 | N94: 45.349228 | O94: 1.2419919 | Q94: 52.824271 | R94: 0.905476 | T94: 479.27929 | U94: 3.6716052 | W94: 474.38351 | X94: 2.8503592 | Z94: -4.8957841 | AA94: 3.7879484
A95: Uruguay | B95: 1.2698267 | C95: 0.18673082 | E95: 3.8792977 | F95: 0.56225489 | H95: 3.5030491 | I95: 0.5018601 | K95: 27.043176 | L95: 6.4183161 | N95: 27.837417 | O95: 7.9898024 | Q95: 26.232053 | R95: 9.6917313 | T95: c | U95: c | W95: 435.02844 | X95: 19.747312 | Z95: c | AA95: c
A96: Viet Nam | B96: 0.062539119 | C96: 0.031144342 | E96: 5.6863508 | F96: 1.0726278 | H96: 5.6538575 | I96: 1.0878645 | K96: c | L96: c | N96: c | O96: c | Q96: c | R96: c | T96: m | U96: m | W96: m | X96: m | Z96: m | AA96: m
A104: *Honk Kong (China), Netherlands, Portugal and United States: Data did not meet the PISA technical standards but were accepted as largely comparable (see Annexes A2 and A4).
A105: Information on data for Cyprus: https://oe.cd/cyprus-disclaimer
A106: Notes: Information regarding the proportion of the sample covered is shown next to the standard error. No symbol means at least 75% of the population was covered; one dagger (†) means at least 50% but less than 75%; and one double-dagger (‡) means less than 50% was covered. For comparisons across cycles, the coverage information corresponds to the cycle with the lowest sample coverage.
A107: Values that are statistically significant are indicated in bold (see Annex A3).

Sheet Table II.B1.9.3
A1: PISA 2018 Results (Volume II) - © OECD 2019
A2: Annex B1 | B2: Annex B1.9 Results (tables): Immigrant background and students’ performance
A3: Version 2 - Last updated: 02-Dec-2019
A4: Disclaimer: http://oe.cd/disclaimer
A6: Table II.B1.9.3
A7: Mean reading performance and academic resilience, by immigrant background
A8: Based on students' reports
B12: Percentage of immigrant students | E12: Reading performance | T12: Score-point difference in reading performance associated with immigrant background | Z12: Academic resilience
E13: Average performance | H13: Non-immigrant students | K13: Immigrant students | N13: Second-generation immigrant students | Q13: First-generation immigrant students | T13: Before accounting for gender, and students' and schools' socio-economic profile1 | W13: After accounting for gender, and students' and schools' socio-economic profile | Z13: Academically resilient immigrant students2
B14: % | C14: S.E. | D14: s | E14: Mean score | F14: S.E. | G14: s | H14: Mean score | I14: S.E. | J14: s | K14: Mean score | L14: S.E. | M14: s | N14: Mean score | O14: S.E. | P14: s | Q14: Mean score | R14: S.E. | S14: s | T14: Score dif. | U14: S.E. | V14: s | W14: Score dif. | X14: S.E. | Y14: s | Z14: % | AA14: S.E. | AB14: s
A15: OECD
A16: Australia | B16: 27.708763 | C16: 0.84465676 | E16: 502.63172 | F16: 1.6343431 | H16: 503.91231 | I16: 1.951208 | K16: 511.46358 | L16: 3.3466747 | N16: 522.69432 | O16: 4.4797664 | Q16: 500.74704 | R16: 3.855339 | T16: 7.5512713 | U16: 3.5409789 | W16: 7.3628035 | X16: 2.9551638 | Z16: 29.111354 | AA16: 1.3494019
A17: Austria | B17: 22.686235 | C17: 1.1527353 | E17: 484.39257 | F17: 2.6974721 | H17: 499.74546 | I17: 2.5553271 | K17: 437.19821 | L17: 4.2295542 | N17: 445.84614 | O17: 4.3424548 | Q17: 420.69767 | R17: 5.5425713 | T17: -62.547252 | U17: 4.5392983 | W17: -33.266328 | X17: 3.6020549 | Z17: 11.249149 | AA17: 1.177217
A18: Belgium | B18: 18.059455 | C18: 0.8584751 | E18: 492.86444 | F18: 2.3219733 | H18: 506.33144 | I18: 2.3968596 | K18: 444.84524 | L18: 3.820851 | N18: 458.64087 | O18: 4.6961356 | Q18: 426.80515 | R18: 5.2161717 | T18: -61.486194 | U18: 4.1101038 | W18: -20.583226 | X18: 4.0001766 | Z18: 11.958291 | AA18: 1.1733206
A19: Canada | B19: 34.969966 | C19: 1.4227691 | E19: 520.08552 | F19: 1.7997162 | H19: 524.68102 | I19: 1.633461 | K19: 521.71187 | L19: 3.0378807 | N19: 535.21126 | O19: 3.8710754 | Q19: 507.56569 | R19: 3.6246895 | T19: -2.969153 | U19: 2.9340387 | W19: -0.55934083 | X19: 2.5675253 | Z19: 26.171212 | AA19: 1.163767
A20: Chile | B20: 3.3908615 | C20: 0.38959487 | E20: 452.27255 | F20: 2.6437662 | H20: 456.19479 | I20: 2.7163774 | K20: 437.76713 | L20: 7.4834392 | N20: 447.05769 | O20: 18.30035 | Q20: 435.38355 | R20: 8.4970364 | T20: -18.427664 | U20: 7.0907932 | W20: -13.944888 | X20: 6.9350897 | Z20: 18.620008 | AA20: 2.9226844
A21: Colombia | B21: 0.55659208 | C21: 0.12058001 | E21: 412.29509 | F21: 3.2513437 | H21: 414.21725 | I21: 3.3107893 | K21: 355.44416 | L21: 13.867266 | N21: c | O21: c | Q21: c | R21: c | T21: -58.77309 | U21: 13.58002 | W21: -45.935667 | X21: 11.235457 | Z21: 13.48085 | AA21: 5.3270447
A22: Czech Republic | B22: 4.1464036 | C22: 0.38608927 | E22: 490.21882 | F22: 2.5478509 | H22: 493.06561 | I22: 2.4655619 | K22: 439.84246 | L22: 9.7407124 | N22: 459.45838 | O22: 10.489841 | Q22: 421.01253 | R22: 14.445681 | T22: -53.223146 | U22: 9.3556898 | W22: -34.182201 | X22: 7.3245325 | Z22: 12.328681 | AA22: 2.5039197
A23: Denmark | B23: 10.653251 | C23: 0.43829698 | E23: 501.12993 | F23: 1.7954575 | H23: 509.43313 | I23: 1.8802014 | K23: 444.01161 | L23: 3.51761 | N23: 446.53503 | O23: 3.7389257 | Q23: 434.57382 | R23: 7.4277439 | T23: -65.421517 | U23: 3.8397758 | W23: -34.382163 | X23: 3.7292618 | Z23: 9.3137141 | AA23: 1.2089118
A24: Estonia | B24: 10.392583 | C24: 0.46505303 | E24: 523.01702 | F24: 1.8422422 | H24: 528.28938 | I24: 1.8949545 | K24: 489.34546 | L24: 4.5428461 | N24: 492.16591 | O24: 4.8818743 | Q24: 452.88086 | R24: 16.831925 | T24: -38.943925 | U24: 4.6335749 | W24: -34.784561 | X24: 4.4626503 | Z24: 13.645164 | AA24: 1.5280881
A25: Finland | B25: 5.7757806 | C25: 0.47656616 | E25: 520.07875 | F25: 2.307102 | H25: 527.46534 | I25: 2.0653459 | K25: 435.26771 | L25: 7.4636437 | N25: 455.64754 | O25: 10.280568 | Q25: 420.21567 | R25: 8.9588837 | T25: -92.197637 | U25: 7.2739799 | W25: -74.453261 | X25: 6.7469277 | Z25: 7.925234 | AA25: 1.8380393
A26: France | B26: 14.292398 | C26: 0.93597143 | E26: 492.60648 | F26: 2.3209786 | H26: 501.62109 | I26: 2.7047716 | K26: 449.4669 | L26: 5.2803394 | N26: 461.32402 | O26: 5.725192 | Q26: 425.15799 | R26: 7.4824822 | T26: -52.154184 | U26: 6.1854978 | W26: -12.513224 | X26: 5.0499827 | Z26: 13.387354 | AA26: 1.7492732
A27: Germany | B27: 22.168808 | C27: 1.1487898 | E27: 498.27926 | F27: 3.0254079 | H27: 518.89768 | I27: 3.3154584 | K27: 456.09491 | L27: 6.4947134 | N27: 477.30587 | O27: 6.6207429 | Q27: 404.54593 | R27: 11.754542 | T27: -62.802761 | U27: 6.788329 | W27: -17.307426 | X27: 5.614662 | Z27: 15.951269 | AA27: 1.713528
A28: Greece | B28: 11.696103 | C28: 0.66265155 | E28: 457.41439 | F28: 3.6209997 | H28: 465.21237 | I28: 3.4340115 | K28: 413.88989 | L28: 6.1000894 | N28: 420.11794 | O28: 6.9111881 | Q28: 397.01116 | R28: 9.1962335 | T28: -51.322484 | U28: 5.3218911 | W28: -22.057417 | X28: 5.0848347 | Z28: 12.114292 | AA28: 1.7343942
A29: Hungary | B29: 2.5521961 | C29: 0.30831545 | E29: 475.98667 | F29: 2.2509621 | H29: 476.65005 | I29: 2.2839301 | K29: 489.69457 | L29: 9.7957599 | N29: 509.92332 | O29: 11.126283 | Q29: 468.38285 | R29: 16.473515 | T29: 13.044523 | U29: 9.6969175 | W29: -6.8907017 | X29: 9.3982188 | Z29: 30.955939 | AA29: 5.3374465
A30: Iceland | B30: 5.5922791 | C30: 0.40139674 | E30: 473.97432 | F30: 1.7415106 | H30: 480.61498 | I30: 1.8486401 | K30: 406.81495 | L30: 7.6485079 | N30: 412.43603 | O30: 10.851301 | Q30: 402.31925 | R30: 9.516608 | T30: -73.800037 | U30: 8.0182293 | W30: -54.554196 | X30: 7.9106982 | Z30: 7.0376725 | AA30: 2.5554542
A31: Ireland | B31: 17.860839 | C31: 0.91486177 | E31: 518.07846 | F31: 2.2444778 | H31: 522.14707 | I31: 2.2619281 | K31: 508.47065 | L31: 3.8318043 | N31: 508.81138 | O31: 5.2604256 | Q31: 508.19142 | R31: 5.2883873 | T31: -13.676427 | U31: 3.7656264 | W31: -9.1506771 | X31: 3.2321568 | Z31: 21.577211 | AA31: 1.5370106
A32: Israel | B32: 16.416253 | C32: 1.0738364 | E32: 470.41518 | F32: 3.6709853 | H32: 480.54756 | I32: 3.501449 | K32: 469.79154 | L32: 6.6289829 | N32: 492.67148 | O32: 6.1346967 | Q32: 398.46818 | R32: 10.44041 | T32: -10.756017 | U32: 6.3544 | W32: 6.160572 | X32: 5.2910024 | Z32: 24.347764 | AA32: 1.835965
A33: Italy | B33: 10.025087 | C33: 0.49170849 | E33: 476.28468 | F33: 2.4389103 | H33: 482.401 | I33: 2.6006131 | K33: 439.57329 | L33: 4.8650843 | N33: 444.9724 | O33: 5.8631757 | Q33: 433.11367 | R33: 7.1448041 | T33: -42.827717 | U33: 5.1257183 | W33: -22.200454 | X33: 3.9876932 | Z33: 14.070313 | AA33: 1.5942714
A34: Japan | B34: 0.62269076 | C34: 0.13447374 | E34: 503.85604 | F34: 2.6709735 | H34: w | I34: w | K34: w | L34: w | N34: w | O34: w | Q34: w | R34: w | T34: w | U34: w | W34: w | X34: w | Z34: w | AA34: w
A35: Korea | B35: 0.16599464 | C35: 0.08987183 | E35: 514.05229 | F35: 2.940543 | H35: 515.12675 | I35: 2.9209104 | K35: c | L35: c | N35: c | O35: c | Q35: c | R35: c | T35: c | U35: c | W35: c | X35: c | Z35: m | AA35: m
A36: Latvia | B36: 4.4397198 | C36: 0.3368561 | E36: 478.69867 | F36: 1.6168558 | H36: 479.93389 | I36: 1.6005103 | K36: 475.8642 | L36: 8.7498953 | N36: 466.55716 | O36: 9.1518703 | Q36: 514.95121 | R36: 19.900105 | T36: -4.0696853 | U36: 8.7876719 | W36: -6.6806076 | X36: 8.138578 | Z36: 27.523448 | AA36: 3.8096114
A37: Lithuania | B37: 1.559925 | C37: 0.1305157 | E37: 475.87348 | F37: 1.5182764 | H37: 477.58021 | I37: 1.5352143 | K37: 457.02829 | L37: 11.073045 | N37: 453.72573 | O37: 11.498882 | Q37: 469.07288 | R37: 27.309359 | T37: -20.551922 | U37: 11.170091 | W37: -27.357543 | X37: 8.9973149 | Z37: 20.283333 | AA37: 4.2146134
A38: Luxembourg | B38: 54.871809 | C38: 0.64370888 | E38: 469.98539 | F38: 1.1258908 | H38: 490.54639 | I38: 1.9132343 | K38: 455.116 | L38: 1.6703589 | N38: 450.11428 | O38: 2.8600937 | Q38: 461.30841 | R38: 2.8734824 | T38: -35.430397 | U38: 2.8026168 | W38: -16.913718 | X38: 2.7535218 | Z38: 21.831594 | AA38: 0.74302601
A39: Mexico | B39: 1.5614212 | C39: 0.26845506 | E39: 420.46889 | F39: 2.7462789 | H39: 424.06068 | I39: 2.7798477 | K39: 328.34087 | L39: 14.4745 | N39: 331.75902 | O39: 13.436897 | Q39: 324.12159 | R39: 22.429701 | T39: -95.719809 | U39: 14.899681 | W39: -79.663081 | X39: 11.640307 | Z39: 7.2854592 | AA39: 3.4004797
A40: Netherlands* | B40: 13.767366 | C40: 1.1613432 | E40: 484.78373 | F40: 2.6508645 | H40: 497.77469 | I40: 2.9218823 | K40: 425.88382 | L40: 6.1727654 | N40: 432.66632 | O40: 6.6635329 | Q40: 398.65322 | R40: 13.027171 | T40: -71.890869 | U40: 7.1491177 | W40: -22.933468 | X40: 6.4901763 | Z40: 8.8990482 | AA40: 1.679251
A41: New Zealand | B41: 26.459841 | C41: 1.3482097 | E41: 505.72728 | F41: 2.0431431 | H41: 510.32752 | I41: 2.2911237 | K41: 508.0442 | L41: 3.4912752 | N41: 517.88793 | O41: 5.2859079 | Q41: 500.27103 | R41: 3.9806804 | T41: -2.283322 | U41: 4.0326144 | W41: -7.603639 | X41: 3.342158 | Z41: 26.497087 | AA41: 1.318802
A42: Norway | B42: 12.399896 | C42: 0.77280409 | E42: 499.45096 | F42: 2.1718488 | H42: 508.80829 | I42: 2.1337358 | K42: 456.68009 | L42: 4.6570035 | N42: 462.68581 | O42: 6.9735206 | Q42: 450.6463 | R42: 5.5088345 | T42: -52.128202 | U42: 4.4367654 | W42: -32.528382 | X42: 4.4566742 | Z42: 13.905681 | AA42: 1.4699074
A43: Poland | B43: 0.64312079 | C43: 0.190311 | E43: 511.8557 | F43: 2.702458 | H43: 513.57453 | I43: 2.6893653 | K43: c | L43: c | N43: c | O43: c | Q43: c | R43: c | T43: c | U43: c | W43: c | X43: c | Z43: m | AA43: m
A44: Portugal* | B44: 6.9632336 | C44: 0.57149007 | E44: 491.80079 | F44: 2.4289308 | H44: 495.22658 | I44: 2.5983994 | K44: 462.8518 | L44: 7.844581 | N44: 482.88275 | O44: 10.131723 | Q44: 435.70903 | R44: 9.0738008 | T44: -32.374778 | U44: 8.1806951 | W44: -26.342864 | X44: 6.2079931 | Z44: 17.119861 | AA44: 2.7920622
A45: Slovak Republic | B45: 1.188531 | C45: 0.1684223 | E45: 457.98397 | F45: 2.2341292 | H45: 460.11809 | I45: 2.217386 | K45: 406.66979 | L45: 13.638391 | N45: 424.13697 | O45: 17.780359 | Q45: 386.97251 | R45: 17.327298 | T45: -53.4483 | U45: 13.679195 | W45: -40.121377 | X45: 12.70305 | Z45: 12.589147 | AA45: 4.6100849
A46: Slovenia | B46: 8.8801417 | C46: 0.3116744 | E46: 495.34562 | F46: 1.2322992 | H46: 502.2006 | I46: 1.3125148 | K46: 439.45619 | L46: 6.0218233 | N46: 464.08148 | O46: 7.3434693 | Q46: 422.40956 | R46: 8.2120685 | T46: -62.744411 | U46: 6.2921089 | W46: -28.277265 | X46: 6.192771 | Z46: 8.8136371 | AA46: 1.7942125
A47: Spain | B47: 12.188162 | C47: 0.47645499 | E47: m | F47: m | H47: m | I47: m | K47: m | L47: m | N47: m | O47: m | Q47: m | R47: m | T47: m | U47: m | W47: m | X47: m | Z47: m | AA47: m
A48: Sweden | B48: 20.473116 | C48: 1.3408866 | E48: 505.78522 | F48: 3.0247715 | H48: 525.41904 | I48: 2.7163106 | K48: 442.53785 | L48: 5.8032218 | N48: 471.18 | O48: 6.351096 | Q48: 410.00658 | R48: 6.8988482 | T48: -82.881186 | U48: 5.8895004 | W48: -53.811764 | X48: 4.7289918 | Z48: 10.277611 | AA48: 1.4548812
A49: Switzerland | B49: 33.868233 | C49: 1.4103551 | E49: 483.92941 | F49: 3.1243224 | H49: 503.39889 | I49: 3.160176 | K49: 451.34124 | L49: 4.2893023 | N49: 453.28364 | O49: 4.5929472 | Q49: 447.81151 | R49: 6.2872647 | T49: -52.057643 | U49: 4.6642419 | W49: -24.695037 | X49: 3.6077142 | Z49: 15.687149 | AA49: 1.276697
A50: Turkey | B50: 0.85430184 | C50: 0.14058186 | E50: 465.63167 | F50: 2.1712145 | H50: 467.11893 | I50: 2.1538763 | K50: 462.45141 | L50: 12.65393 | N50: 474.25963 | O50: 15.052905 | Q50: c | R50: c | T50: -4.6675169 | U50: 12.612987 | W50: -27.287371 | X50: 12.201994 | Z50: 25.113395 | AA50: 6.9658174
A51: United Kingdom | B51: 19.760952 | C51: 1.1769924 | E51: 503.92811 | F51: 2.5825912 | H51: 510.61101 | I51: 2.6707707 | K51: 490.65274 | L51: 4.2096923 | N51: 492.83963 | O51: 5.7128878 | Q51: 487.70796 | R51: 6.9296623 | T51: -19.958266 | U51: 4.4445394 | W51: -4.1460396 | X51: 4.1426524 | Z51: 20.529946 | AA51: 1.6000937
A52: United States* | B52: 23.012326 | C52: 1.5198815 | E52: 505.35277 | F52: 3.5686732 | H52: 510.009 | I52: 3.5830704 | K52: 503.37469 | L52: 6.0341141 | N52: 511.9049 | O52: 6.0553381 | Q52: 478.75538 | R52: 8.320709 | T52: -6.6343136 | U52: 5.9333238 | W52: 15.667866 | X52: 4.5066052 | Z52: 24.456333 | AA52: 2.2241493
A53: OECD average-36a | B53: 13.06768 | C53: 0.13401022 | E53: 487.12599 | F53: 0.41476905 | H53: 493.8075 | I53: 0.42686509 | K53: 452.02992 | L53: 1.3077552 | N53: 465.02453 | O53: 1.5580377 | Q53: 440.17644 | R53: 2.0749964 | T53: -40.532546 | U53: 1.3225601 | W53: -24.422323 | X53: 1.1591346 | Z53: 16.789642 | AA53: 0.48081167
A54: Partners
A55: Albania | B55: 0.62059781 | C55: 0.12271048 | E55: 405.42937 | F55: 1.9222908 | H55: 407.14092 | I55: 1.8914199 | K55: 340.30708 | L55: 11.290037 | N55: c | O55: c | Q55: c | R55: c | T55: -66.833843 | U55: 11.256215 | W55: -67.95171 | X55: 9.5007113 | Z55: 2.9929718 | AA55: 2.4926961
A56: Argentina | B56: 4.5581922 | C56: 0.32588582 | E56: 401.50311 | F56: 2.9770427 | H56: 403.79303 | I56: 3.099798 | K56: 405.05109 | L56: 7.0043487 | N56: 414.25 | O56: 9.3757324 | Q56: 394.96174 | R56: 7.9936824 | T56: 1.2580607 | U56: 7.3345589 | W56: 12.334869 | X56: 5.9794626 | Z56: 22.997932 | AA56: 2.570709
A57: Baku (Azerbaijan) | B57: 5.2006981 | C57: 0.37027052 | E57: 389.38833 | F57: 2.5058139 | H57: 392.81231 | I57: 2.6336612 | K57: 378.76595 | L57: 4.1704491 | N57: 385.75622 | O57: 5.1580228 | Q57: 368.95937 | R57: 6.8183131 | T57: -14.046366 | U57: 4.7923307 | W57: -13.083729 | X57: 4.5689967 | Z57: 19.751108 | AA57: 2.8888354
A58: Belarus | B58: 4.1471742 | C58: 0.31876009 | E58: 473.78845 | F58: 2.4350607 | H58: 475.37051 | I58: 2.483576 | K58: 456.66069 | L58: 7.3187671 | N58: 460.92457 | O58: 6.7413716 | Q58: 446.95798 | R58: 16.311323 | T58: -18.709824 | U58: 7.2341245 | W58: -9.1211508 | X58: 6.5148385 | Z58: 22.566557 | AA58: 2.897884
A59: Bosnia and Herzegovina | B59: 2.8167785 | C59: 0.32525594 | E59: 402.97782 | F59: 2.9250634 | H59: 405.06836 | I59: 2.9977071 | K59: 385.65793 | L59: 7.7247068 | N59: 402.59317 | O59: 10.977967 | Q59: 368.55649 | R59: 11.149956 | T59: -19.410427 | U59: 7.7151465 | W59: -23.286198 | X59: 6.9585397 | Z59: 20.087892 | AA59: 3.7192888
A60: Brazil | B60: 0.60093706 | C60: 0.091503247 | E60: 412.87332 | F60: 2.1109822 | H60: 417.68732 | I60: 2.0632329 | K60: 333.77843 | L60: 10.954554 | N60: 331.98441 | O60: 13.374676 | Q60: c | R60: c | T60: -83.908886 | U60: 11.180878 | W60: -73.503233 | X60: 10.620946 | Z60: 4.5812093 | AA60: 2.4595995
A61: Brunei Darussalam | B61: 8.1815056 | C61: 0.28326741 | E61: 408.06994 | F61: 0.89776624 | H61: 403.05533 | I61: 1.0239126 | K61: 475.76181 | L61: 4.0403889 | N61: 460.01075 | O61: 6.7603011 | Q61: 484.70413 | R61: 5.3843202 | T61: 72.706479 | U61: 4.2424798 | W61: 24.767027 | X61: 4.070101 | Z61: 53.324515 | AA61: 2.0928733
A62: B-S-J-Z (China) | B62: 0.15768377 | C62: 0.062805617 | E62: 555.23624 | F62: 2.7451959 | H62: 555.93044 | I62: 2.7020166 | K62: c | L62: c | N62: c | O62: c | Q62: c | R62: c | T62: c | U62: c | W62: c | X62: c | Z62: m | AA62: m
A63: Bulgaria | B63: 1.1491597 | C63: 0.16216896 | E63: 419.84401 | F63: 3.9125771 | H63: 425.12569 | I63: 3.773791 | K63: 383.40194 | L63: 13.018118 | N63: c | O63: c | Q63: c | R63: c | T63: -41.723743 | U63: 12.393771 | W63: -33.563531 | X63: 10.834155 | Z63: 16.75165 | AA63: 4.6892511
A64: Costa Rica | B64: 10.019967 | C64: 0.67284873 | E64: 426.49823 | F64: 3.420307 | H64: 429.96957 | I64: 3.5193436 | K64: 406.84129 | L64: 4.8221597 | N64: 408.1105 | O64: 4.673623 | Q64: 404.17781 | R64: 8.8207173 | T64: -23.128278 | U64: 4.5126983 | W64: -12.251207 | X64: 3.4497932 | Z64: 17.488333 | AA64: 2.4136655
A65: Croatia | B65: 9.0899093 | C65: 0.4859888 | E65: 478.98915 | F65: 2.6685131 | H65: 481.0993 | I65: 2.6138834 | K65: 471.46092 | L65: 5.5047985 | N65: 472.7978 | O65: 5.71618 | Q65: 463.78587 | R65: 11.788967 | T65: -9.6383774 | U65: 5.1546809 | W65: -2.706603 | X65: 4.0663988 | Z65: 21.171424 | AA65: 2.5654767
A66: Cyprus | B66: 14.787024 | C66: 0.51722412 | E66: 424.35825 | F66: 1.3684262 | H66: 425.75099 | I66: 1.3752497 | K66: 430.11146 | L66: 3.9651389 | N66: 419.62039 | O66: 6.3930935 | Q66: 435.81509 | R66: 5.3945538 | T66: 4.3604725 | U66: 4.1287457 | W66: 9.2961689 | X66: 5.1349984 | Z66: 27.859519 | AA66: 1.8384587
A67: Dominican Republic | B67: 2.9220532 | C67: 0.2689033 | E67: 341.62562 | F67: 2.8637438 | H67: 346.56328 | I67: 2.7201646 | K67: 322.45072 | L67: 11.230844 | N67: 323.02329 | O67: 10.41554 | Q67: 321.75267 | R67: 16.236986 | T67: -24.112552 | U67: 10.292213 | W67: -16.775352 | X67: 8.6894625 | Z67: 20.000012 | AA67: 4.5025115
A68: Georgia | B68: 1.3646309 | C68: 0.19590177 | E68: 379.75254 | F68: 2.1613326 | H68: 383.96549 | I68: 2.122724 | K68: 332.6312 | L68: 11.380558 | N68: 328.06667 | O68: 15.262939 | Q68: c | R68: c | T68: -51.334284 | U68: 11.39467 | W68: -47.48115 | X68: 11.045075 | Z68: 12.485739 | AA68: 3.9219726
A69: Hong Kong (China)* | B69: 37.911635 | C69: 1.3286601 | E69: 524.28312 | F69: 2.7317094 | H69: 529.05516 | I69: 2.8875192 | K69: 522.08927 | L69: 4.6649425 | N69: 532.62352 | O69: 4.3072021 | Q69: 501.53445 | R69: 6.9277176 | T69: -6.9658892 | U69: 5.0409039 | W69: 8.978888 | X69: 4.2055475 | Z69: 23.992293 | AA69: 1.3420223
A70: Indonesia | B70: 0.25111855 | C70: 0.06652374 | E70: 370.96538 | F70: 2.559098 | H70: 372.66434 | I70: 2.6368305 | K70: 275.57463 | L70: 16.02478 | N70: c | O70: c | Q70: c | R70: c | T70: -97.089705 | U70: 16.079698 | W70: -89.00707 | X70: 15.130799 | Z70: 0.59857199 | AA70: 0.69398598
A71: Jordan | B71: 11.560157 | C71: 0.53282257 | E71: 419.06366 | F71: 2.9350357 | H71: 420.75966 | I71: 2.7283244 | K71: 433.25282 | L71: 4.5222599 | N71: 432.80156 | O71: 4.9636993 | Q71: 433.82535 | R71: 6.1332876 | T71: 12.493164 | U71: 3.6645099 | W71: 13.94134 | X71: 3.4247202 | Z71: 31.277409 | AA71: 2.5331049
A72: Kazakhstan | B72: 8.2053827 | C72: 0.44928776 | E72: 386.90927 | F72: 1.4605219 | H72: 388.62813 | I72: 1.5366598 | K72: 377.3839 | L72: 2.7890969 | N72: 388.8317 | O72: 3.9952461 | Q72: 365.52678 | R72: 3.7336144 | T72: -11.244231 | U72: 2.9905696 | W72: -3.052382 | X72: 2.8114129 | Z72: 20.347228 | AA72: 1.6087371
A73: Kosovo | B73: 1.1474608 | C73: 0.19367278 | E73: 353.06543 | F73: 1.1403397 | H73: 354.5158 | I73: 1.1395351 | K73: 332.55599 | L73: 8.2628967 | N73: 338.53311 | O73: 9.2689306 | Q73: c | R73: c | T73: -21.959813 | U73: 8.6117742 | W73: -31.277069 | X73: 7.4988369 | Z73: 14.621498 | AA73: 6.2015899
A74: Lebanon | B74: 5.9837012 | C74: 0.46419036 | E74: 353.35532 | F74: 4.3179906 | H74: 363.8321 | I74: 4.3636272 | K74: 312.84536 | L74: 8.3838016 | N74: 306.07138 | O74: 13.053266 | Q74: 316.43157 | R74: 9.32321 | T74: -50.986739 | U74: 7.9888772 | W74: -43.718433 | X74: 9.1048417 | Z74: 14.606828 | AA74: 2.6214661
A75: Macao (China) | B75: 62.874218 | C75: 0.67146254 | E75: 525.11617 | F75: 1.2271469 | H75: 511.81371 | I75: 2.1734583 | K75: 533.3499 | L75: 1.7838481 | N75: 528.32656 | O75: 2.5336166 | Q75: 540.4366 | R75: 2.7820596 | T75: 21.536198 | U75: 3.040566 | W75: 25.679752 | X75: 3.0524753 | Z75: 27.349872 | AA75: 0.8913279
A76: Malaysia | B76: 1.6480915 | C76: 0.22052586 | E76: 414.97951 | F76: 2.8678317 | H76: 417.44729 | I76: 2.8335112 | K76: 409.83915 | L76: 16.722979 | N76: 413.35357 | O76: 13.042384 | Q76: c | R76: c | T76: -7.6081338 | U76: 16.296654 | W76: -3.1780637 | X76: 12.522203 | Z76: 25.70237 | AA76: 6.5456381
A77: Malta | B77: 8.788446 | C77: 0.43858351 | E77: 448.23476 | F77: 1.7298504 | H77: 452.36952 | I77: 1.7982561 | K77: 451.14131 | L77: 6.7910412 | N77: 432.88183 | O77: 16.332418 | Q77: 457.02317 | R77: 8.2877232 | T77: -1.2282103 | U77: 7.1728943 | W77: -12.058514 | X77: 7.0891689 | Z77: 27.595489 | AA77: 2.8654454
A78: Moldova | B78: 1.4465235 | C78: 0.1641034 | E78: 423.99297 | F78: 2.4447523 | H78: 427.76339 | I78: 2.3858588 | K78: 427.68438 | L78: 13.789565 | N78: 432.64478 | O78: 14.351814 | Q78: c | R78: c | T78: -0.079018597 | U78: 13.364463 | W78: -14.22596 | X78: 12.375335 | Z78: 31.514961 | AA78: 6.3532995
A79: Montenegro | B79: 5.7995231 | C79: 0.293478 | E79: 421.05757 | F79: 1.0549403 | H79: 421.64205 | I79: 1.1408298 | K79: 429.23425 | L79: 4.4804416 | N79: 438.04874 | O79: 6.5046437 | Q79: 414.85003 | R79: 6.5087538 | T79: 7.5922027 | U79: 4.7121448 | W79: -6.8350752 | X79: 4.1847927 | Z79: 29.63831 | AA79: 2.51117
A80: Morocco | B80: 0.78286569 | C80: 0.10751899 | E80: 359.38789 | F80: 3.1261446 | H80: 361.02199 | I80: 3.1700907 | K80: 305.44217 | L80: 10.95709 | N80: c | O80: c | Q80: c | R80: c | T80: -55.579816 | U80: 10.717502 | W80: -54.771154 | X80: 9.7205071 | Z80: 7.5873753 | AA80: 4.0463974
A81: North Macedonia | B81: 1.6242813 | C81: 0.22955526 | E81: 392.66777 | F81: 1.1040482 | H81: 396.75617 | I81: 1.1890539 | K81: 369.17108 | L81: 14.081824 | N81: 371.80556 | O81: 17.188533 | Q81: c | R81: c | T81: -27.585094 | U81: 14.37649 | W81: -26.717691 | X81: 12.12848 | Z81: 18.739206 | AA81: 6.5924632
A82: Panama | B82: 5.9699964 | C82: 0.73436898 | E82: 376.97132 | F82: 2.9540307 | H82: 380.60278 | I82: 2.8663697 | K82: 408.25461 | L82: 10.073202 | N82: 374.91045 | O82: 14.317952 | Q82: 426.12274 | R82: 12.061511 | T82: 27.651824 | U82: 9.4844057 | W82: -11.90182 | X82: 6.9993817 | Z82: 41.356957 | AA82: 4.9785858
A83: Peru | B83: 0.4902788 | C83: 0.099801678 | E83: 400.51371 | F83: 2.9626551 | H83: 402.57782 | I83: 2.9410344 | K83: c | L83: c | N83: c | O83: c | Q83: c | R83: c | T83: c | U83: c | W83: c | X83: c | Z83: m | AA83: m
A84: Philippines | B84: 1.0367395 | C84: 0.15659271 | E84: 339.69159 | F84: 3.2896192 | H84: 343.75556 | I84: 3.3049527 | K84: 273.92829 | L84: 12.807206 | N84: c | O84: c | Q84: 260.67288 | R84: 14.390066 | T84: -69.827275 | U84: 11.8638 | W84: -64.198331 | X84: 7.8058232 | Z84: 11.874064 | AA84: 5.5513739
A85: Qatar | B85: 56.805348 | C85: 0.36922238 | E85: 407.09179 | F85: 0.76875073 | H85: 368.38399 | I85: 1.2844573 | K85: 445.08215 | L85: 1.1513848 | N85: 423.49363 | O85: 2.5738377 | Q85: 454.28544 | R85: 1.3872499 | T85: 76.698157 | U85: 1.9147781 | W85: 63.263755 | X85: 1.6494974 | Z85: 36.441216 | AA85: 0.50717689
A86: Romania | B86: 0.78033113 | C86: 0.17564163 | D86: † | E86: 427.70315 | F86: 5.1403766 | H86: 430.51288 | I86: 5.3214738 | K86: c | L86: c | N86: c | O86: c | Q86: c | R86: c | T86: c | U86: c | V86: † | W86: c | X86: c | Y86: † | Z86: m | AA86: m
A87: Russia | B87: 5.7706009 | C87: 0.30960018 | E87: 478.50193 | F87: 3.0756874 | H87: 479.5745 | I87: 3.0623486 | K87: 478.06719 | L87: 6.3179403 | N87: 491.23082 | O87: 6.9258361 | Q87: 457.08251 | R87: 8.3590416 | T87: -1.5073105 | U87: 5.4039291 | W87: -6.8714714 | X87: 5.0631525 | Z87: 25.841605 | AA87: 2.8121622
A88: Saudi Arabia | B88: 11.867439 | C88: 1.0844814 | E88: 399.15166 | F88: 2.9594643 | H88: 399.74335 | I88: 3.0516496 | K88: 435.60422 | L88: 4.6590718 | N88: 434.80553 | O88: 5.7025187 | Q88: 436.54391 | R88: 6.2203052 | T88: 35.860863 | U88: 5.3714075 | W88: 31.741801 | X88: 4.3363679 | Z88: 38.834332 | AA88: 2.8285869
A89: Serbia | B89: 9.3212895 | C89: 0.41176693 | E89: 439.46634 | F89: 3.2736102 | H89: 440.77873 | I89: 3.1380342 | K89: 447.37142 | L89: 6.7971652 | N89: 447.14572 | O89: 7.2970923 | Q89: 449.1724 | R89: 13.530122 | T89: 6.592683 | U89: 6.344816 | W89: 1.7038719 | X89: 4.8341995 | Z89: 26.939739 | AA89: 2.8824063
A90: Singapore | B90: 24.818878 | C90: 0.66661225 | E90: 549.46471 | F90: 1.5872143 | H90: 545.90764 | I90: 1.5127493 | K90: 564.86925 | L90: 4.2816683 | N90: 586.79843 | O90: 3.9899756 | Q90: 554.22293 | R90: 6.0195204 | T90: 18.961614 | U90: 4.4775999 | W90: -9.0435478 | X90: 4.1800365 | Z90: 28.931963 | AA90: 1.4736725
A91: Chinese Taipei | B91: 0.70330202 | C91: 0.17353561 | E91: 502.60115 | F91: 2.8384187 | H91: 504.48076 | I91: 2.8246974 | K91: 428.04488 | L91: 49.080504 | N91: c | O91: c | Q91: c | R91: c | T91: -76.435882 | U91: 48.986275 | W91: -82.071974 | X91: 59.366154 | Z91: 17.269478 | AA91: 8.7634052
A92: Thailand | B92: 1.0713659 | C92: 0.43149317 | E92: 392.88864 | F92: 3.2315831 | H92: 394.28247 | I92: 3.2140321 | K92: 355.92353 | L92: 20.012165 | N92: 347.91107 | O92: 15.489369 | Q92: c | R92: c | T92: -38.358941 | U92: 20.219319 | W92: -1.734211 | X92: 22.85939 | Z92: 17.444667 | AA92: 7.7988744
A93: Ukraine | B93: 2.314936 | C93: 0.21824514 | E93: 465.95015 | F93: 3.4991249 | H93: 468.42009 | I93: 3.3877761 | K93: 443.33185 | L93: 9.942231 | N93: 456.11045 | O93: 11.744194 | Q93: 418.57642 | R93: 18.676135 | T93: -25.088241 | U93: 8.7389969 | W93: -24.696826 | X93: 8.4111306 | Z93: 15.257877 | AA93: 3.9721091
A94: United Arab Emirates | B94: 55.781255 | C94: 0.78306141 | E94: 431.78177 | F94: 2.3022042 | H94: 385.84573 | I94: 1.9794883 | K94: 476.42608 | L94: 2.6790804 | N94: 465.49699 | O94: 2.6206931 | Q94: 484.11489 | R94: 3.3686009 | T94: 90.58035 | U94: 2.8020154 | W94: 63.760489 | X94: 2.5394028 | Z94: 38.489016 | AA94: 1.1992556
A95: Uruguay | B95: 1.2698267 | C95: 0.18673082 | E95: 427.11762 | F95: 2.7619914 | H95: 429.27142 | I95: 2.7419177 | K95: 401.62482 | L95: 18.60524 | N95: 398.92164 | O95: 19.355802 | Q95: 404.26857 | R95: 31.430368 | T95: -27.646603 | U95: 18.58808 | W95: -42.483467 | X95: 15.848073 | Z95: 22.315872 | AA95: 6.4571003
A96: Viet Nam | B96: 0.062539119 | C96: 0.031144342 | E96: m | F96: m | H96: m | I96: m | K96: m | L96: m | N96: m | O96: m | Q96: m | R96: m | T96: m | U96: m | W96: m | X96: m | Z96: m | AA96: m
A104: *Honk Kong (China), Netherlands, Portugal and United States: Data did not meet the PISA technical standards but were accepted as largely comparable (see Annexes A2 and A4).
A105: Information on data for Cyprus: https://oe.cd/cyprus-disclaimer
A106: 1. The socio-economic profile is measured by the PISA index of economic, social and cultural status (ESCS).
A107: 2. Immigrant students who scored in the top quarter of performance in reading amongst students in their own country.
A108: Notes: Information regarding the proportion of the sample covered is shown next to the standard error. No symbol means at least 75% of the population was covered; one dagger (†) means at least 50% but less than 75%; and one double-dagger (‡) means less than 50% was covered. For comparisons across cycles, the coverage information corresponds to the cycle with the lowest sample coverage.
A109: Values that are statistically significant are indicated in bold (see Annex A3).

Sheet Table II.B1.9.4
A1: PISA 2018 Results (Volume II) - © OECD 2019
A2: Annex B1 | B2: Annex B1.9 Results (tables): Immigrant background and students’ performance
A3: Version 2 - Last updated: 02-Dec-2019
A4: Disclaimer: http://oe.cd/disclaimer
A6: Table II.B1.9.4
A7: Low performance in reading, by immigrant background
A8: Based on students' reports
B12: Percentage of immigrant students | E12: Percentage of low performers in reading (below Level 2) | T12: Likelihood of an immigrant student scoring below Level 2 in reading, compared to a non-immigrant student
E13: All students | H13: Non-immigrant students | K13: Immigrant students | N13: Second-generation immigrant students | Q13: First-generation immigrant students | T13: Before accounting for gender, and students' and schools' socio-economic profile1 | W13: After accounting for gender, and students' and schools' socio-economic profile
B14: % | C14: S.E. | D14: s | E14: % | F14: S.E. | G14: s | H14: % | I14: S.E. | J14: s | K14: % | L14: S.E. | M14: s | N14: % | O14: S.E. | P14: s | Q14: % | R14: S.E. | S14: s | T14: Odds ratio | U14: S.E. | V14: s | W14: Odds ratio | X14: S.E. | Y14: s
A15: OECD
A16: Australia | B16: 27.708763 | C16: 0.84465676 | E16: 19.627389 | F16: 0.49689006 | H16: 19.05872 | I16: 0.64898386 | K16: 18.376228 | L16: 0.94588801 | N16: 15.016953 | O16: 1.3397405 | Q16: 21.581698 | R16: 1.2749244 | T16: 0.95633854 | U16: 0.074674582 | W16: 0.94145003 | X16: 0.0732238
A17: Austria | B17: 22.686235 | C17: 1.1527353 | E17: 23.623262 | F17: 1.0177296 | H17: 18.275692 | I17: 0.92577673 | K17: 39.900604 | L17: 2.2125511 | N17: 35.994021 | O17: 2.3464851 | Q17: 47.354489 | R17: 2.9515814 | T17: 2.9693805 | U17: 0.31889027 | W17: 1.9740209 | X17: 0.23619908
A18: Belgium | B18: 18.059455 | C18: 0.8584751 | E18: 21.253462 | F18: 0.88050965 | H18: 16.629454 | I18: 0.86116092 | K18: 37.590828 | L18: 1.9041932 | N18: 32.532243 | O18: 2.1165319 | Q18: 44.205775 | R18: 2.8444487 | T18: 3.0208257 | U18: 0.2717492 | W18: 1.5968658 | X18: 0.19877522
A19: Canada | B19: 34.969966 | C19: 1.4227691 | E19: 13.750312 | F19: 0.49377054 | H19: 12.171901 | I19: 0.45534069 | K19: 13.983638 | L19: 0.90315204 | N19: 10.114305 | O19: 0.92000543 | Q19: 18.038362 | R19: 1.2887077 | T19: 1.1733176 | U19: 0.094246065 | W19: 1.1049763 | X19: 0.092266589
A20: Chile | B20: 3.3908615 | C20: 0.38959487 | E20: 31.720952 | F20: 1.1970505 | H20: 30.145426 | I20: 1.2158612 | K20: 38.564993 | L20: 4.5416233 | N20: 38.09135 | O20: 8.846299 | Q20: 38.686511 | R20: 4.9364579 | T20: 1.4603875 | U20: 0.27450599 | W20: 1.4261407 | X20: 0.31722987
A21: Colombia | B21: 0.55659208 | C21: 0.12058001 | E21: 49.903149 | F21: 1.7115931 | H21: 49.075613 | I21: 1.753948 | K21: 77.11628 | L21: 7.0242449 | N21: m | O21: m | Q21: m | R21: m | T21: 3.6145969 | U21: 1.8577844 | W21: 3.4521373 | X21: 1.8618269
A22: Czech Republic | B22: 4.1464036 | C22: 0.38608927 | E22: 20.740483 | F22: 1.1172124 | H22: 19.769722 | I22: 1.0783185 | K22: 37.689499 | L22: 4.8292608 | N22: 30.722856 | O22: 5.5628177 | Q22: 44.376995 | R22: 7.4911289 | T22: 2.4602468 | U22: 0.50462218 | W22: 1.9538343 | X22: 0.47262165
A23: Denmark | B23: 10.653251 | C23: 0.43829698 | E23: 15.999534 | F23: 0.68408443 | H23: 13.262135 | I23: 0.66268466 | K23: 35.348587 | L23: 1.7865264 | N23: 34.559289 | O23: 1.9768785 | Q23: 38.300631 | R23: 4.3082242 | T23: 3.5770921 | U23: 0.32586765 | W23: 2.0730059 | X23: 0.22733597
A24: Estonia | B24: 10.392583 | C24: 0.46505303 | E24: 11.054281 | F24: 0.59368212 | H24: 9.9138736 | I24: 0.60853261 | K24: 18.531069 | L24: 2.1485122 | N24: 17.496249 | O24: 2.2688755 | Q24: 31.909876 | R24: 7.6420314 | T24: 2.0697569 | U24: 0.33179882 | W24: 2.0170151 | X24: 0.33808753
A25: Finland | B25: 5.7757806 | C25: 0.47656616 | E25: 13.544526 | F25: 0.71193746 | H25: 11.204787 | I25: 0.603694 | K25: 39.871783 | L25: 3.9035262 | N25: 32.838802 | O25: 5.125141 | Q25: 45.066167 | R25: 4.5035027 | T25: 5.2645113 | U25: 0.87322863 | W25: 4.6357462 | X25: 0.86384965
A26: France | B26: 14.292398 | C26: 0.93597143 | E26: 20.93725 | F26: 0.74442562 | H26: 17.968072 | I26: 0.92780096 | K26: 34.95557 | L26: 2.3757278 | N26: 30.279551 | O26: 2.5183857 | Q26: 44.542127 | R26: 3.5812523 | T26: 2.4545149 | U26: 0.33569347 | W26: 1.2732359 | X26: 0.19992216
A27: Germany | B27: 22.168808 | C27: 1.1487898 | E27: 20.685095 | F27: 1.0533617 | H27: 14.327246 | I27: 1.0390999 | K27: 35.534285 | L27: 2.5318603 | N27: 27.651565 | O27: 2.513748 | Q27: 54.691663 | R27: 4.8192937 | T27: 3.2988764 | U27: 0.41550299 | W27: 1.7306615 | X27: 0.26396558
A28: Greece | B28: 11.696103 | C28: 0.66265155 | E28: 30.515796 | F28: 1.5099751 | H28: 27.40197 | I28: 1.4104558 | K28: 48.338951 | L28: 2.9963014 | N28: 44.799569 | O28: 3.5649693 | Q28: 57.931074 | R28: 4.9735337 | T28: 2.4804378 | U28: 0.26971728 | W28: 1.5900794 | X28: 0.20880261
A29: Hungary | B29: 2.5521961 | C29: 0.30831545 | E29: 25.273944 | F29: 0.90917236 | H29: 25.025533 | I29: 0.91136969 | K29: 19.330846 | L29: 4.6617288 | N29: 13.20601 | O29: 4.5186078 | Q29: 25.783585 | R29: 8.6157827 | T29: 0.71982385 | U29: 0.21145772 | W29: 1.2156398 | X29: 0.46600957
A30: Iceland | B30: 5.5922791 | C30: 0.40139674 | E30: 26.355899 | F30: 0.86142488 | H30: 23.913967 | I30: 0.86748807 | K30: 51.186767 | L30: 4.0712518 | N30: 51.410543 | O30: 6.3506123 | Q30: 51.007792 | R30: 4.9779404 | T30: 3.3421701 | U30: 0.56937302 | W30: 2.7088106 | X30: 0.52133534
A31: Ireland | B31: 17.860839 | C31: 0.91486177 | E31: 11.799349 | F31: 0.66913411 | H31: 10.85152 | I31: 0.6533151 | K31: 13.778555 | L31: 1.3382664 | N31: 15.208494 | O31: 2.0859865 | Q31: 12.606733 | R31: 1.7427275 | T31: 1.3128376 | U31: 0.15397205 | W31: 1.2118163 | X31: 0.1519677
A32: Israel | B32: 16.416253 | C32: 1.0738364 | E32: 31.062114 | F32: 1.3024957 | H32: 28.203038 | I32: 1.3181491 | K32: 29.544976 | L32: 2.1951571 | N32: 21.962096 | O32: 2.014555 | Q32: 53.183004 | R32: 3.955603 | T32: 1.0678268 | U32: 0.11406046 | W32: 0.79055121 | X32: 0.097584303
A33: Italy | B33: 10.025087 | C33: 0.49170849 | E33: 23.267173 | F33: 0.96900308 | H33: 21.006761 | I33: 1.0012391 | K33: 36.609243 | L33: 2.7269351 | N33: 33.944195 | O33: 3.3493517 | Q33: 39.797767 | R33: 4.0774505 | T33: 2.1752784 | U33: 0.28214019 | W33: 1.6893256 | X33: 0.24233349
A34: Japan | B34: 0.62269076 | C34: 0.13447374 | E34: 16.779171 | F34: 0.96372667 | H34: w | I34: w | K34: w | L34: w | N34: w | O34: w | Q34: w | R34: w | T34: w | U34: w | W34: w | X34: w
A35: Korea | B35: 0.16599464 | C35: 0.08987183 | E35: 15.108271 | F35: 0.90521412 | H35: 14.782884 | I35: 0.89507705 | K35: m | L35: m | N35: m | O35: m | Q35: m | R35: m | T35: c | U35: c | W35: c | X35: c
A36: Latvia | B36: 4.4397198 | C36: 0.3368561 | E36: 22.442881 | F36: 0.74903948 | H36: 21.764437 | I36: 0.74520733 | K36: 27.338382 | L36: 3.6194268 | N36: 28.686752 | O36: 4.3078541 | Q36: 21.675599 | R36: 6.4115182 | T36: 1.3539284 | U36: 0.24776693 | W36: 1.436491 | X36: 0.27893128
A37: Lithuania | B37: 1.559925 | C37: 0.1305157 | E37: 24.363296 | F37: 0.75310711 | H37: 23.730157 | I37: 0.75109947 | K37: 31.782731 | L37: 5.3078637 | N37: 31.977712 | O37: 5.5879207 | Q37: 31.071625 | R37: 12.017528 | T37: 1.5010323 | U37: 0.37360013 | W37: 2.0344823 | X37: 0.51626452
A38: Luxembourg | B38: 54.871809 | C38: 0.64370888 | E38: 29.291415 | F38: 0.57021144 | H38: 20.299658 | I38: 0.98617486 | K38: 35.872895 | L38: 0.82870351 | N38: 36.184404 | O38: 1.3579188 | Q38: 35.487228 | R38: 1.3752142 | T38: 2.1990514 | U38: 0.17032247 | W38: 1.6405512 | X38: 0.15646221
A39: Mexico | B39: 1.5614212 | C39: 0.26845506 | E39: 44.694002 | F39: 1.3290781 | H39: 43.233436 | I39: 1.3409184 | K39: 84.48917 | L39: 5.1776248 | N39: 85.716085 | O39: 5.4488416 | Q39: 82.974695 | R39: 8.7090179 | T39: 7.2560334 | U39: 3.0834639 | W39: 6.5605703 | X39: 2.638157
A40: Netherlands* | B40: 13.767366 | C40: 1.1613432 | E40: 24.086606 | F40: 1.0277694 | H40: 19.606146 | I40: 1.0935784 | K40: 43.540427 | L40: 3.1049196 | N40: 40.391646 | O40: 3.4558043 | Q40: 56.182254 | R40: 5.8236744 | T40: 3.1681963 | U40: 0.47596131 | W40: 1.5016786 | X40: 0.28064004
A41: New Zealand | B41: 26.459841 | C41: 1.3482097 | E41: 18.96356 | F41: 0.79043097 | H41: 17.125094 | I41: 0.85435668 | K41: 18.98572 | L41: 1.3218681 | N41: 16.171329 | O41: 1.7145607 | Q41: 21.208122 | R41: 1.6573724 | T41: 1.1348576 | U41: 0.11102972 | W41: 1.2719747 | X41: 0.12595754
A42: Norway | B42: 12.399896 | C42: 0.77280409 | E42: 19.292981 | F42: 0.76939762 | H42: 16.444308 | I42: 0.71513073 | K42: 32.162107 | L42: 2.1076935 | N42: 29.104464 | O42: 2.8828679 | Q42: 35.234038 | R42: 2.6487154 | T42: 2.4101654 | U42: 0.2466798 | W42: 1.8737689 | X42: 0.20868744
A43: Poland | B43: 0.64312079 | C43: 0.190311 | E43: 14.675607 | F43: 0.75161379 | H43: 14.176869 | I43: 0.73833438 | K43: m | L43: m | N43: m | O43: m | Q43: m | R43: m | T43: c | U43: c | W43: c | X43: c
A44: Portugal* | B44: 6.9632336 | C44: 0.57149007 | E44: 20.221871 | F44: 0.91671452 | H44: 19.161594 | I44: 0.97582166 | K44: 29.576863 | L44: 3.5330476 | N44: 24.431433 | O44: 4.7150258 | Q44: 36.549134 | R44: 4.4967842 | T44: 1.7731845 | U44: 0.32208255 | W44: 1.7504579 | X44: 0.27797431
A45: Slovak Republic | B45: 1.188531 | C45: 0.1684223 | E45: 31.410025 | F45: 0.97844349 | H45: 30.615174 | I45: 0.9663531 | K45: 51.360327 | L45: 6.8952967 | N45: 40.747229 | O45: 9.1960962 | Q45: 63.328437 | R45: 8.3791463 | T45: 2.4020476 | U45: 0.68494697 | W45: 2.2444972 | X45: 0.90783259
A46: Slovenia | B46: 8.8801417 | C46: 0.3116744 | E46: 17.880991 | F46: 0.65558912 | H46: 15.668353 | I46: 0.66426325 | K46: 35.767986 | L46: 2.9701837 | N46: 24.850502 | O46: 3.5420873 | Q46: 43.325512 | R46: 4.4098181 | T46: 3.0002671 | U46: 0.42624395 | W46: 1.94433 | X46: 0.36152541
A47: Spain | B47: 12.188162 | C47: 0.47645499 | E47: m | F47: m | H47: m | I47: m | K47: m | L47: m | N47: m | O47: m | Q47: m | R47: m | T47: m | U47: m | W47: m | X47: m
A48: Sweden | B48: 20.473116 | C48: 1.3408866 | E48: 18.393043 | F48: 1.0294856 | H48: 12.361266 | I48: 0.83058526 | K48: 37.926306 | L48: 2.4226965 | N48: 26.754208 | O48: 2.5614933 | Q48: 50.615391 | R48: 3.0339892 | T48: 4.3378117 | U48: 0.53568085 | W48: 2.8139202 | X48: 0.32348328
A49: Switzerland | B49: 33.868233 | C49: 1.4103551 | E49: 23.634059 | F49: 1.0843286 | H49: 17.248667 | I49: 1.0883764 | K49: 34.337715 | L49: 1.7636503 | N49: 32.839285 | O49: 1.9426688 | Q49: 37.060669 | R49: 2.6457479 | T49: 2.5096156 | U49: 0.25238477 | W49: 1.6391258 | X49: 0.17134625
A50: Turkey | B50: 0.85430184 | C50: 0.14058186 | E50: 26.132252 | F50: 1.0467363 | H50: 25.502196 | I50: 1.0456302 | K50: 25.848292 | L50: 6.8446543 | N50: 22.367886 | O50: 7.6521306 | Q50: m | R50: m | T50: 1.0257647 | U50: 0.38636484 | W50: 1.747314 | X50: 0.81353393
A51: United Kingdom | B51: 19.760952 | C51: 1.1769924 | E51: 17.303096 | F51: 0.89484614 | H51: 15.329274 | I51: 0.87390687 | K51: 21.019627 | L51: 1.5895728 | N51: 19.899704 | O51: 2.1036462 | Q51: 22.527672 | R51: 2.6947805 | T51: 1.470604 | U51: 0.15106304 | W51: 1.0629727 | X51: 0.11618006
A52: United States* | B52: 23.012326 | C52: 1.5198815 | E52: 19.265843 | F52: 1.1070886 | H52: 17.835634 | I52: 1.1042526 | K52: 19.558626 | L52: 1.8125632 | N52: 16.27671 | O52: 1.6668691 | Q52: 29.030661 | R52: 3.9320398 | T52: 1.120033 | U52: 0.13195301 | W52: 0.74543737 | X52: 0.086981894
A53: OECD average-36a | B53: 13.06768 | C53: 0.13401022 | E53: 22.640359 | F53: 0.16011784 | H53: 20.374017 | I53: 0.16350797 | K53: 35.024845 | L53: 0.61734891 | N53: 30.069607 | O53: 0.74138788 | Q53: 39.849525 | R53: 0.93974317 | T53: 2.4266913 | U53: 0.12540346 | W53: 1.9288753 | X53: 0.11681902
A54: Partners
A55: Albania | B55: 0.62059781 | C55: 0.12271048 | E55: 52.235682 | F55: 1.0898319 | H55: 51.379941 | I55: 1.0830597 | K55: 87.611584 | L55: 6.0037489 | N55: m | O55: m | Q55: m | R55: m | T55: 7.1896261 | U55: 5.2314225 | W55: 9.1304528 | X55: 6.9826584
A56: Argentina | B56: 4.5581922 | C56: 0.32588582 | E56: 52.116353 | F56: 1.3453155 | H56: 51.311294 | I56: 1.4208124 | K56: 51.059979 | L56: 3.7762701 | N56: 48.137797 | O56: 4.8198413 | Q56: 54.265025 | R56: 4.8696213 | T56: 0.99287407 | U56: 0.16097338 | W56: 0.75760847 | X56: 0.12913282
A57: Baku (Azerbaijan) | B57: 5.2006981 | C57: 0.37027052 | E57: 60.448494 | F57: 1.2967352 | H57: 58.746564 | I57: 1.3730709 | K57: 67.020963 | L57: 3.4232908 | N57: 62.891835 | O57: 4.0882059 | Q57: 72.813675 | R57: 5.0224782 | T57: 1.4352433 | U57: 0.24040381 | W57: 1.4177401 | X57: 0.24760643
A58: Belarus | B58: 4.1471742 | C58: 0.31876009 | E58: 23.410274 | F58: 1.0357953 | H58: 22.638927 | I58: 1.0431548 | K58: 34.009259 | L58: 3.5539888 | N58: 31.428594 | O58: 3.4292197 | Q58: 39.881717 | R58: 7.6678617 | T58: 1.7624487 | U58: 0.27086752 | W58: 1.5809406 | X58: 0.28099647
A59: Bosnia and Herzegovina | B59: 2.8167785 | C59: 0.32525594 | E59: 53.675068 | F59: 1.6423301 | H59: 52.642657 | I59: 1.6770595 | K59: 62.453496 | L59: 4.2927993 | N59: 55.410812 | O59: 6.5345577 | Q59: 69.565297 | R59: 6.4870523 | T59: 1.5005276 | U59: 0.27663637 | W59: 1.7898195 | X59: 0.36381141
A60: Brazil | B60: 0.60093706 | C60: 0.091503247 | E60: 49.953882 | F60: 0.90360917 | H60: 48.087111 | I60: 0.89981864 | K60: 89.314406 | L60: 4.2302009 | N60: 88.090968 | O60: 6.0813849 | Q60: m | R60: m | T60: 9.397697 | U60: 5.0057743 | W60: 9.9912812 | X60: 5.7346905
A61: Brunei Darussalam | B61: 8.1815056 | C61: 0.28326741 | E61: 51.802489 | F61: 0.60639647 | H61: 53.829152 | I61: 0.64374176 | K61: 24.153292 | L61: 1.8380635 | N61: 30.979212 | O61: 3.6005073 | Q61: 20.278026 | R61: 2.4281556 | T61: 0.27320205 | U61: 0.027574823 | W61: 0.51964429 | X61: 0.064402961
A62: B-S-J-Z (China) | B62: 0.15768377 | C62: 0.062805617 | E62: 5.167804 | F62: 0.60979603 | H62: 5.0116148 | I62: 0.58988911 | K62: m | L62: m | N62: m | O62: m | Q62: m | R62: m | T62: c | U62: c | W62: c | X62: c
A63: Bulgaria | B63: 1.1491597 | C63: 0.16216896 | E63: 47.102802 | F63: 1.6861566 | H63: 45.048798 | I63: 1.6538205 | K63: 61.852578 | L63: 6.8629513 | N63: m | O63: m | Q63: m | R63: m | T63: 2.0039921 | U63: 0.62911536 | W63: 1.989291 | X63: 0.67436226
A64: Costa Rica | B64: 10.019967 | C64: 0.67284873 | E64: 41.964855 | F64: 1.6229006 | H64: 40.245234 | I64: 1.6608992 | K64: 52.540662 | L64: 2.7598143 | N64: 50.449346 | O64: 3.117432 | Q64: 56.929373 | R64: 4.6000957 | T64: 1.6445756 | U64: 0.17552551 | W64: 1.3640998 | X64: 0.14503972
A65: Croatia | B65: 9.0899093 | C65: 0.4859888 | E65: 21.57884 | F65: 1.1598911 | H65: 20.985828 | I65: 1.138711 | K65: 22.181304 | L65: 2.3087555 | N65: 21.417754 | O65: 2.4649736 | Q65: 26.564879 | R65: 5.4076302 | T65: 1.0741333 | U65: 0.13870701 | W65: 0.93012078 | X65: 0.12975047
A66: Cyprus | B66: 14.787024 | C66: 0.51722412 | E66: 43.707897 | F66: 0.71665768 | H66: 42.886987 | I66: 0.75137442 | K66: 43.228626 | L66: 2.291069 | N66: 47.670895 | O66: 3.9754541 | Q66: 40.813521 | R66: 2.663972 | T66: 1.0149721 | U66: 0.10162819 | W66: 0.92529393 | X66: 0.13258477
A67: Dominican Republic | B67: 2.9220532 | C67: 0.2689033 | E67: 79.05941 | F67: 1.2866755 | H67: 77.626144 | I67: 1.2962379 | K67: 82.2287 | L67: 4.2277323 | N67: 85.062553 | O67: 4.6671047 | Q67: 78.773754 | R67: 6.1214695 | T67: 1.340301 | U67: 0.35900387 | W67: 1.2827315 | X67: 0.36337014
A68: Georgia | B68: 1.3646309 | C68: 0.19590177 | E68: 64.376267 | F68: 1.1125534 | H68: 62.817653 | I68: 1.1366717 | K68: 83.384101 | L68: 4.951148 | N68: 86.857773 | O68: 5.7614035 | Q68: m | R68: m | T68: 3.0108491 | U68: 1.1118229 | W68: 3.2056255 | X68: 1.3001446
A69: Hong Kong (China)* | B69: 37.911635 | C69: 1.3286601 | E69: 12.597969 | F69: 0.76302113 | H69: 11.555557 | I69: 0.76370269 | K69: 12.679355 | L69: 1.3924554 | N69: 10.418703 | O69: 1.2385961 | Q69: 17.090425 | R69: 2.2716971 | T69: 1.1120944 | U69: 0.15671417 | W69: 0.80453787 | X69: 0.10945722
A70: Indonesia | B70: 0.25111855 | C70: 0.06652374 | E70: 69.908264 | F70: 1.4245702 | H70: 69.273047 | I70: 1.4653989 | K70: 99.287127 | L70: 0.79251976 | N70: m | O70: m | Q70: m | R70: m | T70: m | U70: m | W70: m | X70: m
A71: Jordan | B71: 11.560157 | C71: 0.53282257 | E71: 41.225405 | F71: 1.4049518 | H71: 40.843915 | I71: 1.3997042 | K71: 35.627991 | L71: 2.3126837 | N71: 35.359976 | O71: 2.8509039 | Q71: 35.968031 | R71: 3.1743972 | T71: 0.80198414 | U71: 0.072054202 | W71: 0.74903859 | X71: 0.076438691
A72: Kazakhstan | B72: 8.2053827 | C72: 0.44928776 | E72: 64.189705 | F72: 0.73053207 | H72: 63.315668 | I72: 0.77992493 | K72: 69.488777 | L72: 1.8078952 | N72: 63.457221 | O72: 2.6021323 | Q72: 75.736 | R72: 2.1531318 | T72: 1.3202697 | U72: 0.12036049 | W72: 1.1088849 | X72: 0.097868862
A73: Kosovo | B73: 1.1474608 | C73: 0.19367278 | E73: 78.746305 | F73: 0.6453964 | H73: 78.246025 | I73: 0.67271918 | K73: 88.472002 | L73: 5.2250135 | N73: 86.554992 | O73: 6.7313624 | Q73: m | R73: m | T73: 2.2942485 | U73: 1.5260241 | W73: 3.3735972 | X73: 2.2395131
A74: Lebanon | B74: 5.9837012 | C74: 0.46419036 | E74: 67.769511 | F74: 1.5242364 | H74: 64.661884 | I74: 1.5928666 | K74: 79.600742 | L74: 3.3550707 | N74: 78.030886 | O74: 4.6995049 | Q74: 80.43184 | R74: 3.9480291 | T74: 2.1449596 | U74: 0.43954971 | W74: 2.0704752 | X74: 0.55725209
A75: Macao (China) | B75: 62.874218 | C75: 0.67146254 | E75: 10.80324 | F75: 0.53248942 | H75: 14.177332 | I75: 0.95932693 | K75: 8.7961553 | L75: 0.62411839 | N75: 9.6222804 | O75: 0.91714671 | Q75: 7.6306985 | R75: 0.8877016 | T75: 0.58450401 | U75: 0.063443693 | W75: 0.54055662 | X75: 0.060090064
A76: Malaysia | B76: 1.6480915 | C76: 0.22052586 | E76: 45.832799 | F76: 1.407874 | H76: 44.747065 | I76: 1.4060828 | K76: 47.774085 | L76: 7.4902819 | N76: 46.009658 | O76: 7.1283984 | Q76: m | R76: m | T76: 1.1362765 | U76: 0.35061304 | W76: 1.0308068 | X76: 0.30915517
A77: Malta | B77: 8.788446 | C77: 0.43858351 | E77: 35.885902 | F77: 0.81843458 | H77: 34.446251 | I77: 0.85930744 | K77: 35.334522 | L77: 3.1909757 | N77: 39.639244 | O77: 6.3691717 | Q77: 33.947858 | R77: 3.8140854 | T77: 1.0418425 | U77: 0.15404338 | W77: 1.233886 | X77: 0.21389033
A78: Moldova | B78: 1.4465235 | C78: 0.1641034 | E78: 42.999747 | F78: 1.1471327 | H78: 41.447287 | I78: 1.1656069 | K78: 40.718795 | L78: 6.6233504 | N78: 39.492599 | O78: 7.3657732 | Q78: m | R78: m | T78: 0.9765712 | U78: 0.27490347 | W78: 1.3539211 | X78: 0.43585289
A79: Montenegro | B79: 5.7995231 | C79: 0.293478 | E79: 44.4194 | F79: 0.6906913 | H79: 44.178524 | I79: 0.72583373 | K79: 40.177841 | L79: 2.8738197 | N79: 36.866454 | O79: 3.967415 | Q79: 45.581644 | R79: 3.9307124 | T79: 0.84915581 | U79: 0.10305801 | W79: 1.1696201 | X79: 0.16019396
A80: Morocco | B80: 0.78286569 | C80: 0.10751899 | E80: 73.30959 | F80: 1.6191443 | H80: 72.608949 | I80: 1.6583148 | K80: 91.215019 | L80: 3.9710026 | N80: m | O80: m | Q80: m | R80: m | T80: 4.0361671 | U80: 2.6988179 | W80: 4.7784747 | X80: 3.3448788
A81: North Macedonia | B81: 1.6242813 | C81: 0.22955526 | E81: 55.136549 | F81: 0.72945839 | H81: 53.499023 | I81: 0.79920328 | K81: 65.539142 | L81: 7.264113 | N81: 62.835615 | O81: 9.5090524 | Q81: m | R81: m | T81: 1.6731727 | U81: 0.52766306 | W81: 1.7825737 | X81: 0.62619044
A82: Panama | B82: 5.9699964 | C82: 0.73436898 | E82: 64.310326 | F82: 1.4164061 | H82: 62.991859 | I82: 1.4503689 | K82: 51.102794 | L82: 4.7032877 | N82: 64.52815 | O82: 7.5466354 | Q82: 43.908549 | R82: 5.4329502 | T82: 0.61485611 | U82: 0.1123628 | W82: 1.4336032 | X82: 0.30225439
A83: Peru | B83: 0.4902788 | C83: 0.099801678 | E83: 54.309498 | F83: 1.3364531 | H83: 53.497503 | I83: 1.3333342 | K83: m | L83: m | N83: m | O83: m | Q83: m | R83: m | T83: c | U83: c | W83: c | X83: c
A84: Philippines | B84: 1.0367395 | C84: 0.15659271 | E84: 80.622711 | F84: 1.4169927 | H84: 79.589048 | I84: 1.4738257 | K84: 89.691655 | L84: 4.9488772 | N84: m | O84: m | Q84: 92.165633 | R84: 5.1044643 | T84: 2.2557198 | U84: 1.3198559 | W84: 3.3276187 | X84: 2.0302091
A85: Qatar | B85: 56.805348 | C85: 0.36922238 | E85: 50.895033 | F85: 0.43376179 | H85: 65.966782 | I85: 0.64666445 | K85: 36.473508 | L85: 0.6168038 | N85: 43.772776 | O85: 1.2414702 | Q85: 33.361795 | R85: 0.68370722 | T85: 0.29623349 | U85: 0.012156058 | W85: 0.28872458 | X85: 0.013587374
A86: Romania | B86: 0.78033113 | C86: 0.17564163 | D86: † | E86: 40.838355 | F86: 2.1520813 | H86: 39.98811 | I86: 2.1970259 | K86: m | L86: m | N86: m | O86: m | Q86: m | R86: m | T86: c | U86: c | V86: † | W86: c | X86: c | Y86: †
A87: Russia | B87: 5.7706009 | C87: 0.30960018 | E87: 22.093362 | F87: 1.2241825 | H87: 21.760652 | I87: 1.1916183 | K87: 22.282065 | L87: 2.9142598 | N87: 18.891589 | O87: 3.5822708 | Q87: 27.686958 | R87: 4.3196285 | T87: 1.031356 | U87: 0.16273036 | W87: 1.1446702 | X87: 0.18594339
A88: Saudi Arabia | B88: 11.867439 | C88: 1.0844814 | E88: 52.355343 | F88: 1.4586782 | H88: 52.29789 | I88: 1.5974361 | K88: 35.844332 | L88: 2.9641724 | N88: 36.663603 | O88: 3.4713055 | Q88: 34.88042 | R88: 4.0360282 | T88: 0.51075609 | U88: 0.075490479 | W88: 0.49160132 | X88: 0.073532827
A89: Serbia | B89: 9.3212895 | C89: 0.41176693 | E89: 37.704123 | F89: 1.5196604 | H89: 37.12164 | I89: 1.4767443 | K89: 34.09478 | L89: 2.9235716 | N89: 34.224986 | O89: 3.0959439 | Q89: 33.055789 | R89: 7.6869028 | T89: 0.87697291 | U89: 0.10901138 | W89: 0.95672604 | X89: 0.12542981
A90: Singapore | B90: 24.818878 | C90: 0.66661225 | E90: 11.247216 | F90: 0.47800268 | H90: 11.94638 | I90: 0.44673116 | K90: 8.0412252 | L90: 1.26337 | N90: 4.5772657 | O90: 1.0478948 | Q90: 9.7229302 | R90: 1.8101185 | T90: 0.64465129 | U90: 0.11182384 | W90: 0.97061505 | X90: 0.16311209
A91: Chinese Taipei | B91: 0.70330202 | C91: 0.17353561 | E91: 17.81438 | F91: 0.81191145 | H91: 17.128614 | I91: 0.78311202 | K91: 47.808168 | L91: 18.457614 | N91: m | O91: m | Q91: m | R91: m | T91: 4.4417471 | U91: 3.2383871 | W91: 6.7852969 | X91: 8.452765
A92: Thailand | B92: 1.0713659 | C92: 0.43149317 | E92: 59.544753 | F92: 1.7363954 | H92: 58.97716 | I92: 1.7384687 | K92: 73.910904 | L92: 8.5473612 | N92: 75.611246 | O92: 7.7292094 | Q92: m | R92: m | T92: 1.9895846 | U92: 0.85788848 | W92: 0.83997373 | X92: 0.44644385
A93: Ukraine | B93: 2.314936 | C93: 0.21824514 | E93: 25.906134 | F93: 1.4380063 | H93: 25.084955 | I93: 1.3692806 | K93: 31.037298 | L93: 5.1932106 | N93: 23.237188 | O93: 6.4583866 | Q93: 46.148107 | R93: 8.4248297 | T93: 1.3466733 | U93: 0.30034616 | W93: 1.3360019 | X93: 0.37144461
A94: United Arab Emirates | B94: 55.781255 | C94: 0.78306141 | E94: 42.94025 | F94: 0.80581369 | H94: 59.725964 | I94: 0.92128465 | K94: 26.759421 | L94: 0.92794805 | N94: 29.999526 | O94: 1.0978041 | Q94: 24.479948 | R94: 1.1599333 | T94: 0.24640801 | U94: 0.013609844 | W94: 0.30633938 | X94: 0.0183057
A95: Uruguay | B95: 1.2698267 | C95: 0.18673082 | E95: 41.883546 | F95: 1.2764015 | H95: 41.059189 | I95: 1.2813584 | K95: 47.809183 | L95: 7.6803683 | N95: 46.964993 | O95: 9.330277 | Q95: 48.634813 | R95: 12.069546 | T95: 1.3214851 | U95: 0.4163177 | W95: 1.9106617 | X95: 0.80424383
A96: Viet Nam | B96: 0.062539119 | C96: 0.031144342 | E96: 0 | F96: c | H96: 0 | I96: c | K96: m | L96: m | N96: m | O96: m | Q96: m | R96: m | T96: m | U96: m | W96: m | X96: m
A104: *Honk Kong (China), Netherlands, Portugal and United States: Data did not meet the PISA technical standards but were accepted as largely comparable (see Annexes A2 and A4).
A105: Information on data for Cyprus: https://oe.cd/cyprus-disclaimer
A106: 1. The socio-economic profile is measured by the PISA index of economic, social and cultural status (ESCS).
A107: Notes: Information regarding the proportion of the sample covered is shown next to the standard error. No symbol means at least 75% of the population was covered; one dagger (†) means at least 50% but less than 75%; and one double-dagger (‡) means less than 50% was covered. For comparisons across cycles, the coverage information corresponds to the cycle with the lowest sample coverage.
A108: Values that are statistically significant are indicated in bold (see Annex A3).

Sheet Table II.B1.9.5
A1: PISA 2018 Results (Volume II) - © OECD 2019
A2: Annex B1 | B2: Annex B1.9 Results (tables): Immigrant background and students’ performance
A3: Version 2 - Last updated: 02-Dec-2019
A4: Disclaimer: http://oe.cd/disclaimer
A6: Table II.B1.9.5
A7: Students who expect to complete tertiary education, by immigrant background
A8: Based on students' reports
B12: Percentage of immigrant students | E12: Percentage of students who expect to complete tertiary education (ISCED 5B, ISCED 5A or 6) | T12: Likelihood of an immigrant student expecting to complete tertiary education, compared to a non-immigrant student
E13: All students | H13: Non-immigrant students | K13: Immigrant students | N13: Second-generation immigrant students | Q13: First-generation immigrant students | T13: Before accounting for gender, students' and schools' socio-economic profile,1 and performance in reading | W13: After accounting for gender, students' and schools' socio-economic profile, and performance in reading
B14: % | C14: S.E. | D14: s | E14: % | F14: S.E. | G14: s | H14: % | I14: S.E. | J14: s | K14: % | L14: S.E. | M14: s | N14: % | O14: S.E. | P14: s | Q14: % | R14: S.E. | S14: s | T14: Odds ratio | U14: S.E. | V14: s | W14: Odds ratio | X14: S.E. | Y14: s
A15: OECD
A16: Australia | B16: 27.708763 | C16: 0.84465676 | E16: 68.221511 | F16: 0.64789184 | H16: 64.190527 | I16: 0.68199189 | K16: 80.338087 | L16: 0.83878959 | N16: 80.744083 | O16: 1.1214215 | Q16: 79.94741 | R16: 1.188453 | T16: 2.2794113 | U16: 0.12219176 | W16: 2.7750833 | X16: 0.20329526
A17: Austria | B17: 22.686235 | C17: 1.1527353 | E17: 47.995764 | F17: 0.8744499 | H17: 49.240754 | I17: 0.97519151 | K17: 44.330981 | L17: 1.9975281 | N17: 43.367865 | O17: 2.2596832 | Q17: 46.222426 | R17: 2.9433085 | T17: 0.82088868 | U17: 0.074567433 | W17: 1.6958534 | X17: 0.14820156
A18: Belgium | B18: 18.059455 | C18: 0.8584751 | E18: 68.847502 | F18: 0.81681154 | H18: 70.128293 | I18: 0.90650609 | K18: 64.973042 | L18: 1.8300823 | N18: 67.462837 | O18: 2.064159 | Q18: 61.561919 | R18: 3.1212322 | T18: 0.79012817 | U18: 0.071593586 | W18: 2.4005653 | X18: 0.22922975
A19: Canada | B19: 34.969966 | C19: 1.4227691 | E19: 87.031687 | F19: 0.43385762 | H19: 85.33088 | I19: 0.50581011 | K19: 91.571449 | L19: 0.56822582 | N19: 91.44343 | O19: 0.83249105 | Q19: 91.708309 | R19: 0.67256867 | T19: 1.8676912 | U19: 0.14270387 | W19: 2.3877922 | X19: 0.20560329
A20: Chile | B20: 3.3908615 | C20: 0.38959487 | E20: 84.79319 | F20: 0.78573155 | H20: 85.582587 | I20: 0.76981118 | K20: 78.311119 | L20: 3.0064516 | N20: 77.267718 | O20: 7.6770836 | Q20: 78.586871 | R20: 3.2442575 | T20: 0.60825792 | U20: 0.10007202 | W20: 0.62354371 | X20: 0.10881797
A21: Colombia | B21: 0.55659208 | C21: 0.12058001 | E21: 75.638973 | F21: 1.1610288 | H21: 76.360445 | I21: 1.1169011 | K21: 52.109904 | L21: 7.3939241 | N21: m | O21: m | Q21: m | R21: m | T21: 0.33685687 | U21: 0.10278807 | W21: 0.57692474 | X21: 0.22505222
A22: Czech Republic | B22: 4.1464036 | C22: 0.38608927 | E22: 64.470246 | F22: 1.0921513 | H22: 64.729943 | I22: 1.1112181 | K22: 61.670971 | L22: 3.7686917 | N22: 57.993124 | O22: 5.9525537 | Q22: 65.226812 | R22: 4.808493 | T22: 0.87670535 | U22: 0.14368706 | W22: 2.1084285 | X22: 0.6346149
A23: Denmark | B23: 10.653251 | C23: 0.43829698 | E23: 64.046861 | F23: 0.8723983 | H23: 64.833007 | I23: 0.9540549 | K23: 59.278342 | L23: 1.9653641 | N23: 62.138367 | O23: 2.1612314 | Q23: 47.322311 | R23: 4.7246941 | T23: 0.78960461 | U23: 0.071487927 | W23: 2.3069043 | X23: 0.26039411
A24: Estonia | B24: 10.392583 | C24: 0.46505303 | E24: 69.994719 | F24: 0.87139162 | H24: 70.807517 | I24: 0.89998457 | K24: 63.151193 | L24: 2.2292445 | N24: 62.799699 | O24: 2.1970215 | Q24: 67.776032 | R24: 8.7757275 | T24: 0.70656124 | U24: 0.067805564 | W24: 0.93792282 | X24: 0.099788019
A25: Finland | B25: 5.7757806 | C25: 0.47656616 | E25: 63.581351 | F25: 0.92649226 | H25: 63.512535 | I25: 0.9470632 | K25: 68.027606 | L25: 2.8012323 | N25: 69.328861 | O25: 4.1308496 | Q25: 67.059691 | R25: 3.9013893 | T25: 1.2223463 | U25: 0.15747674 | W25: 3.0032599 | X25: 0.49952176
A26: France | B26: 14.292398 | C26: 0.93597143 | E26: 78.338752 | F26: 0.65863516 | H26: 78.935194 | I26: 0.75197754 | K26: 76.055548 | L26: 1.8700014 | N26: 76.624451 | O26: 2.226091 | Q26: 74.8723 | R26: 3.0046894 | T26: 0.84764263 | U26: 0.10080446 | W26: 1.2968393 | X26: 0.15686466
A27: Germany | B27: 22.168808 | C27: 1.1487898 | E27: 33.867804 | F27: 1.0822312 | H27: 35.072044 | I27: 1.2522886 | K27: 29.195027 | L27: 1.9355305 | N27: 28.810965 | O27: 2.3235475 | Q27: 30.255068 | R27: 3.1268406 | T27: 0.76333605 | U27: 0.076074581 | W27: 2.2081997 | X27: 0.27157509
A28: Greece | B28: 11.696103 | C28: 0.66265155 | E28: 74.359132 | F28: 1.1717291 | H28: 77.097512 | I28: 1.1421831 | K28: 58.804914 | L28: 2.2333888 | N28: 60.076185 | O28: 2.6835904 | Q28: 55.262518 | R28: 3.8681868 | T28: 0.42404355 | U28: 0.043223228 | W28: 0.91934722 | X28: 0.096728056
A29: Hungary | B29: 2.5521961 | C29: 0.30831545 | E29: 51.487974 | F29: 0.97522539 | H29: 51.358003 | I29: 0.97611134 | K29: 61.021221 | L29: 4.6173923 | N29: 69.700998 | O29: 5.8984113 | Q29: 51.061248 | R29: 7.254997 | T29: 1.482709 | U29: 0.28174459 | W29: 1.0734101 | X29: 0.23922198
A30: Iceland | B30: 5.5922791 | C30: 0.40139674 | E30: 61.921049 | F30: 0.79523593 | H30: 62.516042 | I30: 0.81507106 | K30: 55.258144 | L30: 3.8007394 | N30: 59.899983 | O30: 5.9183613 | Q30: 51.544382 | R30: 4.92374 | T30: 0.74051911 | U30: 0.11820082 | W30: 1.4239196 | X30: 0.276291
A31: Ireland | B31: 17.860839 | C31: 0.91486177 | E31: 79.665788 | F31: 0.81443542 | H31: 79.530176 | I31: 0.89082861 | K31: 81.506858 | L31: 1.2866674 | N31: 82.904266 | O31: 2.0922746 | Q31: 80.365835 | R31: 1.9724976 | T31: 1.1343984 | U31: 0.10259043 | W31: 1.4674023 | X31: 0.15321261
A32: Israel | B32: 16.416253 | C32: 1.0738364 | E32: 73.045336 | F32: 1.0014097 | H32: 74.815623 | I32: 0.9493842 | K32: 75.336486 | L32: 1.9193543 | N32: 79.461505 | O32: 1.8534103 | Q32: 62.521932 | R32: 3.224379 | T32: 1.0282277 | U32: 0.10719074 | W32: 1.1991443 | X32: 0.12995515
A33: Italy | B33: 10.025087 | C33: 0.49170849 | E33: 60.521423 | F33: 0.76911641 | H33: 61.927552 | I33: 0.82172834 | K33: 49.913046 | L33: 2.4779536 | N33: 49.76758 | O33: 3.2305066 | Q33: 50.087539 | R33: 3.3088738 | T33: 0.6126555 | U33: 0.062395522 | W33: 1.0736051 | X33: 0.11543577
A34: Japan | B34: 0.62269076 | C34: 0.13447374 | E34: 74.129605 | F34: 0.78129151 | H34: w | I34: w | K34: w | L34: w | N34: w | O34: w | Q34: w | R34: w | T34: w | U34: w | W34: w | X34: w
A35: Korea | B35: 0.16599464 | C35: 0.08987183 | E35: 89.418545 | F35: 0.71013239 | H35: 89.795852 | I35: 0.68950655 | K35: m | L35: m | N35: m | O35: m | Q35: m | R35: m | T35: c | U35: c | W35: c | X35: c
A36: Latvia | B36: 4.4397198 | C36: 0.3368561 | E36: 64.591091 | F36: 0.79228904 | H36: 64.92474 | I36: 0.80154885 | K36: 59.849599 | L36: 3.3540954 | N36: 56.154185 | O36: 3.8128809 | Q36: 75.002589 | R36: 5.2086408 | T36: 0.80530805 | U36: 0.117671 | W36: 0.74020203 | X36: 0.11520957
A37: Lithuania | B37: 1.559925 | C37: 0.1305157 | E37: 71.662926 | F37: 0.62848954 | H37: 71.956011 | I37: 0.64232665 | K37: 75.88011 | L37: 4.0599349 | N37: 78.629872 | O37: 3.6982146 | Q37: 65.811664 | R37: 11.613133 | T37: 1.2260984 | U37: 0.2911998 | W37: 1.5208338 | X37: 0.39315943
A38: Luxembourg | B38: 54.871809 | C38: 0.64370888 | E38: 61.531793 | F38: 0.59916659 | H38: 64.683529 | I38: 1.0441016 | K38: 59.499127 | L38: 0.8330544 | N38: 56.017162 | O38: 1.1668764 | Q38: 63.893912 | R38: 1.324219 | T38: 0.80210239 | U38: 0.048869437 | W38: 1.4123638 | X38: 0.095618842
A39: Mexico | B39: 1.5614212 | C39: 0.26845506 | E39: 83.319381 | F39: 0.75392855 | H39: 83.632022 | I39: 0.7585209 | K39: 77.439513 | L39: 7.200345 | N39: 68.213288 | O39: 10.975166 | P39: † | Q39: 86.392272 | R39: 7.1145698 | T39: 0.67179461 | U39: 0.31017901 | W39: 1.6941102 | X39: 0.8721825
A40: Netherlands* | B40: 13.767366 | C40: 1.1613432 | E40: 68.905295 | F40: 0.93849529 | H40: 68.247374 | I40: 0.9975936 | K40: 74.216941 | L40: 2.8633159 | M40: † | N40: 73.814198 | O40: 3.1932626 | Q40: 76.365751 | R40: 5.4710083 | S40: † | T40: 1.339252 | U40: 0.2178938 | W40: 5.21647 | X40: 1.1785099
A41: New Zealand | B41: 26.459841 | C41: 1.3482097 | E41: 61.084563 | F41: 0.87133945 | H41: 57.436913 | I41: 0.92240742 | K41: 72.434293 | L41: 1.2870549 | N41: 73.132248 | O41: 1.7312712 | Q41: 71.876329 | R41: 1.5656844 | T41: 1.9472293 | U41: 0.14504201 | W41: 2.205462 | X41: 0.18555081
A42: Norway | B42: 12.399896 | C42: 0.77280409 | E42: 67.507633 | F42: 0.96547131 | H42: 66.525062 | I42: 1.0031022 | K42: 77.508844 | L42: 1.9519031 | N42: 79.363594 | O42: 2.5779669 | Q42: 75.639545 | R42: 2.3443096 | T42: 1.7340993 | U42: 0.19602843 | W42: 4.5608479 | X42: 0.62394291
A43: Poland | B43: 0.64312079 | C43: 0.190311 | E43: 56.994551 | F43: 1.0911237 | H43: 57.025646 | I43: 1.0979292 | K43: m | L43: m | N43: m | O43: m | Q43: m | R43: m | T43: c | U43: c | W43: c | X43: c
A44: Portugal* | B44: 6.9632336 | C44: 0.57149007 | E44: 73.625121 | F44: 0.79783622 | H44: 74.419148 | I44: 0.85084601 | K44: 66.442321 | L44: 3.4976013 | N44: 72.64048 | O44: 3.9128575 | Q44: 57.664923 | R44: 5.8734807 | T44: 0.6805863 | U44: 0.11494183 | W44: 0.88846746 | X44: 0.14676039
A45: Slovak Republic | B45: 1.188531 | C45: 0.1684223 | E45: 65.921258 | F45: 1.1115874 | H45: 66.41116 | I45: 1.1092491 | K45: 55.95937 | L45: 6.2479622 | N45: 70.547145 | O45: 9.1636244 | Q45: m | R45: m | T45: 0.64264811 | U45: 0.16909827 | W45: 1.0739143 | X45: 0.44236069
A46: Slovenia | B46: 8.8801417 | C46: 0.3116744 | E46: 65.95251 | F46: 0.58546724 | H46: 67.082128 | I46: 0.60851443 | K46: 54.521492 | L46: 3.0088024 | N46: 58.620376 | O46: 4.3230581 | Q46: 51.680615 | R46: 3.8332533 | T46: 0.5882832 | U46: 0.073502405 | W46: 1.7348722 | X46: 0.2253898
A47: Spain | B47: 12.188162 | C47: 0.47645499 | E47: 76.567308 | F47: 0.49055411 | H47: 78.028702 | I47: 0.43479632 | K47: 68.507564 | L47: 1.4357235 | N47: 72.19326 | O47: 1.7508743 | Q47: 66.007693 | R47: 1.7538626 | T47: 0.61253879 | U47: 0.036679047 | W47: m | X47: m
A48: Sweden | B48: 20.473116 | C48: 1.3408866 | E48: 69.777244 | F48: 0.90220828 | H48: 69.494263 | I48: 0.97094623 | K48: 72.828035 | L48: 1.5590799 | N48: 76.765059 | O48: 1.8940806 | Q48: 68.240103 | R48: 2.628708 | T48: 1.1765492 | U48: 0.095948187 | W48: 4.6852256 | X48: 0.6640441
A49: Switzerland | B49: 33.868233 | C49: 1.4103551 | E49: 52.501394 | F49: 1.1086488 | H49: 54.208004 | I49: 1.3005309 | K49: 50.186511 | L49: 1.5209241 | N49: 51.169297 | O49: 1.8248147 | Q49: 48.369093 | R49: 2.4232073 | T49: 0.85107178 | U49: 0.057653481 | W49: 1.7679122 | X49: 0.15666643
A50: Turkey | B50: 0.85430184 | C50: 0.14058186 | E50: 87.094648 | F50: 0.46765695 | H50: 87.464684 | I50: 0.45855186 | K50: 84.87061 | L50: 4.1007547 | N50: 80.758761 | O50: 5.1928798 | Q50: m | R50: m | T50: 0.80396742 | U50: 0.30561787 | W50: 0.61820128 | X50: 0.30170665
A51: United Kingdom | B51: 19.760952 | C51: 1.1769924 | E51: 64.127121 | F51: 0.85884021 | H51: 61.575494 | I51: 0.96535007 | K51: 77.113438 | L51: 1.4216937 | N51: 77.508391 | O51: 1.9332859 | Q51: 76.58111 | R51: 1.9991049 | T51: 2.1025673 | U51: 0.18975029 | W51: 3.7900622 | X51: 0.40980526
A52: United States* | B52: 23.012326 | C52: 1.5198815 | E52: 88.810071 | F52: 0.63348177 | H52: 89.521294 | I52: 0.68594792 | K52: 88.486243 | L52: 1.1238962 | N52: 88.654328 | O52: 1.4954328 | Q52: 88.005625 | R52: 1.6514153 | T52: 0.89958045 | U52: 0.11379807 | W52: 1.4022078 | X52: 0.18282732
A53: OECD average-36a | B53: 13.06768 | C53: 0.13401022 | E53: 68.743995 | F53: 0.14390672 | H53: 68.86777 | I53: 0.15501526 | K53: 66.6088 | L53: 0.56002279 | N53: 68.180634 | O53: 0.74318028 | Q53: 65.563538 | R53: 0.83353189 | T53: 1.0182764 | U53: 0.026505563 | W53: 1.902706 | X53: 0.067907301
A54: Partners
A55: Albania | B55: 0.62059781 | C55: 0.12271048 | E55: 65.209703 | F55: 0.75618343 | H55: 65.629799 | I55: 0.76149597 | K55: 51.264965 | L55: 10.688972 | N55: m | O55: m | Q55: m | R55: m | T55: 0.55088429 | U55: 0.24272866 | W55: 0.89633365 | X55: 0.35516952
A56: Argentina | B56: 4.5581922 | C56: 0.32588582 | E56: 66.902075 | F56: 0.91234914 | H56: 67.368127 | I56: 0.93166269 | K56: 68.640082 | L56: 3.1179037 | N56: 71.247079 | O56: 4.0795928 | Q56: 65.781743 | R56: 4.3195365 | T56: 1.0602063 | U56: 0.15721613 | W56: 1.1499736 | X56: 0.15843734
A57: Baku (Azerbaijan) | B57: 5.2006981 | C57: 0.37027052 | E57: 62.844342 | F57: 0.94760607 | H57: 63.725737 | I57: 1.0021833 | K57: 62.335236 | L57: 2.7331647 | N57: 66.397797 | O57: 3.1830853 | Q57: 56.635911 | R57: 4.783874 | T57: 0.94206763 | U57: 0.12096242 | W57: 1.0966449 | X57: 0.1505639
A58: Belarus | B58: 4.1471742 | C58: 0.31876009 | E58: 77.355995 | F58: 0.72680356 | H58: 77.724144 | I58: 0.75721784 | K58: 73.488032 | L58: 2.7207867 | N58: 74.986696 | O58: 3.3325491 | Q58: 70.077732 | R58: 5.0279264 | T58: 0.79442538 | U58: 0.11439218 | W58: 1.0496846 | X58: 0.19326455
A59: Bosnia and Herzegovina | B59: 2.8167785 | C59: 0.32525594 | E59: 66.525276 | F59: 1.3441985 | H59: 66.876161 | I59: 1.3639462 | K59: 67.132537 | L59: 4.0175815 | N59: 79.473366 | O59: 5.0941564 | Q59: 55.136614 | R59: 4.7611752 | T59: 1.0116638 | U59: 0.18661006 | W59: 1.1105552 | X59: 0.23904195
A60: Brazil | B60: 0.60093706 | C60: 0.091503247 | E60: 74.842227 | F60: 0.78889651 | H60: 76.237748 | I60: 0.724691 | K60: 49.604307 | L60: 8.3595837 | N60: 51.411937 | O60: 9.2446731 | Q60: m | R60: m | T60: 0.30679163 | U60: 0.10188797 | W60: 0.5036647 | X60: 0.16297088
A61: Brunei Darussalam | B61: 8.1815056 | C61: 0.28326741 | E61: 66.073292 | F61: 0.54075068 | H61: 65.448249 | I61: 0.6049983 | K61: 74.214297 | L61: 2.0154749 | N61: 72.405003 | O61: 3.3280051 | Q61: 75.246607 | R61: 2.42805 | T61: 1.5194297 | U61: 0.17607308 | W61: 0.7981831 | X61: 0.10605331
A62: B-S-J-Z (China) | B62: 0.15768377 | C62: 0.062805617 | E62: 78.110706 | F62: 0.98144067 | H62: 78.217393 | I62: 0.96332743 | K62: m | L62: m | N62: m | O62: m | Q62: m | R62: m | T62: c | U62: c | W62: c | X62: c
A63: Bulgaria | B63: 1.1491597 | C63: 0.16216896 | E63: 64.300411 | F63: 1.2392551 | H63: 65.735808 | I63: 1.2639757 | K63: 66.564258 | L63: 6.1754355 | N63: m | O63: m | Q63: m | R63: m | T63: 1.0376924 | U63: 0.33342154 | W63: 1.8135669 | X63: 0.75941911
A64: Costa Rica | B64: 10.019967 | C64: 0.67284873 | E64: 85.74292 | F64: 0.69090547 | H64: 86.599913 | I64: 0.703396 | K64: 80.71358 | L64: 1.776567 | N64: 79.613881 | O64: 2.1296899 | Q64: 83.081042 | R64: 2.7521438 | T64: 0.64756748 | U64: 0.080760889 | W64: 0.8792237 | X64: 0.11436346
A65: Croatia | B65: 9.0899093 | C65: 0.4859888 | E65: 51.03672 | F65: 0.926166 | H65: 51.297956 | I65: 0.96791146 | K65: 50.491667 | L65: 2.3167024 | N65: 50.86559 | O65: 2.3804336 | Q65: 48.349218 | R65: 6.6798743 | T65: 0.96825231 | U65: 0.090893921 | W65: 1.2532942 | X65: 0.12792231
A66: Cyprus | B66: 14.787024 | C66: 0.51722412 | E66: 80.915473 | F66: 0.5227675 | H66: 82.600084 | I66: 0.53102061 | K66: 76.0927 | L66: 1.7265281 | N66: 78.167793 | O66: 3.1885886 | Q66: 74.952763 | R66: 1.7820655 | T66: 0.67046961 | U66: 0.070256211 | W66: 0.72098929 | X66: 0.092726976
A67: Dominican Republic | B67: 2.9220532 | C67: 0.2689033 | E67: 62.604491 | F67: 1.484647 | H67: 64.047475 | I67: 1.4961696 | K67: 52.686373 | L67: 6.0029924 | N67: 48.564877 | O67: 7.1942172 | Q67: 57.210744 | R67: 8.3426431 | T67: 0.62508555 | U67: 0.15502002 | W67: 0.81250167 | X67: 0.26875155
A68: Georgia | B68: 1.3646309 | C68: 0.19590177 | E68: 73.984764 | F68: 0.69242514 | H68: 75.507253 | I68: 0.70779701 | K68: 60.062103 | L68: 7.0369255 | N68: 62.952661 | O68: 9.3510632 | Q68: m | R68: m | T68: 0.48782508 | U68: 0.14746243 | W68: 0.74463938 | X68: 0.34134047
A69: Hong Kong (China)* | B69: 37.911635 | C69: 1.3286601 | E69: 75.744428 | F69: 0.9401938 | H69: 76.927591 | I69: 0.94108427 | K69: 74.654015 | L69: 1.396741 | N69: 75.639334 | O69: 1.4939083 | Q69: 72.755113 | R69: 2.3490357 | T69: 0.88339473 | U69: 0.062836743 | W69: 1.3950178 | X69: 0.098299416
A70: Indonesia | B70: 0.25111855 | C70: 0.06652374 | E70: 73.651715 | F70: 1.2037703 | H70: 74.274748 | I70: 1.2146216 | K70: 41.682981 | L70: 13.135986 | N70: m | O70: m | Q70: m | R70: m | T70: 0.24756403 | U70: 0.14232566 | W70: 0.40975411 | X70: 0.24349422
A71: Jordan | B71: 11.560157 | C71: 0.53282257 | E71: 62.284229 | F71: 0.86097475 | H71: 62.692464 | I71: 0.90292474 | K71: 61.853801 | L71: 1.7497571 | N71: 65.34425 | O71: 2.3805394 | Q71: 57.425337 | R71: 2.4150754 | T71: 0.96493119 | U71: 0.073386273 | W71: 0.86762282 | X71: 0.077700277
A72: Kazakhstan | B72: 8.2053827 | C72: 0.44928776 | E72: 58.199282 | F72: 0.63084482 | H72: 58.653641 | I72: 0.63869786 | K72: 56.313588 | L72: 1.9312699 | N72: 55.13764 | O72: 3.0348731 | Q72: 57.54139 | R72: 2.1078474 | T72: 0.90867613 | U72: 0.071483198 | W72: 1.1065286 | X72: 0.089386012
A73: Kosovo | B73: 1.1474608 | C73: 0.19367278 | E73: 65.369233 | F73: 0.78181877 | H73: 65.705997 | I73: 0.76442024 | K73: 65.181802 | L73: 6.8679738 | N73: 65.054795 | O73: 7.3438522 | Q73: m | R73: m | T73: 0.97708704 | U73: 0.3055323 | W73: 1.0454868 | X73: 0.36148088
A74: Lebanon | B74: 5.9837012 | C74: 0.46419036 | E74: 48.684352 | F74: 1.3459996 | H74: 50.405596 | I74: 1.4612596 | K74: 46.296859 | L74: 3.3466911 | N74: 40.668609 | O74: 5.4303931 | Q74: 49.253128 | R74: 4.2234542 | T74: 0.84821465 | U74: 0.11469236 | W74: 1.1794731 | X74: 0.18531293
A75: Macao (China) | B75: 62.874218 | C75: 0.67146254 | E75: 75.937851 | F75: 0.68412679 | H75: 72.068334 | I75: 1.1993178 | K75: 78.402325 | L75: 0.85508142 | N75: 75.96226 | O75: 1.2256598 | Q75: 81.84465 | R75: 1.2104767 | T75: 1.4069358 | U75: 0.11291011 | W75: 1.3400858 | X75: 0.13020946
A76: Malaysia | B76: 1.6480915 | C76: 0.22052586 | E76: 72.609486 | F76: 1.0845138 | H76: 73.268762 | I76: 1.0921466 | K76: 73.339229 | L76: 4.008035 | N76: 77.185757 | O76: 4.5130382 | Q76: m | R76: m | T76: 1.0036045 | U76: 0.21832644 | W76: 1.2825295 | X76: 0.32825247
A77: Malta | B77: 8.788446 | C77: 0.43858351 | E77: 61.343468 | F77: 0.74448967 | H77: 62.29329 | I77: 0.77731085 | K77: 60.507898 | L77: 2.699582 | N77: 63.7092 | O77: 6.0276642 | Q77: 59.469766 | R77: 3.0211044 | T77: 0.9274258 | U77: 0.10533905 | W77: 0.84565282 | X77: 0.13605905
A78: Moldova | B78: 1.4465235 | C78: 0.1641034 | E78: 47.789818 | F78: 0.92681269 | H78: 48.897079 | I78: 0.97706647 | K78: 51.692953 | L78: 4.9541771 | N78: 50.670615 | O78: 5.2011667 | Q78: m | R78: m | T78: 1.1183653 | U78: 0.22956888 | W78: 0.84766555 | X78: 0.31616794
A79: Montenegro | B79: 5.7995231 | C79: 0.293478 | E79: 78.39439 | F79: 0.53806572 | H79: 78.676104 | I79: 0.57504301 | K79: 79.137683 | L79: 2.3013024 | N79: 81.349781 | O79: 3.0053756 | Q79: 75.527791 | R79: 3.1138156 | T79: 1.0281216 | U79: 0.1498055 | W79: 0.84409443 | X79: 0.13725644
A80: Morocco | B80: 0.78286569 | C80: 0.10751899 | E80: 40.724203 | F80: 1.0937221 | H80: 40.901389 | I80: 1.1118141 | K80: 50.739552 | L80: 5.6331962 | N80: m | O80: m | Q80: m | R80: m | T80: 1.4882898 | U80: 0.33972629 | W80: 1.7019381 | X80: 0.41674875
A81: North Macedonia | B81: 1.6242813 | C81: 0.22955526 | E81: 64.471318 | F81: 0.53834325 | H81: 65.400129 | I81: 0.5448823 | K81: 52.54143 | L81: 6.6645265 | N81: 56.463398 | O81: 7.7824691 | Q81: m | R81: m | T81: 0.58571065 | U81: 0.16867013 | W81: 0.61425491 | X81: 0.18769742
A82: Panama | B82: 5.9699964 | C82: 0.73436898 | E82: 71.523323 | F82: 0.94185696 | H82: 72.186917 | I82: 0.98125018 | K82: 79.759552 | L82: 2.4298526 | N82: 77.379946 | O82: 4.2497486 | Q82: 81.057062 | R82: 3.3162174 | T82: 1.5182847 | U82: 0.24061604 | V82: † | W82: 1.2291175 | X82: 0.26100898 | Y82: †
A83: Peru | B83: 0.4902788 | C83: 0.099801678 | E83: 86.069614 | F83: 0.60458626 | H83: 86.250944 | I83: 0.63181822 | K83: m | L83: m | N83: m | O83: m | Q83: m | R83: m | T83: c | U83: c | W83: c | X83: c
A84: Philippines | B84: 1.0367395 | C84: 0.15659271 | E84: 64.032988 | F84: 1.0457751 | H84: 65.563446 | I84: 1.0222794 | K84: 38.046437 | L84: 6.399168 | N84: m | O84: m | Q84: 40.528461 | R84: 8.997114 | T84: 0.32255641 | U84: 0.088980018 | W84: 0.61817406 | X84: 0.23445238
A85: Qatar | B85: 56.805348 | C85: 0.36922238 | E85: 77.663508 | F85: 0.34616909 | H85: 73.306625 | I85: 0.62682478 | K85: 83.638322 | L85: 0.44727703 | N85: 80.959781 | O85: 0.90934323 | Q85: 84.779884 | R85: 0.5281358 | T85: 1.8613915 | U85: 0.090043813 | W85: 1.0608518 | X85: 0.059613435
A86: Romania | B86: 0.78033113 | C86: 0.17564163 | D86: † | E86: 60.56902 | F86: 2.0653319 | H86: 60.545017 | I86: 2.1714017 | K86: m | L86: m | N86: m | O86: m | Q86: m | R86: m | T86: c | U86: c | V86: † | W86: c | X86: c | Y86: †
A87: Russia | B87: 5.7706009 | C87: 0.30960018 | E87: 64.492749 | F87: 1.0412993 | H87: 64.58844 | I87: 1.0195258 | K87: 68.086364 | L87: 2.6878976 | N87: 69.037999 | O87: 3.2918533 | Q87: 66.58088 | R87: 4.4443717 | T87: 1.169699 | U87: 0.12485699 | W87: 1.2517461 | X87: 0.15443618
A88: Saudi Arabia | B88: 11.867439 | C88: 1.0844814 | E88: 68.611993 | F88: 0.91464499 | H88: 69.300264 | I88: 0.96476863 | K88: 71.379717 | L88: 2.1243124 | N88: 70.573218 | O88: 2.6865932 | Q88: 72.328603 | R88: 2.6362231 | T88: 1.1048426 | U88: 0.11696639 | W88: 0.81551351 | X88: 0.08235894
A89: Serbia | B89: 9.3212895 | C89: 0.41176693 | E89: 77.249184 | F89: 1.1187795 | H89: 78.0324 | I89: 1.0715674 | K89: 78.591974 | L89: 2.1092164 | N89: 79.18203 | O89: 2.1244236 | Q89: 73.877087 | R89: 6.5391754 | T89: 1.033497 | U89: 0.13470641 | W89: 0.87004073 | X89: 0.11564671
A90: Singapore | B90: 24.818878 | C90: 0.66661225 | E90: 95.073415 | F90: 0.2588909 | H90: 94.825972 | I90: 0.2780723 | K90: 96.460072 | L90: 0.47114985 | N90: 97.228505 | O90: 0.67764146 | Q90: 96.08446 | R90: 0.6158248 | T90: 1.486807 | U90: 0.20389751 | W90: 1.259065 | X90: 0.15939878
A91: Chinese Taipei | B91: 0.70330202 | C91: 0.17353561 | E91: 75.823173 | F91: 0.71366793 | H91: 76.225362 | I91: 0.70264007 | K91: 49.902853 | L91: 15.983634 | N91: m | O91: m | Q91: m | R91: m | T91: 0.31068966 | U91: 0.22246843 | W91: 0.50034722 | X91: 0.36961761
A92: Thailand | B92: 1.0713659 | C92: 0.43149317 | E92: 68.65213 | F92: 1.1871023 | H92: 69.401271 | I92: 1.0977512 | K92: 33.949363 | L92: 6.3234999 | N92: 35.53021 | O92: 9.3866149 | Q92: m | R92: m | T92: 0.22661718 | U92: 0.066277403 | W92: 0.47958392 | X92: 0.16629324
A93: Ukraine | B93: 2.314936 | C93: 0.21824514 | E93: 94.121111 | F93: 0.40427943 | H93: 94.067917 | I93: 0.40857625 | K93: 93.697712 | L93: 1.8804462 | N93: 93.761338 | O93: 2.409689 | Q93: 93.574453 | R93: 3.2859188 | T93: 0.93755313 | U93: 0.33304139 | W93: 0.83533893 | X93: 0.30396394
A94: United Arab Emirates | B94: 55.781255 | C94: 0.78306141 | E94: 79.883155 | F94: 0.62229516 | H94: 74.398833 | I94: 0.6856797 | K94: 86.224738 | L94: 0.58569792 | N94: 85.591286 | O94: 0.73312019 | Q94: 86.670513 | R94: 0.65656478 | T94: 2.1539004 | U94: 0.10296915 | W94: 1.0504989 | X94: 0.05484639
A95: Uruguay | B95: 1.2698267 | C95: 0.18673082 | E95: 55.982018 | F95: 1.0256571 | H95: 56.661764 | I95: 1.009715 | K95: 57.538017 | L95: 6.5871876 | N95: m | O95: m | Q95: 62.237122 | R95: 9.4265118 | T95: 1.0364199 | U95: 0.28944441 | W95: 1.2061719 | X95: 0.42097771
A96: Viet Nam | B96: 0.062539119 | C96: 0.031144342 | E96: 66.786704 | F96: 1.9067542 | H96: 67.041616 | I96: 1.9267744 | K96: m | L96: m | N96: m | O96: m | Q96: m | R96: m | T96: c | U96: c | W96: m | X96: m
A104: *Honk Kong (China), Netherlands, Portugal and United States: Data did not meet the PISA technical standards but were accepted as largely comparable (see Annexes A2 and A4).
A105: Information on data for Cyprus: https://oe.cd/cyprus-disclaimer
A106: 1. The socio-economic profile is measured by the PISA index of economic, social and cultural status (ESCS).
A107: Notes: Information regarding the proportion of the sample covered is shown next to the standard error. No symbol means at least 75% of the population was covered; one dagger (†) means at least 50% but less than 75%; and one double-dagger (‡) means less than 50% was covered. For comparisons across cycles, the coverage information corresponds to the cycle with the lowest sample coverage.
A108: Values that are statistically significant are indicated in bold (see Annex A3).

Sheet Table II.B1.9.6
A1: PISA 2018 Results (Volume II) - © OECD 2019
A2: Annex B1 | B2: Annex B1.9 Results (tables): Immigrant background and students’ performance
A3: Version 2 - Last updated: 02-Dec-2019
A4: Disclaimer: http://oe.cd/disclaimer
A6: Table II.B1.9.6
A7: Percentage of academically resilient immigrant students, by quarter of key indices
A8: Based on students' reports
B11: Percentage of academically resilient immigrant students,1 by national quarter of the following indices | DC11: Percentage of academically resilient immigrant students, amongst students who exhibited or did not exhibit a growth mindset4
B12: Index of parents' emotional support | Q12: Index of teacher support | AF12: Index of teacher enthusiasm2 | AU12: Index of self-efficacy3 | BJ12: Index of disciplinary climate | BY12: Index of student co-operation | CN12: Index of student competition
B13: Bottom quarter | E13: Second quarter | H13: Third quarter | K13: Top quarter | N13: Difference Top - Bottom | Q13: Bottom quarter | T13: Second quarter | W13: Third quarter | Z13: Top quarter | AC13: Difference Top - Bottom | AF13: Bottom quarter | AI13: Second quarter | AL13: Third quarter | AO13: Top quarter | AR13: Difference Top - Bottom | AU13: Bottom quarter | AX13: Second quarter | BA13: Third quarter | BD13: Top quarter | BG13: Difference Top - Bottom | BJ13: Bottom quarter | BM13: Second quarter | BP13: Third quarter | BS13: Top quarter | BV13: Difference Top - Bottom | BY13: Bottom quarter | CB13: Second quarter | CE13: Third quarter | CH13: Top quarter | CK13: Difference Top - Bottom | CN13: Bottom quarter | CQ13: Second quarter | CT13: Third quarter | CW13: Top quarter | CZ13: Difference Top - Bottom | DC13: Students did not exhibit a growth mindset | DF13: Students exhibited a growth mindset | DI13: Difference between students who exhibited a growth mindset and those who did not
B14: % | C14: S.E. | D14: s | E14: % | F14: S.E. | G14: s | H14: % | I14: S.E. | J14: s | K14: % | L14: S.E. | M14: s | N14: % dif. | O14: S.E. | P14: s | Q14: % | R14: S.E. | S14: s | T14: % | U14: S.E. | V14: s | W14: % | X14: S.E. | Y14: s | Z14: % | AA14: S.E. | AB14: s | AC14: % dif. | AD14: S.E. | AE14: s | AF14: % | AG14: S.E. | AH14: s | AI14: % | AJ14: S.E. | AK14: s | AL14: % | AM14: S.E. | AN14: s | AO14: % | AP14: S.E. | AQ14: s | AR14: % dif. | AS14: S.E. | AT14: s | AU14: % | AV14: S.E. | AW14: s | AX14: % | AY14: S.E. | AZ14: s | BA14: % | BB14: S.E. | BC14: s | BD14: % | BE14: S.E. | BF14: s | BG14: % dif. | BH14: S.E. | BI14: s | BJ14: % | BK14: S.E. | BL14: s | BM14: % | BN14: S.E. | BO14: s | BP14: % | BQ14: S.E. | BR14: s | BS14: % | BT14: S.E. | BU14: s | BV14: % dif. | BW14: S.E. | BX14: s | BY14: % | BZ14: S.E. | CA14: s | CB14: % | CC14: S.E. | CD14: s | CE14: % | CF14: S.E. | CG14: s | CH14: % | CI14: S.E. | CJ14: s | CK14: % dif. | CL14: S.E. | CM14: s | CN14: % | CO14: S.E. | CP14: s | CQ14: % | CR14: S.E. | CS14: s | CT14: % | CU14: S.E. | CV14: s | CW14: % | CX14: S.E. | CY14: s | CZ14: % dif. | DA14: S.E. | DB14: s | DC14: % | DD14: S.E. | DE14: s | DF14: % | DG14: S.E. | DH14: s | DI14: % dif. | DJ14: S.E. | DK14: s
A15: OECD
A16: Australia | B16: 26.21669 | C16: 2.1163438 | E16: 28.94592 | F16: 2.1546367 | H16: 31.590874 | I16: 2.6774403 | K16: 34.356697 | L16: 2.4299883 | N16: 8.1400072 | O16: 3.0582186 | Q16: 26.915766 | R16: 2.4498187 | T16: 28.426983 | U16: 2.3279251 | W16: 30.140157 | X16: 2.1020333 | Z16: 31.301932 | AA16: 2.0461391 | AC16: 4.3861656 | AD16: 3.0522357 | AF16: 24.356486 | AG16: 2.5517134 | AI16: 26.246281 | AJ16: 2.3283426 | AL16: 28.000778 | AM16: 2.1237835 | AO16: 37.370502 | AP16: 2.2079199 | AR16: 13.014016 | AS16: 3.250977 | AU16: 31.401316 | AV16: 2.2679376 | AX16: 25.821573 | AY16: 2.0519286 | BA16: 29.134396 | BB16: 2.210315 | BD16: 31.726251 | BE16: 2.3657218 | BG16: 0.32493456 | BH16: 3.0757408 | BJ16: 19.604439 | BK16: 2.2294466 | BM16: 27.628263 | BN16: 2.3253282 | BP16: 29.673799 | BQ16: 1.9065386 | BS16: 36.497056 | BT16: 2.2711806 | BV16: 16.892617 | BW16: 3.1742966 | BY16: 24.407146 | BZ16: 2.2605428 | CB16: 30.228697 | CC16: 2.1982835 | CE16: 31.295618 | CF16: 2.5319226 | CH16: 35.602357 | CI16: 2.4036485 | CK16: 11.195211 | CL16: 2.8503259 | CN16: 25.353085 | CO16: 1.973671 | CQ16: 33.310875 | CR16: 2.1537709 | CT16: 27.784601 | CU16: 2.6750546 | CW16: 34.21977 | CX16: 2.7205439 | CZ16: 8.8666852 | DA16: 3.0909879 | DC16: 15.317662 | DD16: 1.6658182 | DF16: 35.770562 | DG16: 1.6628071 | DI16: 20.4529 | DJ16: 2.0426908
A17: Austria | B17: 10.904822 | C17: 2.4289826 | E17: 13.249446 | F17: 2.6994099 | H17: 15.338801 | I17: 2.5685093 | K17: 11.299119 | L17: 2.5601341 | N17: 0.39429701 | O17: 3.0807503 | Q17: 13.604877 | R17: 2.8888032 | T17: 14.617287 | U17: 2.6355528 | W17: 11.669966 | X17: 2.1780335 | Z17: 7.6646011 | AA17: 1.6572509 | AC17: -5.9402758 | AD17: 3.3540167 | AF17: 11.590263 | AG17: 2.7974671 | AI17: 13.955323 | AJ17: 2.4958691 | AL17: 9.9329717 | AM17: 2.0512025 | AO17: 12.439066 | AP17: 2.5074628 | AR17: 0.84880306 | AS17: 3.7435355 | AU17: 10.280441 | AV17: 2.3454801 | AX17: 12.607039 | AY17: 2.3865607 | BA17: 13.030832 | BB17: 2.2925599 | BD17: 12.270818 | BE17: 2.1427709 | BG17: 1.9903769 | BH17: 3.0546281 | BJ17: 8.4800696 | BK17: 2.1021169 | BM17: 11.095488 | BN17: 2.0853206 | BP17: 14.79325 | BQ17: 2.4015591 | BS17: 12.405579 | BT17: 2.6032971 | BV17: 3.9255092 | BW17: 3.14676 | BY17: 11.058135 | BZ17: 2.5184748 | CB17: 11.705445 | CC17: 2.5590954 | CE17: 17.300841 | CF17: 3.3600527 | CH17: 11.984761 | CI17: 2.4680673 | CK17: 0.92662537 | CL17: 3.4390164 | CN17: 18.715591 | CO17: 3.3671488 | CQ17: 10.960668 | CR17: 2.6143809 | CT17: 14.613961 | CU17: 2.5668546 | CW17: 9.3001989 | CX17: 2.4183264 | CZ17: -9.4153924 | DA17: 4.295543 | DC17: 7.863163 | DD17: 1.4924286 | DF17: 13.552725 | DG17: 1.4750957 | DI17: 5.6895624 | DJ17: 1.6904091
A18: Belgium5 | B18: 12.246322 | C18: 2.1622561 | E18: 15.189689 | F18: 2.7463914 | H18: 14.187092 | I18: 2.8835873 | K18: 12.429297 | L18: 2.2828279 | N18: 0.18297547 | O18: 2.9041791 | Q18: 16.380447 | R18: 2.4939838 | T18: 12.04414 | U18: 1.990902 | W18: 11.555514 | X18: 2.3776513 | Z18: 9.4719049 | AA18: 1.968185 | AC18: -6.908542 | AD18: 3.0169308 | AF18: 10.098022 | AG18: 1.7148477 | AI18: 12.070613 | AJ18: 2.4893825 | AL18: 13.082558 | AM18: 2.2894816 | AO18: 18.281052 | AP18: 2.8001895 | AR18: 8.1830304 | AS18: 3.3586161 | AU18: 10.542859 | AV18: 3.6947939 | AX18: 20.012276 | AY18: 4.6899445 | BA18: 14.547684 | BB18: 3.0701214 | BD18: 11.587702 | BE18: 3.0669322 | BG18: 1.0448428 | BH18: 4.7234697 | BJ18: 10.792427 | BK18: 2.3714414 | BM18: 12.052282 | BN18: 1.9242578 | BP18: 10.184136 | BQ18: 1.8733302 | BS18: 15.813693 | BT18: 2.4006003 | BV18: 5.0212657 | BW18: 3.5729861 | BY18: 10.906725 | BZ18: 1.9382032 | CB18: 14.658 | CC18: 2.5015938 | CE18: 14.76642 | CF18: 2.8553624 | CH18: 17.575004 | CI18: 3.1233372 | CK18: 6.6682788 | CL18: 3.7226572 | CN18: 16.973451 | CO18: 2.8032513 | CQ18: 12.849011 | CR18: 2.406893 | CT18: 13.393833 | CU18: 2.6760577 | CW18: 12.315357 | CX18: 2.3654229 | CZ18: -4.6580943 | DA18: 3.7164103 | DC18: 12.585814 | DD18: 2.9899567 | DF18: 14.501146 | DG18: 2.4052783 | DI18: 1.9153321 | DJ18: 3.789168
A19: Canada | B19: m | C19: m | E19: m | F19: m | H19: m | I19: m | K19: m | L19: m | N19: m | O19: m | Q19: m | R19: m | T19: m | U19: m | W19: m | X19: m | Z19: m | AA19: m | AC19: m | AD19: m | AF19: m | AG19: m | AI19: m | AJ19: m | AL19: m | AM19: m | AO19: m | AP19: m | AR19: m | AS19: m | AU19: 28.345907 | AV19: 2.2973407 | AX19: 22.444184 | AY19: 1.6590531 | BA19: 28.51676 | BB19: 2.2664193 | BD19: 30.273032 | BE19: 1.8442501 | BG19: 1.9271256 | BH19: 2.8170942 | BJ19: 21.746792 | BK19: 1.9106098 | BM19: 24.018903 | BN19: 1.8306817 | BP19: 26.621772 | BQ19: 1.6636066 | BS19: 31.198885 | BT19: 2.1422944 | BV19: 9.4520928 | BW19: 2.9591844 | BY19: m | BZ19: m | CB19: m | CC19: m | CE19: m | CF19: m | CH19: m | CI19: m | CK19: m | CL19: m | CN19: m | CO19: m | CQ19: m | CR19: m | CT19: m | CU19: m | CW19: m | CX19: m | CZ19: m | DA19: m | DC19: 17.748763 | DD19: 1.4896965 | DF19: 31.667992 | DG19: 1.5328198 | DI19: 13.919229 | DJ19: 2.0064102
A20: Chile | B20: 18.693943 | C20: 7.021007 | E20: 14.627839 | F20: 6.5041619 | H20: m | I20: m | K20: 15.134497 | L20: 6.442719 | N20: -3.559445 | O20: 9.7968045 | Q20: 18.195467 | R20: 6.1759878 | T20: 20.079223 | U20: 5.1804245 | W20: 21.852911 | X20: 7.3077453 | Z20: 15.75458 | AA20: 5.5693829 | AC20: -2.4408868 | AD20: 8.1905783 | AF20: 16.196745 | AG20: 6.2809815 | AI20: 8.1714287 | AJ20: 3.6885154 | AL20: 25.027746 | AM20: 6.1476656 | AO20: 28.984933 | AP20: 8.0456872 | AR20: 12.788188 | AS20: 10.293103 | AU20: 12.414696 | AV20: 5.5999931 | AX20: 14.13909 | AY20: 5.3187077 | BA20: 24.53477 | BB20: 6.3239267 | BD20: 23.481539 | BE20: 7.3635952 | BG20: 11.066843 | BH20: 8.5163765 | BJ20: 11.581524 | BK20: 5.6599885 | BM20: 17.674718 | BN20: 5.9050723 | BP20: 21.310923 | BQ20: 6.4648976 | BS20: 25.152335 | BT20: 5.1938904 | BV20: 13.570811 | BW20: 7.5967563 | BY20: 8.2213261 | BZ20: 4.4540679 | CB20: 17.835243 | CC20: 6.4765086 | CE20: m | CF20: m | CH20: 21.519285 | CI20: 6.6240203 | CK20: 13.297959 | CL20: 8.030261 | CN20: 19.717342 | CO20: 6.6888572 | CQ20: 18.202696 | CR20: 6.8174023 | CT20: 13.896918 | CU20: 6.7378849 | CW20: 18.500097 | CX20: 7.5923105 | CZ20: -1.217245 | DA20: 9.8942567 | DC20: 8.2733494 | DD20: 2.9107203 | DF20: 26.639456 | DG20: 4.1443874 | DI20: 18.366106 | DJ20: 4.7441244
A21: Colombia | B21: m | C21: m | E21: m | F21: m | H21: m | I21: m | K21: m | L21: m | N21: m | O21: m | Q21: m | R21: m | T21: m | U21: m | W21: m | X21: m | Z21: m | AA21: m | AC21: m | AD21: m | AF21: m | AG21: m | AI21: m | AJ21: m | AL21: m | AM21: m | AO21: m | AP21: m | AR21: m | AS21: m | AU21: m | AV21: m | AX21: m | AY21: m | BA21: m | BB21: m | BD21: m | BE21: m | BG21: m | BH21: m | BJ21: m | BK21: m | BM21: m | BN21: m | BP21: m | BQ21: m | BS21: m | BT21: m | BV21: m | BW21: m | BY21: m | BZ21: m | CB21: m | CC21: m | CE21: m | CF21: m | CH21: m | CI21: m | CK21: m | CL21: m | CN21: m | CO21: m | CQ21: m | CR21: m | CT21: m | CU21: m | CW21: m | CX21: m | CZ21: m | DA21: m | DC21: m | DD21: m | DF21: m | DG21: m | DI21: m | DJ21: m
A22: Czech Republic | B22: 10.777223 | C22: 3.8759239 | E22: 14.193712 | F22: 7.005578 | H22: 16.336059 | I22: 6.2348082 | K22: 11.388137 | L22: 5.9992994 | N22: 0.61091409 | O22: 6.4658268 | Q22: 13.895092 | R22: 4.8465288 | T22: 17.966346 | U22: 6.4756128 | W22: 12.913332 | X22: 5.6187592 | Z22: 6.6688158 | AA22: 2.6339268 | AC22: -7.226276 | AD22: 5.1904504 | AF22: 9.4350414 | AG22: 4.788024 | AI22: 15.096822 | AJ22: 5.7072162 | AL22: 13.327823 | AM22: 4.7230482 | AO22: 14.547985 | AP22: 6.0683649 | AR22: 5.1129439 | AS22: 8.1818178 | AU22: 8.2615607 | AV22: 3.4714585 | AX22: 15.833754 | AY22: 6.4495697 | BA22: 12.354918 | BB22: 5.9730025 | BD22: 16.475512 | BE22: 6.4104883 | BG22: 8.2139516 | BH22: 6.9328206 | BJ22: 7.2124997 | BK22: 3.2043584 | BM22: 14.435849 | BN22: 6.4355067 | BP22: 13.059872 | BQ22: 5.2459038 | BS22: 18.322245 | BT22: 6.6263761 | BV22: 11.109745 | BW22: 7.0090015 | BY22: 11.853236 | BZ22: 4.2838842 | CB22: 9.5301849 | CC22: 5.3553011 | CE22: 16.154318 | CF22: 5.6727841 | CH22: 14.971956 | CI22: 5.9074552 | CK22: 3.1187198 | CL22: 6.9406842 | CN22: 16.993439 | CO22: 6.380675 | CQ22: 17.530461 | CR22: 6.2840015 | CT22: 6.1380166 | CU22: 3.554709 | CW22: 11.54921 | CX22: 5.7690744 | CZ22: -5.4442294 | DA22: 8.9395721 | DC22: 9.2505794 | DD22: 3.7649831 | DF22: 15.029259 | DG22: 3.4124312 | DI22: 5.7786797 | DJ22: 5.0319464
A23: Denmark | B23: 8.1572083 | C23: 2.4325991 | E23: 10.690811 | F23: 2.7841828 | H23: 13.929789 | I23: 3.899341 | K23: 11.48607 | L23: 2.7229455 | N23: 3.3288616 | O23: 3.5466196 | Q23: 7.690462 | R23: 2.1416171 | T23: 9.6606766 | U23: 2.7319479 | W23: 10.898829 | X23: 2.8445218 | Z23: 10.071781 | AA23: 2.7760325 | AC23: 2.3813193 | AD23: 3.4541857 | AF23: 9.0508256 | AG23: 2.4771181 | AI23: 8.5455706 | AJ23: 2.846689 | AL23: 9.2705704 | AM23: 2.4515864 | AO23: 14.069513 | AP23: 3.5577137 | AR23: 5.0186871 | AS23: 4.736296 | AU23: 9.0987512 | AV23: 2.652061 | AX23: 7.5522746 | AY23: 2.3327586 | BA23: 13.957699 | BB23: 3.4387923 | BD23: 11.816934 | BE23: 2.7324859 | BG23: 2.7181831 | BH23: 3.8293676 | BJ23: 10.032187 | BK23: 2.962341 | BM23: 10.373769 | BN23: 2.5942081 | BP23: 10.246133 | BQ23: 2.6474856 | BS23: 7.1280991 | BT23: 2.0040297 | BV23: -2.9040877 | BW23: 3.7088574 | BY23: 8.6825591 | BZ23: 2.3121242 | CB23: 11.781725 | CC23: 4.0721201 | CE23: 11.114892 | CF23: 2.8407824 | CH23: 12.301014 | CI23: 3.1760749 | CK23: 3.6184553 | CL23: 3.5278051 | CN23: 11.179726 | CO23: 2.8976813 | CQ23: 15.468223 | CR23: 4.2556186 | CT23: 11.170851 | CU23: 2.9272171 | CW23: 5.5269135 | CX23: 2.3325015 | CZ23: -5.652812 | DA23: 4.2071379 | DC23: 4.0466087 | DD23: 1.601353 | DF23: 13.862638 | DG23: 1.9638692 | DI23: 9.8160289 | DJ23: 2.5728016
A24: Estonia | B24: 9.9790115 | C24: 2.468372 | E24: 11.710132 | F24: 3.1197422 | H24: 17.596804 | I24: 4.0681088 | K24: 21.351553 | L24: 5.3714927 | N24: 11.372542 | O24: 6.4960888 | Q24: 9.1791727 | R24: 2.6730334 | T24: 14.903158 | U24: 3.6679212 | W24: 17.042866 | X24: 3.8963372 | Z24: 14.734669 | AA24: 3.7766793 | AC24: 5.5554959 | AD24: 4.7094521 | AF24: 11.12551 | AG24: 2.8665167 | AI24: 15.068048 | AJ24: 3.2334901 | AL24: 10.953129 | AM24: 3.2763091 | AO24: 18.516153 | AP24: 4.3132803 | AR24: 7.3906429 | AS24: 5.0869333 | AU24: 11.095402 | AV24: 2.6888819 | AX24: 14.176774 | AY24: 3.8295897 | BA24: 13.943829 | BB24: 3.4300478 | BD24: 18.444869 | BE24: 3.8957048 | BG24: 7.3494673 | BH24: 4.9484623 | BJ24: 7.9966592 | BK24: 2.4480183 | BM24: 11.146768 | BN24: 3.4425867 | BP24: 15.516 | BQ24: 3.5966062 | BS24: 18.6411 | BT24: 3.3106462 | BV24: 10.644441 | BW24: 4.1126388 | BY24: 8.4383769 | BZ24: 2.7474715 | CB24: 9.9858013 | CC24: 2.7824317 | CE24: 21.90776 | CF24: 4.8063894 | CH24: 20.916579 | CI24: 4.3091148 | CK24: 12.478202 | CL24: 5.5092548 | CN24: 17.281242 | CO24: 4.0882292 | CQ24: 14.371216 | CR24: 3.7314764 | CT24: 16.494889 | CU24: 3.5133118 | CW24: 9.9891138 | CX24: 3.1330743 | CZ24: -7.2921285 | DA24: 5.7166098 | DC24: 10.808243 | DD24: 3.67737 | DF24: 14.903022 | DG24: 1.8860472 | DI24: 4.0947785 | DJ24: 4.3634263
A25: Finland | B25: 10.544976 | C25: 4.6907561 | E25: 9.3583066 | F25: 4.0926406 | H25: 7.0201322 | I25: 3.3959841 | K25: 9.6325258 | L25: 4.2101499 | N25: -0.91244977 | O25: 6.3709961 | Q25: 6.8539549 | R25: 2.9179177 | T25: 14.277498 | U25: 5.3468301 | W25: 3.9407054 | X25: 2.4889238 | Z25: 7.6907449 | AA25: 3.5008783 | AC25: 0.83679004 | AD25: 4.6583638 | AF25: 6.6679707 | AG25: 3.3229767 | AI25: 14.39697 | AJ25: 6.1821181 | AL25: 4.83932 | AM25: 2.5389497 | AO25: 8.0912922 | AP25: 3.0461153 | AR25: 1.4233214 | AS25: 4.451033 | AU25: 11.790138 | AV25: 5.179599 | AX25: 4.4398981 | AY25: 3.0373943 | BA25: 8.5659716 | BB25: 4.2638175 | BD25: 9.6473128 | BE25: 3.4296381 | BG25: -2.1428256 | BH25: 6.1990802 | BJ25: 9.0892663 | BK25: 3.7336165 | BM25: 6.0522817 | BN25: 2.7654033 | BP25: 10.060181 | BQ25: 5.568127 | BS25: 7.6653578 | BT25: 3.2552186 | BV25: -1.4239085 | BW25: 5.1419435 | BY25: 4.6936739 | BZ25: 2.6699396 | CB25: 11.272439 | CC25: 6.1182273 | CE25: 9.6792958 | CF25: 4.4277555 | CH25: 13.649779 | CI25: 4.5364411 | CK25: 8.9561047 | CL25: 5.4799582 | CN25: 13.342484 | CO25: 5.0501708 | CQ25: 9.2677475 | CR25: 4.0437871 | CT25: 4.5065776 | CU25: 2.8682012 | CW25: 8.2122288 | CX25: 3.5258446 | CZ25: -5.1302548 | DA25: 6.1690287 | DC25: 2.1105494 | DD25: 1.7538434 | DF25: 12.280112 | DG25: 2.9858458 | DI25: 10.169563 | DJ25: 3.5786454
A26: France | B26: 12.908911 | C26: 3.5219693 | E26: 19.64712 | F26: 3.7000106 | H26: 16.081087 | I26: 3.2471918 | K26: 14.017272 | L26: 3.3778327 | N26: 1.1083616 | O26: 3.9389704 | Q26: 13.073153 | R26: 2.9659976 | T26: 17.42952 | U26: 3.6828096 | W26: 13.014382 | X26: 3.0655241 | Z26: 11.936548 | AA26: 2.3981548 | AC26: -1.1366048 | AD26: 3.7602782 | AF26: 10.799572 | AG26: 2.9246081 | AI26: 15.434408 | AJ26: 3.0781433 | AL26: 9.9506624 | AM26: 2.7753902 | AO26: 19.178644 | AP26: 3.4551849 | AR26: 8.3790723 | AS26: 3.9640405 | AU26: 13.168406 | AV26: 3.4210775 | AX26: 18.647138 | AY26: 4.1295642 | BA26: 12.274223 | BB26: 3.0604211 | BD26: 16.230629 | BE26: 2.7385167 | BG26: 3.0622231 | BH26: 3.7970387 | BJ26: 8.5424521 | BK26: 2.7852525 | BM26: 14.487552 | BN26: 3.0206705 | BP26: 14.188943 | BQ26: 2.8304171 | BS26: 17.742246 | BT26: 3.7500285 | BV26: 9.1997938 | BW26: 4.7137878 | BY26: 14.944432 | BZ26: 3.5320198 | CB26: 19.825674 | CC26: 4.1411096 | CE26: 17.235086 | CF26: 4.3736953 | CH26: 18.219197 | CI26: 3.8485423 | CK26: 3.2747648 | CL26: 4.6177718 | CN26: 20.414067 | CO26: 4.1150954 | CQ26: 13.860938 | CR26: 3.2771392 | CT26: 16.443919 | CU26: 4.5528206 | CW26: 17.024344 | CX26: 3.5431313 | CZ26: -3.3897226 | DA26: 5.1776164 | DC26: 9.4243917 | DD26: 2.0209637 | DF26: 18.975036 | DG26: 2.7039214 | DI26: 9.5506441 | DJ26: 3.0124406
A27: Germany | B27: 15.97647 | C27: 3.3322546 | E27: 19.900663 | F27: 4.0213839 | H27: 22.423409 | I27: 4.0095295 | K27: 20.128198 | L27: 3.7843902 | N27: 4.1517273 | O27: 4.7320592 | Q27: 16.562903 | R27: 3.2249461 | T27: 20.436769 | U27: 3.8094935 | W27: 18.740869 | X27: 2.8940524 | Z27: 11.72949 | AA27: 2.3191031 | AC27: -4.8334136 | AD27: 3.5971826 | AF27: 11.043841 | AG27: 2.6310435 | AI27: 16.870508 | AJ27: 3.2048625 | AL27: 17.828183 | AM27: 2.8132603 | AO27: 21.777332 | AP27: 3.5928872 | AR27: 10.733491 | AS27: 3.7154014 | AU27: 14.490074 | AV27: 3.1003234 | AX27: 18.862985 | AY27: 3.4845921 | BA27: 15.469011 | BB27: 3.4797162 | BD27: 25.3407 | BE27: 4.0262208 | BG27: 10.850626 | BH27: 3.9746487 | BJ27: 11.632156 | BK27: 2.3816503 | BM27: 14.584163 | BN27: 2.7546338 | BP27: 15.852056 | BQ27: 2.4172555 | BS27: 23.935265 | BT27: 4.7907377 | BV27: 12.30311 | BW27: 5.5805676 | BY27: 20.300635 | BZ27: 4.3790168 | CB27: 20.233663 | CC27: 4.2356426 | CE27: 23.035052 | CF27: 5.4395935 | CH27: 22.385685 | CI27: 4.7680498 | CK27: 2.08505 | CL27: 5.8016407 | CN27: 25.609335 | CO27: 5.5114709 | CQ27: 24.615646 | CR27: 5.0115764 | CT27: 18.317256 | CU27: 4.2185036 | CW27: 14.547841 | CX27: 2.8943559 | CZ27: -11.061494 | DA27: 6.4146678 | DC27: 13.727752 | DD27: 2.6223126 | DF27: 19.385913 | DG27: 2.1978143 | DI27: 5.6581612 | DJ27: 2.887391
A28: Greece | B28: 9.9910191 | C28: 2.3445392 | E28: 7.9671577 | F28: 2.4230605 | H28: 18.235044 | I28: 4.8194803 | K28: 23.039186 | L28: 4.5764201 | N28: 13.048167 | O28: 4.5341363 | Q28: 9.5354102 | R28: 3.0455804 | T28: 11.5409 | U28: 2.8209676 | W28: 13.657796 | X28: 2.9907696 | Z28: 14.296207 | AA28: 3.4130743 | AC28: 4.7607965 | AD28: 4.3322143 | AF28: 9.7235107 | AG28: 3.4492826 | AI28: 10.01928 | AJ28: 2.4185272 | AL28: 12.524327 | AM28: 2.6374146 | AO28: 17.169945 | AP28: 3.6626351 | AR28: 7.4464343 | AS28: 4.563083 | AU28: 11.02709 | AV28: 2.8928406 | AX28: 11.341162 | AY28: 2.8845905 | BA28: 11.33205 | BB28: 2.7740154 | BD28: 17.57885 | BE28: 3.8775135 | BG28: 6.5517606 | BH28: 4.5943937 | BJ28: 8.7835372 | BK28: 2.4178532 | BM28: 11.488356 | BN28: 2.3988462 | BP28: 10.56897 | BQ28: 2.5479099 | BS28: 19.816488 | BT28: 4.623261 | BV28: 11.032951 | BW28: 5.1938497 | BY28: 16.39685 | BZ28: 3.3851595 | CB28: 7.7044208 | CC28: 2.748012 | CE28: 13.86692 | CF28: 3.2893505 | CH28: 17.61227 | CI28: 4.3903576 | CK28: 1.2154205 | CL28: 4.9465123 | CN28: 10.97832 | CO28: 2.7314829 | CQ28: 15.601111 | CR28: 3.9240644 | CT28: 14.872574 | CU28: 3.8431515 | CW28: 13.998539 | CX28: 3.6853489 | CZ28: 3.0202187 | DA28: 4.473047 | DC28: 10.327106 | DD28: 2.2130697 | DF28: 15.236933 | DG28: 2.395666 | DI28: 4.9098267 | DJ28: 2.8635759
A29: Hungary | B29: m | C29: m | E29: m | F29: m | H29: 32.9359 | I29: 9.9363035 | K29: 40.883969 | L29: 11.568982 | N29: m | O29: m | Q29: 44.438503 | R29: 10.140505 | T29: m | U29: m | W29: 32.087892 | X29: 11.226081 | Z29: 31.884058 | AA29: 10.228754 | AC29: -12.554445 | AD29: 14.922548 | AF29: 20.388974 | AG29: 8.6442261 | AI29: m | AJ29: m | AL29: m | AM29: m | AO29: 46.654661 | AP29: 10.881447 | AR29: 26.265687 | AS29: 13.613317 | AU29: m | AV29: m | AX29: m | AY29: m | BA29: 43.099605 | BB29: 10.238151 | BD29: 31.408051 | BE29: 9.8962966 | BG29: m | BH29: m | BJ29: m | BK29: m | BM29: m | BN29: m | BP29: 34.988578 | BQ29: 11.110566 | BS29: 35.791647 | BT29: 9.8145951 | BV29: m | BW29: m | BY29: m | BZ29: m | CB29: m | CC29: m | CE29: m | CF29: m | CH29: m | CI29: m | CK29: m | CL29: m | CN29: m | CO29: m | CQ29: m | CR29: m | CT29: 35.254502 | CU29: 10.304468 | CW29: m | CX29: m | CZ29: m | DA29: m | DC29: 21.753241 | DD29: 7.9138904 | DF29: 37.877774 | DG29: 7.0248188 | DI29: 16.124533 | DJ29: 10.497693
A30: Iceland | B30: 5.3594926 | C30: 3.5577445 | E30: 6.1277415 | F30: 4.4989069 | H30: m | I30: m | K30: m | L30: m | N30: m | O30: m | Q30: 5.7120732 | R30: 4.0548381 | T30: 8.3766919 | U30: 6.0699771 | W30: 8.6225837 | X30: 4.7559481 | Z30: 6.5215652 | AA30: 5.9954223 | AC30: 0.80949199 | AD30: 7.5223017 | AF30: 7.1352057 | AG30: 4.1222436 | AI30: 6.7601084 | AJ30: 4.2692031 | AL30: 6.3481993 | AM30: 4.5323934 | AO30: m | AP30: m | AR30: m | AS30: m | AU30: 10.800623 | AV30: 5.1226941 | AX30: 7.7541647 | AY30: 4.9433939 | BA30: 2.8366677 | BB30: 3.3881306 | BD30: m | BE30: m | BG30: m | BH30: m | BJ30: 5.4024316 | BK30: 3.7534044 | BM30: 3.307456 | BN30: 3.2439058 | BP30: 6.606216 | BQ30: 4.8619237 | BS30: 13.559326 | BT30: 7.6482256 | BV30: 8.1568945 | BW30: 8.4985265 | BY30: 3.6427956 | BZ30: 3.3530915 | CB30: 5.2746136 | CC30: 4.9987348 | CE30: 16.815402 | CF30: 8.6270576 | CH30: m | CI30: m | CK30: m | CL30: m | CN30: 5.7863765 | CO30: 4.9355899 | CQ30: 12.016681 | CR30: 7.0356405 | CT30: 7.8934641 | CU30: 5.8037874 | CW30: m | CX30: m | CZ30: m | DA30: m | DC30: 0.31314676 | DD30: 0.98586366 | DF30: 11.627033 | DG30: 4.3245295 | DI30: 11.313887 | DJ30: 4.539555
A31: Ireland | B31: 19.462987 | C31: 2.7551059 | E31: 22.977648 | F31: 2.938404 | H31: 25.713962 | I31: 3.6203056 | K31: 27.916634 | L31: 4.0578373 | N31: 8.4536472 | O31: 5.0431179 | Q31: 19.789767 | R31: 2.8896679 | T31: 21.705091 | U31: 3.0212628 | W31: 25.689457 | X31: 3.4742427 | Z31: 19.190405 | AA31: 2.9276353 | AC31: -0.59936183 | AD31: 4.0520365 | AF31: 20.12064 | AG31: 2.8199989 | AI31: 22.201051 | AJ31: 3.3399709 | AL31: 18.703968 | AM31: 3.1246907 | AO31: 25.279748 | AP31: 3.3868774 | AR31: 5.1591084 | AS31: 4.2017398 | AU31: 22.970766 | AV31: 3.4456786 | AX31: 17.465553 | AY31: 3.0416832 | BA31: 23.15068 | BB31: 3.3163712 | BD31: 25.692203 | BE31: 3.0055184 | BG31: 2.721437 | BH31: 4.7810888 | BJ31: 15.721815 | BK31: 2.602878 | BM31: 23.665658 | BN31: 2.837375 | BP31: 23.290534 | BQ31: 2.906853 | BS31: 23.172237 | BT31: 3.2692374 | BV31: 7.4504219 | BW31: 3.9120463 | BY31: 22.790757 | BZ31: 3.7179344 | CB31: 23.20451 | CC31: 3.6244759 | CE31: 27.709759 | CF31: 3.56661 | CH31: 21.662454 | CI31: 3.4089662 | CK31: -1.1283027 | CL31: 5.3196813 | CN31: 23.110661 | CO31: 3.122943 | CQ31: 24.913296 | CR31: 3.7092452 | CT31: 23.76171 | CU31: 3.7868663 | CW31: 23.261829 | CX31: 3.383227 | CZ31: 0.15116732 | DA31: 4.7765588 | DC31: 14.817953 | DD31: 2.62527 | DF31: 24.571739 | DG31: 1.9857665 | DI31: 9.7537869 | DJ31: 3.4194808
A32: Israel | B32: m | C32: m | E32: m | F32: m | H32: m | I32: m | K32: m | L32: m | N32: m | O32: m | Q32: 25.774663 | R32: 3.8638 | T32: 26.036457 | U32: 3.2908457 | W32: 25.063511 | X32: 3.6826702 | Z32: 20.85881 | AA32: 3.5573842 | AC32: -4.9158536 | AD32: 4.9360722 | AF32: 22.260125 | AG32: 2.9384688 | AI32: 25.499306 | AJ32: 3.4294854 | AL32: 23.617186 | AM32: 3.4551869 | AO32: 29.364831 | AP32: 4.5575556 | AR32: 7.1047061 | AS32: 5.4261514 | AU32: 16.540317 | AV32: 2.3979378 | AX32: 27.9002 | AY32: 3.5437061 | BA32: 29.786879 | BB32: 3.414375 | BD32: 34.357304 | BE32: 4.1480517 | BG32: 17.816987 | BH32: 4.4604886 | BJ32: 18.853896 | BK32: 3.091952 | BM32: 22.157736 | BN32: 3.1900038 | BP32: 29.100679 | BQ32: 4.0477197 | BS32: 30.113194 | BT32: 4.3822694 | BV32: 11.259298 | BW32: 5.3782361 | BY32: 24.752794 | BZ32: 2.905946 | CB32: 26.588261 | CC32: 3.350493 | CE32: 28.898813 | CF32: 3.9236193 | CH32: 29.406374 | CI32: 4.6921937 | CK32: 4.6535796 | CL32: 5.2404148 | CN32: 28.467208 | CO32: 3.6102086 | CQ32: 23.57428 | CR32: 2.9676872 | CT32: 28.671572 | CU32: 3.6365602 | CW32: 26.946068 | CX32: 3.9282618 | CZ32: -1.5211399 | DA32: 5.2457816 | DC32: 19.819349 | DD32: 3.0150169 | DF32: 29.330379 | DG32: 2.0776549 | DI32: 9.5110291 | DJ32: 3.3558316
A33: Italy | B33: 10.505595 | C33: 2.4321894 | E33: 17.777301 | F33: 5.3437023 | H33: 20.678823 | I33: 3.7748722 | K33: 19.50272 | L33: 5.4914924 | N33: 8.9971248 | O33: 6.1982931 | Q33: 13.569291 | R33: 2.9872538 | T33: 10.838956 | U33: 3.0070376 | W33: 15.939399 | X33: 4.3506589 | Z33: 16.767993 | AA33: 3.8662591 | AC33: 3.198702 | AD33: 5.0431866 | AF33: 12.268263 | AG33: 2.8357021 | AI33: 12.608009 | AJ33: 3.6456266 | AL33: 13.618697 | AM33: 3.5558655 | AO33: 20.479721 | AP33: 4.9740791 | AR33: 8.2114585 | AS33: 5.7633009 | AU33: 10.616482 | AV33: 2.83075 | AX33: 15.919723 | AY33: 3.7373535 | BA33: 17.547677 | BB33: 4.0515878 | BD33: 16.66456 | BE33: 3.9222575 | BG33: 6.0480772 | BH33: 5.1603168 | BJ33: 7.5848539 | BK33: 2.2748693 | BM33: 10.865522 | BN33: 3.0024288 | BP33: 18.08403 | BQ33: 3.8681545 | BS33: 24.145721 | BT33: 4.6203867 | BV33: 16.560867 | BW33: 5.2360481 | BY33: 10.393849 | BZ33: 3.5428598 | CB33: 16.962589 | CC33: 3.8044399 | CE33: 21.203138 | CF33: 5.61438 | CH33: 16.415287 | CI33: 4.2638912 | CK33: 6.0214384 | CL33: 6.0332528 | CN33: 21.369796 | CO33: 5.2758355 | CQ33: 17.186094 | CR33: 4.5097682 | CT33: 14.515939 | CU33: 3.403283 | CW33: 13.280167 | CX33: 3.761473 | CZ33: -8.0896289 | DA33: 6.9315245 | DC33: 10.525358 | DD33: 2.1998971 | DF33: 17.311479 | DG33: 2.372507 | DI33: 6.7861208 | DJ33: 3.3425516
A34: Japan | B34: w | C34: w | E34: w | F34: w | H34: w | I34: w | K34: w | L34: w | N34: w | O34: w | Q34: w | R34: w | T34: w | U34: w | W34: w | X34: w | Z34: w | AA34: w | AC34: w | AD34: w | AF34: w | AG34: w | AI34: w | AJ34: w | AL34: w | AM34: w | AO34: w | AP34: w | AR34: w | AS34: w | AU34: w | AV34: w | AX34: w | AY34: w | BA34: w | BB34: w | BD34: w | BE34: w | BG34: w | BH34: w | BJ34: w | BK34: w | BM34: w | BN34: w | BP34: w | BQ34: w | BS34: w | BT34: w | BV34: w | BW34: w | BY34: w | BZ34: w | CB34: w | CC34: w | CE34: w | CF34: w | CH34: w | CI34: w | CK34: w | CL34: w | CN34: w | CO34: w | CQ34: w | CR34: w | CT34: w | CU34: w | CW34: w | CX34: w | CZ34: w | DA34: w | DC34: w | DD34: w | DF34: w | DG34: w | DI34: w | DJ34: w
A35: Korea | B35: m | C35: m | E35: m | F35: m | H35: m | I35: m | K35: m | L35: m | N35: m | O35: m | Q35: m | R35: m | T35: m | U35: m | W35: m | X35: m | Z35: m | AA35: m | AC35: m | AD35: m | AF35: m | AG35: m | AI35: m | AJ35: m | AL35: m | AM35: m | AO35: m | AP35: m | AR35: m | AS35: m | AU35: m | AV35: m | AX35: m | AY35: m | BA35: m | BB35: m | BD35: m | BE35: m | BG35: m | BH35: m | BJ35: m | BK35: m | BM35: m | BN35: m | BP35: m | BQ35: m | BS35: m | BT35: m | BV35: m | BW35: m | BY35: m | BZ35: m | CB35: m | CC35: m | CE35: m | CF35: m | CH35: m | CI35: m | CK35: m | CL35: m | CN35: m | CO35: m | CQ35: m | CR35: m | CT35: m | CU35: m | CW35: m | CX35: m | CZ35: m | DA35: m | DC35: m | DD35: m | DF35: m | DG35: m | DI35: m | DJ35: m
A36: Latvia | B36: 19.96854 | C36: 6.8794155 | E36: 27.248751 | F36: 6.7833755 | H36: 43.965967 | I36: 8.5382329 | K36: 29.363984 | L36: 7.3678511 | N36: 9.3954437 | O36: 10.701901 | Q36: 29.824705 | R36: 7.0963063 | T36: 20.218899 | U36: 6.3029348 | W36: 24.489191 | X36: 6.3666983 | Z36: 36.015437 | AA36: 8.1949125 | AC36: 6.1907324 | AD36: 10.510615 | AF36: 17.283216 | AG36: 5.1302349 | AI36: 34.436789 | AJ36: 8.0322202 | AL36: 26.444749 | AM36: 8.0343662 | AO36: 33.23509 | AP36: 7.5292642 | AR36: 15.951874 | AS36: 9.3926346 | AU36: 24.020975 | AV36: 7.3795889 | AX36: 24.240014 | AY36: 6.7912941 | BA36: 25.905238 | BB36: 6.9734067 | BD36: 36.919194 | BE36: 8.0349404 | BG36: 12.898219 | BH36: 11.247686 | BJ36: 25.207183 | BK36: 8.1626597 | BM36: 23.769383 | BN36: 6.6134747 | BP36: 22.873587 | BQ36: 7.9013168 | BS36: 33.541442 | BT36: 6.0359501 | BV36: 8.3342592 | BW36: 9.9525389 | BY36: 26.949774 | BZ36: 5.7533386 | CB36: 22.276362 | CC36: 7.8527183 | CE36: 26.427245 | CF36: 7.9523811 | CH36: 35.2835 | CI36: 7.0333872 | CK36: 8.3337258 | CL36: 8.6263488 | CN36: 30.704237 | CO36: 6.2618288 | CQ36: 28.552546 | CR36: 7.6993068 | CT36: 24.510658 | CU36: 6.6629495 | CW36: 33.238337 | CX36: 9.4412874 | CZ36: 2.5340994 | DA36: 10.118008 | DC36: 11.865746 | DD36: 5.8942289 | DF36: 33.421589 | DG36: 4.4674024 | DI36: 21.555843 | DJ36: 6.9614658
A37: Lithuania | B37: 13.029991 | C37: 7.009741 | E37: 27.201389 | F37: 10.189455 | H37: m | I37: m | K37: m | L37: m | N37: m | O37: m | Q37: 12.507157 | R37: 5.8455236 | T37: 25.505734 | U37: 8.4572998 | W37: 20.679621 | X37: 8.1741638 | Z37: m | AA37: m | AC37: m | AD37: m | AF37: 22.94507 | AG37: 8.2327561 | AI37: 13.807751 | AJ37: 6.8074963 | AL37: 21.872806 | AM37: 6.6897771 | AO37: m | AP37: m | AR37: m | AS37: m | AU37: 11.633312 | AV37: 4.7769556 | AX37: 9.4763979 | AY37: 7.1454472 | BA37: m | BB37: m | BD37: m | BE37: m | BG37: m | BH37: m | BJ37: 13.694222 | BK37: 7.5971413 | BM37: 11.686472 | BN37: 7.0910358 | BP37: 29.904108 | BQ37: 9.0933822 | BS37: 29.924598 | BT37: 9.5481886 | BV37: 16.230376 | BW37: 11.968301 | BY37: 7.9028023 | BZ37: 4.1143965 | CB37: m | CC37: m | CE37: m | CF37: m | CH37: m | CI37: m | CK37: m | CL37: m | CN37: 22.978235 | CO37: 7.3924538 | CQ37: 18.992551 | CR37: 9.5044024 | CT37: m | CU37: m | CW37: m | CX37: m | CZ37: m | DA37: m | DC37: m | DD37: m | DF37: 19.760308 | DG37: 4.8347514 | DI37: m | DJ37: m
A38: Luxembourg | B38: 18.336858 | C38: 1.5792291 | E38: 20.077005 | F38: 1.6323659 | H38: 29.732372 | I38: 1.9742962 | K38: 25.8994 | L38: 2.0842518 | N38: 7.5625423 | O38: 2.8453706 | Q38: 19.802487 | R38: 1.7590516 | T38: 22.348485 | U38: 1.9989029 | W38: 23.992284 | X38: 1.6213346 | Z38: 22.650068 | AA38: 1.5183899 | AC38: 2.8475811 | AD38: 2.4819454 | AF38: 15.520432 | AG38: 1.5184113 | AI38: 18.17964 | AJ38: 1.6266219 | AL38: 22.199522 | AM38: 1.92837 | AO38: 33.611531 | AP38: 1.9746673 | AR38: 18.091099 | AS38: 2.7028976 | AU38: 17.760474 | AV38: 1.5322872 | AX38: 22.282707 | AY38: 1.8562892 | BA38: 22.962846 | BB38: 1.7796856 | BD38: 29.303194 | BE38: 1.5690645 | BG38: 11.54272 | BH38: 2.2457288 | BJ38: 14.368223 | BK38: 1.4489703 | BM38: 19.932607 | BN38: 1.5402697 | BP38: 25.267504 | BQ38: 1.8033126 | BS38: 29.974732 | BT38: 1.8067269 | BV38: 15.606509 | BW38: 2.3004873 | BY38: 19.811371 | BZ38: 1.6395571 | CB38: 22.827214 | CC38: 1.707505 | CE38: 25.787128 | CF38: 2.2420953 | CH38: 28.412361 | CI38: 1.9443206 | CK38: 8.6009906 | CL38: 2.7808725 | CN38: 23.438596 | CO38: 1.7233072 | CQ38: 25.024151 | CR38: 1.9511679 | CT38: 22.843681 | CU38: 2.0536498 | CW38: 23.169171 | CX38: 1.7514303 | CZ38: -0.26942515 | DA38: 2.3738731 | DC38: 16.617589 | DD38: 1.2601189 | DF38: 27.182602 | DG38: 1.1253293 | DI38: 10.565013 | DJ38: 1.8144606
A39: Mexico | B39: m | C39: m | E39: m | F39: m | H39: m | I39: m | K39: m | L39: m | N39: m | O39: m | Q39: m | R39: m | T39: m | U39: m | W39: m | X39: m | Z39: m | AA39: m | AC39: m | AD39: m | AF39: m | AG39: m | AI39: m | AJ39: m | AL39: m | AM39: m | AO39: m | AP39: m | AR39: m | AS39: m | AU39: m | AV39: m | AX39: m | AY39: m | BA39: m | BB39: m | BD39: m | BE39: m | BG39: m | BH39: m | BJ39: m | BK39: m | BM39: m | BN39: m | BP39: m | BQ39: m | BS39: m | BT39: m | BV39: m | BW39: m | BY39: m | BZ39: m | CB39: m | CC39: m | CE39: m | CF39: m | CH39: m | CI39: m | CK39: m | CL39: m | CN39: m | CO39: m | CQ39: m | CR39: m | CT39: m | CU39: m | CW39: m | CX39: m | CZ39: m | DA39: m | DC39: 5.0086425 | DD39: 3.2608781 | DF39: m | DG39: m | DI39: m | DJ39: m
A40: Netherlands* | B40: 10.676025 | C40: 3.8992777 | E40: 16.82661 | F40: 5.1419345 | H40: 13.938171 | I40: 4.6849629 | K40: 9.4162428 | L40: 3.1997642 | N40: -1.2597822 | O40: 5.1513896 | Q40: 7.0184208 | R40: 2.4960832 | T40: 9.9285211 | U40: 3.0117828 | W40: 10.927116 | X40: 3.6976131 | Z40: 8.766395 | AA40: 2.9341325 | AC40: 1.7479741 | AD40: 4.2442552 | AF40: 8.819047 | AG40: 3.523314 | AI40: 12.046285 | AJ40: 4.3161281 | AL40: 12.420137 | AM40: 4.669035 | AO40: 16.759809 | AP40: 4.1820782 | AR40: 7.940762 | AS40: 5.4247148 | AU40: 12.48625 | AV40: 4.6352281 | AX40: 17.248727 | AY40: 4.9269993 | BA40: 11.124878 | BB40: 4.770967 | BD40: 10.075897 | BE40: 3.073382 | BG40: -2.410353 | BH40: 6.2990609 | BJ40: 7.5964958 | BK40: 2.7113712 | BM40: 6.9743159 | BN40: 2.3970501 | BP40: 7.7620525 | BQ40: 2.8465347 | BS40: 13.217399 | BT40: 4.0853554 | BV40: 5.6209035 | BW40: 4.79173 | BY40: 11.150607 | BZ40: 3.0619438 | CB40: 15.683685 | CC40: 4.9958319 | CE40: 12.250933 | CF40: 4.8378533 | CH40: 10.071641 | CI40: 3.9086108 | CK40: -1.078966 | CL40: 4.7975228 | CN40: 18.263623 | CO40: 6.30336 | CQ40: 10.980549 | CR40: 3.751432 | CT40: 12.564675 | CU40: 5.1557661 | CW40: 8.7553231 | CX40: 3.9647667 | CZ40: -9.5082994 | DA40: 7.4362178 | DC40: 7.2326804 | DD40: 3.0332529 | DF40: 16.025484 | DG40: 3.1003055 | DI40: 8.7928036 | DJ40: 4.4159714
A41: New Zealand | B41: 22.612165 | C41: 2.4411689 | E41: 31.416232 | F41: 2.8847058 | H41: 34.107083 | I41: 2.8482666 | K41: 25.52215 | L41: 2.9256412 | N41: 2.9099847 | O41: 3.5995922 | Q41: 26.278702 | R41: 2.5104755 | T41: 27.287034 | U41: 2.7665439 | W41: 30.454194 | X41: 2.8532277 | Z41: 22.014215 | AA41: 2.8655856 | AC41: -4.2644875 | AD41: 3.6609911 | AF41: 23.407467 | AG41: 2.8401191 | AI41: 24.665644 | AJ41: 2.6589129 | AL41: 25.51049 | AM41: 2.503538 | AO41: 32.648584 | AP41: 2.7235546 | AR41: 9.2411174 | AS41: 4.2771543 | AU41: 23.959051 | AV41: 2.6440468 | AX41: 29.431209 | AY41: 2.7166335 | BA41: 23.752847 | BB41: 2.4308004 | BD41: 30.948605 | BE41: 2.8663087 | BG41: 6.9895544 | BH41: 4.1385823 | BJ41: 19.759769 | BK41: 2.7882399 | BM41: 26.05804 | BN41: 2.6297034 | BP41: 24.282139 | BQ41: 2.7542144 | BS41: 34.267498 | BT41: 2.7407612 | BV41: 14.507729 | BW41: 3.9557647 | BY41: 30.071855 | BZ41: 2.934872 | CB41: 25.808075 | CC41: 2.9186692 | CE41: 31.448646 | CF41: 3.3016568 | CH41: 28.67049 | CI41: 2.8982269 | CK41: -1.4013651 | CL41: 3.8607799 | CN41: 25.87381 | CO41: 2.6993589 | CQ41: 33.319108 | CR41: 3.0928199 | CT41: 23.669095 | CU41: 3.0802964 | CW41: 31.300496 | CX41: 3.294535 | CZ41: 5.4266858 | DA41: 4.1791421 | DC41: 11.688738 | DD41: 1.5424114 | DF41: 35.220514 | DG41: 1.6818337 | DI41: 23.531776 | DJ41: 2.1991912
A42: Norway | B42: 13.313672 | C42: 2.406227 | E42: 14.7732 | F42: 3.2487523 | H42: 15.480487 | I42: 4.1544934 | K42: 15.699254 | L42: 3.3389767 | N42: 2.3855827 | O42: 4.3049736 | Q42: 8.1551328 | R42: 2.5302952 | T42: 15.284271 | U42: 2.8246744 | W42: 18.996611 | X42: 3.8189814 | Z42: 15.906053 | AA42: 3.3752712 | AC42: 7.7509206 | AD42: 4.0611033 | AF42: 10.391712 | AG42: 2.4211174 | AI42: 13.404817 | AJ42: 3.0365436 | AL42: 13.437902 | AM42: 2.5313731 | AO42: 22.934408 | AP42: 4.5026647 | AR42: 12.542696 | AS42: 5.0169576 | AU42: m | AV42: m | AX42: m | AY42: m | BA42: m | BB42: m | BD42: m | BE42: m | BG42: m | BH42: m | BJ42: 11.222959 | BK42: 2.7838804 | BM42: 16.232026 | BN42: 3.0310482 | BP42: 11.535212 | BQ42: 3.2123945 | BS42: 16.762933 | BT42: 3.2290214 | BV42: 5.5399741 | BW42: 4.2576714 | BY42: 12.566085 | BZ42: 3.009539 | CB42: 16.683382 | CC42: 3.2880953 | CE42: 16.340483 | CF42: 3.1575006 | CH42: 15.436763 | CI42: 3.6688651 | CK42: 2.870678 | CL42: 4.7035128 | CN42: 14.224723 | CO42: 2.9382789 | CQ42: 18.14238 | CR42: 3.6410342 | CT42: 10.021289 | CU42: 3.2815947 | CW42: 18.030003 | CX42: 4.3637531 | CZ42: 3.8052796 | DA42: 5.3129598 | DC42: m | DD42: m | DF42: m | DG42: m | DI42: m | DJ42: m
A43: Poland | B43: m | C43: m | E43: m | F43: m | H43: m | I43: m | K43: m | L43: m | N43: m | O43: m | Q43: m | R43: m | T43: m | U43: m | W43: m | X43: m | Z43: m | AA43: m | AC43: m | AD43: m | AF43: m | AG43: m | AI43: m | AJ43: m | AL43: m | AM43: m | AO43: m | AP43: m | AR43: m | AS43: m | AU43: m | AV43: m | AX43: m | AY43: m | BA43: m | BB43: m | BD43: m | BE43: m | BG43: m | BH43: m | BJ43: m | BK43: m | BM43: m | BN43: m | BP43: m | BQ43: m | BS43: m | BT43: m | BV43: m | BW43: m | BY43: m | BZ43: m | CB43: m | CC43: m | CE43: m | CF43: m | CH43: m | CI43: m | CK43: m | CL43: m | CN43: m | CO43: m | CQ43: m | CR43: m | CT43: m | CU43: m | CW43: m | CX43: m | CZ43: m | DA43: m | DC43: m | DD43: m | DF43: m | DG43: m | DI43: m | DJ43: m
A44: Portugal* | B44: 8.9274269 | C44: 3.6573187 | E44: 16.882908 | F44: 5.5960005 | H44: 23.651293 | I44: 8.0380892 | K44: 26.258802 | L44: 6.438908 | N44: 17.331375 | O44: 7.5971905 | Q44: 16.661442 | R44: 5.7267866 | T44: 22.417187 | U44: 5.2467971 | W44: 16.807783 | X44: 5.9093073 | Z44: 11.632526 | AA44: 3.8610655 | AC44: -5.0289165 | AD44: 6.6954847 | AF44: 11.300184 | AG44: 4.2200267 | AI44: 19.743714 | AJ44: 5.6419148 | AL44: 14.179904 | AM44: 5.5205393 | AO44: 23.027555 | AP44: 6.2491308 | AR44: 11.727371 | AS44: 6.6924075 | AU44: 16.285198 | AV44: 4.983923 | AX44: 16.198931 | AY44: 5.7159372 | BA44: 19.782622 | BB44: 6.5862352 | BD44: 16.724373 | BE44: 5.053223 | BG44: 0.4391746 | BH44: 6.7500162 | BJ44: 13.968839 | BK44: 3.9152243 | BM44: 14.169376 | BN44: 5.384533 | BP44: 19.141835 | BQ44: 5.7981853 | BS44: 22.170026 | BT44: 5.8399829 | BV44: 8.201186 | BW44: 6.7292347 | BY44: 15.665679 | BZ44: 5.1203121 | CB44: 17.397626 | CC44: 6.1719061 | CE44: 23.420512 | CF44: 6.6503635 | CH44: 19.024327 | CI44: 5.5350261 | CK44: 3.3586479 | CL44: 7.778468 | CN44: 19.038508 | CO44: 5.1257774 | CQ44: 20.43287 | CR44: 5.9588533 | CT44: 15.339293 | CU44: 7.5780137 | CW44: 19.92303 | CX44: 6.0692623 | CZ44: 0.88452186 | DA44: 7.5968701 | DC44: 13.071493 | DD44: 3.5752111 | DF44: 19.640432 | DG44: 4.1879473 | DI44: 6.5689395 | DJ44: 5.5014674
A45: Slovak Republic | B45: m | C45: m | E45: m | F45: m | H45: m | I45: m | K45: m | L45: m | N45: m | O45: m | Q45: m | R45: m | T45: m | U45: m | W45: m | X45: m | Z45: m | AA45: m | AC45: m | AD45: m | AF45: m | AG45: m | AI45: m | AJ45: m | AL45: m | AM45: m | AO45: m | AP45: m | AR45: m | AS45: m | AU45: m | AV45: m | AX45: m | AY45: m | BA45: m | BB45: m | BD45: m | BE45: m | BG45: m | BH45: m | BJ45: m | BK45: m | BM45: m | BN45: m | BP45: m | BQ45: m | BS45: m | BT45: m | BV45: m | BW45: m | BY45: m | BZ45: m | CB45: m | CC45: m | CE45: m | CF45: m | CH45: m | CI45: m | CK45: m | CL45: m | CN45: m | CO45: m | CQ45: m | CR45: m | CT45: m | CU45: m | CW45: m | CX45: m | CZ45: m | DA45: m | DC45: m | DD45: m | DF45: 20.199602 | DG45: 8.6753636 | DI45: m | DJ45: m
A46: Slovenia | B46: 6.1460021 | C46: 2.9034322 | E46: 8.6221174 | F46: 3.9149832 | H46: 10.822276 | I46: 5.3003809 | K46: 17.797626 | L46: 6.733171 | N46: 11.651624 | O46: 7.4307901 | Q46: 9.6148128 | R46: 3.8619474 | T46: 8.6370535 | U46: 3.3587179 | W46: 10.224322 | X46: 3.7668631 | Z46: 7.4085863 | AA46: 3.4246042 | AC46: -2.2062265 | AD46: 5.1202441 | AF46: 7.478586 | AG46: 2.8248927 | AI46: 10.396133 | AJ46: 4.6429877 | AL46: 8.279754 | AM46: 3.9205536 | AO46: 11.186745 | AP46: 4.0377601 | AR46: 3.7081594 | AS46: 4.9245793 | AU46: 6.844406 | AV46: 3.9100907 | AX46: 7.5473531 | AY46: 3.1456545 | BA46: 11.360129 | BB46: 4.2270098 | BD46: 12.800853 | BE46: 4.0180924 | BG46: 5.9564467 | BH46: 5.5676841 | BJ46: 3.5334698 | BK46: 2.5100796 | BM46: 6.546775 | BN46: 3.1060319 | BP46: 8.2691641 | BQ46: 3.5008136 | BS46: 17.249047 | BT46: 4.7319077 | BV46: 13.715577 | BW46: 5.3903443 | BY46: 2.7608608 | BZ46: 1.9821548 | CB46: 16.740462 | CC46: 5.841462 | CE46: 10.693891 | CF46: 4.6385679 | CH46: 10.393594 | CI46: 5.3268016 | CK46: 7.6327335 | CL46: 5.1547366 | CN46: 7.9728859 | CO46: 4.04918 | CQ46: 6.6787758 | CR46: 3.9743879 | CT46: 10.988536 | CU46: 4.3613982 | CW46: 12.951883 | CX46: 5.0838704 | CZ46: 4.9789973 | DA46: 6.1759854 | DC46: 5.8197976 | DD46: 2.179128 | DF46: 14.324158 | DG46: 3.1506231 | DI46: 8.5043607 | DJ46: 3.643772
A47: Spain | B47: m | C47: m | E47: m | F47: m | H47: m | I47: m | K47: m | L47: m | N47: m | O47: m | Q47: m | R47: m | T47: m | U47: m | W47: m | X47: m | Z47: m | AA47: m | AC47: m | AD47: m | AF47: m | AG47: m | AI47: m | AJ47: m | AL47: m | AM47: m | AO47: m | AP47: m | AR47: m | AS47: m | AU47: m | AV47: m | AX47: m | AY47: m | BA47: m | BB47: m | BD47: m | BE47: m | BG47: m | BH47: m | BJ47: m | BK47: m | BM47: m | BN47: m | BP47: m | BQ47: m | BS47: m | BT47: m | BV47: m | BW47: m | BY47: m | BZ47: m | CB47: m | CC47: m | CE47: m | CF47: m | CH47: m | CI47: m | CK47: m | CL47: m | CN47: m | CO47: m | CQ47: m | CR47: m | CT47: m | CU47: m | CW47: m | CX47: m | CZ47: m | DA47: m | DC47: m | DD47: m | DF47: m | DG47: m | DI47: m | DJ47: m
A48: Sweden | B48: 13.514782 | C48: 3.0230253 | E48: 8.9366671 | F48: 2.5971303 | H48: 13.138782 | I48: 3.0601316 | K48: 11.761104 | L48: 3.1328565 | N48: -1.7536777 | O48: 3.8290275 | Q48: 6.530564 | R48: 1.6368307 | T48: 10.246543 | U48: 2.2974836 | W48: 14.977154 | X48: 3.1191069 | Z48: 10.269633 | AA48: 2.3428523 | AC48: 3.7390688 | AD48: 2.7608462 | AF48: 6.7895696 | AG48: 2.0056463 | AI48: 10.323524 | AJ48: 2.2688214 | AL48: 9.1917599 | AM48: 2.5085715 | AO48: 16.512368 | AP48: 3.5682416 | AR48: 9.7227981 | AS48: 3.7653344 | AU48: 12.129177 | AV48: 3.1524962 | AX48: 14.68658 | AY48: 3.3134707 | BA48: 10.467974 | BB48: 2.3305026 | BD48: 9.6038421 | BE48: 2.1236864 | BG48: -2.5253345 | BH48: 3.2828182 | BJ48: 5.6016466 | BK48: 1.9277035 | BM48: 7.8254411 | BN48: 2.1932345 | BP48: 12.581575 | BQ48: 2.6050335 | BS48: 15.300037 | BT48: 3.0090993 | BV48: 9.6983904 | BW48: 3.4765226 | BY48: 11.89425 | BZ48: 3.0203197 | CB48: 13.555974 | CC48: 3.2170786 | CE48: 11.885455 | CF48: 3.13027 | CH48: 12.021501 | CI48: 3.0298496 | CK48: 0.12725127 | CL48: 4.2007194 | CN48: 12.287816 | CO48: 3.0045806 | CQ48: 15.441286 | CR48: 3.5611881 | CT48: 12.143649 | CU48: 2.6555721 | CW48: 8.6256323 | CX48: 2.6379141 | CZ48: -3.6621837 | DA48: 3.9512849 | DC48: 6.7011144 | DD48: 1.7145543 | DF48: 15.285206 | DG48: 2.4345751 | DI48: 8.5840915 | DJ48: 2.9155624
A49: Switzerland | B49: 11.002002 | C49: 2.5997266 | E49: 21.484646 | F49: 2.7079281 | H49: 21.369072 | I49: 2.9708311 | K49: 15.276194 | L49: 2.6831552 | N49: 4.274192 | O49: 3.3984744 | Q49: 18.049285 | R49: 2.3352455 | T49: 18.692478 | U49: 2.2864601 | W49: 15.758425 | X49: 2.0117261 | Z49: 12.022681 | AA49: 1.6130951 | AC49: -6.0266048 | AD49: 2.773201 | AF49: 14.122445 | AG49: 2.2822832 | AI49: 12.994067 | AJ49: 1.8097174 | AL49: 17.898525 | AM49: 2.0406568 | AO49: 17.808799 | AP49: 2.2825381 | AR49: 3.6863535 | AS49: 2.7135582 | AU49: 15.505772 | AV49: 2.363272 | AX49: 16.923899 | AY49: 2.6068651 | BA49: 15.077447 | BB49: 2.1945803 | BD49: 19.524184 | BE49: 2.3978806 | BG49: 4.0184123 | BH49: 2.8990016 | BJ49: 12.047013 | BK49: 1.892772 | BM49: 15.628623 | BN49: 2.4300879 | BP49: 17.532745 | BQ49: 2.3567272 | BS49: 18.637272 | BT49: 2.5515436 | BV49: 6.5902585 | BW49: 3.2255595 | BY49: 17.319133 | BZ49: 2.7081381 | CB49: 15.250844 | CC49: 2.9324302 | CE49: 18.479002 | CF49: 2.969861 | CH49: 18.136177 | CI49: 2.7130185 | CK49: 0.81704449 | CL49: 3.8988839 | CN49: 23.748757 | CO49: 2.8973247 | CQ49: 18.281384 | CR49: 3.1193536 | CT49: 14.592678 | CU49: 2.7457363 | CW49: 13.461512 | CX49: 2.3412016 | CZ49: -10.287245 | DA49: 3.7592947 | DC49: 13.841513 | DD49: 1.9201229 | DF49: 18.432682 | DG49: 1.674652 | DI49: 4.5911691 | DJ49: 2.1521376
A50: Turkey | B50: m | C50: m | E50: m | F50: m | H50: m | I50: m | K50: m | L50: m | N50: m | O50: m | Q50: m | R50: m | T50: m | U50: m | W50: m | X50: m | Z50: m | AA50: m | AC50: m | AD50: m | AF50: m | AG50: m | AI50: m | AJ50: m | AL50: m | AM50: m | AO50: m | AP50: m | AR50: m | AS50: m | AU50: m | AV50: m | AX50: m | AY50: m | BA50: m | BB50: m | BD50: m | BE50: m | BG50: m | BH50: m | BJ50: m | BK50: m | BM50: m | BN50: m | BP50: m | BQ50: m | BS50: m | BT50: m | BV50: m | BW50: m | BY50: m | BZ50: m | CB50: m | CC50: m | CE50: m | CF50: m | CH50: m | CI50: m | CK50: m | CL50: m | CN50: m | CO50: m | CQ50: m | CR50: m | CT50: m | CU50: m | CW50: m | CX50: m | CZ50: m | DA50: m | DC50: m | DD50: m | DF50: 26.502286 | DG50: 9.5200726 | DI50: m | DJ50: m
A51: United Kingdom | B51: 20.069811 | C51: 2.5323681 | E51: 22.0013 | F51: 2.9289901 | H51: 25.418228 | I51: 3.3101546 | K51: 18.322491 | L51: 3.0200593 | N51: -1.74732 | O51: 3.6455066 | Q51: 17.996092 | R51: 3.0589084 | T51: 22.277556 | U51: 3.1633015 | W51: 24.412564 | X51: 2.9557365 | Z51: 17.928068 | AA51: 2.6782556 | AC51: -0.068024262 | AD51: 4.248745 | AF51: 15.824184 | AG51: 2.9582479 | AI51: 20.139816 | AJ51: 2.7406839 | AL51: 20.27302 | AM51: 2.9484698 | AO51: 27.239775 | AP51: 3.2724572 | AR51: 11.415591 | AS51: 4.5071291 | AU51: 21.144043 | AV51: 3.0191333 | AX51: 25.718467 | AY51: 3.4902941 | BA51: 15.961153 | BB51: 2.6041892 | BD51: 23.273102 | BE51: 2.8958455 | BG51: 2.1290597 | BH51: 3.9551658 | BJ51: 14.501579 | BK51: 2.5899486 | BM51: 16.812913 | BN51: 2.7231109 | BP51: 22.877467 | BQ51: 3.1883235 | BS51: 25.703496 | BT51: 2.9867528 | BV51: 11.201917 | BW51: 3.7692365 | BY51: 18.97299 | BZ51: 2.9507828 | CB51: 23.470468 | CC51: 3.2415323 | CE51: 23.775669 | CF51: 3.2004838 | CH51: 24.129026 | CI51: 3.4606012 | CK51: 5.1560365 | CL51: 4.5560096 | CN51: 18.052211 | CO51: 2.869472 | CQ51: 20.870519 | CR51: 2.9789399 | CT51: 24.257767 | CU51: 3.0787465 | CW51: 25.438067 | CX51: 3.3485379 | CZ51: 7.3858565 | DA51: 4.4013182 | DC51: 13.186464 | DD51: 2.4631193 | DF51: 23.766304 | DG51: 1.9549719 | DI51: 10.57984 | DJ51: 2.8925939
A52: United States* | B52: 23.524483 | C52: 3.3083843 | E52: 24.242971 | F52: 3.198638 | H52: 24.754206 | I52: 3.2936284 | K52: 29.290151 | L52: 4.8081971 | N52: 5.7656674 | O52: 5.3640371 | Q52: 22.628904 | R52: 3.400807 | T52: 24.751939 | U52: 2.8442643 | W52: 29.300027 | X52: 3.4525777 | Z52: 21.280021 | AA52: 3.910851 | AC52: -1.3488829 | AD52: 4.4359627 | AF52: 21.555831 | AG52: 3.5271506 | AI52: 21.71641 | AJ52: 3.4877484 | AL52: 21.196397 | AM52: 3.3136976 | AO52: 35.782117 | AP52: 4.4811806 | AR52: 14.226286 | AS52: 5.1979201 | AU52: 26.321807 | AV52: 3.8603857 | AX52: 19.415843 | AY52: 3.0523715 | BA52: 26.947446 | BB52: 3.3586791 | BD52: 27.356169 | BE52: 4.3052328 | BG52: 1.0343616 | BH52: 4.9456495 | BJ52: 14.140895 | BK52: 2.9317905 | BM52: 21.670209 | BN52: 3.8049113 | BP52: 24.737045 | BQ52: 3.4438693 | BS52: 33.941167 | BT52: 4.0909072 | BV52: 19.800273 | BW52: 4.4821663 | BY52: 19.509786 | BZ52: 3.6285859 | CB52: 23.76301 | CC52: 3.5119584 | CE52: 28.929252 | CF52: 3.3334976 | CH52: 28.482119 | CI52: 3.700376 | CK52: 8.972333 | CL52: 4.6157965 | CN52: 15.575916 | CO52: 3.4443709 | CQ52: 27.310782 | CR52: 3.740017 | CT52: 23.844734 | CU52: 3.4931201 | CW52: 37.079104 | CX52: 4.8165913 | CZ52: 21.503189 | DA52: 5.569231 | DC52: 14.386298 | DD52: 2.6332621 | DF52: 30.133788 | DG52: 2.5553761 | DI52: 15.747491 | DJ52: 3.0429893
A53: OECD average-36a | B53: 13.955632 | C53: 0.71906183 | E53: 17.387588 | F53: 0.8733399 | H53: 21.185238 | I53: 0.96554904 | K53: 19.886931 | L53: 0.98055247 | N53: 4.6596818 | O53: 1.1369801 | Q53: 16.29424 | R53: 0.77072938 | T53: 17.627237 | U53: 0.78028467 | W53: 18.351767 | X53: 0.85944562 | Z53: 15.645844 | AA53: 0.77458173 | AC53: -0.78865789 | AD53: 1.0858032 | AF53: 13.846383 | AG53: 0.73862373 | AI53: 16.103641 | AJ53: 0.76867897 | AL53: 15.923373 | AM53: 0.7390628 | AO53: 23.190468 | AP53: 0.92995175 | AR53: 9.4359115 | AS53: 1.1533216 | AU53: 15.590196 | AV53: 0.72521719 | AX53: 16.966219 | AY53: 0.78193383 | BA53: 18.423194 | BB53: 0.82544108 | BD53: 21.135603 | BE53: 0.85534141 | BG53: 4.7846509 | BH53: 1.0523297 | BJ53: 12.096404 | BK53: 0.65669761 | BM53: 15.083605 | BN53: 0.68609192 | BP53: 18.307259 | BQ53: 0.84309401 | BS53: 22.475521 | BT53: 0.87670827 | BV53: 9.903542 | BW53: 1.0504519 | BY53: 14.668833 | BZ53: 0.65298304 | CB53: 17.317245 | CC53: 0.84208803 | CE53: 20.016861 | CF53: 0.91272975 | CH53: 20.17134 | CI53: 0.84841603 | CK53: 4.7908246 | CL53: 1.0545784 | CN53: 18.794498 | CO53: 0.84585792 | CQ53: 18.805772 | CR53: 0.89363742 | CT53: 17.129875 | CU53: 0.8674559 | CW53: 18.025769 | CX53: 0.85823302 | CZ53: -1.1217038 | DA53: 1.1861855 | DC53: 11.004754 | DD53: 0.56914187 | DF53: 21.747272 | DG53: 0.68922387 | DI53: 10.475241 | DJ53: 0.78798259
A54: Partners
A55: Albania | B55: m | C55: m | E55: m | F55: m | H55: m | I55: m | K55: m | L55: m | N55: m | O55: m | Q55: m | R55: m | T55: m | U55: m | W55: m | X55: m | Z55: m | AA55: m | AC55: m | AD55: m | AF55: m | AG55: m | AI55: m | AJ55: m | AL55: m | AM55: m | AO55: m | AP55: m | AR55: m | AS55: m | AU55: m | AV55: m | AX55: m | AY55: m | BA55: m | BB55: m | BD55: m | BE55: m | BG55: m | BH55: m | BJ55: m | BK55: m | BM55: m | BN55: m | BP55: m | BQ55: m | BS55: m | BT55: m | BV55: m | BW55: m | BY55: m | BZ55: m | CB55: m | CC55: m | CE55: m | CF55: m | CH55: m | CI55: m | CK55: m | CL55: m | CN55: m | CO55: m | CQ55: m | CR55: m | CT55: m | CU55: m | CW55: m | CX55: m | CZ55: m | DA55: m | DC55: m | DD55: m | DF55: m | DG55: m | DI55: m | DJ55: m
A56: Argentina | B56: 20.54658 | C56: 5.6830169 | E56: 20.101818 | F56: 6.8202669 | H56: 40.30325 | I56: 8.0554933 | K56: 32.833086 | L56: 8.5068843 | N56: 12.286505 | O56: 10.740268 | Q56: 19.367865 | R56: 4.572539 | T56: 20.677951 | U56: 5.017012 | W56: 29.406407 | X56: 5.9575649 | Z56: 26.441456 | AA56: 4.9299772 | AC56: 7.0735913 | AD56: 6.3212262 | AF56: 20.19214 | AG56: 5.8331544 | AI56: 23.48986 | AJ56: 5.3435017 | AL56: 22.633008 | AM56: 5.2382336 | AO56: 27.990018 | AP56: 5.3660659 | AR56: 7.7978783 | AS56: 7.7534793 | AU56: 20.824058 | AV56: 5.6004639 | AX56: 29.265995 | AY56: 5.7180827 | BA56: 32.491058 | BB56: 6.0294257 | BD56: 22.152289 | BE56: 5.84616 | BG56: 1.328231 | BH56: 8.200363 | BJ56: 25.328693 | BK56: 5.9495993 | BM56: 19.297538 | BN56: 4.8434539 | BP56: 22.902003 | BQ56: 5.7667727 | BS56: 28.83412 | BT56: 5.9522324 | BV56: 3.5054269 | BW56: 8.3408365 | BY56: 23.141735 | BZ56: 7.6563327 | CB56: 26.493302 | CC56: 7.1278412 | CE56: 30.442676 | CF56: 7.2067842 | CH56: 31.266822 | CI56: 7.1787494 | CK56: 8.1250875 | CL56: 10.579065 | CN56: 28.485511 | CO56: 8.5066886 | CQ56: 23.911837 | CR56: 7.3012316 | CT56: 21.089568 | CU56: 6.4877704 | CW56: 32.062306 | CX56: 7.3342925 | CZ56: 3.5767956 | DA56: 11.341057 | DC56: 15.084832 | DD56: 3.5851289 | DF56: 37.201806 | DG56: 4.8149861 | DI56: 22.116974 | DJ56: 6.4553845
A57: Baku (Azerbaijan) | B57: 21.531332 | C57: 6.4958283 | E57: 23.737907 | F57: 6.9442959 | H57: 34.198273 | I57: 9.7291 | K57: 33.95566 | L57: 7.5460469 | N57: 12.424328 | O57: 9.5262599 | Q57: 14.223769 | R57: 4.325715 | T57: 33.764504 | U57: 8.205698 | W57: 15.893308 | X57: 4.3384532 | Z57: 23.757087 | AA57: 5.377539 | AC57: 9.5333177 | AD57: 6.4793615 | AF57: 16.53859 | AG57: 4.8482125 | AI57: 19.106906 | AJ57: 6.383508 | AL57: 24.770022 | AM57: 5.3519626 | AO57: 22.572022 | AP57: 6.5706343 | AR57: 6.0334325 | AS57: 8.557017 | AU57: 21.267714 | AV57: 5.7923501 | AX57: 21.186339 | AY57: 7.4823674 | BA57: 33.05281 | BB57: 6.9764763 | BD57: 27.093056 | BE57: 6.6319558 | BG57: 5.8253422 | BH57: 8.4543972 | BJ57: 18.426097 | BK57: 5.956129 | BM57: 21.037203 | BN57: 5.0221414 | BP57: 21.963325 | BQ57: 6.0128147 | BS57: 21.36118 | BT57: 4.9106717 | BV57: 2.9350831 | BW57: 7.731692 | BY57: 18.296616 | BZ57: 6.4047088 | CB57: 22.511331 | CC57: 7.8318037 | CE57: 36.357347 | CF57: 10.268688 | CH57: m | CI57: m | CK57: m | CL57: m | CN57: 20.246188 | CO57: 6.7637227 | CQ57: 26.704869 | CR57: 7.8956705 | CT57: 29.45672 | CU57: 10.234207 | CW57: 36.093409 | CX57: 9.0685619 | CZ57: 15.84722 | DA57: 11.680068 | DC57: 16.643611 | DD57: 4.5730909 | DF57: 28.387905 | DG57: 4.4646693 | DI57: 11.744294 | DJ57: 6.0171334
A58: Belarus | B58: 27.212314 | C58: 6.4711272 | E58: 25.015258 | F58: 5.8144768 | H58: 23.164494 | I58: 8.5473336 | K58: 16.602054 | L58: 6.7962335 | N58: -10.610261 | O58: 9.6123763 | Q58: 22.940362 | R58: 6.3629198 | T58: 20.365716 | U58: 5.6774822 | W58: 29.226969 | X58: 7.3912845 | Z58: 19.41866 | AA58: 5.8805307 | AC58: -3.5217027 | AD58: 8.716117 | AF58: 20.246654 | AG58: 5.5573904 | AI58: 22.143644 | AJ58: 6.3718772 | AL58: 23.541025 | AM58: 6.0927302 | AO58: 25.410622 | AP58: 6.9914491 | AR58: 5.1639677 | AS58: 9.4991791 | AU58: 27.015825 | AV58: 6.2344796 | AX58: 20.711575 | AY58: 5.6627375 | BA58: 19.544768 | BB58: 6.1288523 | BD58: 24.156694 | BE58: 7.2624753 | BG58: -2.8591306 | BH58: 9.7742092 | BJ58: 24.432634 | BK58: 5.7592611 | BM58: 20.515451 | BN58: 5.8639446 | BP58: 31.884493 | BQ58: 6.7725353 | BS58: 14.711729 | BT58: 5.6976527 | BV58: -9.7209048 | BW58: 7.8087699 | BY58: 17.788667 | BZ58: 5.9683337 | CB58: 22.27397 | CC58: 6.1720789 | CE58: 25.479199 | CF58: 6.4365121 | CH58: 28.767565 | CI58: 7.3802929 | CK58: 10.978898 | CL58: 9.6562942 | CN58: 21.793642 | CO58: 6.2362955 | CQ58: 24.595259 | CR58: 6.9470034 | CT58: 27.51346 | CU58: 7.1140775 | CW58: 21.553247 | CX58: 5.9546545 | CZ58: -0.24039519 | DA58: 8.4544679 | DC58: 15.985808 | DD58: 4.0025957 | DF58: 29.310735 | DG58: 4.811682 | DI58: 13.324927 | DJ58: 6.7964499
A59: Bosnia and Herzegovina | B59: 16.624273 | C59: 7.7636247 | E59: 7.0888227 | F59: 4.2010911 | H59: 36.32051 | I59: 9.6075969 | K59: 30.850434 | L59: 6.9666129 | N59: 14.226161 | O59: 10.041203 | Q59: 20.123466 | R59: 7.5958161 | T59: 33.833094 | U59: 8.213304 | W59: 21.894472 | X59: 6.6072448 | Z59: 10.252779 | AA59: 4.2360636 | AC59: -9.870687 | AD59: 8.4111499 | AF59: 10.973596 | AG59: 5.4276158 | AI59: 18.56332 | AJ59: 6.0836193 | AL59: 22.238646 | AM59: 7.2717017 | AO59: 33.996031 | AP59: 9.6762935 | AR59: 23.022435 | AS59: 10.623333 | AU59: 19.23816 | AV59: 5.6459251 | AX59: 14.361393 | AY59: 8.0182122 | BA59: 25.177351 | BB59: 9.6063761 | BD59: 25.015304 | BE59: 8.5372529 | BG59: 5.7771443 | BH59: 8.6044243 | BJ59: 5.8348812 | BK59: 4.0617204 | BM59: 16.740897 | BN59: 6.046751 | BP59: m | BQ59: m | BS59: 31.738443 | BT59: 7.9878628 | BV59: 25.903562 | BW59: 8.9885545 | BY59: 14.399738 | BZ59: 6.9086162 | CB59: m | CC59: m | CE59: 32.45808 | CF59: 8.4203799 | CH59: 25.01402 | CI59: 7.4122426 | CK59: 10.614281 | CL59: 9.5491029 | CN59: 21.35486 | CO59: 8.3704772 | CQ59: 26.661553 | CR59: 7.7113531 | CT59: m | CU59: m | CW59: 21.93839 | CX59: 6.8230653 | CZ59: 0.58352961 | DA59: 10.273656 | DC59: 18.296772 | DD59: 4.7686679 | DF59: 24.754504 | DG59: 5.9358609 | DI59: 6.4577319 | DJ59: 7.416876
A60: Brazil | B60: m | C60: m | E60: m | F60: m | H60: m | I60: m | K60: m | L60: m | N60: m | O60: m | Q60: m | R60: m | T60: m | U60: m | W60: m | X60: m | Z60: m | AA60: m | AC60: m | AD60: m | AF60: m | AG60: m | AI60: m | AJ60: m | AL60: m | AM60: m | AO60: m | AP60: m | AR60: m | AS60: m | AU60: m | AV60: m | AX60: m | AY60: m | BA60: m | BB60: m | BD60: m | BE60: m | BG60: m | BH60: m | BJ60: m | BK60: m | BM60: m | BN60: m | BP60: m | BQ60: m | BS60: m | BT60: m | BV60: m | BW60: m | BY60: m | BZ60: m | CB60: m | CC60: m | CE60: m | CF60: m | CH60: m | CI60: m | CK60: m | CL60: m | CN60: m | CO60: m | CQ60: m | CR60: m | CT60: m | CU60: m | CW60: m | CX60: m | CZ60: m | DA60: m | DC60: m | DD60: m | DF60: m | DG60: m | DI60: m | DJ60: m
