Workbook

Sheet TOC
A1: PISA 2018 Results (Volume II) - © OECD 2019
A2: Annex B1 | B2: Annex B1.8 Results (tables): Do boys and girls differ in their attitudes towards school and learning?
A3: Version 2 - Last updated: 02-Dec-2019
A4: Disclaimer: http://oe.cd/disclaimer
A6: TOC | B6: PISA 2018 Results - Volume II
A8: Chapter 8 | B8: Do boys and girls differ in their attitudes towards school and learning?
A9: Tables
A11: ='Table II.B1.8.1'!A6 -> Table II.B1.8.1 | B11: ='Table II.B1.8.1'!$A$7 -> Index of enjoyment of reading, by gender (PISA 2018)
A12: ='Table II.B1.8.2'!A6 -> Table II.B1.8.2 | B12: ='Table II.B1.8.2'!$A$7 -> Time spent reading for enjoyment, by gender
A13: ='Table II.B1.8.3'!A6 -> Table II.B1.8.3 | B13: ='Table II.B1.8.3'!$A$7 -> Index of enjoyment of reading, by gender (PISA 2009)
A14: ='Table II.B1.8.4'!A6 -> Table II.B1.8.4 | B14: ='Table II.B1.8.4'!$A$7 -> Index of enjoyment of reading, by gender (PISA 2000)
A15: ='Table II.B1.8.5'!A6 -> Table II.B1.8.5 | B15: ='Table II.B1.8.5'!$A$7 -> Change between 2000, 2009 and 2018 in the percentage of students who read for enjoyment, by gender
A16: ='Table II.B1.8.6'!A6 -> Table II.B1.8.6 | B16: ='Table II.B1.8.6'!$A$7 -> ICT use outside of school for leisure, by gender
A17: ='Table II.B1.8.7'!A6 -> Table II.B1.8.7 | B17: ='Table II.B1.8.7'!$A$7 -> Percentage of students reading e-mails, by gender
A18: ='Table II.B1.8.8'!A6 -> Table II.B1.8.8 | B18: ='Table II.B1.8.8'!$A$7 -> Percentage of students chatting on line (e.g. <WhatsApp>, <Messenger>), by gender
A19: ='Table II.B1.8.9'!A6 -> Table II.B1.8.9 | B19: ='Table II.B1.8.9'!$A$7 -> Percentage of students reading news on line, by gender
A20: ='Table II.B1.8.10'!A6 -> Table II.B1.8.10 | B20: ='Table II.B1.8.10'!$A$7 -> Percentage of students searching information on line to learn about a particular topic, by gender
A21: ='Table II.B1.8.11'!A6 -> Table II.B1.8.11 | B21: ='Table II.B1.8.11'!$A$7 -> Percentage of students taking part in online group discussions or forums, by gender
A22: ='Table II.B1.8.12'!A6 -> Table II.B1.8.12 | B22: ='Table II.B1.8.12'!$A$7 -> Percentage of students searching the Internet for practical information, by gender
A23: ='Table II.B1.8.13'!A6 -> Table II.B1.8.13 | B23: ='Table II.B1.8.13'!$A$7 -> How much time students spend studying before and after school, by gender
A24: ='Table II.B1.8.14'!A6 -> Table II.B1.8.14 | B24: ='Table II.B1.8.14'!$A$7 -> Index of attitudes towards competition, by gender
A25: ='Table II.B1.8.15'!A6 -> Table II.B1.8.15 | B25: ='Table II.B1.8.15'!$A$7 -> Index of motivation to master tasks, by gender
A26: ='Table II.B1.8.16'!A6 -> Table II.B1.8.16 | B26: ='Table II.B1.8.16'!$A$7 -> Index of perceived competence in reading, by gender
A27: ='Table II.B1.8.17'!A6 -> Table II.B1.8.17 | B27: ='Table II.B1.8.17'!$A$7 -> Index of perceived difficulty in reading, by gender
A28: ='Table II.B1.8.18'!A6 -> Table II.B1.8.18 | B28: ='Table II.B1.8.18'!$A$7 -> Index of fear of failure, by gender
A29: ='Table II.B1.8.19'!A6 -> Table II.B1.8.19 | B29: ='Table II.B1.8.19'!$A$7 -> Expectation to work in science-related occupations, by gender
A30: ='Table II.B1.8.20'!A6 -> Table II.B1.8.20 | B30: ='Table II.B1.8.20'!$A$7 -> Expectation to work in science-related occupations, by gender (PISA 2015)
A31: ='Table II.B1.8.21'!A6 -> Table II.B1.8.21 | B31: ='Table II.B1.8.21'!$A$7 -> Change between 2015 and 2018 in the expectation to work in science-related occupations, by gender
A32: ='Table II.B1.8.22'!A6 -> Table II.B1.8.22 | B32: ='Table II.B1.8.22'!$A$7 -> Expectation to work as science and engineering professionals amongst top performers in science or mathematics, by gender
A33: ='Table II.B1.8.23'!A6 -> Table II.B1.8.23 | B33: ='Table II.B1.8.23'!$A$7 -> Expectation to work as health professionals amongst top performers in science or mathematics, by gender
A37: Symbols for missing data
A38: c: There were too few observations to provide reliable estimates (i.e. there were fewer than 30 students or fewer than 5 schools with valid data).
A39: m: Data are not available. There was no observation in the sample; these data were not collected by the country; or these data were collected but subsequently removed from the publication for technical reasons.
A41: OECD averages
A42: OECD average, OECD average-37 | B42: Arithmetic mean across all OECD Member countries (and Colombia).
A43: OECD average-36b | B43: Arithmetic mean across all OECD Member countries (and Colombia), excluding Austria.
A44: OECD average-24 | B44: Arithmetic mean across all OECD Member countries, excluding Austria, Chile, Colombia, Estonia, Israel, Lithuania, Luxembourg, the Netherlands, the Slovak Republic, Slovenia, Turkey, the United Kingdom and the United States.
A46: Note
A47: Information on data for Cyprus: https://oe.cd/cyprus-disclaimer

Sheet Table II.B1.8.1
A1: PISA 2018 Results (Volume II) - © OECD 2019
A2: Annex B1 | B2: Annex B1.8 Results (tables): Do boys and girls differ in their attitudes towards school and learning?
A3: Version 2 - Last updated: 02-Dec-2019
A4: Disclaimer: http://oe.cd/disclaimer
A6: Table II.B1.8.1
A7: Index of enjoyment of reading, by gender (PISA 2018)
B11: Boys | T11: Girls | AL11: Gender differences (girls-boys)
B12: Percentage of students who agreed or strongly agreed with the following statements: | Q12: Index of enjoyment of reading | T12: Percentage of students who agreed or strongly agreed with the following statements: | AI12: Index of enjoyment of reading | AL12: Percentage of students who agreed or strongly agreed with the following statements: | BA12: Index of enjoyment of reading, before accounting for reading performance | BD12: Index of enjoyment of reading, after accounting for reading performance | BG12: Index of enjoyment of reading, after accounting for Index of ICT use outside of school for leisure
B13: I read only if I have to | E13: Reading is one of my favourite hobbies | H13: I like talking about books with other people | K13: For me, reading is a waste of time | N13: I read only to get information that I need | T13: I read only if I have to | W13: Reading is one of my favourite hobbies | Z13: I like talking about books with other people | AC13: For me, reading is a waste of time | AF13: I read only to get information that I need | AL13: I read only if I have to | AO13: Reading is one of my favourite hobbies | AR13: I like talking about books with other people | AU13: For me, reading is a waste of time | AX13: I read only to get information that I need
B14: % | C14: S.E. | D14: s | E14: % | F14: S.E. | G14: s | H14: % | I14: S.E. | J14: s | K14: % | L14: S.E. | M14: s | N14: % | O14: S.E. | P14: s | Q14: Mean Index | R14: S.E. | S14: s | T14: % | U14: S.E. | V14: s | W14: % | X14: S.E. | Y14: s | Z14: % | AA14: S.E. | AB14: s | AC14: % | AD14: S.E. | AE14: s | AF14: % | AG14: S.E. | AH14: s | AI14: Mean Index | AJ14: S.E. | AK14: s | AL14: % dif. | AM14: S.E. | AN14: s | AO14: % dif. | AP14: S.E. | AQ14: s | AR14: % dif. | AS14: S.E. | AT14: s | AU14: % dif. | AV14: S.E. | AW14: s | AX14: % dif. | AY14: S.E. | AZ14: s | BA14: Dif. | BB14: S.E. | BC14: s | BD14: Dif. | BE14: S.E. | BF14: s | BG14: Dif. | BH14: S.E. | BI14: s
A15: OECD
A16: Australia | B16: 61.451878 | C16: 0.6926375 | E16: 24.43996 | F16: 0.56178657 | H16: 25.778597 | I16: 0.64799855 | K16: 38.127032 | L16: 0.73489135 | N16: 62.376302 | O16: 0.71749538 | Q16: -0.39265692 | R16: 0.01574869 | T16: 45.915599 | U16: 0.73517902 | W16: 42.278656 | X16: 0.73748682 | Z16: 42.800753 | AA16: 0.69868618 | AC16: 24.666911 | AD16: 0.6747948 | AF16: 43.60376 | AG16: 0.67634687 | AI16: 0.14161444 | AJ16: 0.017807947 | AL16: -15.536279 | AM16: 1.0054904 | AO16: 17.838696 | AP16: 0.93082306 | AR16: 17.022156 | AS16: 0.90468082 | AU16: -13.460121 | AV16: 1.0208609 | AX16: -18.772542 | AY16: 0.97960098 | BA16: 0.53427136 | BB16: 0.023785812 | BD16: 0.42919532 | BE16: 0.022828377 | BG16: 0.5206229 | BH16: 0.024953183
A17: Austria | B17: 63.204522 | C17: 0.96341605 | E17: 17.014309 | F17: 0.63759708 | H17: 16.867401 | I17: 0.79689687 | K17: 44.205515 | L17: 0.95655008 | N17: 66.620114 | O17: 0.91234126 | Q17: -0.65481701 | R17: 0.019854659 | T17: 41.852607 | U17: 1.0794134 | W17: 39.77525 | X17: 1.0406479 | Z17: 35.809216 | AA17: 1.1777004 | AC17: 26.02149 | AD17: 0.96857513 | AF17: 40.253218 | AG17: 1.1479022 | AI17: 0.10034966 | AJ17: 0.029071876 | AL17: -21.351915 | AM17: 1.4475017 | AO17: 22.760941 | AP17: 1.1818291 | AR17: 18.941815 | AS17: 1.4236856 | AU17: -18.184025 | AV17: 1.3374467 | AX17: -26.366896 | AY17: 1.5142673 | BA17: 0.75516668 | BB17: 0.036624229 | BD17: 0.6513466 | BE17: 0.030384233 | BG17: 0.74648742 | BH17: 0.038682622
A18: Belgium | B18: 67.114893 | C18: 0.80493918 | E18: 13.857709 | F18: 0.62929209 | H18: 18.332218 | I18: 0.76627514 | K18: 51.450475 | L18: 0.99220698 | N18: 64.590603 | O18: 0.95856208 | Q18: -0.72756434 | R18: 0.022737393 | T18: 48.633355 | U18: 1.0127751 | W18: 29.060362 | X18: 0.89991886 | Z18: 32.612413 | AA18: 0.91669173 | AC18: 33.089775 | AD18: 1.0634706 | AF18: 45.340635 | AG18: 0.92937723 | AI18: -0.15661379 | AJ18: 0.025346002 | AL18: -18.481537 | AM18: 1.3012036 | AO18: 15.202653 | AP18: 1.0559419 | AR18: 14.280195 | AS18: 1.2142019 | AU18: -18.3607 | AV18: 1.4618014 | AX18: -19.249968 | AY18: 1.3739783 | BA18: 0.57095056 | BB18: 0.03334684 | BD18: 0.51701064 | BE18: 0.030472027 | BG18: 0.54852284 | BH18: 0.035987496
A19: Canada | B19: 56.892825 | C19: 0.7901328 | E19: 25.003471 | F19: 0.72402117 | H19: 28.758488 | I19: 0.6503501 | K19: 34.216242 | L19: 0.77887203 | N19: 57.745624 | O19: 0.73246769 | Q19: -0.3111287 | R19: 0.016861196 | T19: 39.06822 | U19: 0.69675752 | W19: 47.97698 | X19: 0.65621963 | Z19: 49.68362 | AA19: 0.76637817 | AC19: 18.731606 | AD19: 0.59211572 | AF19: 36.303732 | AG19: 0.69195024 | AI19: 0.32028286 | AJ19: 0.016749213 | AL19: -17.824606 | AM19: 0.97673226 | AO19: 22.973509 | AP19: 0.86278038 | AR19: 20.925131 | AS19: 0.79852924 | AU19: -15.484635 | AV19: 0.89560069 | AX19: -21.441891 | AY19: 0.84329106 | BA19: 0.63141156 | BB19: 0.01982592 | BD19: 0.53056459 | BE19: 0.018717961 | BG19: m | BH19: m
A20: Chile | B20: 70.196458 | C20: 0.91374651 | E20: 27.760331 | F20: 0.81833934 | H20: 31.532968 | I20: 1.0348597 | K20: 26.659511 | L20: 0.90942367 | N20: 68.416371 | O20: 0.89552226 | Q20: -0.26113996 | R20: 0.017493085 | T20: 51.945862 | U20: 1.0850775 | W20: 48.574891 | X20: 0.98658335 | Z20: 53.447821 | AA20: 1.0113885 | AC20: 12.747986 | AD20: 0.66785612 | AF20: 48.149457 | AG20: 1.0090028 | AI20: 0.35031197 | AJ20: 0.022492171 | AL20: -18.250596 | AM20: 1.3354362 | AO20: 20.81456 | AP20: 1.3543599 | AR20: 21.914853 | AS20: 1.3573019 | AU20: -13.911525 | AV20: 1.0872651 | AX20: -20.266913 | AY20: 1.2419623 | BA20: 0.61145193 | BB20: 0.026870904 | BD20: 0.56207889 | BE20: 0.024986088 | BG20: 0.6172931 | BH20: 0.03084057
A21: Colombia | B21: 49.363922 | C21: 1.0756973 | E21: 47.977441 | F21: 1.0731517 | H21: 45.150081 | I21: 1.183809 | K21: 17.203007 | L21: 0.82465946 | N21: 55.636549 | O21: 1.0791229 | Q21: 0.17831687 | R21: 0.015480757 | T21: 34.622332 | U21: 1.1962387 | W21: 63.193475 | X21: 0.97395439 | Z21: 59.64748 | AA21: 1.1501274 | AC21: 7.9015178 | AD21: 0.65456416 | AF21: 36.947052 | AG21: 0.97054264 | AI21: 0.57100807 | AJ21: 0.01942711 | AL21: -14.741591 | AM21: 1.5370049 | AO21: 15.216034 | AP21: 1.4124801 | AR21: 14.497399 | AS21: 1.5675477 | AU21: -9.3014891 | AV21: 1.0334428 | AX21: -18.689497 | AY21: 1.2913208 | BA21: 0.3926912 | BB21: 0.023070491 | BD21: 0.36946558 | BE21: 0.023669372 | BG21: m | BH21: m
A22: Czech Republic | B22: 61.877136 | C22: 0.92527856 | E22: 23.060019 | F22: 0.8090437 | H22: 25.16468 | I22: 0.88915419 | K22: 50.874604 | L22: 1.0990804 | N22: 57.152763 | O22: 1.0472691 | Q22: -0.43107953 | R22: 0.020707781 | T22: 36.362768 | U22: 1.0247963 | W22: 50.963698 | X22: 1.1700016 | Z22: 52.992603 | AA22: 1.1972974 | AC22: 25.343124 | AD22: 0.97337463 | AF22: 34.561137 | AG22: 1.0332351 | AI22: 0.35585585 | AJ22: 0.025042354 | AL22: -25.514368 | AM22: 1.2401992 | AO22: 27.903679 | AP22: 1.3747625 | AR22: 27.827923 | AS22: 1.4944083 | AU22: -25.53148 | AV22: 1.5437348 | AX22: -22.591625 | AY22: 1.4816148 | BA22: 0.78693538 | BB22: 0.030906776 | BD22: 0.66845914 | BE22: 0.029464821 | BG22: 0.78883631 | BH22: 0.033217811
A23: Denmark | B23: 65.594675 | C23: 1.0178978 | E23: 11.818747 | F23: 0.67716631 | H23: 20.584319 | I23: 0.81805486 | K23: 37.935214 | L23: 1.1471574 | N23: 66.463297 | O23: 1.1031581 | Q23: -0.61318923 | R23: 0.020682471 | T23: 48.670137 | U23: 1.1182012 | W23: 21.553173 | X23: 0.86680539 | Z23: 37.472971 | AA23: 1.3377488 | AC23: 24.271006 | AD23: 0.92767682 | AF23: 42.31326 | AG23: 1.2185968 | AI23: -0.13588437 | AJ23: 0.025833657 | AL23: -16.924538 | AM23: 1.4840702 | AO23: 9.7344257 | AP23: 1.0290714 | AR23: 16.888652 | AS23: 1.5541117 | AU23: -13.664209 | AV23: 1.5175374 | AX23: -24.150037 | AY23: 1.4622025 | BA23: 0.47730486 | BB23: 0.031942384 | BD23: 0.39571401 | BE23: 0.030739944 | BG23: 0.46460969 | BH23: 0.035769923
A24: Estonia | B24: 56.754397 | C24: 1.1722485 | E24: 17.785341 | F24: 0.8440497 | H24: 27.278629 | I24: 0.96352015 | K24: 37.213935 | L24: 1.0541745 | N24: 58.948159 | O24: 1.1341174 | Q24: -0.34474521 | R24: 0.017062743 | T24: 30.263373 | U24: 1.1208813 | W24: 44.793515 | X24: 1.0288834 | Z24: 51.592262 | AA24: 1.0632821 | AC24: 17.00839 | AD24: 0.77757668 | AF24: 34.108416 | AG24: 0.95739031 | AI24: 0.34668131 | AJ24: 0.021512398 | AL24: -26.491024 | AM24: 1.653247 | AO24: 27.008174 | AP24: 1.4088639 | AR24: 24.313633 | AS24: 1.3426238 | AU24: -20.205546 | AV24: 1.3257736 | AX24: -24.839743 | AY24: 1.5009974 | BA24: 0.69142652 | BB24: 0.028928188 | BD24: 0.60581913 | BE24: 0.027787536 | BG24: 0.69931265 | BH24: 0.0291073
A25: Finland | B25: 62.550321 | C25: 0.96976942 | E25: 15.276593 | F25: 0.81290723 | H25: 20.060105 | I25: 0.8954096 | K25: 49.415907 | L25: 1.0467632 | N25: 64.585104 | O25: 1.0772001 | Q25: -0.59765173 | R25: 0.02070035 | T25: 38.660492 | U25: 0.98511879 | W25: 35.475679 | X25: 0.94313403 | Z25: 41.38196 | AA25: 1.1216495 | AC25: 25.76968 | AD25: 0.92777336 | AF25: 39.153157 | AG25: 0.99233212 | AI25: 0.10026758 | AJ25: 0.026055735 | AL25: -23.889829 | AM25: 1.0664621 | AO25: 20.199086 | AP25: 1.2555834 | AR25: 21.321855 | AS25: 1.3265071 | AU25: -23.646228 | AV25: 1.0249734 | AX25: -25.431946 | AY25: 1.2818718 | BA25: 0.69791931 | BB25: 0.027518606 | BD25: 0.49892204 | BE25: 0.026846788 | BG25: 0.69711423 | BH25: 0.030722586
A26: France | B26: 51.159746 | C26: 0.98252865 | E26: 21.856463 | F26: 0.79850964 | H26: 27.184227 | I26: 1.1620601 | K26: 39.837076 | L26: 0.92176459 | N26: 57.320037 | O26: 1.093234 | Q26: -0.40092091 | R26: 0.021836328 | T26: 34.842171 | U26: 1.0969778 | W26: 39.253288 | X26: 1.0319619 | Z26: 43.644843 | AA26: 1.2377968 | AC26: 23.339363 | AD26: 0.84665669 | AF26: 38.689101 | AG26: 1.1361734 | AI26: 0.15812841 | AJ26: 0.027718704 | AL26: -16.317575 | AM26: 1.4564295 | AO26: 17.396825 | AP26: 1.2185937 | AR26: 16.460616 | AS26: 1.3114251 | AU26: -16.497713 | AV26: 1.1260859 | AX26: -18.630936 | AY26: 1.4147937 | BA26: 0.55904932 | BB26: 0.028926823 | BD26: 0.47397852 | BE26: 0.026764272 | BG26: 0.54862692 | BH26: 0.029173989
A27: Germany | B27: 61.473138 | C27: 1.1875118 | E27: 15.732889 | F27: 0.8237558 | H27: 13.710464 | I27: 0.86407588 | K27: 43.321526 | L27: 1.0890786 | N27: 65.584968 | O27: 1.1001826 | Q27: -0.67645252 | R27: 0.02821196 | T27: 37.816284 | U27: 0.90444375 | W27: 38.540407 | X27: 1.1015348 | Z27: 35.36818 | AA27: 1.1442596 | AC27: 24.057821 | AD27: 0.99517879 | AF27: 42.007471 | AG27: 1.1751891 | AI27: 0.14852597 | AJ27: 0.029038525 | AL27: -23.656854 | AM27: 1.3896413 | AO27: 22.807517 | AP27: 1.3204507 | AR27: 21.657716 | AS27: 1.3482349 | AU27: -19.263705 | AV27: 1.4442044 | AX27: -23.577497 | AY27: 1.4184813 | BA27: 0.8249785 | BB27: 0.036041084 | BD27: 0.73864902 | BE27: 0.033621831 | BG27: 0.77453507 | BH27: 0.037474623
A28: Greece | B28: 58.643361 | C28: 0.94642786 | E28: 26.383322 | F28: 0.99371175 | H28: 24.172178 | I28: 0.91392724 | K28: 22.666427 | L28: 1.1065996 | N28: 48.555409 | O28: 0.94741863 | Q28: -0.17287828 | R28: 0.015440184 | T28: 36.891197 | U28: 1.000969 | W28: 44.893491 | X28: 1.0045609 | Z28: 52.026535 | AA28: 1.0426963 | AC28: 9.5307013 | AD28: 0.61317523 | AF28: 25.816585 | AG28: 1.0260798 | AI28: 0.39543357 | AJ28: 0.020061423 | AL28: -21.752163 | AM28: 1.2377112 | AO28: 18.51017 | AP28: 1.2787296 | AR28: 27.854357 | AS28: 1.4038576 | AU28: -13.135726 | AV28: 1.1671653 | AX28: -22.738824 | AY28: 1.2008757 | BA28: 0.56831186 | BB28: 0.02310081 | BD28: 0.48049402 | BE28: 0.021650124 | BG28: 0.58043033 | BH28: 0.024607877
A29: Hungary | B29: 53.13597 | C29: 1.0872158 | E29: 20.404496 | F29: 1.0297681 | H29: 20.655598 | I29: 1.0588269 | K29: 40.677478 | L29: 1.1966894 | N29: 63.229536 | O29: 0.95010441 | Q29: -0.37884079 | R29: 0.017929431 | T29: 28.167047 | U29: 1.1377359 | W29: 48.877979 | X29: 1.2553617 | Z29: 49.114759 | AA29: 1.1834293 | AC29: 19.514521 | AD29: 0.98736969 | AF29: 34.453499 | AG29: 1.1601029 | AI29: 0.43592519 | AJ29: 0.030549451 | AL29: -24.968924 | AM29: 1.4070208 | AO29: 28.473483 | AP29: 1.6899147 | AR29: 28.459161 | AS29: 1.5099716 | AU29: -21.162956 | AV29: 1.3188277 | AX29: -28.776037 | AY29: 1.4604683 | BA29: 0.81476598 | BB29: 0.033039859 | BD29: 0.71395084 | BE29: 0.029818855 | BG29: 0.80443868 | BH29: 0.0326828
A30: Iceland | B30: 64.126231 | C30: 1.1867815 | E30: 18.11741 | F30: 0.90513149 | H30: 26.783434 | I30: 0.85806553 | K30: 36.507565 | L30: 1.288309 | N30: 60.485561 | O30: 1.1697212 | Q30: -0.44384989 | R30: 0.021656147 | T30: 49.299557 | U30: 1.1126806 | W30: 29.051856 | X30: 1.1263791 | Z30: 43.284479 | AA30: 1.0211389 | AC30: 25.061699 | AD30: 0.93800641 | AF30: 41.858904 | AG30: 1.0190616 | AI30: -0.013609239 | AJ30: 0.025795462 | AL30: -14.826673 | AM30: 1.571307 | AO30: 10.934445 | AP30: 1.4933445 | AR30: 16.501044 | AS30: 1.315519 | AU30: -11.445865 | AV30: 1.6973867 | AX30: -18.626656 | AY30: 1.6240696 | BA30: 0.43024065 | BB30: 0.034700636 | BD30: 0.30911029 | BE30: 0.031427246 | BG30: 0.41002842 | BH30: 0.041464147
A31: Ireland | B31: 59.00211 | C31: 1.2346281 | E31: 22.066567 | F31: 0.80021494 | H31: 22.959582 | I31: 0.83070174 | K31: 32.39527 | L31: 1.1164424 | N31: 60.842534 | O31: 1.22978 | Q31: -0.33667372 | R31: 0.02188314 | T31: 44.148716 | U31: 1.0609117 | W31: 39.317845 | X31: 0.88960768 | Z31: 43.803008 | AA31: 1.0467281 | AC31: 21.307 | AD31: 0.9727284 | AF31: 43.224076 | AG31: 1.2025255 | AI31: 0.18929079 | AJ31: 0.024322032 | AL31: -14.853394 | AM31: 1.3700134 | AO31: 17.251278 | AP31: 1.1675179 | AR31: 20.843426 | AS31: 1.272707 | AU31: -11.08827 | AV31: 1.3769524 | AX31: -17.618458 | AY31: 1.5924324 | BA31: 0.52596451 | BB31: 0.028913975 | BD31: 0.40912455 | BE31: 0.028796445 | BG31: 0.52912029 | BH31: 0.029300248
A32: Israel | B32: 51.627716 | C32: 1.4018206 | E32: 32.701248 | F32: 1.3644945 | H32: 32.325397 | I32: 1.2972456 | K32: 34.654308 | L32: 1.0932062 | N32: 58.693021 | O32: 1.2075248 | Q32: -0.16117645 | R32: 0.030727068 | T32: 38.240128 | U32: 1.1038776 | W32: 49.257774 | X32: 1.2097251 | Z32: 45.997264 | AA32: 1.0585086 | AC32: 20.731301 | AD32: 0.73807242 | AF32: 40.928199 | AG32: 1.1703416 | AI32: 0.30479534 | AJ32: 0.025778116 | AL32: -13.387588 | AM32: 1.716034 | AO32: 16.556526 | AP32: 1.7984299 | AR32: 13.671867 | AS32: 1.5919922 | AU32: -13.923007 | AV32: 1.3138897 | AX32: -17.764822 | AY32: 1.6167922 | BA32: 0.4659718 | BB32: 0.038587569 | BD32: 0.41228128 | BE32: 0.035621104 | BG32: 0.45766971 | BH32: 0.040273796 | BI32: †
A33: Italy | B33: 50.417542 | C33: 1.0925679 | E33: 23.692713 | F33: 0.72490744 | H33: 27.400927 | I33: 0.94773211 | K33: 37.099021 | L33: 1.0367386 | N33: 63.203171 | O33: 0.89045123 | Q33: -0.32111056 | R33: 0.017473666 | T33: 25.757001 | U33: 0.88271038 | W33: 55.563454 | X33: 1.0015618 | Z33: 54.68849 | AA33: 1.0376989 | AC33: 14.496293 | AD33: 0.76694122 | AF33: 31.210509 | AG33: 0.98698507 | AI33: 0.51963314 | AJ33: 0.021238042 | AL33: -24.660541 | AM33: 1.2604986 | AO33: 31.870741 | AP33: 1.201613 | AR33: 27.287562 | AS33: 1.3893643 | AU33: -22.602728 | AV33: 1.1726258 | AX33: -31.992662 | AY33: 1.2955764 | BA33: 0.8407437 | BB33: 0.02662722 | BD33: 0.78464374 | BE33: 0.027011052 | BG33: 0.85630239 | BH33: 0.026012232
A34: Japan | B34: 43.428526 | C34: 0.98354793 | E34: 42.036714 | F34: 0.9537654 | H34: 41.534253 | I34: 0.92542341 | K34: 18.346091 | L34: 0.69527408 | N34: 33.569325 | O34: 0.83315356 | Q34: 0.18778996 | R34: 0.020049825 | T34: 35.377755 | U34: 0.90181521 | W34: 48.224604 | X34: 0.91243059 | Z34: 44.816446 | AA34: 1.0995703 | AC34: 13.001336 | AD34: 0.59798636 | AF34: 22.635681 | AG34: 0.92267111 | AI34: 0.39737533 | AJ34: 0.026218292 | AL34: -8.0507711 | AM34: 1.2322617 | AO34: 6.1878898 | AP34: 1.3599095 | AR34: 3.2821937 | AS34: 1.4074439 | AU34: -5.344755 | AV34: 0.89029004 | AX34: -10.933644 | AY34: 1.3961029 | BA34: 0.20958538 | BB34: 0.032414844 | BD34: 0.13334056 | BE34: 0.033699434 | BG34: 0.208753 | BH34: 0.03269301
A35: Korea | B35: 57.526207 | C35: 1.145455 | E35: 40.208694 | F35: 1.0230904 | H35: 41.712495 | I35: 0.94329831 | K35: 19.722738 | L35: 0.73357669 | N35: 40.390085 | O35: 1.0348694 | Q35: 0.15962872 | R35: 0.018969972 | T35: 50.046074 | U35: 0.94599055 | W35: 44.316639 | X35: 1.1222694 | Z35: 49.140942 | AA35: 1.194662 | AC35: 10.928428 | AD35: 0.6440094 | AF35: 28.250222 | AG35: 0.88471155 | AI35: 0.3155108 | AJ35: 0.020012103 | AL35: -7.4801329 | AM35: 1.3453273 | AO35: 4.1079455 | AP35: 1.5463169 | AR35: 7.428447 | AS35: 1.448103 | AU35: -8.7943101 | AV35: 0.96674067 | AX35: -12.139863 | AY35: 1.3253766 | BA35: 0.15588208 | BB35: 0.026477489 | BD35: 0.095030512 | BE35: 0.023431092 | BG35: 0.15674729 | BH35: 0.026744642
A36: Latvia | B36: 56.865688 | C36: 0.97546455 | E36: 21.541548 | F36: 0.79093299 | H36: 27.444618 | I36: 0.88510706 | K36: 37.559601 | L36: 1.0031538 | N36: 64.726977 | O36: 1.1526579 | Q36: -0.29782589 | R36: 0.017138959 | T36: 32.921661 | U36: 0.87431252 | W36: 44.439892 | X36: 0.96118027 | Z36: 51.879748 | AA36: 0.90321546 | AC36: 17.21819 | AD36: 0.66467255 | AF36: 38.884318 | AG36: 0.91726547 | AI36: 0.31248059 | AJ36: 0.015789744 | AL36: -23.944027 | AM36: 1.4116224 | AO36: 22.898344 | AP36: 1.2619043 | AR36: 24.43513 | AS36: 1.2706852 | AU36: -20.341411 | AV36: 1.1721917 | AX36: -25.842658 | AY36: 1.4204505 | BA36: 0.61030648 | BB36: 0.025405813 | BD36: 0.51003559 | BE36: 0.024359986 | BG36: 0.63068182 | BH36: 0.0253166
A37: Lithuania | B37: 67.768783 | C37: 0.91060883 | E37: 23.404595 | F37: 0.87926877 | H37: 30.320538 | I37: 0.90162915 | K37: 45.359142 | L37: 0.74512035 | N37: 68.130774 | O37: 0.96670254 | Q37: -0.42625542 | R37: 0.017891582 | T37: 51.129654 | U37: 1.0321953 | W37: 45.321991 | X37: 1.0476 | Z37: 51.273425 | AA37: 0.96471471 | AC37: 23.232321 | AD37: 0.99283027 | AF37: 49.162881 | AG37: 1.1239949 | AI37: 0.217404 | AJ37: 0.024010972 | AL37: -16.639129 | AM37: 1.2849985 | AO37: 21.917396 | AP37: 1.2465618 | AR37: 20.952888 | AS37: 1.2116457 | AU37: -22.126821 | AV37: 1.1707727 | AX37: -18.967893 | AY37: 1.4720287 | BA37: 0.64365942 | BB37: 0.026631657 | BD37: 0.56821213 | BE37: 0.026955085 | BG37: 0.67584777 | BH37: 0.02833549
A38: Luxembourg | B38: 63.0461 | C38: 0.89669115 | E38: 19.192517 | F38: 0.766483 | H38: 20.251271 | I38: 0.88754881 | K38: 42.539691 | L38: 0.99315854 | N38: 59.601573 | O38: 0.89955008 | Q38: -0.54492948 | R38: 0.020302576 | T38: 43.635099 | U38: 0.93682922 | W38: 35.841826 | X38: 0.95410644 | Z38: 36.726042 | AA38: 0.91617155 | AC38: 24.636577 | AD38: 0.90915814 | AF38: 39.24947 | AG38: 0.8915437 | AI38: 0.074759172 | AJ38: 0.021816147 | AL38: -19.411001 | AM38: 1.316753 | AO38: 16.649309 | AP38: 1.1986964 | AR38: 16.47477 | AS38: 1.2692833 | AU38: -17.903114 | AV38: 1.2980159 | AX38: -20.352103 | AY38: 1.3344331 | BA38: 0.61968865 | BB38: 0.030100829 | BD38: 0.53205962 | BE38: 0.029081469 | BG38: 0.60496884 | BH38: 0.032553915
A39: Mexico | B39: 56.255631 | C39: 0.97468006 | E39: 47.269182 | F39: 1.0561844 | H39: 41.756061 | I39: 1.0962391 | K39: 18.251151 | L39: 0.87619561 | N39: 64.057502 | O39: 1.1263048 | Q39: 0.10389657 | R39: 0.01422581 | T39: 38.175478 | U39: 1.1896615 | W39: 65.027119 | X39: 1.1781742 | Z39: 60.437132 | AA39: 1.1581201 | AC39: 8.0956452 | AD39: 0.53705926 | AF39: 44.17206 | AG39: 1.3088667 | AI39: 0.58098356 | AJ39: 0.023627248 | AL39: -18.080153 | AM39: 1.3312089 | AO39: 17.757937 | AP39: 1.5348479 | AR39: 18.681071 | AS39: 1.4795496 | AU39: -10.155505 | AV39: 0.98768608 | AX39: -19.885442 | AY39: 1.5417856 | BA39: 0.47708699 | BB39: 0.025926631 | BD39: 0.4526349 | BE39: 0.025222764 | BG39: 0.50202654 | BH39: 0.026878102
A40: Netherlands* | B40: 74.311101 | C40: 0.97991649 | E40: 10.125825 | F40: 0.65201711 | H40: 10.837855 | I40: 0.66490188 | K40: 54.987476 | L40: 1.0648999 | N40: 71.632578 | O40: 1.1055639 | Q40: -0.89683382 | R40: 0.021445492 | T40: 51.529543 | U40: 1.1470214 | W40: 26.292515 | X40: 1.0839968 | Z40: 26.953858 | AA40: 1.0666131 | AC40: 30.134463 | AD40: 1.0459709 | AF40: 46.983017 | AG40: 1.1310301 | AI40: -0.23761901 | AJ40: 0.027883587 | AL40: -22.781557 | AM40: 1.421918 | AO40: 16.166689 | AP40: 1.162416 | AR40: 16.116003 | AS40: 1.1525446 | AU40: -24.853012 | AV40: 1.3367296 | AX40: -24.649561 | AY40: 1.4221294 | BA40: 0.6592148 | BB40: 0.030694253 | BD40: 0.57291831 | BE40: 0.028082846 | BG40: m | BH40: m
A41: New Zealand | B41: 59.602251 | C41: 1.0079579 | E41: 24.861461 | F41: 0.89070062 | H41: 24.250488 | I41: 0.87180566 | K41: 33.823239 | L41: 1.0339921 | N41: 59.73741 | O41: 0.90893016 | Q41: -0.33083602 | R41: 0.022821465 | T41: 44.755761 | U41: 1.11492 | W41: 42.639077 | X41: 0.94220823 | Z41: 42.945244 | AA41: 1.0843576 | AC41: 21.890466 | AD41: 0.98962403 | AF41: 43.992687 | AG41: 0.9724416 | AI41: 0.16152377 | AJ41: 0.026169339 | AL41: -14.846491 | AM41: 1.5746746 | AO41: 17.777616 | AP41: 1.2009817 | AR41: 18.694756 | AS41: 1.4473681 | AU41: -11.932773 | AV41: 1.483343 | AX41: -15.744723 | AY41: 1.282241 | BA41: 0.49235979 | BB41: 0.034422433 | BD41: 0.39024032 | BE41: 0.029729578 | BG41: 0.48576412 | BH41: 0.03680173
A42: Norway | B42: 68.038509 | C42: 0.85561653 | E42: 13.87076 | F42: 0.72007811 | H42: 16.023459 | I42: 0.84443866 | K42: 50.242796 | L42: 0.97246109 | N42: 72.3513 | O42: 0.84877455 | Q42: -0.80145451 | R42: 0.023684055 | T42: 47.953009 | U42: 1.0101361 | W42: 26.656061 | X42: 0.79169986 | Z42: 31.026911 | AA42: 0.97284977 | AC42: 30.819212 | AD42: 0.97362736 | AF42: 51.177857 | AG42: 1.0372627 | AI42: -0.21963039 | AJ42: 0.022796168 | AL42: -20.085499 | AM42: 1.3050737 | AO42: 12.785301 | AP42: 1.0198146 | AR42: 15.003452 | AS42: 1.2522599 | AU42: -19.423584 | AV42: 1.2129271 | AX42: -21.173443 | AY42: 1.3292446 | BA42: 0.58182413 | BB42: 0.032906729 | BD42: 0.46098825 | BE42: 0.03071867 | BG42: m | BH42: m
A43: Poland | B43: 51.305824 | C43: 1.0246182 | E43: 26.669675 | F43: 0.99739641 | H43: 31.069749 | I43: 1.1391036 | K43: 35.63502 | L43: 0.99995947 | N43: 58.908677 | O43: 0.98934581 | Q43: -0.17113143 | R43: 0.021422357 | T43: 27.90936 | U43: 0.98938605 | W43: 54.139004 | X43: 1.14556 | Z43: 58.001201 | AA43: 1.0563569 | AC43: 14.582128 | AD43: 0.78324244 | AF43: 31.940859 | AG43: 0.95861193 | AI43: 0.52761844 | AJ43: 0.023368408 | AL43: -23.396464 | AM43: 1.4162135 | AO43: 27.469329 | AP43: 1.5382766 | AR43: 26.931452 | AS43: 1.4406112 | AU43: -21.052891 | AV43: 1.2413076 | AX43: -26.967818 | AY43: 1.2913343 | BA43: 0.69874987 | BB43: 0.02764019 | BD43: 0.58377807 | BE43: 0.026683144 | BG43: 0.69410365 | BH43: 0.027387104
A44: Portugal* | B44: 41.031244 | C44: 1.0073262 | E44: 18.785661 | F44: 0.8078527 | H44: 22.923252 | I44: 1.0854992 | K44: 31.18843 | L44: 1.1315581 | N44: 60.291786 | O44: 1.0824363 | Q44: -0.2947035 | R44: 0.023219803 | T44: 19.923334 | U44: 0.806081 | W44: 45.464519 | X44: 0.97969726 | Z44: 53.304135 | AA44: 1.1527141 | AC44: 12.056819 | AD44: 0.66612039 | AF44: 32.491568 | AG44: 1.1165178 | AI44: 0.44968919 | AJ44: 0.020543424 | AL44: -21.10791 | AM44: 1.2780928 | AO44: 26.678858 | AP44: 1.257439 | AR44: 30.380884 | AS44: 1.5064076 | AU44: -19.131611 | AV44: 1.3731241 | AX44: -27.800218 | AY44: 1.5858477 | BA44: 0.74439269 | BB44: 0.029297926 | BD44: 0.67700192 | BE44: 0.028770158 | BG44: m | BH44: m
A45: Slovak Republic | B45: 58.729719 | C45: 1.0583262 | E45: 25.966103 | F45: 0.91846805 | H45: 25.462174 | I45: 0.84670622 | K45: 39.53774 | L45: 1.08813 | N45: 60.866638 | O45: 1.1644585 | Q45: -0.28175786 | R45: 0.023341732 | T45: 30.709317 | U45: 1.0770606 | W45: 55.003875 | X45: 1.0519315 | Z45: 52.112763 | AA45: 1.1331923 | AC45: 16.607388 | AD45: 0.82978506 | AF45: 33.207795 | AG45: 1.1200534 | AI45: 0.50116843 | AJ45: 0.024530477 | AL45: -28.020401 | AM45: 1.5152486 | AO45: 29.037772 | AP45: 1.4718869 | AR45: 26.650589 | AS45: 1.3644435 | AU45: -22.930352 | AV45: 1.289291 | AX45: -27.658843 | AY45: 1.6266215 | BA45: 0.78292629 | BB45: 0.035574204 | BD45: 0.67789862 | BE45: 0.033380352 | BG45: 0.79393148 | BH45: 0.036861523
A46: Slovenia | B46: 67.364397 | C46: 0.99028131 | E46: 16.069108 | F46: 0.78716953 | H46: 22.990207 | I46: 0.90464245 | K46: 48.553008 | L46: 1.1482016 | N46: 65.312018 | O46: 1.1526111 | Q46: -0.5462676 | R46: 0.020060459 | T46: 45.80005 | U46: 1.1528971 | W46: 35.997867 | X46: 1.0116581 | Z46: 44.555971 | AA46: 1.143138 | AC46: 24.381032 | AD46: 0.9814504 | AF46: 40.304888 | AG46: 1.2014415 | AI46: 0.11831965 | AJ46: 0.025424925 | AL46: -21.564346 | AM46: 1.5566316 | AO46: 19.928759 | AP46: 1.3334239 | AR46: 21.565764 | AS46: 1.4601016 | AU46: -24.171976 | AV46: 1.574687 | AX46: -25.007129 | AY46: 1.8643548 | BA46: 0.66458725 | BB46: 0.033332377 | BD46: 0.52919457 | BE46: 0.032012168 | BG46: 0.66428482 | BH46: 0.035213467
A47: Spain | B47: 53.810074 | C47: 0.56654663 | E47: 23.391023 | F47: 0.49780844 | H47: 29.203575 | I47: 0.49360341 | K47: 30.434512 | L47: 0.54645547 | N47: 57.060253 | O47: 0.56566177 | Q47: -0.27818411 | R47: 0.011202492 | T47: 31.972885 | U47: 0.57837441 | W47: 48.401797 | X47: 0.61966414 | Z47: 53.506394 | AA47: 0.61770833 | AC47: 14.427572 | AD47: 0.42847009 | AF47: 33.325286 | AG47: 0.59426731 | AI47: 0.45115697 | AJ47: 0.016730183 | AL47: -21.837189 | AM47: 0.77058621 | AO47: 25.010774 | AP47: 0.80893275 | AR47: 24.302819 | AS47: 0.87826636 | AU47: -16.00694 | AV47: 0.61306221 | AX47: -23.734967 | AY47: 0.8225947 | BA47: 0.72934108 | BB47: 0.021301782 | BD47: m | BE47: m | BG47: 0.74336038 | BH47: 0.022986964
A48: Sweden | B48: 65.292276 | C48: 1.0552024 | E48: 18.870892 | F48: 0.80497485 | H48: 27.221768 | I48: 1.0959563 | K48: 44.240878 | L48: 1.2155751 | N48: 64.925584 | O48: 1.0632161 | Q48: -0.52325975 | R48: 0.024592258 | T48: 48.741197 | U48: 1.0826161 | W48: 29.923624 | X48: 1.1479634 | Z48: 37.035912 | AA48: 1.0023577 | AC48: 31.380693 | AD48: 1.0070214 | AF48: 49.377988 | AG48: 1.0736287 | AI48: -0.10317583 | AJ48: 0.025566041 | AL48: -16.55108 | AM48: 1.4710264 | AO48: 11.052733 | AP48: 1.4225586 | AR48: 9.8141441 | AS48: 1.2715886 | AU48: -12.860185 | AV48: 1.4745052 | AX48: -15.547596 | AY48: 1.2417711 | BA48: 0.42008392 | BB48: 0.031754657 | BD48: 0.34094298 | BE48: 0.030400953 | BG48: 0.40828656 | BH48: 0.036040549
A49: Switzerland | B49: 62.062012 | C49: 1.2436548 | E49: 16.385634 | F49: 0.7312853 | H49: 18.03544 | I49: 0.84027873 | K49: 43.71195 | L49: 1.1881858 | N49: 62.561494 | O49: 1.1429947 | Q49: -0.64451185 | R49: 0.026594509 | T49: 43.796699 | U49: 1.0331761 | W49: 36.223212 | X49: 1.1438591 | Z49: 36.209067 | AA49: 1.2127818 | AC49: 26.516347 | AD49: 0.97752419 | AF49: 41.496802 | AG49: 1.0555268 | AI49: 0.033848456 | AJ49: 0.031694782 | AL49: -18.265313 | AM49: 1.477517 | AO49: 19.837579 | AP49: 1.4095029 | AR49: 18.173627 | AS49: 1.3326761 | AU49: -17.195603 | AV49: 1.4384722 | AX49: -21.064692 | AY49: 1.3954955 | BA49: 0.67836031 | BB49: 0.03879421 | BD49: 0.5571482 | BE49: 0.037932887 | BG49: 0.66567405 | BH49: 0.043030615
A50: Turkey | B50: 32.965978 | C50: 0.91227281 | E50: 50.597909 | F50: 1.001687 | H50: 49.634639 | I50: 0.94020966 | K50: 17.816398 | L50: 0.81583422 | N50: 47.5059 | O50: 0.92169699 | Q50: 0.30681678 | R50: 0.017893402 | T50: 14.983596 | U50: 0.69222486 | W50: 78.00402 | X50: 0.76251298 | Z50: 76.585349 | AA50: 0.78083647 | AC50: 6.6432959 | AD50: 0.44891405 | AF50: 19.616548 | AG50: 0.75574466 | AI50: 1.0637126 | AJ50: 0.01911988 | AL50: -17.982382 | AM50: 1.0241037 | AO50: 27.406111 | AP50: 1.1221631 | AR50: 26.95071 | AS50: 1.0624008 | AU50: -11.173102 | AV50: 0.79986455 | AX50: -27.889351 | AY50: 1.0178483 | BA50: 0.75689586 | BB50: 0.018914596 | BD50: 0.70623217 | BE50: 0.020362348 | BG50: 0.76976693 | BH50: 0.019565999
A51: United Kingdom | B51: 62.288711 | C51: 0.99122767 | E51: 18.472136 | F51: 0.87575082 | H51: 21.128581 | I51: 0.84056076 | K51: 36.85386 | L51: 1.0025024 | N51: 66.009565 | O51: 0.93742992 | Q51: -0.46870399 | R51: 0.024108747 | T51: 46.777583 | U51: 0.82739822 | W51: 35.698677 | X51: 0.86727171 | Z51: 39.130985 | AA51: 0.97846131 | AC51: 25.20425 | AD51: 0.79389572 | AF51: 48.241007 | AG51: 0.89921576 | AI51: 0.023512874 | AJ51: 0.022278819 | AL51: -15.511129 | AM51: 1.1395307 | AO51: 17.226541 | AP51: 1.1632223 | AR51: 18.002405 | AS51: 1.1979938 | AU51: -11.64961 | AV51: 1.2338972 | AX51: -17.768557 | AY51: 1.2378345 | BA51: 0.49221687 | BB51: 0.026965841 | BD51: 0.42913998 | BE51: 0.026682599 | BG51: 0.47658263 | BH51: 0.030830793
A52: United States* | B52: 62.313957 | C52: 1.0001309 | E52: 25.276245 | F52: 1.0470641 | H52: 32.29532 | I52: 1.1775397 | K52: 35.572575 | L52: 1.0870271 | N52: 61.516232 | O52: 1.1922069 | Q52: -0.32319761 | R52: 0.021918571 | T52: 47.343869 | U52: 1.116935 | W52: 40.945456 | X52: 1.202874 | Z52: 48.020406 | AA52: 1.1797293 | AC52: 20.159605 | AD52: 0.91791944 | AF52: 45.231418 | AG52: 1.1727257 | AI52: 0.1865586 | AJ52: 0.02567165 | AL52: -14.970088 | AM52: 1.3753116 | AO52: 15.669211 | AP52: 1.5481639 | AR52: 15.725086 | AS52: 1.5701687 | AU52: -15.41297 | AV52: 1.3921426 | AX52: -16.284814 | AY52: 1.5093827 | BA52: 0.50975621 | BB52: 0.031059981 | BD52: 0.44531349 | BE52: 0.030905173 | BG52: 0.50173506 | BH52: 0.032048099
A53: OECD average-24 | B53: 57.860753 | C53: 0.20471501 | E53: 23.150067 | F53: 0.16897497 | H53: 25.946666 | I53: 0.18587595 | K53: 36.57001 | L53: 0.20709208 | N53: 59.613138 | O53: 0.20471771 | Q53: -0.36227454 | R53: 0.0042072051 | T53: 38.991906 | U53: 0.20042156 | W53: 42.010934 | X53: 0.20379063 | Z53: 45.715739 | AA53: 0.21714183 | AC53: 20.420681 | AD53: 0.17036701 | AF53: 38.178381 | AG53: 0.20775841 | AI53: 0.22359297 | AJ53: 0.0049079959 | AL53: -18.868846 | AM53: 0.26967933 | AO53: 18.860867 | AP53: 0.26117734 | AR53: 19.769074 | AS53: 0.27150945 | AU53: -16.149329 | AV53: 0.25725265 | AX53: -21.434756 | AY53: 0.27586925 | BA53: 0.58586751 | BB53: 0.0060725459 | BD53: 0.49132159 | BE53: 0.0057681804 | BG53: 0.57231359 | BH53: 0.006959389
A54: OECD average-36b | B54: 58.483036 | C54: 0.1689193 | E54: 24.192511 | F54: 0.14422386 | H54: 26.99799 | I54: 0.15600005 | K54: 36.517525 | L54: 0.16792737 | N54: 60.360685 | O54: 0.17044489 | Q54: -0.34623508 | R54: 0.0034580581 | T54: 39.521838 | U54: 0.16754353 | W54: 43.533008 | X54: 0.16772567 | Z54: 46.756149 | AA54: 0.17614899 | AC54: 19.98568 | AD54: 0.13881862 | AF54: 38.844758 | AG54: 0.171006 | AI54: 0.24685679 | AJ54: 0.0039756806 | AL54: -18.961198 | AM54: 0.22580323 | AO54: 19.340497 | AP54: 0.21807819 | AR54: 19.758159 | AS54: 0.22313736 | AU54: -16.531845 | AV54: 0.20960326 | AX54: -21.515927 | AY54: 0.23049035 | BA54: 0.59309186 | BB54: 0.0049538189 | BD54: 0.50562033 | BE54: 0.0047280902 | BG54: 0.58967672 | BH54: 0.0057344291
A55: OECD average-37 | B55: 58.610644 | C55: 0.16640373 | E55: 23.998506 | F55: 0.14138005 | H55: 26.72419 | I55: 0.1533043 | K55: 36.725308 | L55: 0.16542146 | N55: 60.529859 | O55: 0.1676614 | Q55: -0.35457513 | R55: 0.0034071199 | T55: 39.584832 | U55: 0.1656052 | W55: 43.431447 | X55: 0.16559848 | Z55: 46.460286 | AA55: 0.17431881 | AC55: 20.14881 | AD55: 0.13758017 | AF55: 38.882825 | AG55: 0.16925194 | AI55: 0.24289714 | AJ55: 0.0039472227 | AL55: -19.025812 | AM55: 0.22315643 | AO55: 19.432942 | AP55: 0.21457487 | AR55: 19.736096 | AS55: 0.22049 | AU55: -16.576499 | AV55: 0.20711701 | AX55: -21.647034 | AY55: 0.22796467 | BA55: 0.59747226 | BB55: 0.0049205218 | BD55: 0.50955888 | BE55: 0.0046730246 | BG55: 0.59457706 | BH55: 0.0056852295
A56: Partners
A57: Albania | B57: 51.233431 | C57: 1.0442212 | E57: 67.166644 | F57: 1.0385926 | H57: 67.188639 | I57: 1.0319535 | K57: 20.362096 | L57: 0.87288717 | N57: 58.836307 | O57: 1.0260908 | Q57: 0.41824016 | R57: 0.01704562 | T57: 26.232226 | U57: 0.96363573 | W57: 86.627557 | X57: 0.77831907 | Z57: 85.713875 | AA57: 0.77116521 | AC57: 6.6189792 | AD57: 0.47832648 | AF57: 31.384957 | AG57: 0.99742636 | AI57: 0.9697134 | AJ57: 0.016766082 | AL57: -25.001206 | AM57: 1.4879853 | AO57: 19.460913 | AP57: 1.4040287 | AR57: 18.525236 | AS57: 1.2929797 | AU57: -13.743117 | AV57: 0.8402337 | AX57: -27.451351 | AY57: 1.2995095 | BA57: 0.55147324 | BB57: 0.022608855 | BD57: 0.49887451 | BE57: 0.0231436 | BG57: 0.54842033 | BH57: 0.023739973
A58: Argentina | B58: 68.643055 | C58: 0.93878113 | E58: 31.363091 | F58: 0.94004665 | H58: 30.019472 | I58: 1.0059077 | K58: 26.68642 | L58: 0.87648386 | N58: 71.870667 | O58: 0.94203108 | Q58: -0.22828188 | R58: 0.016383165 | T58: 55.282544 | U58: 0.96197376 | W58: 48.192481 | X58: 0.91144788 | Z58: 45.062605 | AA58: 1.1839357 | AC58: 15.213869 | AD58: 0.64713052 | AF58: 56.927409 | AG58: 1.0151675 | AI58: 0.25781333 | AJ58: 0.02091704 | AL58: -13.360511 | AM58: 1.4150084 | AO58: 16.829389 | AP58: 1.237055 | AR58: 15.043133 | AS58: 1.5311606 | AU58: -11.47255 | AV58: 1.081871 | AX58: -14.943258 | AY58: 1.1161527 | BA58: 0.48609522 | BB58: 0.026113298 | BD58: 0.45392524 | BE58: 0.02429269 | BG58: m | BH58: m
A59: Baku (Azerbaijan) | B59: 59.252132 | C59: 1.0219574 | E59: 61.490753 | F59: 1.2020797 | H59: 55.432424 | I59: 1.1473398 | K59: 27.451724 | L59: 0.89497223 | N59: 61.967286 | O59: 0.95786695 | Q59: 0.22808121 | R59: 0.014054155 | T59: 46.158209 | U59: 0.95251476 | W59: 76.084767 | X59: 0.8289235 | Z59: 70.933174 | AA59: 0.96471932 | AC59: 12.331633 | AD59: 0.69869777 | AF59: 43.587846 | AG59: 0.91595073 | AI59: 0.63312244 | AJ59: 0.014764046 | AL59: -13.093924 | AM59: 1.4124213 | AO59: 14.594014 | AP59: 1.5066243 | AR59: 15.50075 | AS59: 1.3267672 | AU59: -15.120091 | AV59: 1.028795 | AX59: -18.37944 | AY59: 1.2872033 | BA59: 0.40504123 | BB59: 0.020639035 | BD59: 0.35294708 | BE59: 0.01967258 | BG59: m | BH59: m
A60: Belarus | B60: 58.062608 | C60: 1.1057791 | E60: 35.77722 | F60: 0.96489546 | H60: 42.361077 | I60: 1.134524 | K60: 19.806996 | L60: 0.700569 | N60: 67.445685 | O60: 1.0743292 | Q60: 0.050416082 | R60: 0.016578596 | T60: 32.848601 | U60: 1.174378 | W60: 58.977686 | X60: 1.3446921 | Z60: 68.999084 | AA60: 1.1833594 | AC60: 7.5037323 | AD60: 0.55956326 | AF60: 41.542372 | AG60: 1.2399035 | AI60: 0.56590973 | AJ60: 0.025226854 | AL60: -25.214007 | AM60: 1.5404663 | AO60: 23.200465 | AP60: 1.416363 | AR60: 26.638006 | AS60: 1.3843165 | AU60: -12.303264 | AV60: 0.88162211 | AX60: -25.903314 | AY60: 1.6149727 | BA60: 0.51549364 | BB60: 0.025447391 | BD60: 0.45918623 | BE60: 0.022889519 | BG60: m | BH60: m
A61: Bosnia and Herzegovina | B61: 62.639235 | C61: 1.1086945 | E61: 23.068112 | F61: 0.95745398 | H61: 29.128712 | I61: 0.86720326 | K61: 37.671725 | L61: 1.1578387 | N61: 66.968098 | O61: 0.85446022 | Q61: -0.31997656 | R61: 0.020359311 | T61: 40.859315 | U61: 1.0826586 | W61: 45.840076 | X61: 1.2280106 | Z61: 53.588822 | AA61: 1.2688778 | AC61: 20.193489 | AD61: 1.0496414 | AF61: 45.486036 | AG61: 1.0426973 | AI61: 0.27389463 | AJ61: 0.02898721 | AL61: -21.77992 | AM61: 1.4602195 | AO61: 22.771963 | AP61: 1.4995962 | AR61: 24.46011 | AS61: 1.2386268 | AU61: -17.478236 | AV61: 1.5123653 | AX61: -21.482062 | AY61: 1.3808078 | BA61: 0.59387119 | BB61: 0.032775748 | BD61: 0.51459208 | BE61: 0.02959679 | BG61: m | BH61: m
A62: Brazil | B62: 29.48913 | C62: 0.78747527 | E62: 36.557986 | F62: 0.85849722 | H62: 38.217386 | I62: 0.83199157 | K62: 13.902532 | L62: 0.64706389 | N62: 62.277465 | O62: 0.94774958 | Q62: 0.12098422 | R62: 0.015448116 | T62: 19.376077 | U62: 0.61857361 | W62: 56.851788 | X62: 0.73365144 | Z62: 58.000314 | AA62: 0.94992032 | AC62: 6.6577917 | AD62: 0.47102075 | AF62: 41.601495 | AG62: 0.70702648 | AI62: 0.59666602 | AJ62: 0.016863126 | AL62: -10.113053 | AM62: 0.89420429 | AO62: 20.293802 | AP62: 1.0349075 | AR62: 19.782928 | AS62: 1.304438 | AU62: -7.2447402 | AV62: 0.7908981 | AX62: -20.67597 | AY62: 1.299881 | BA62: 0.4756818 | BB62: 0.022990258 | BD62: 0.43405032 | BE62: 0.022162571 | BG62: 0.53252023 | BH62: 0.027751167 | BI62: †
A63: Brunei Darussalam | B63: 68.341898 | C63: 0.69111347 | E63: 43.25247 | F63: 0.87889972 | H63: 33.563288 | I63: 0.7779905 | K63: 18.614469 | L63: 0.60493016 | N63: 76.287315 | O63: 0.64333721 | Q63: -0.036202118 | R63: 0.011183114 | T63: 49.829079 | U63: 0.80441743 | W63: 70.368969 | X63: 0.77554931 | Z63: 58.788267 | AA63: 0.82180246 | AC63: 7.0360635 | AD63: 0.43487104 | AF63: 53.566814 | AG63: 0.7283746 | AI63: 0.54373366 | AJ63: 0.014493961 | AL63: -18.512819 | AM63: 1.011323 | AO63: 27.116499 | AP63: 1.1010649 | AR63: 25.224979 | AS63: 1.0330095 | AU63: -11.578405 | AV63: 0.73508714 | AX63: -22.720501 | AY63: 0.91480837 | BA63: 0.57993577 | BB63: 0.018060873 | BD63: 0.51455783 | BE63: 0.017515941 | BG63: 0.59443588 | BH63: 0.019131031
A64: B-S-J-Z (China) | B64: 15.684064 | C64: 0.80905645 | E64: 79.511117 | F64: 0.78788298 | H64: 71.838466 | I64: 0.68847932 | K64: 7.620689 | L64: 0.49279836 | N64: 33.965914 | O64: 1.0087177 | Q64: 0.86867038 | R64: 0.018491886 | T64: 7.7628914 | U64: 0.54546442 | W64: 87.099972 | X64: 0.6267049 | Z64: 79.934206 | AA64: 0.65044108 | AC64: 2.7627674 | AD64: 0.33123194 | AF64: 20.159774 | AG64: 0.81794062 | AI64: 1.0822754 | AJ64: 0.017861857 | AL64: -7.9211724 | AM64: 0.78432613 | AO64: 7.5888556 | AP64: 0.79395813 | AR64: 8.0957399 | AS64: 0.76013202 | AU64: -4.8579216 | AV64: 0.54965246 | AX64: -13.80614 | AY64: 1.1302843 | BA64: 0.21360505 | BB64: 0.020144733 | BD64: 0.17650717 | BE64: 0.019663449 | BG64: m | BH64: m
A65: Bulgaria | B65: 55.038766 | C65: 1.1307082 | E65: 36.521432 | F65: 1.1066609 | H65: 37.735525 | I65: 1.0749916 | K65: 32.763316 | L65: 1.1901385 | N65: 64.659524 | O65: 1.069109 | Q65: -0.067618434 | R65: 0.019839339 | T65: 37.483749 | U65: 1.2920748 | W65: 60.628875 | X65: 1.3399104 | Z65: 58.15131 | AA65: 1.3563966 | AC65: 14.680277 | AD65: 0.85794829 | AF65: 42.955703 | AG65: 1.3616152 | AI65: 0.55128298 | AJ65: 0.030663682 | AL65: -17.555017 | AM65: 1.375348 | AO65: 24.107442 | AP65: 1.6249868 | AR65: 20.415786 | AS65: 1.4865095 | AU65: -18.08304 | AV65: 1.2894173 | AX65: -21.703822 | AY65: 1.4722967 | BA65: 0.61890142 | BB65: 0.028677747 | BD65: 0.52496671 | BE65: 0.028681306 | BG65: 0.65907442 | BH65: 0.030517609 | BI65: †
A66: Costa Rica | B66: 66.475505 | C66: 0.99218104 | E66: 30.60786 | F66: 0.87121476 | H66: 28.431551 | I66: 0.84087022 | K66: 24.938645 | L66: 0.85906624 | N66: 67.315737 | O66: 1.1017718 | Q66: -0.2181986 | R66: 0.018927002 | T66: 48.611754 | U66: 1.2893904 | W66: 52.896994 | X66: 1.0550028 | Z66: 49.098588 | AA66: 0.97398947 | AC66: 12.444115 | AD66: 0.75512968 | AF66: 44.40944 | AG66: 1.2080582 | AI66: 0.4127312 | AJ66: 0.028104516 | AL66: -17.863751 | AM66: 1.4284823 | AO66: 22.289133 | AP66: 1.4029176 | AR66: 20.667038 | AS66: 1.1912776 | AU66: -12.49453 | AV66: 1.0208737 | AX66: -22.906297 | AY66: 1.4263899 | BA66: 0.6309298 | BB66: 0.029390297 | BD66: 0.59862721 | BE66: 0.027877279 | BG66: 0.6837969 | BH66: 0.030092119
A67: Croatia | B67: 66.713569 | C67: 0.8394523 | E67: 13.596343 | F67: 0.63429874 | H67: 19.025337 | I67: 0.63806403 | K67: 49.600468 | L67: 0.97533148 | N67: 68.666221 | O67: 0.91227498 | Q67: -0.58473441 | R67: 0.01654294 | T67: 48.17387 | U67: 1.0629053 | W67: 31.223799 | X67: 0.99023952 | Z67: 38.870387 | AA67: 1.0581223 | AC67: 27.428083 | AD67: 0.83915275 | AF67: 48.520748 | AG67: 1.0076279 | AI67: 0.0061869324 | AJ67: 0.023874674 | AL67: -18.539699 | AM67: 1.2696835 | AO67: 17.627456 | AP67: 1.0740263 | AR67: 19.845051 | AS67: 1.1296961 | AU67: -22.172385 | AV67: 1.2564133 | AX67: -20.145473 | AY67: 1.3771483 | BA67: 0.59092134 | BB67: 0.026929309 | BD67: 0.50716189 | BE67: 0.022915296 | BG67: 0.59500791 | BH67: 0.028410963
A68: Cyprus | B68: 62.329453 | C68: 0.98095989 | E68: 19.396625 | F68: 0.85324927 | H68: 26.285056 | I68: 1.0295521 | K68: 39.912282 | L68: 0.88012765 | N68: 63.360871 | O68: 1.0113477 | Q68: -0.40905553 | R68: 0.016599801 | T68: 46.0915 | U68: 0.98170344 | W68: 27.18567 | X68: 0.98318033 | Z68: 43.793237 | AA68: 1.0110762 | AC68: 21.542941 | AD68: 0.77853347 | AF68: 46.905979 | AG68: 0.97003476 | AI68: -0.010256559 | AJ68: 0.017932956 | AL68: -16.237953 | AM68: 1.3762604 | AO68: 7.7890442 | AP68: 1.1835429 | AR68: 17.508181 | AS68: 1.4396544 | AU68: -18.369341 | AV68: 1.2202015 | AX68: -16.454892 | AY68: 1.3919458 | BA68: 0.39879897 | BB68: 0.025766408 | BD68: 0.32550096 | BE68: 0.02639776 | BG68: m | BH68: m
A69: Dominican Republic | B69: 56.367463 | C69: 1.1584507 | E69: 54.48263 | F69: 1.2457243 | H69: 50.589768 | I69: 1.1458265 | K69: 20.489729 | L69: 0.89798828 | N69: 63.507191 | O69: 1.0536316 | Q69: 0.18519798 | R69: 0.016048802 | T69: 41.857736 | U69: 1.1664448 | W69: 68.69268 | X69: 0.95448512 | Z69: 66.048818 | AA69: 1.1188156 | AC69: 10.392956 | AD69: 0.71628931 | AF69: 46.153552 | AG69: 1.0691111 | AI69: 0.60153004 | AJ69: 0.020914444 | AL69: -14.509727 | AM69: 1.6753026 | AO69: 14.210049 | AP69: 1.4896307 | AR69: 15.45905 | AS69: 1.6124341 | AU69: -10.096772 | AV69: 1.0375812 | AX69: -17.353639 | AY69: 1.4749654 | BA69: 0.41633207 | BB69: 0.027062344 | BD69: 0.37257535 | BE69: 0.027920159 | BG69: 0.43655799 | BH69: 0.032319035 | BI69: †
A70: Georgia | B70: 48.007998 | C70: 1.0531211 | E70: 46.355995 | F70: 1.0159773 | H70: 52.116937 | I70: 1.0728769 | K70: 25.739242 | L70: 0.97311706 | N70: 67.788903 | O70: 1.058761 | Q70: 0.13507785 | R70: 0.0139081 | T70: 28.066611 | U70: 1.0061787 | W70: 75.45319 | X70: 0.82670401 | Z70: 76.173394 | AA70: 0.7711734 | AC70: 9.2125473 | AD70: 0.65948308 | AF70: 47.708634 | AG70: 1.3054906 | AI70: 0.72541586 | AJ70: 0.017415714 | AL70: -19.941387 | AM70: 1.4368063 | AO70: 29.097195 | AP70: 1.3546661 | AR70: 24.056457 | AS70: 1.4020423 | AU70: -16.526694 | AV70: 1.1307987 | AX70: -20.08027 | AY70: 1.487143 | BA70: 0.59033801 | BB70: 0.021229956 | BD70: 0.5026717 | BE70: 0.020201693 | BG70: 0.63958218 | BH70: 0.023747304 | BI70: †
A71: Hong Kong (China)* | B71: 53.043722 | C71: 1.0946742 | E71: 54.121554 | F71: 1.0856881 | H71: 45.90016 | I71: 0.93314808 | K71: 29.047995 | L71: 0.97272676 | N71: 53.944135 | O71: 0.94071296 | Q71: 0.14097708 | R71: 0.020924181 | T71: 38.789708 | U71: 0.85240416 | W71: 64.748442 | X71: 1.0605738 | Z71: 51.499586 | AA71: 0.96523404 | AC71: 12.963152 | AD71: 0.66270392 | AF71: 39.015016 | AG71: 0.9591936 | AI71: 0.44692985 | AJ71: 0.019512033 | AL71: -14.254014 | AM71: 1.3660641 | AO71: 10.626888 | AP71: 1.499365 | AR71: 5.5994255 | AS71: 1.3333188 | AU71: -16.084843 | AV71: 1.1853528 | AX71: -14.929119 | AY71: 1.2766133 | BA71: 0.30595277 | BB71: 0.029895277 | BD71: 0.22755352 | BE71: 0.029746663 | BG71: 0.29973855 | BH71: 0.031374807
A72: Indonesia | B72: 35.972308 | C72: 1.3020937 | E72: 69.855961 | F72: 0.95602187 | H72: 67.311541 | I72: 1.17298 | K72: 19.685422 | L72: 1.1103046 | N72: 61.815004 | O72: 1.2345773 | Q72: 0.41943044 | R72: 0.017964646 | T72: 27.689352 | U72: 1.2637883 | W72: 77.449834 | X72: 1.1843394 | Z72: 72.051035 | AA72: 1.2717851 | AC72: 8.9423256 | AD72: 0.89644937 | AF72: 49.604394 | AG72: 1.4325493 | AI72: 0.575342 | AJ72: 0.020544753 | AL72: -8.2829561 | AM72: 1.6815397 | AO72: 7.5938727 | AP72: 1.3379484 | AR72: 4.7394935 | AS72: 1.424774 | AU72: -10.743096 | AV72: 1.2827084 | AX72: -12.210609 | AY72: 1.8321159 | BA72: 0.15591156 | BB72: 0.025394919 | BD72: 0.13247232 | BE72: 0.024521205 | BG72: m | BH72: m
A73: Jordan | B73: 29.905257 | C73: 0.8439567 | E73: 59.780714 | F73: 1.4115155 | H73: 54.568441 | I73: 1.1170823 | K73: 32.469796 | L73: 1.3036505 | N73: 62.849237 | O73: 0.67118504 | Q73: 0.29797964 | R73: 0.018058785 | T73: 22.552243 | U73: 0.96594735 | W73: 72.451853 | X73: 1.064723 | Z73: 62.648368 | AA73: 1.2645315 | AC73: 15.532112 | AD73: 0.84739936 | AF73: 50.465229 | AG73: 1.094736 | AI73: 0.62324445 | AJ73: 0.017880776 | AL73: -7.3530134 | AM73: 1.2707979 | AO73: 12.671138 | AP73: 1.7468629 | AR73: 8.0799262 | AS73: 1.6699821 | AU73: -16.937685 | AV73: 1.4922643 | AX73: -12.384007 | AY73: 1.2895001 | BA73: 0.3252648 | BB73: 0.025012015 | BD73: 0.24388732 | BE73: 0.025152797 | BG73: m | BH73: m
A74: Kazakhstan | B74: 23.43017 | C74: 0.64376497 | E74: 67.892034 | F74: 0.6679019 | H74: 54.094763 | I74: 0.7480207 | K74: 15.307036 | L74: 0.4505905 | N74: 61.298923 | O74: 0.78232001 | Q74: 0.38213756 | R74: 0.010936315 | T74: 13.434323 | U74: 0.45488243 | W74: 81.257533 | X74: 0.59943384 | Z74: 69.964788 | AA74: 0.78563299 | AC74: 7.5861599 | AD74: 0.29908425 | AF74: 47.573409 | AG74: 0.6951683 | AI74: 0.68858432 | AJ74: 0.011303369 | AL74: -9.9958466 | AM74: 0.71267026 | AO74: 13.365499 | AP74: 0.80155174 | AR74: 15.870025 | AS74: 0.93672518 | AU74: -7.7208757 | AV74: 0.48272761 | AX74: -13.725513 | AY74: 1.0001682 | BA74: 0.30644675 | BB74: 0.012982521 | BD74: 0.28362463 | BE74: 0.013519359 | BG74: 0.31468396 | BH74: 0.01302257
A75: Kosovo | B75: 50.930066 | C75: 1.1095513 | E75: 65.246431 | F75: 1.0801432 | H75: 63.627861 | I75: 1.2278299 | K75: 19.180044 | L75: 0.82906244 | N75: 58.220259 | O75: 1.1344072 | Q75: 0.35419152 | R75: 0.016905962 | T75: 33.139586 | U75: 1.21006 | W75: 84.090106 | X75: 0.75585876 | Z75: 82.386891 | AA75: 0.94414802 | AC75: 6.0099648 | AD75: 0.56080365 | AF75: 31.762501 | AG75: 1.1176617 | AI75: 0.85629199 | AJ75: 0.018574609 | AL75: -17.79048 | AM75: 1.5941899 | AO75: 18.843675 | AP75: 1.2552562 | AR75: 18.759031 | AS75: 1.5265611 | AU75: -13.170079 | AV75: 0.96142978 | AX75: -26.457758 | AY75: 1.5398063 | BA75: 0.50210047 | BB75: 0.023176791 | BD75: 0.45401763 | BE75: 0.023605845 | BG75: m | BH75: m
A76: Lebanon | B76: m | C76: m | E76: m | F76: m | H76: m | I76: m | K76: m | L76: m | N76: m | O76: m | Q76: m | R76: m | T76: m | U76: m | W76: m | X76: m | Z76: m | AA76: m | AC76: m | AD76: m | AF76: m | AG76: m | AI76: m | AJ76: m | AL76: m | AM76: m | AO76: m | AP76: m | AR76: m | AS76: m | AU76: m | AV76: m | AX76: m | AY76: m | BA76: m | BB76: m | BD76: m | BE76: m | BG76: m | BH76: m
A77: Macao (China) | B77: 52.739106 | C77: 1.2268919 | E77: 51.584859 | F77: 1.1598712 | H77: 42.07845 | I77: 1.1044046 | K77: 23.552002 | L77: 0.93739239 | N77: 57.934245 | O77: 0.96690847 | Q77: 0.12586152 | R77: 0.019882894 | T77: 40.46015 | U77: 1.2009062 | W77: 62.103392 | X77: 1.089691 | Z77: 49.877836 | AA77: 1.1152079 | AC77: 13.12153 | AD77: 0.75530035 | AF77: 42.640295 | AG77: 1.2767863 | AI77: 0.39740004 | AJ77: 0.020449982 | AL77: -12.278957 | AM77: 1.7039654 | AO77: 10.518533 | AP77: 1.4763625 | AR77: 7.7993862 | AS77: 1.5899178 | AU77: -10.430471 | AV77: 1.1655228 | AX77: -15.29395 | AY77: 1.4406696 | BA77: 0.27153852 | BB77: 0.028391999 | BD77: 0.21090791 | BE77: 0.027310636 | BG77: 0.2688589 | BH77: 0.028720117
A78: Malaysia | B78: 39.461818 | C78: 1.1562266 | E78: 52.086376 | F78: 1.216033 | H78: 44.720733 | I78: 1.3576304 | K78: 13.373029 | L78: 0.85839182 | N78: 76.555042 | O78: 0.99329612 | Q78: 0.19904592 | R78: 0.015860116 | T78: 24.549421 | U78: 1.0778741 | W78: 72.490789 | X78: 0.88245434 | Z78: 60.053243 | AA78: 1.1412268 | AC78: 6.5058481 | AD78: 0.53395503 | AF78: 58.003396 | AG78: 1.2354152 | AI78: 0.5949459 | AJ78: 0.018482925 | AL78: -14.912397 | AM78: 1.3585749 | AO78: 20.404413 | AP78: 1.3926576 | AR78: 15.33251 | AS78: 1.6107698 | AU78: -6.8671806 | AV78: 0.85334982 | AX78: -18.551647 | AY78: 1.4265017 | BA78: 0.39589999 | BB78: 0.022360744 | BD78: 0.34356314 | BE78: 0.021286382 | BG78: m | BH78: m
A79: Malta | B79: 55.15897 | C79: 1.1967766 | E79: 30.008089 | F79: 1.1549329 | H79: 32.199145 | I79: 1.1348617 | K79: 36.981975 | L79: 1.1933988 | N79: 60.248234 | O79: 1.2233819 | Q79: -0.21775296 | R79: 0.025455914 | T79: 36.134031 | U79: 1.1957985 | W79: 47.52879 | X79: 1.2146728 | Z79: 44.255844 | AA79: 1.2727713 | AC79: 15.940253 | AD79: 0.94767945 | AF79: 38.303242 | AG79: 1.2152314 | AI79: 0.31068147 | AJ79: 0.029982184 | AL79: -19.02494 | AM79: 1.6346477 | AO79: 17.520701 | AP79: 1.7164665 | AR79: 12.056698 | AS79: 1.7569957 | AU79: -21.041722 | AV79: 1.562876 | AX79: -21.944993 | AY79: 1.6901731 | BA79: 0.52843443 | BB79: 0.038761244 | BD79: 0.40555428 | BE79: 0.036496268 | BG79: 0.5372961 | BH79: 0.040732669
A80: Moldova | B80: 54.149997 | C80: 1.1258925 | E80: 31.820942 | F80: 1.0653056 | H80: 36.403245 | I80: 1.0339152 | K80: 30.957983 | L80: 1.1607256 | N80: 73.33061 | O80: 0.85191164 | Q80: -0.073747362 | R80: 0.015590062 | T80: 26.595294 | U80: 0.90357409 | W80: 62.529112 | X80: 1.193092 | Z80: 65.593974 | AA80: 1.0930268 | AC80: 11.147966 | AD80: 0.69313337 | AF80: 44.783872 | AG80: 1.1541907 | AI80: 0.57033064 | AJ80: 0.020610332 | AL80: -27.554702 | AM80: 1.2128059 | AO80: 30.70817 | AP80: 1.3816656 | AR80: 29.19073 | AS80: 1.3583511 | AU80: -19.810017 | AV80: 1.2269737 | AX80: -28.546738 | AY80: 1.3192469 | BA80: 0.644078 | BB80: 0.023516792 | BD80: 0.57405393 | BE80: 0.023489479 | BG80: m | BH80: m
A81: Montenegro | B81: 52.657199 | C81: 0.87008088 | E81: 28.865626 | F81: 0.89156948 | H81: 35.375501 | I81: 0.76737103 | K81: 29.855751 | L81: 0.81044928 | N81: 60.818836 | O81: 0.82891185 | Q81: -0.14283175 | R81: 0.013210492 | T81: 32.791662 | U81: 0.91159799 | W81: 50.829426 | X81: 0.95086923 | Z81: 59.496739 | AA81: 0.88607797 | AC81: 13.047859 | AD81: 0.57696387 | AF81: 38.359426 | AG81: 0.91750253 | AI81: 0.45181093 | AJ81: 0.017413526 | AL81: -19.865537 | AM81: 1.2739354 | AO81: 21.963801 | AP81: 1.3494623 | AR81: 24.121238 | AS81: 1.0746373 | AU81: -16.807892 | AV81: 1.0746784 | AX81: -22.45941 | AY81: 1.1960762 | BA81: 0.59464268 | BB81: 0.021459437 | BD81: 0.52693504 | BE81: 0.021945432 | BG81: m | BH81: m
A82: Morocco | B82: 36.791785 | C82: 0.98034472 | E82: 54.216413 | F82: 1.2062679 | H82: 52.13873 | I82: 1.1531267 | K82: 17.874511 | L82: 0.74119039 | N82: 62.526108 | O82: 0.95910413 | Q82: 0.24638092 | R82: 0.015250111 | T82: 23.531382 | U82: 0.87827447 | W82: 68.211525 | X82: 1.0685329 | Z82: 61.375879 | AA82: 1.1434318 | AC82: 8.0582652 | AD82: 0.54547574 | AF82: 47.557621 | AG82: 1.1328775 | AI82: 0.51634823 | AJ82: 0.01736806 | AL82: -13.260403 | AM82: 1.1864668 | AO82: 13.995112 | AP82: 1.4039501 | AR82: 9.2371487 | AS82: 1.3759288 | AU82: -9.816246 | AV82: 0.78273544 | AX82: -14.968487 | AY82: 1.331575 | BA82: 0.26996731 | BB82: 0.021049438 | BD82: 0.26057088 | BE82: 0.020928054 | BG82: 0.26877602 | BH82: 0.022895896 | BI82: †
A83: North Macedonia | B83: m | C83: m | E83: m | F83: m | H83: m | I83: m | K83: m | L83: m | N83: m | O83: m | Q83: m | R83: m | T83: m | U83: m | W83: m | X83: m | Z83: m | AA83: m | AC83: m | AD83: m | AF83: m | AG83: m | AI83: m | AJ83: m | AL83: m | AM83: m | AO83: m | AP83: m | AR83: m | AS83: m | AU83: m | AV83: m | AX83: m | AY83: m | BA83: m | BB83: m | BD83: m | BE83: m | BG83: m | BH83: m
A84: Panama | B84: 58.732996 | C84: 1.057331 | E84: 49.355417 | F84: 1.0798989 | H84: 43.9917 | I84: 1.1343118 | K84: 19.593895 | L84: 0.81174096 | N84: 65.091456 | O84: 1.0514881 | Q84: 0.10679571 | R84: 0.016274626 | T84: 47.67667 | U84: 1.2098985 | W84: 64.868278 | X84: 0.88420487 | Z84: 58.296968 | AA84: 1.2310211 | AC84: 11.233788 | AD84: 0.68263602 | AF84: 47.895085 | AG84: 1.1381776 | AI84: 0.52260379 | AJ84: 0.019003553 | AL84: -11.056326 | AM84: 1.6619168 | AO84: 15.512861 | AP84: 1.3047788 | AR84: 14.305268 | AS84: 1.5337891 | AU84: -8.3601075 | AV84: 0.89476519 | AX84: -17.196371 | AY84: 1.3266639 | BA84: 0.41580808 | BB84: 0.021441071 | BD84: 0.3916043 | BE84: 0.02205199 | BG84: 0.42703864 | BH84: 0.027306374 | BI84: †
A85: Peru | B85: 52.158941 | C85: 1.0128893 | E85: 55.498895 | F85: 1.1211438 | H85: 53.421819 | I85: 0.91135189 | K85: 11.734347 | L85: 0.68049498 | N85: 55.054445 | O85: 1.0545701 | Q85: 0.28949926 | R85: 0.016057528 | T85: 36.73304 | U85: 1.0417827 | W85: 70.802292 | X85: 0.97585184 | Z85: 67.126105 | AA85: 1.0646701 | AC85: 5.4510475 | AD85: 0.44790948 | AF85: 37.925183 | AG85: 1.0768911 | AI85: 0.63365708 | AJ85: 0.019035138 | AL85: -15.425901 | AM85: 1.3754326 | AO85: 15.303397 | AP85: 1.4311708 | AR85: 13.704286 | AS85: 1.3295413 | AU85: -6.2832993 | AV85: 0.79983692 | AX85: -17.129261 | AY85: 1.6023306 | BA85: 0.34415782 | BB85: 0.02348208 | BD85: 0.3322784 | BE85: 0.023875383 | BG85: m | BH85: m
A86: Philippines | B86: 69.287902 | C86: 0.77477153 | E86: 63.918337 | F86: 0.95352775 | H86: 60.089847 | I86: 1.0375424 | K86: 31.952027 | L86: 0.98371407 | N86: 72.276454 | O86: 0.6992143 | Q86: 0.30585682 | R86: 0.012956935 | T86: 57.561265 | U86: 0.99830396 | W86: 80.727744 | X86: 0.73436642 | Z86: 73.505179 | AA86: 0.93612696 | AC86: 17.651936 | AD86: 0.94993289 | AF86: 53.720391 | AG86: 0.97652722 | AI86: 0.73504037 | AJ86: 0.019820405 | AL86: -11.726637 | AM86: 1.1605456 | AO86: 16.809406 | AP86: 1.2560183 | AR86: 13.415333 | AS86: 1.316926 | AU86: -14.300092 | AV86: 1.0830761 | AX86: -18.556064 | AY86: 1.1111368 | BA86: 0.42918355 | BB86: 0.02357918 | BD86: 0.35063506 | BE86: 0.023376906 | BG86: m | BH86: m
A87: Qatar | B87: 52.022177 | C87: 0.62187635 | E87: 46.790533 | F87: 0.62892995 | H87: 43.501978 | I87: 0.61425166 | K87: 34.711608 | L87: 0.56861694 | N87: 60.565678 | O87: 0.63504236 | Q87: 0.042442646 | R87: 0.0092608549 | T87: 41.837149 | U87: 0.57517062 | W87: 61.378178 | X87: 0.59965122 | Z87: 58.29234 | AA87: 0.64252904 | AC87: 19.833961 | AD87: 0.48163094 | AF87: 44.307928 | AG87: 0.65043336 | AI87: 0.46926043 | AJ87: 0.011638687 | AL87: -10.185028 | AM87: 0.77724962 | AO87: 14.587646 | AP87: 0.90586089 | AR87: 14.790362 | AS87: 0.93582251 | AU87: -14.877647 | AV87: 0.79543415 | AX87: -16.257751 | AY87: 0.81458051 | BA87: 0.42681778 | BB87: 0.01433685 | BD87: 0.31743443 | BE87: 0.014475926 | BG87: m | BH87: m
A88: Romania | B88: 66.104298 | C88: 1.0632893 | E88: 28.738258 | F88: 1.1324957 | H88: 29.571925 | I88: 1.1135429 | K88: 39.042367 | L88: 1.1842109 | N88: 74.197693 | O88: 0.92628187 | Q88: -0.25320763 | R88: 0.020871141 | T88: 39.4844 | U88: 1.5820089 | W88: 58.487988 | X88: 1.2936028 | Z88: 59.64598 | AA88: 1.492032 | AC88: 15.428555 | AD88: 0.85288562 | AF88: 47.093077 | AG88: 1.6077214 | AI88: 0.47192147 | AJ88: 0.029230422 | AL88: -26.619898 | AM88: 1.5225216 | AO88: 29.74973 | AP88: 1.5812158 | AR88: 30.074055 | AS88: 1.5173678 | AU88: -23.613812 | AV88: 1.3428034 | AX88: -27.104616 | AY88: 1.4062385 | BA88: 0.7251291 | BB88: 0.030563818 | BD88: 0.65601908 | BE88: 0.028631575 | BG88: m | BH88: m
A89: Russia | B89: 41.782054 | C89: 1.1632672 | E89: 38.54956 | F89: 1.0886166 | H89: 42.140985 | I89: 0.99880181 | K89: 26.110147 | L89: 0.76869375 | N89: 63.612247 | O89: 0.83136628 | Q89: 0.066916146 | R89: 0.019379352 | T89: 25.168129 | U89: 0.92156254 | W89: 61.61075 | X89: 1.1687388 | Z89: 63.810256 | AA89: 0.87223108 | AC89: 10.239337 | AD89: 0.65837679 | AF89: 41.963294 | AG89: 1.3193282 | AI89: 0.57595023 | AJ89: 0.021940286 | AL89: -16.613925 | AM89: 1.3189392 | AO89: 23.06119 | AP89: 1.4861143 | AR89: 21.669271 | AS89: 1.2318088 | AU89: -15.87081 | AV89: 0.81789388 | AX89: -21.648953 | AY89: 1.4132577 | BA89: 0.50903409 | BB89: 0.028432667 | BD89: 0.44615824 | BE89: 0.028105582 | BG89: 0.50630865 | BH89: 0.030575473
A90: Saudi Arabia | B90: 52.938059 | C90: 0.94363471 | E90: 54.378802 | F90: 1.0889558 | H90: 46.569919 | I90: 1.0441199 | K90: 32.082963 | L90: 1.0982592 | N90: 69.250488 | O90: 0.93532767 | Q90: 0.12917185 | R90: 0.0095449886 | T90: 42.138081 | U90: 1.0665348 | W90: 65.786812 | X90: 1.0709928 | Z90: 61.5108 | AA90: 1.0709372 | AC90: 13.875844 | AD90: 0.69123617 | AF90: 49.322356 | AG90: 1.1310648 | AI90: 0.54692234 | AJ90: 0.021156346 | AL90: -10.799977 | AM90: 1.5019788 | AO90: 11.40801 | AP90: 1.5505385 | AR90: 14.940881 | AS90: 1.3775023 | AU90: -18.20712 | AV90: 1.2738236 | AX90: -19.928132 | AY90: 1.507651 | BA90: 0.41775049 | BB90: 0.023805533 | BD90: 0.31303923 | BE90: 0.024584674 | BG90: m | BH90: m
A91: Serbia | B91: 61.92773 | C91: 0.93490533 | E91: 24.464554 | F91: 0.96335874 | H91: 29.728714 | I91: 1.0358318 | K91: 40.035099 | L91: 1.0445598 | N91: 69.217569 | O91: 0.98563509 | Q91: -0.32975846 | R91: 0.017668073 | T91: 39.908421 | U91: 1.0394188 | W91: 43.761141 | X91: 0.97031422 | Z91: 53.82677 | AA91: 0.92322598 | AC91: 19.228207 | AD91: 0.82291598 | AF91: 44.985837 | AG91: 1.0628655 | AI91: 0.28588223 | AJ91: 0.020888876 | AL91: -22.019309 | AM91: 1.4266678 | AO91: 19.296587 | AP91: 1.2928631 | AR91: 24.098056 | AS91: 1.2510994 | AU91: -20.806892 | AV91: 1.2443275 | AX91: -24.231731 | AY91: 1.5621824 | BA91: 0.61564069 | BB91: 0.027472624 | BD91: 0.54210678 | BE91: 0.026608727 | BG91: 0.66786194 | BH91: 0.027946294 | BI91: †
A92: Singapore | B92: 54.050308 | C92: 0.87925243 | E92: 39.387481 | F92: 0.93800506 | H92: 32.020055 | I92: 0.90417716 | K92: 28.339758 | L92: 0.73379421 | N92: 57.688143 | O92: 0.82947487 | Q92: -0.057749985 | R92: 0.019725929 | T92: 36.998611 | U92: 0.8098427 | W92: 58.680853 | X92: 0.83897482 | Z92: 50.555095 | AA92: 0.943239 | AC92: 15.367549 | AD92: 0.54082495 | AF92: 37.62375 | AG92: 0.80301286 | AI92: 0.45381882 | AJ92: 0.015920625 | AL92: -17.051697 | AM92: 1.0846901 | AO92: 19.293372 | AP92: 1.1940695 | AR92: 18.53504 | AS92: 1.3385306 | AU92: -12.972209 | AV92: 0.95135958 | AX92: -20.064393 | AY92: 1.0760504 | BA92: 0.51156881 | BB92: 0.023910488 | BD92: 0.43853649 | BE92: 0.025031747 | BG92: 0.51729464 | BH92: 0.025451883
A93: Chinese Taipei | B93: 57.047385 | C93: 1.2118561 | E93: 54.411609 | F93: 1.0579729 | H93: 49.230106 | I93: 0.91959047 | K93: 29.796302 | L93: 1.0538531 | N93: 56.2785 | O93: 1.0070361 | Q93: 0.17387027 | R93: 0.021920021 | T93: 42.318233 | U93: 1.1165162 | W93: 66.049321 | X93: 0.92993343 | Z93: 57.351974 | AA93: 0.98964656 | AC93: 15.39921 | AD93: 0.70382833 | AF93: 40.221697 | AG93: 1.0095348 | AI93: 0.51559957 | AJ93: 0.023330081 | AL93: -14.729152 | AM93: 1.6858696 | AO93: 11.637713 | AP93: 1.489634 | AR93: 8.1218677 | AS93: 1.3318156 | AU93: -14.397092 | AV93: 1.2706785 | AX93: -16.056804 | AY93: 1.4780045 | BA93: 0.3417293 | BB93: 0.032196404 | BD93: 0.27067153 | BE93: 0.022419382 | BG93: 0.3378724 | BH93: 0.032876774
A94: Thailand | B94: 62.528009 | C94: 0.96747758 | E94: 61.047226 | F94: 1.1451974 | H94: 52.181209 | I94: 1.2186596 | K94: 34.331713 | L94: 1.3331297 | N94: 66.905913 | O94: 0.94442651 | Q94: 0.12847099 | R94: 0.01379364 | T94: 48.68676 | U94: 1.0054386 | W94: 71.592726 | X94: 0.80916493 | Z94: 56.459304 | AA94: 0.79744813 | AC94: 15.862029 | AD94: 0.82262663 | AF94: 50.669681 | AG94: 0.9776943 | AI94: 0.38772289 | AJ94: 0.01358733 | AL94: -13.841249 | AM94: 1.3497839 | AO94: 10.545499 | AP94: 1.2316686 | AR94: 4.2780946 | AS94: 1.2135857 | AU94: -18.469684 | AV94: 1.334777 | AX94: -16.236232 | AY94: 1.2381991 | BA94: 0.2592519 | BB94: 0.015044708 | BD94: 0.20229548 | BE94: 0.016251633 | BG94: 0.26077402 | BH94: 0.015262014
A95: Ukraine | B95: 34.751605 | C95: 0.90387592 | E95: 31.870886 | F95: 1.0620129 | H95: 43.094553 | I95: 1.100353 | K95: 22.250852 | L95: 0.9104436 | N95: 70.125837 | O95: 0.89209378 | Q95: 0.04040174 | R95: 0.016728903 | T95: 17.783157 | U95: 0.77845414 | W95: 57.090049 | X95: 0.9184559 | Z95: 68.008314 | AA95: 1.0926236 | AC95: 9.078175 | AD95: 0.63354892 | AF95: 48.027867 | AG95: 1.0301995 | AI95: 0.53637143 | AJ95: 0.017035507 | AL95: -16.968448 | AM95: 1.0003742 | AO95: 25.219163 | AP95: 1.2126236 | AR95: 24.913761 | AS95: 1.2262367 | AU95: -13.172677 | AV95: 1.11142 | AX95: -22.097971 | AY95: 1.1871015 | BA95: 0.49596969 | BB95: 0.021058792 | BD95: 0.42533289 | BE95: 0.01859859 | BG95: m | BH95: m
A96: United Arab Emirates | B96: 55.905132 | C96: 0.58318015 | E96: 51.807921 | F96: 0.68285102 | H96: 51.065006 | I96: 0.82319055 | K96: 33.993554 | L96: 0.73691498 | N96: 62.655137 | O96: 0.74039724 | Q96: 0.11332879 | R96: 0.012586848 | T96: 41.198184 | U96: 0.80173421 | W96: 69.005812 | X96: 0.7141078 | Z96: 68.181536 | AA96: 0.78594564 | AC96: 17.155495 | AD96: 0.57144583 | AF96: 42.803549 | AG96: 0.61606056 | AI96: 0.62938754 | AJ96: 0.016236837 | AL96: -14.706948 | AM96: 1.070308 | AO96: 17.197891 | AP96: 0.97474068 | AR96: 17.11653 | AS96: 1.1358631 | AU96: -16.838059 | AV96: 1.0433119 | AX96: -19.851589 | AY96: 0.92368751 | BA96: 0.51605875 | BB96: 0.021519416 | BD96: 0.41487856 | BE96: 0.017584538 | BG96: m | BH96: m
A97: Uruguay | B97: 46.662864 | C97: 1.1651086 | E97: 30.93758 | F97: 1.0477403 | H97: 29.217363 | I97: 1.0491015 | K97: 22.921704 | L97: 1.0098962 | N97: 59.398194 | O97: 1.1634498 | Q97: -0.11478729 | R97: 0.025048235 | T97: 27.788974 | U97: 1.1194734 | W97: 56.392549 | X97: 1.0877589 | Z97: 48.69732 | AA97: 1.1919744 | AC97: 9.1187263 | AD97: 0.61544988 | AF97: 37.006053 | AG97: 1.03281 | AI97: 0.54593472 | AJ97: 0.026526639 | AL97: -18.87389 | AM97: 1.40198 | AO97: 25.454969 | AP97: 1.4161053 | AR97: 19.479958 | AS97: 1.7155076 | AU97: -13.802978 | AV97: 1.1226511 | AX97: -22.392141 | AY97: 1.3541829 | BA97: 0.66072202 | BB97: 0.036170831 | BD97: 0.60738142 | BE97: 0.034363128 | BG97: 0.70260883 | BH97: 0.044208972 | BI97: †
A98: Viet Nam | B98: 30.243672 | C98: 1.2332943 | E98: 67.688537 | F98: 1.1944689 | H98: 44.049549 | I98: 1.1013501 | K98: 11.029652 | L98: 0.87439741 | N98: 52.39819 | O98: 1.3001501 | Q98: 0.38858537 | R98: 0.01662735 | T98: 21.22125 | U98: 1.0943805 | W98: 76.899732 | X98: 1.001843 | Z98: 56.203094 | AA98: 1.2530588 | AC98: 4.5322146 | AD98: 0.52903579 | AF98: 40.453156 | AG98: 1.0880713 | AI98: 0.58977281 | AJ98: 0.018569973 | AL98: -9.0224221 | AM98: 1.2131111 | AO98: 9.2111951 | AP98: 1.1885166 | AR98: 12.153545 | AS98: 1.4245815 | AU98: -6.4974376 | AV98: 0.99969195 | AX98: -11.945034 | AY98: 1.3974993 | BA98: 0.20118744 | BB98: 0.017826123 | BD98: m | BE98: m | BG98: m | BH98: m
A103: *Honk Kong (China), Netherlands, Portugal and United States: Data did not meet the PISA technical standards but were accepted as largely comparable (see Annexes A2 and A4).
A104: Information on data for Cyprus: https://oe.cd/cyprus-disclaimer
A105: Note: Values that are statistically significant are indicated in bold (see Annex A3).

Sheet Table II.B1.8.2
A1: PISA 2018 Results (Volume II) - © OECD 2019
A2: Annex B1 | B2: Annex B1.8 Results (tables): Do boys and girls differ in their attitudes towards school and learning?
A3: Version 2 - Last updated: 02-Dec-2019
A4: Disclaimer: http://oe.cd/disclaimer
A6: Table II.B1.8.2
A7: Time spent reading for enjoyment, by gender
B12: Boys | K12: Girls | T12: Gender differences (girls-boys)
B13: I don't read or I read less than 30 minutes a day | E13: I read between 30 minutes to 2 hours a day | H13: I read more than 2 hours a day | K13: I don't read or I read less than 30 minutes a day | N13: I read between 30 minutes to 2 hours a day | Q13: I read more than 2 hours a day | T13: I don't read or I read less than 30 minutes a day | W13: I read between 30 minutes to 2 hours a day | Z13: I read more than 2 hours a day
B14: % | C14: S.E. | D14: s | E14: % | F14: S.E. | G14: s | H14: % | I14: S.E. | J14: s | K14: % | L14: S.E. | M14: s | N14: % | O14: S.E. | P14: s | Q14: % | R14: S.E. | S14: s | T14: % dif. | U14: S.E. | V14: s | W14: % dif. | X14: S.E. | Y14: s | Z14: % dif. | AA14: S.E. | AB14: s
A15: OECD
A16: Australia | B16: 76.170619 | C16: 0.59888397 | E16: 20.116015 | F16: 0.53741955 | H16: 3.7133666 | I16: 0.25553962 | K16: 63.260979 | L16: 0.69753181 | N16: 28.767897 | O16: 0.61751641 | Q16: 7.9711248 | R16: 0.40182789 | T16: -12.90964 | U16: 0.85605451 | W16: 8.6518819 | X16: 0.80855988 | Z16: 4.2577582 | AA16: 0.4752568
A17: Austria | B17: 81.581399 | C17: 0.71338992 | E17: 16.25661 | F17: 0.68764556 | H17: 2.1619911 | I17: 0.25013744 | K17: 60.877388 | L17: 1.1626429 | N17: 32.034404 | O17: 1.0599593 | Q17: 7.0882082 | R17: 0.604104 | T17: -20.704012 | U17: 1.3878677 | W17: 15.777794 | X17: 1.2004493 | Z17: 4.9262171 | AA17: 0.61472909
A18: Belgium | B18: 82.603063 | C18: 0.54373069 | E18: 14.985114 | F18: 0.56587897 | H18: 2.4118235 | I18: 0.27830224 | K18: 64.907529 | L18: 1.0381109 | N18: 29.427149 | O18: 0.89441981 | Q18: 5.6653212 | R18: 0.44591014 | T18: -17.695533 | U18: 0.96214429 | W18: 14.442036 | X18: 0.83340551 | Z18: 3.2534977 | AA18: 0.50968249
A19: Canada | B19: 75.506778 | C19: 0.72395331 | E19: 21.338294 | F19: 0.63103342 | H19: 3.1549284 | I19: 0.24785934 | K19: 59.603962 | L19: 0.66853697 | N19: 31.855462 | O19: 0.70630971 | Q19: 8.5405761 | R19: 0.33816172 | T19: -15.902816 | U19: 0.7924331 | W19: 10.517169 | X19: 0.86487901 | Z19: 5.3856477 | AA19: 0.42270417
A20: Chile | B20: 71.998027 | C20: 0.91775339 | E20: 23.243286 | F20: 0.78205017 | H20: 4.7586871 | I20: 0.46842174 | K20: 52.307872 | L20: 1.1438183 | N20: 33.713334 | O20: 1.020124 | Q20: 13.978794 | R20: 0.5517007 | T20: -19.690155 | U20: 1.3485016 | W20: 10.470048 | X20: 1.18639 | Z20: 9.2201069 | AA20: 0.75494813
A21: Colombia | B21: 67.472005 | C21: 1.1394145 | E21: 29.362845 | F21: 1.0799088 | H21: 3.1651504 | I21: 0.35296545 | K21: 51.624069 | L21: 1.1618094 | N21: 38.355288 | O21: 1.1074421 | Q21: 10.020643 | R21: 0.58997105 | T21: -15.847935 | U21: 1.4920625 | W21: 8.992443 | X21: 1.4901045 | Z21: 6.8554925 | AA21: 0.69701517
A22: Czech Republic | B22: 79.228871 | C22: 0.81483545 | E22: 17.726545 | F22: 0.70668107 | H22: 3.0445844 | I22: 0.3159331 | K22: 52.324362 | L22: 1.0020142 | N22: 37.991131 | O22: 1.0157101 | Q22: 9.6845065 | R22: 0.52199517 | T22: -26.904508 | U22: 1.0747152 | W22: 20.264586 | X22: 1.0249714 | Z22: 6.6399221 | AA22: 0.60298861
A23: Denmark | B23: 84.634266 | C23: 0.70013334 | E23: 13.985206 | F23: 0.62189912 | H23: 1.3805282 | I23: 0.22419538 | K23: 74.887907 | L23: 1.0039283 | N23: 22.017788 | O23: 0.91606304 | Q23: 3.0943043 | R23: 0.37516455 | T23: -9.7463585 | U23: 1.1398449 | W23: 8.0325824 | X23: 1.0250581 | Z23: 1.7137761 | AA23: 0.45068111
A24: Estonia | B24: 72.2213 | C24: 0.79454436 | E24: 24.866631 | F24: 0.78439879 | H24: 2.912069 | I24: 0.30529178 | K24: 46.073937 | L24: 1.0320398 | N24: 43.746423 | O24: 0.8929809 | Q24: 10.17964 | R24: 0.66692555 | T24: -26.147364 | U24: 1.2442119 | W24: 18.879792 | X24: 1.0281039 | Z24: 7.2675712 | AA24: 0.76443076
A25: Finland | B25: 78.140612 | C25: 0.76022661 | E25: 19.241185 | F25: 0.6885087 | H25: 2.6182029 | I25: 0.30757851 | K25: 57.715828 | L25: 0.87879969 | N25: 35.764144 | O25: 0.87456881 | Q25: 6.5200274 | R25: 0.45098284 | T25: -20.424783 | U25: 1.0419936 | W25: 16.522959 | X25: 0.94603706 | Z25: 3.9018245 | AA25: 0.51429715
A26: France | B26: 77.306439 | C26: 0.83529232 | E26: 19.531684 | F26: 0.75506027 | H26: 3.1618779 | I26: 0.33228222 | K26: 60.270386 | L26: 1.0692024 | N26: 31.989995 | O26: 1.0426622 | Q26: 7.7396186 | R26: 0.51574822 | T26: -17.036052 | U26: 1.2813953 | W26: 12.458312 | X26: 1.2406968 | Z26: 4.5777407 | AA26: 0.59741753
A27: Germany | B27: 81.118612 | C27: 0.90890515 | E27: 16.127094 | F27: 0.91875922 | H27: 2.754294 | I27: 0.31039509 | K27: 62.07859 | L27: 1.0935543 | N27: 30.361829 | O27: 1.0394725 | Q27: 7.5595813 | R27: 0.56881853 | T27: -19.040023 | U27: 1.2117916 | W27: 14.234735 | X27: 1.1696232 | Z27: 4.8052873 | AA27: 0.66391219
... A53: OECD average-37 | B53: 75.492415 | C53: 0.14287756 | E53: 21.13796 | F53: 0.13325358 | H53: 3.369625 | I53: 0.059501429 | K53: 57.203178 | L53: 0.16623533 | N53: 34.384072 | O53: 0.15522676 | Q53: 8.4127495 | R53: 0.087633876 | T53: -18.289236 | U53: 0.20865936 | W53: 13.246112 | X53: 0.19546833 | Z53: 5.0431245 | AA53: 0.10453819
A54: Partners
A55: Albania | B55: 43.217996 | C55: 1.1878285 | E55: 49.184256 | F55: 1.1612388 | H55: 7.5977483 | I55: 0.56782579 | K55: 17.777637 | L55: 0.6911254 | N55: 63.180923 | O55: 0.98649648 | Q55: 19.04144 | R55: 0.83235435 | T55: -25.44036 | U55: 1.3691206 | W55: 13.996668 | X55: 1.6058905 | Z55: 11.443692 | AA55: 0.97631165
A56: Argentina | B56: 74.815057 | C56: 0.93654868 | E56: 20.179316 | F56: 0.86097911 | H56: 5.0056266 | I56: 0.41842385 | K56: 56.97451 | L56: 0.94826125 | N56: 29.951633 | O56: 0.84545103 | Q56: 13.073857 | R56: 0.59577945 | T56: -17.840548 | U56: 1.267327 | W56: 9.7723171 | X56: 1.1041958 | Z56: 8.0682307 | AA56: 0.71153261
A57: Baku (Azerbaijan) | B57: 50.243488 | C57: 0.93039879 | E57: 33.163794 | F57: 0.91367065 | H57: 16.592719 | I57: 0.67317623 | K57: 47.103352 | L57: 1.0601757 | N57: 36.615306 | O57: 1.0520898 | Q57: 16.281342 | R57: 0.67295731 | T57: -3.1401357 | U57: 1.324728 | W57: 3.451512 | X57: 1.3601814 | Z57: -0.3113763 | AA57: 0.92000835
A58: Belarus | B58: 50.230353 | C58: 1.0931861 | E58: 41.938019 | F58: 1.0714311 | H58: 7.831628 | I58: 0.55553426 | K58: 26.774625 | L58: 0.97555894 | N58: 51.355201 | O58: 1.1203526 | Q58: 21.870174 | R58: 0.91335308 | T58: -23.455728 | U58: 1.2864504 | W58: 9.4171818 | X58: 1.4967133 | Z58: 14.038546 | AA58: 0.93179956
A59: Bosnia and Herzegovina | B59: 67.527094 | C59: 0.94637061 | E59: 28.810426 | F59: 0.90224293 | H59: 3.6624798 | I59: 0.3601021 | K59: 43.285945 | L59: 1.2155735 | N59: 45.486104 | O59: 0.99556269 | Q59: 11.227951 | R59: 0.60926365 | T59: -24.241149 | U59: 1.6492707 | W59: 16.675678 | X59: 1.375431 | Z59: 7.5654714 | AA59: 0.68596095
A60: Brazil | B60: 68.598971 | C60: 0.7849329 | E60: 25.800001 | F60: 0.68165223 | H60: 5.6010276 | I60: 0.34968195 | K60: 46.262046 | L60: 0.73723609 | N60: 38.909061 | O60: 0.78716688 | Q60: 14.828893 | R60: 0.62461169 | T60: -22.336926 | U60: 1.1056608 | W60: 13.10906 | X60: 1.1065959 | Z60: 9.2278658 | AA60: 0.64008183
A61: Brunei Darussalam | B61: 64.765805 | C61: 0.72055861 | E61: 27.458752 | F61: 0.71307939 | H61: 7.7754428 | I61: 0.44718718 | K61: 36.646594 | L61: 0.78486689 | N61: 37.730597 | O61: 0.72400914 | Q61: 25.622809 | R61: 0.68774731 | T61: -28.119211 | U61: 1.1316435 | W61: 10.271845 | X61: 1.0370907 | Z61: 17.847366 | AA61: 0.7620817
A62: B-S-J-Z (China) | B62: 30.706508 | C62: 0.92723081 | E62: 55.314544 | F62: 0.85228927 | H62: 13.978948 | I62: 0.69731369 | K62: 29.344142 | L62: 0.79386048 | N62: 57.934911 | O62: 0.79081808 | Q62: 12.720947 | R62: 0.5741445 | T62: -1.3623656 | U62: 1.0721576 | W62: 2.6203673 | X62: 1.1732383 | Z62: -1.2580017 | AA62: 0.81617672
A63: Bulgaria | B63: 60.66681 | C63: 1.1259296 | E63: 33.118739 | F63: 1.0491944 | H63: 6.2144509 | I63: 0.50600748 | K63: 38.218821 | L63: 1.564489 | N63: 46.062002 | O63: 1.1731738 | Q63: 15.719177 | R63: 0.8618253 | T63: -22.447989 | U63: 1.6291879 | W63: 12.943263 | X63: 1.3955921 | Z63: 9.5047256 | AA63: 0.95628761
A64: Costa Rica | B64: 79.324737 | C64: 0.84320037 | E64: 17.265738 | F64: 0.7286049 | H64: 3.4095251 | I64: 0.30627422 | K64: 56.517857 | L64: 1.0582527 | N64: 30.500084 | O64: 0.94409947 | Q64: 12.982058 | R64: 0.55412949 | T64: -22.80688 | U64: 1.1538305 | W64: 13.234347 | X64: 1.0617922 | Z64: 9.5725332 | AA64: 0.60500426
A65: Croatia | B65: 76.019923 | C65: 0.81102022 | E65: 21.658711 | F65: 0.80829861 | H65: 2.3213655 | I65: 0.28024052 | K65: 55.684627 | L65: 1.0868186 | N65: 35.770102 | O65: 0.98328466 | Q65: 8.5452713 | R65: 0.53264583 | T65: -20.335297 | U65: 1.3763195 | W65: 14.111391 | X65: 1.2607408 | Z65: 6.2239058 | AA65: 0.60087916
A66: Cyprus | B66: 67.815392 | C66: 0.97240744 | E66: 26.575821 | F66: 0.95836626 | H66: 5.6087866 | I66: 0.46015126 | K66: 51.923644 | L66: 0.93977952 | N66: 38.735014 | O66: 1.0094739 | Q66: 9.3413422 | R66: 0.63761124 | T66: -15.891748 | U66: 1.4615174 | W66: 12.159193 | X66: 1.5493669 | Z66: 3.7325555 | AA66: 0.81398188
... A73: Kosovo | B73: 39.843087 | C73: 1.0306401 | E73: 50.350019 | F73: 1.0402075 | H73: 9.8068938 | I73: 0.63422377 | K73: 18.933397 | L73: 0.7814167 | N73: 61.244896 | O73: 1.0352531 | Q73: 19.821707 | R73: 0.99542592 | T73: -20.90969 | U73: 1.1834583 | W73: 10.894877 | X73: 1.3921267 | Z73: 10.014813 | AA73: 1.0949051
A74: Lebanon | B74: m | C74: m | E74: m | F74: m | H74: m | I74: m | K74: m | L74: m | N74: m | O74: m | Q74: m | R74: m | T74: m | U74: m | W74: m | X74: m | Z74: m | AA74: m
A75: Macao (China) | B75: 48.95286 | C75: 1.1106333 | E75: 37.37015 | F75: 1.0237446 | H75: 13.67699 | I75: 0.7440743 | K75: 37.317613 | L75: 1.0631761 | N75: 45.019025 | O75: 0.98371574 | Q75: 17.663362 | R75: 0.83372014 | T75: -11.635247 | U75: 1.5462901 | W75: 7.6488746 | X75: 1.4233277 | Z75: 3.986372 | AA75: 1.0626386
A76: Malaysia | B76: 54.291465 | C76: 0.96504201 | E76: 37.003585 | F76: 0.88842861 | H76: 8.70495 | I76: 0.47605846 | K76: 34.081373 | L76: 0.98501629 | N76: 46.407053 | O76: 0.95862121 | Q76: 19.511575 | R76: 0.83753899 | T76: -20.210092 | U76: 1.2512603 | W76: 9.4034675 | X76: 1.1256627 | Z76: 10.806625 | AA76: 0.97745968
A77: Malta | B77: 73.293794 | C77: 1.0734016 | E77: 23.043017 | F77: 1.0648465 | H77: 3.6631891 | I77: 0.44071528 | K77: 58.11583 | L77: 1.5594576 | N77: 34.858134 | O77: 1.5135131 | Q77: 7.0260355 | R77: 0.56880546 | T77: -15.177964 | U77: 1.9538542 | W77: 11.815118 | X77: 1.9020002 | Z77: 3.3628464 | AA77: 0.73438036
A78: Moldova | B78: 60.231025 | C78: 1.0133332 | E78: 34.461937 | F78: 0.92189754 | H78: 5.307038 | I78: 0.40576162 | K78: 27.413247 | L78: 0.8284447 | N78: 54.611656 | O78: 1.0651344 | Q78: 17.975098 | R78: 0.77919624 | T78: -32.817779 | U78: 1.1728335 | W78: 20.149719 | X78: 1.2460707 | Z78: 12.66806 | AA78: 0.81201661
A79: Montenegro | B79: 62.030634 | C79: 0.83904282 | E79: 32.575652 | F79: 0.7785862 | H79: 5.3937138 | I79: 0.43782126 | K79: 37.653514 | L79: 0.8232931 | N79: 50.26693 | O79: 0.93785318 | Q79: 12.079556 | R79: 0.57398892 | T79: -24.37712 | U79: 1.1984125 | W79: 17.691278 | X79: 1.1464591 | Z79: 6.685842 | AA79: 0.66054484
A80: Morocco | B80: 62.268536 | C80: 1.0360522 | E80: 32.348131 | F80: 0.94442062 | H80: 5.3833328 | I80: 0.44565961 | K80: 52.334456 | L80: 1.0105054 | N80: 37.591285 | O80: 0.92252543 | Q80: 10.07426 | R80: 0.63873604 | T80: -9.9340804 | U80: 1.3292347 | W80: 5.2431534 | X80: 1.2444715 | Z80: 4.690927 | AA80: 0.70166948
A81: North Macedonia | B81: m | C81: m | E81: m | F81: m | H81: m | I81: m | K81: m | L81: m | N81: m | O81: m | Q81: m | R81: m | T81: m | U81: m | W81: m | X81: m | Z81: m | AA81: m
A82: Panama | B82: 67.676905 | C82: 1.2712597 | E82: 26.515592 | F82: 1.2202569 | H82: 5.8075027 | I82: 0.49959848 | K82: 52.696123 | L82: 0.98855737 | N82: 32.342779 | O82: 1.0717822 | Q82: 14.961098 | R82: 0.85134066 | T82: -14.980782 | U82: 1.3247004 | W82: 5.8271866 | X82: 1.3953046 | Z82: 9.1535951 | AA82: 0.93443993
A83: Peru | B83: 58.907229 | C83: 0.96914777 | E83: 35.782205 | F83: 0.9606479 | H83: 5.3105659 | I83: 0.53793642 | K83: 42.302636 | L83: 1.1408605 | N83: 46.924266 | O83: 0.99350751 | Q83: 10.773098 | R83: 0.6759886 | T83: -16.604593 | U83: 1.3050845 | W83: 11.142061 | X83: 1.1768444 | Z83: 5.4625318 | AA83: 0.74594198
A84: Philippines | B84: 55.074212 | C84: 0.95179875 | E84: 36.758233 | F84: 0.87441991 | H84: 8.1675554 | I84: 0.48996781 | K84: 31.160191 | L84: 0.82044447 | N84: 42.796068 | O84: 0.82597221 | Q84: 26.043741 | R84: 0.81683074 | T84: -23.91402 | U84: 1.2587644 | W84: 6.0378354 | X84: 1.2038621 | Z84: 17.876185 | AA84: 0.94577237
A85: Qatar | B85: 64.305926 | C85: 0.60493076 | E85: 29.422716 | F85: 0.51393448 | H85: 6.2713584 | I85: 0.3213952 | K85: 48.896716 | L85: 0.68373108 | N85: 38.623887 | O85: 0.64645653 | Q85: 12.479397 | R85: 0.46673634 | T85: -15.40921 | U85: 0.8087785 | W85: 9.2011711 | X85: 0.8090883 | Z85: 6.2080388 | AA85: 0.52980436
A86: Romania | B86: 67.692616 | C86: 1.3135154 | E86: 28.373181 | F86: 1.2145546 | H86: 3.9342029 | I86: 0.37803657 | K86: 35.800836 | L86: 1.4683035 | N86: 47.188021 | O86: 1.3879816 | Q86: 17.011143 | R86: 0.81124068 | T86: -31.89178 | U86: 1.6429632 | W86: 18.814839 | X86: 1.5704488 | Z86: 13.07694 | AA86: 0.81999533
A87: Russia | B87: 47.397749 | C87: 1.0457551 | E87: 42.114935 | F87: 0.91871201 | H87: 10.487316 | I87: 0.59356838 | K87: 28.351806 | L87: 0.85276405 | N87: 50.145556 | O87: 0.85558212 | Q87: 21.502638 | R87: 0.7398948 | T87: -19.045943 | U87: 0.90795955 | W87: 8.0306209 | X87: 1.0281072 | Z87: 11.015322 | AA87: 0.85840546
A88: Saudi Arabia | B88: 73.034526 | C88: 0.97128019 | E88: 21.027916 | F88: 0.78422299 | H88: 5.9375583 | I88: 0.48197355 | K88: 50.379281 | L88: 1.0009645 | N88: 35.089793 | O88: 0.89078405 | Q88: 14.530926 | R88: 0.66919489 | T88: -22.655245 | U88: 1.4031627 | W88: 14.061877 | X88: 1.1801534 | Z88: 8.5933682 | AA88: 0.81385138
A89: Serbia | B89: 68.839466 | C89: 0.95649558 | E89: 27.178015 | F89: 0.85631585 | H89: 3.9825193 | I89: 0.36057596 | K89: 44.512678 | L89: 1.088622 | N89: 44.059979 | O89: 1.0602329 | Q89: 11.427343 | R89: 0.60083284 | T89: -24.326787 | U89: 1.4070302 | W89: 16.881964 | X89: 1.3865349 | Z89: 7.4448236 | AA89: 0.69833721
A90: Singapore | B90: 66.730073 | C90: 0.90747412 | E90: 27.692087 | F90: 0.87238559 | H90: 5.5778402 | I90: 0.41716386 | K90: 52.63839 | L90: 0.90526418 | N90: 37.669042 | O90: 0.84394673 | Q90: 9.6925681 | R90: 0.53187347 | T90: -14.091683 | U90: 1.2346775 | W90: 9.9769554 | X90: 1.2141047 | Z90: 4.1147279 | AA90: 0.63781704
A91: Chinese Taipei | B91: 53.738135 | C91: 0.92621479 | E91: 33.544178 | F91: 0.94597584 | H91: 12.717687 | I91: 0.59320927 | K91: 42.701234 | L91: 1.004677 | N91: 40.123111 | O91: 0.97550399 | Q91: 17.175655 | R91: 0.75115821 | T91: -11.036901 | U91: 1.3771147 | W91: 6.5789327 | X91: 1.3541443 | Z91: 4.4579687 | AA91: 0.92953601
A92: Thailand | B92: 58.178058 | C92: 1.0759941 | E92: 34.201323 | F92: 1.1132492 | H92: 7.6206187 | I92: 0.59219398 | K92: 39.716842 | L92: 1.2127988 | N92: 45.185418 | O92: 0.99629704 | Q92: 15.09774 | R92: 0.78183563 | T92: -18.461216 | U92: 1.6159527 | W92: 10.984095 | X92: 1.5339421 | Z92: 7.4771213 | AA92: 0.97180406
A93: Ukraine | B93: 54.25016 | C93: 1.2215788 | E93: 39.049499 | F93: 1.0523168 | H93: 6.7003411 | I93: 0.44272097 | K93: 30.053229 | L93: 1.1480252 | N93: 53.684807 | O93: 0.96369343 | Q93: 16.261964 | R93: 0.73799215 | T93: -24.196931 | U93: 1.5605106 | W93: 14.635308 | X93: 1.3184723 | Z93: 9.5616232 | AA93: 0.86150592
... A96: Viet Nam | B96: 53.352028 | C96: 1.3463892 | E96: 42.244325 | F96: 1.2349502 | H96: 4.4036464 | I96: 0.4563532 | K96: 41.583045 | L96: 1.0913055 | N96: 48.531196 | O96: 1.1553003 | Q96: 9.8857588 | R96: 0.75201363 | T96: -11.768983 | U96: 1.4106625 | W96: 6.2868706 | X96: 1.6905587 | Z96: 5.4821124 | AA96: 0.74119856
A101: *Honk Kong (China), Netherlands, Portugal and United States: Data did not meet the PISA technical standards but were accepted as largely comparable (see Annexes A2 and A4).
A102: Information on data for Cyprus: https://oe.cd/cyprus-disclaimer
A103: Note: Values that are statistically significant are indicated in bold (see Annex A3).

Sheet Table II.B1.8.3
A1: PISA 2018 Results (Volume II) - © OECD 2019
A2: Annex B1 | B2: Annex B1.8 Results (tables): Do boys and girls differ in their attitudes towards school and learning?
A3: Version 2 - Last updated: 02-Dec-2019
A4: Disclaimer: http://oe.cd/disclaimer
A6: Table II.B1.8.3
A7: Index of enjoyment of reading, by gender (PISA 2009)
B11: Boys | T11: Girls | AL11: Gender differences (girls-boys)
B12: Percentage of students who agreed or strongly agreed with the following statements: | Q12: Index of enjoyment of reading | T12: Percentage of students who agreed or strongly agreed with the following statements: | AI12: Index of enjoyment of reading | AL12: Percentage of students who agreed or strongly agreed with the following statements: | BA12: Index of enjoyment of reading, before accounting for reading performance | BD12: Index of enjoyment of reading, after accounting for reading performance
B13: I read only if I have to | E13: Reading is one of my favourite hobbies | H13: I like talking about books with other people | K13: For me, reading is a waste of time | N13: I read only to get information that I need | T13: I read only if I have to | W13: Reading is one of my favourite hobbies | Z13: I like talking about books with other people | AC13: For me, reading is a waste of time | AF13: I read only to get information that I need | AL13: I read only if I have to | AO13: Reading is one of my favourite hobbies | AR13: I like talking about books with other people | AU13: For me, reading is a waste of time | AX13: I read only to get information that I need
B14: % | C14: S.E. | D14: s | E14: % | F14: S.E. | G14: s | H14: % | I14: S.E. | J14: s | K14: % | L14: S.E. | M14: s | N14: % | O14: S.E. | P14: s | Q14: Mean Index | R14: S.E. | S14: s | T14: % | U14: S.E. | V14: s | W14: % | X14: S.E. | Y14: s | Z14: % | AA14: S.E. | AB14: s | AC14: % | AD14: S.E. | AE14: s | AF14: % | AG14: S.E. | AH14: s | AI14: Mean Index | AJ14: S.E. | AK14: s | AL14: % dif. | AM14: S.E. | AN14: s | AO14: % dif. | AP14: S.E. | AQ14: s | AR14: % dif. | AS14: S.E. | AT14: s | AU14: % dif. | AV14: S.E. | AW14: s | AX14: % dif. | AY14: S.E. | AZ14: s | BA14: Dif. | BB14: S.E. | BC14: s | BD14: Dif. | BE14: S.E. | BF14: s
A15: OECD
A16: Australia | B16: 51.775033 | C16: 0.73080104 | E16: 23.082819 | F16: 0.71177321 | H16: 25.065086 | I16: 0.64589174 | K16: 33.602755 | L16: 0.78909591 | N16: 54.570237 | O16: 0.86000133 | Q16: -0.33094313 | R16: 0.017162319 | T16: 30.547182 | U16: 0.81749002 | W16: 47.254377 | X16: 0.92506458 | Z16: 51.961262 | AA16: 0.84103006 | AC16: 18.538614 | AD16: 0.65783876 | AF16: 30.623468 | AG16: 0.91143214 | AI16: 0.30772457 | AJ16: 0.022594204 | AL16: -21.227851 | AM16: 0.96670621 | AO16: 24.171558 | AP16: 0.9408963 | AR16: 26.896176 | AS16: 0.94986963 | AU16: -15.064141 | AV16: 0.96492926 | AX16: -23.946769 | AY16: 1.1348211 | BA16: 0.6386677 | BB16: 0.02602735 | BD16: 0.44193553 | BE16: 0.021660677
A17: Austria | B17: m | C17: m | E17: m | F17: m | H17: m | I17: m | K17: m | L17: m | N17: m | O17: m | Q17: m | R17: m | T17: m | U17: m | W17: m | X17: m | Z17: m | AA17: m | AC17: m | AD17: m | AF17: m | AG17: m | AI17: m | AJ17: m | AL17: m | AM17: m | AO17: m | AP17: m | AR17: m | AS17: m | AU17: m | AV17: m | AX17: m | AY17: m | BA17: m | BB17: m | BD17: m | BE17: m
A18: Belgium | B18: 53.660871 | C18: 0.94299077 | E18: 16.962831 | F18: 0.70433663 | H18: 21.625906 | I18: 0.87307252 | K18: 42.888205 | L18: 1.0939676 | N18: 58.445968 | O18: 0.88295807 | Q18: -0.45217251 | R18: 0.022548548 | T18: 34.891801 | U18: 0.92841724 | W18: 31.548947 | X18: 0.81768399 | Z18: 36.508142 | AA18: 0.85093381 | AC18: 26.064467 | AD18: 0.87375401 | AF18: 35.683393 | AG18: 0.92886721 | AI18: 0.071195407 | AJ18: 0.020898206 | AL18: -18.76907 | AM18: 1.2928062 | AO18: 14.586116 | AP18: 1.0956616 | AR18: 14.882236 | AS18: 1.1479276 | AU18: -16.823739 | AV18: 1.3568528 | AX18: -22.762574 | AY18: 1.2659322 | BA18: 0.52336791 | BB18: 0.030118236 | BD18: 0.42403216 | BE18: 0.02586694
A19: Canada | B19: 50.650775 | C19: 0.73132985 | E19: 23.851538 | F19: 0.64071655 | H19: 29.050576 | I19: 0.70226937 | K19: 31.949096 | L19: 0.77669972 | N19: 53.744186 | O19: 0.7963093 | Q19: -0.28394709 | R19: 0.016464614 | T19: 23.902558 | U19: 0.57225693 | W19: 53.373522 | X19: 0.76927711 | Z19: 57.352496 | AA19: 0.7440796 | AC19: 12.181604 | AD19: 0.45405267 | AF19: 23.592235 | AG19: 0.66896551 | AI19: 0.54521333 | AJ19: 0.016185503 | AL19: -26.748217 | AM19: 0.87348031 | AO19: 29.521983 | AP19: 1.0566363 | AR19: 28.30192 | AS19: 1.0405555 | AU19: -19.767492 | AV19: 0.85890315 | AX19: -30.151951 | AY19: 0.99946534 | BA19: 0.82916042 | BB19: 0.022189345 | BD19: 0.66297949 | BE19: 0.0210458
A20: Chile | B20: 41.167249 | C20: 1.1379641 | E20: 23.718565 | F20: 0.80722439 | H20: 37.885662 | I20: 0.9771021 | K20: 24.050862 | L20: 0.93090637 | N20: 73.988755 | O20: 0.90819736 | Q20: -0.28141798 | R20: 0.017015387 | T20: 28.13065 | U20: 0.95413846 | W20: 40.790007 | X20: 1.031813 | Z20: 57.261652 | AA20: 1.0792795 | AC20: 11.388597 | AD20: 0.6563424 | AF20: 55.315122 | AG20: 1.0809107 | AI20: 0.16005472 | AJ20: 0.019977616 | AL20: -13.036598 | AM20: 1.4282606 | AO20: 17.071442 | AP20: 1.3527217 | AR20: 19.375989 | AS20: 1.3439646 | AU20: -12.662266 | AV20: 1.0610257 | AX20: -18.673632 | AY20: 1.3590384 | BA20: 0.4414727 | BB20: 0.023090589 | BD20: 0.38601197 | BE20: 0.020093536
A21: Colombia | B21: 43.362874 | C21: 1.2441298 | E21: 38.187499 | F21: 1.4610294 | H21: 39.084734 | I21: 1.4769502 | K21: 11.188149 | L21: 0.93680299 | N21: 57.424193 | O21: 1.3324969 | Q21: -0.015072168 | R21: 0.022677452 | T21: 29.4864 | U21: 1.2192123 | W21: 51.619788 | X21: 1.3602107 | Z21: 48.679744 | AA21: 1.261637 | AC21: 6.5204357 | AD21: 0.5481016 | AF21: 40.843068 | AG21: 1.4415476 | AI21: 0.27931391 | AJ21: 0.022251006 | AL21: -13.876474 | AM21: 1.6882655 | AO21: 13.432289 | AP21: 1.7184827 | AR21: 9.5950095 | AS21: 1.6519072 | AU21: -4.6677132 | AV21: 1.1608833 | AX21: -16.581125 | AY21: 1.9508231 | BA21: 0.29438608 | BB21: 0.025612893 | BD21: 0.28595153 | BE21: 0.025938748
A22: Czech Republic | B22: 51.242998 | C22: 0.96276307 | E22: 21.566597 | F22: 0.89539678 | H22: 22.918959 | I22: 0.89681229 | K22: 43.06855 | L22: 1.1235064 | N22: 64.153519 | O22: 0.97763513 | Q22: -0.43992147 | R22: 0.01821551 | T22: 28.977458 | U22: 1.0828261 | W22: 46.694301 | X22: 1.147796 | Z22: 48.499521 | AA22: 1.1850154 | AC22: 20.597736 | AD22: 0.89928942 | AF22: 37.782656 | AG22: 1.27077 | AI22: 0.21788793 | AJ22: 0.024653657 | AL22: -22.265541 | AM22: 1.381641 | AO22: 25.127704 | AP22: 1.4902444 | AR22: 25.580563 | AS22: 1.2861522 | AU22: -22.470814 | AV22: 1.4650054 | AX22: -26.370864 | AY22: 1.5252774 | BA22: 0.6578094 | BB22: 0.030433231 | BD22: 0.47724302 | BE22: 0.026597755
A23: Denmark | B23: 56.671229 | C23: 1.3430928 | E23: 16.109925 | F23: 0.89683397 | H23: 27.853907 | I23: 1.2006202 | K23: 35.22263 | L23: 1.1728279 | N23: 60.973135 | O23: 1.2580709 | Q23: -0.34784198 | R23: 0.022291729 | T23: 34.433054 | U23: 1.2045978 | W23: 32.052058 | X23: 0.9977161 | Z23: 45.282382 | AA23: 1.3587021 | AC23: 16.868051 | AD23: 1.0065779 | AF23: 34.252822 | AG23: 1.1403984 | AI23: 0.16927996 | AJ23: 0.022992079 | AL23: -22.238175 | AM23: 1.5573859 | AO23: 15.942133 | AP23: 1.1861802 | AR23: 17.428475 | AS23: 1.7294401 | AU23: -18.354579 | AV23: 1.3188896 | AX23: -26.720313 | AY23: 1.5784511 | BA23: 0.51712194 | BB23: 0.027247771 | BD23: 0.3857141 | BE23: 0.026539809
A24: Estonia | B24: 58.79204 | C24: 1.2131711 | E24: 14.94926 | F24: 0.8793161 | H24: 21.794319 | I24: 0.95442283 | K24: 32.87271 | L24: 1.1239394 | N24: 66.559324 | O24: 1.2035165 | Q24: -0.37905502 | R24: 0.019715096 | T24: 28.709684 | U24: 1.131846 | W24: 43.503537 | X24: 1.282261 | Z24: 49.558807 | AA24: 1.4675794 | AC24: 11.901642 | AD24: 0.84058028 | AF24: 36.401317 | AG24: 1.2881343 | AI24: 0.33483493 | AJ24: 0.024970323 | AL24: -30.082356 | AM24: 1.5389028 | AO24: 28.554278 | AP24: 1.5332169 | AR24: 27.764488 | AS24: 1.7001688 | AU24: -20.971069 | AV24: 1.3075205 | AX24: -30.158007 | AY24: 1.6431813 | BA24: 0.71388996 | BB24: 0.028238189 | BD24: 0.54238211 | BE24: 0.02589983
A25: Finland | B25: 49.896179 | C25: 1.1442624 | E25: 17.478482 | F25: 0.70937493 | H25: 20.148981 | I25: 0.806387 | K25: 41.635683 | L25: 1.1738737 | N25: 52.737522 | O25: 0.97035613 | Q25: -0.41293713 | R25: 0.020430268 | T25: 19.573918 | U25: 0.94411093 | W25: 50.357028 | X25: 1.2898076 | Z25: 47.883628 | AA25: 1.3671473 | AC25: 13.024214 | AD25: 0.80924336 | AF25: 20.03925 | AG25: 1.0157769 | AI25: 0.4953857 | AJ25: 0.0245943 | AL25: -30.322261 | AM25: 1.3904431 | AO25: 32.878546 | AP25: 1.327718 | AR25: 27.734647 | AS25: 1.3268358 | AU25: -28.611469 | AV25: 1.3282639 | AX25: -32.698273 | AY25: 1.2707965 | BA25: 0.90832283 | BB25: 0.025718001 | BD25: 0.62522594 | BE25: 0.023643707
A26: France | B26: 42.058812 | C26: 1.3623262 | E26: 23.240464 | F26: 1.1287995 | H26: 34.168747 | I26: 1.4684752 | K26: 33.755714 | L26: 1.5286224 | N26: 52.965278 | O26: 1.4413673 | Q26: -0.22850804 | R26: 0.031947761 | T26: 26.175433 | U26: 1.1361447 | W26: 38.70867 | X26: 1.3049886 | Z26: 50.506185 | AA26: 1.4553904 | AC26: 18.222839 | AD26: 0.97845049 | AF26: 34.6385 | AG26: 1.3659031 | AI26: 0.24314815 | AJ26: 0.030246735 | AL26: -15.88338 | AM26: 1.589137 | AO26: 15.468206 | AP26: 1.5653829 | AR26: 16.337438 | AS26: 1.6611638 | AU26: -15.532874 | AV26: 1.5226859 | AX26: -18.326779 | AY26: 1.4945774 | BA26: 0.47165618 | BB26: 0.038255332 | BD26: 0.31019366 | BE26: 0.034976976
A27: Germany | B27: 53.440315 | C27: 1.0980913 | E27: 19.209693 | F27: 0.87350835 | H27: 18.73996 | I27: 0.86748171 | K27: 40.551727 | L27: 1.1108022 | N27: 58.149942 | O27: 1.134325 | Q27: -0.37624372 | R27: 0.02268185 | T27: 24.633407 | U27: 0.99515965 | W27: 46.007011 | X27: 1.0068629 | Z27: 45.727002 | AA27: 1.2879986 | AC27: 18.478941 | AD27: 0.77539182 | AF27: 30.918765 | AG27: 1.0199904 | AI27: 0.51778752 | AJ27: 0.027475672 | AL27: -28.806908 | AM27: 1.4119297 | AO27: 26.797318 | AP27: 1.1608536 | AR27: 26.987042 | AS27: 1.4907392 | AU27: -22.072786 | AV27: 1.2699199 | AX27: -27.231176 | AY27: 1.4391195 | BA27: 0.89403124 | BB27: 0.03427188 | BD27: 0.69859573 | BE27: 0.030688587
A28: Greece | B28: 54.36864 | C28: 1.4865795 | E28: 20.469094 | F28: 0.99954671 | H28: 25.323962 | I28: 0.97193275 | K28: 19.010755 | L28: 0.92979208 | N28: 53.466581 | O28: 1.3649646 | Q28: -0.24297196 | R28: 0.022430231 | T28: 31.690509 | U28: 1.506786 | W28: 37.373371 | X28: 1.1516892 | Z28: 49.744214 | AA28: 1.3006649 | AC28: 7.275457 | AD28: 0.77520121 | AF28: 25.333539 | AG28: 1.329898 | AI28: 0.36025445 | AJ28: 0.023456771 | AL28: -22.678131 | AM28: 2.1958861 | AO28: 16.904277 | AP28: 1.5571925 | AR28: 24.420253 | AS28: 1.3899896 | AU28: -11.735298 | AV28: 1.2865692 | AX28: -28.133042 | AY28: 1.7973102 | BA28: 0.60322641 | BB28: 0.03016319 | BD28: 0.45825551 | BE28: 0.027568388
A29: Hungary | B29: 41.889613 | C29: 1.4745574 | E29: 25.151852 | F29: 1.3854526 | H29: 28.256986 | I29: 1.570727 | K29: 30.448482 | L29: 1.2146075 | N29: 59.753266 | O29: 1.3420692 | Q29: -0.1521145 | R29: 0.028022847 | T29: 22.881077 | U29: 1.1910545 | W29: 44.701953 | X29: 1.3502961 | Z29: 49.404451 | AA29: 1.3132055 | AC29: 13.916681 | AD29: 0.89212774 | AF29: 34.924971 | AG29: 1.2413156 | AI29: 0.42690531 | AJ29: 0.024743687 | AL29: -19.008536 | AM29: 1.6782316 | AO29: 19.5501 | AP29: 1.8078509 | AR29: 21.147465 | AS29: 2.0246204 | AU29: -16.531801 | AV29: 1.5370338 | AX29: -24.828295 | AY29: 1.8977501 | BA29: 0.57901981 | BB29: 0.036784218 | BD29: 0.42825743 | BE29: 0.030423858
... A46: Slovenia | B46: 65.277733 | C46: 1.1044885 | E46: 12.887793 | F46: 0.73719333 | H46: 22.236776 | I46: 0.97568931 | K46: 44.379487 | L46: 0.94470716 | N46: 65.484391 | O46: 0.98259311 | Q46: -0.53333527 | R46: 0.017886216 | T46: 39.818353 | U46: 1.1945693 | W46: 33.741869 | X46: 1.0311411 | Z46: 47.20323 | AA46: 1.1133324 | AC46: 22.140956 | AD46: 1.0567909 | AF46: 40.306778 | AG46: 1.2483719 | AI46: 0.1390173 | AJ46: 0.02253133 | AL46: -25.45938 | AM46: 1.7895159 | AO46: 20.854077 | AP46: 1.3211776 | AR46: 24.966454 | AS46: 1.4351175 | AU46: -22.238532 | AV46: 1.4597524 | AX46: -25.177613 | AY46: 1.6456073 | BA46: 0.67235257 | BB46: 0.030249578 | BD46: 0.47446253 | BE46: 0.027992902
A47: Spain | B47: 53.892344 | C47: 0.66224662 | E47: 24.62781 | F47: 0.70821626 | H47: 32.443236 | I47: 0.94223131 | K47: 24.248117 | L47: 0.77087073 | N47: 56.932269 | O47: 0.83537016 | Q47: -0.28145508 | R47: 0.016033168 | T47: 33.140565 | U47: 0.98247378 | W47: 43.06068 | X47: 0.67847568 | Z47: 52.58119 | AA47: 0.78138576 | AC47: 10.901509 | AD47: 0.50146918 | AF47: 35.124431 | AG47: 0.9685635 | AI47: 0.26361336 | AJ47: 0.014999203 | AL47: -20.751779 | AM47: 1.078276 | AO47: 18.43287 | AP47: 0.96853284 | AR47: 20.137954 | AS47: 1.0253326 | AU47: -13.346608 | AV47: 0.69779706 | AX47: -21.807838 | AY47: 1.1115986 | BA47: 0.54506844 | BB47: 0.019234252 | BD47: m | BE47: m
A48: Sweden | B48: 52.600073 | C48: 0.98488363 | E48: 16.059133 | F48: 0.82390557 | H48: 21.713634 | I48: 1.0026077 | K48: 38.12584 | L48: 0.93952071 | N48: 56.132711 | O48: 1.2453314 | Q48: -0.46639883 | R48: 0.019217139 | T48: 25.839965 | U48: 1.0539136 | W48: 38.575209 | X48: 1.1929575 | Z48: 45.718842 | AA48: 1.3361205 | AC48: 16.98328 | AD48: 0.89209047 | AF48: 26.734885 | AG48: 1.0138869 | AI48: 0.25757414 | AJ48: 0.026454094 | AL48: -26.760108 | AM48: 1.4585495 | AO48: 22.516076 | AP48: 1.4638991 | AR48: 24.005208 | AS48: 1.4946235 | AU48: -21.14256 | AV48: 1.2070633 | AX48: -29.397827 | AY48: 1.4141891 | BA48: 0.72397297 | BB48: 0.029110118 | BD48: 0.53894175 | BE48: 0.027236531
A49: Switzerland | B49: 55.799484 | C49: 1.1301474 | E49: 18.893835 | F49: 0.77406854 | H49: 20.71645 | I49: 0.88929008 | K49: 42.421848 | L49: 1.0098651 | N49: 59.101786 | O49: 1.0601151 | Q49: -0.43885339 | R49: 0.020274177 | T49: 30.672757 | U49: 1.1909628 | W49: 40.345925 | X49: 0.97301186 | Z49: 41.85918 | AA49: 1.089538 | AC49: 19.970655 | AD49: 0.84265241 | AF49: 32.167984 | AG49: 0.9104173 | AI49: 0.36598397 | AJ49: 0.028397321 | AL49: -25.126727 | AM49: 1.5202259 | AO49: 21.452089 | AP49: 1.299534 | AR49: 21.14273 | AS49: 1.4364099 | AU49: -22.451193 | AV49: 1.2042563 | AX49: -26.933802 | AY49: 1.2771353 | BA49: 0.80483735 | BB49: 0.032973956 | BD49: 0.60262874 | BE49: 0.03021531
A50: Turkey | B50: 27.41168 | C50: 1.0193903 | E50: 55.619283 | F50: 1.2913703 | H50: 55.711975 | I50: 1.1996366 | K50: 10.709036 | L50: 0.62013676 | N50: 43.653646 | O50: 1.0077581 | Q50: 0.3425855 | R50: 0.018242181 | T50: 14.374799 | U50: 0.84732018 | W50: 75.830406 | X50: 0.79637672 | Z50: 79.779783 | AA50: 0.94883256 | AC50: 4.6428427 | AD50: 0.68423988 | AF50: 18.636085 | AG50: 1.0470728 | AI50: 0.95207228 | AJ50: 0.023048196 | AL50: -13.036881 | AM50: 1.2453087 | AO50: 20.211123 | AP50: 1.5104616 | AR50: 24.067808 | AS50: 1.3657897 | AU50: -6.0661933 | AV50: 0.93509913 | AX50: -25.017561 | AY50: 1.3439476 | BA50: 0.60948678 | BB50: 0.027256695 | BD50: 0.53429367 | BE50: 0.027126803
A51: United Kingdom | B51: 50.215716 | C51: 1.0028531 | E51: 18.55491 | F51: 0.81864493 | H51: 24.361554 | I51: 0.98368523 | K51: 29.461582 | L51: 1.0231355 | N51: 58.565966 | O51: 1.0380234 | Q51: -0.37323069 | R51: 0.021399024 | T51: 33.749757 | U51: 1.0653624 | W51: 35.365242 | X51: 0.83492781 | Z51: 45.316899 | AA51: 1.3026726 | AC51: 17.537964 | AD51: 0.68137977 | AF51: 38.260766 | AG51: 1.0470206 | AI51: 0.12763274 | AJ51: 0.019466778 | AL51: -16.465959 | AM51: 1.3875976 | AO51: 16.810331 | AP51: 1.3120877 | AR51: 20.955345 | AS51: 1.6102924 | AU51: -11.923619 | AV51: 1.1599747 | AX51: -20.305199 | AY51: 1.3440402 | BA51: 0.50086343 | BB51: 0.027887933 | BD51: 0.38853202 | BE51: 0.024221044
A52: United States | B52: 60.472402 | C52: 1.07706 | E52: 20.388076 | F52: 1.1315197 | H52: 30.245129 | I52: 1.0658628 | K52: 34.283755 | L52: 1.3107424 | N52: 58.94382 | O52: 1.2785812 | Q52: -0.34557727 | R52: 0.027151478 | T52: 38.445547 | U52: 1.3522966 | W52: 41.118734 | X52: 1.3577043 | Z52: 52.136098 | AA52: 1.4233368 | AC52: 16.834939 | AD52: 1.0616532 | AF52: 34.616587 | AG52: 1.309408 | AI52: 0.28357895 | AJ52: 0.03211723 | AL52: -22.026855 | AM52: 1.3400711 | AO52: 20.730659 | AP52: 1.0148171 | AR52: 21.890969 | AS52: 1.6270576 | AU52: -17.448816 | AV52: 1.5089914 | AX52: -24.327233 | AY52: 1.343191 | BA52: 0.62915622 | BB52: 0.02836789 | BD52: 0.52273535 | BE52: 0.027326463
A53: OECD average-24 | B53: 50.855287 | C53: 0.22860644 | E53: 22.990907 | F53: 0.18278385 | H53: 27.363238 | I53: 0.20704041 | K53: 31.829798 | L53: 0.21364946 | N53: 56.333981 | O53: 0.22718194 | Q53: -0.29131288 | R53: 0.0043929837 | T53: 29.783345 | U53: 0.21552106 | W53: 43.354793 | X53: 0.22773924 | Z53: 48.910456 | AA53: 0.23572258 | AC53: 15.038217 | AD53: 0.16000932 | AF53: 31.730607 | AG53: 0.21394643 | AI53: 0.32580522 | AJ53: 0.0048235009 | AL53: -21.071942 | AM53: 0.29907528 | AO53: 20.363886 | AP53: 0.27827847 | AR53: 21.547218 | AS53: 0.29082203 | AU53: -16.791581 | AV53: 0.25303368 | AX53: -24.603373 | AY53: 0.29009473 | BA53: 0.61711811 | BB53: 0.0060706341 | BD53: 0.4511417 | BE53: 0.0054928198
A54: OECD average-36b | B54: 51.612956 | C54: 0.18922568 | E54: 23.26429 | F54: 0.15771532 | H54: 27.533127 | I54: 0.17091179 | K54: 31.846187 | L54: 0.17912298 | N54: 58.299651 | O54: 0.18702324 | Q54: -0.30014661 | R54: 0.0036597769 | T54: 30.506498 | U54: 0.18414262 | W54: 43.801013 | X54: 0.19000706 | Z54: 49.040913 | AA54: 0.19910493 | AC54: 15.126915 | AD54: 0.13661006 | AF54: 33.855393 | AG54: 0.18553047 | AI54: 0.31592107 | AJ54: 0.0040413654 | AL54: -21.106458 | AM54: 0.24800518 | AO54: 20.536723 | AP54: 0.23403001 | AR54: 21.507786 | AS54: 0.245278 | AU54: -16.719272 | AV54: 0.21186973 | AX54: -24.444258 | AY54: 0.24320905 | BA54: 0.61606767 | BB54: 0.0049893231 | BD54: 0.46569872 | BE54: 0.0045944487
A55: OECD average-37 | B55: m | C55: m | E55: m | F55: m | H55: m | I55: m | K55: m | L55: m | N55: m | O55: m | Q55: m | R55: m | T55: m | U55: m | W55: m | X55: m | Z55: m | AA55: m | AC55: m | AD55: m | AF55: m | AG55: m | AI55: m | AJ55: m | AL55: m | AM55: m | AO55: m | AP55: m | AR55: m | AS55: m | AU55: m | AV55: m | AX55: m | AY55: m | BA55: m | BB55: m | BD55: m | BE55: m
A56: Partners
A57: Albania | B57: 49.880007 | C57: 1.4311371 | E57: 52.426593 | F57: 1.4187856 | H57: 59.912092 | I57: 1.3372852 | K57: 9.0666863 | L57: 0.85320137 | N57: 52.074469 | O57: 1.4511147 | Q57: 0.36159053 | R57: 0.018786151 | T57: 22.583293 | U57: 1.1366692 | W57: 83.498848 | X57: 0.88204131 | Z57: 85.640555 | AA57: 0.93351938 | AC57: 3.515498 | AD57: 0.66955011 | AF57: 22.443086 | AG57: 1.1374015 | AI57: 0.98769918 | AJ57: 0.017391598 | AL57: -27.296713 | AM57: 1.5959717 | AO57: 31.072254 | AP57: 1.6197923 | AR57: 25.728464 | AS57: 1.7572327 | AU57: -5.5511883 | AV57: 1.143646 | AX57: -29.631383 | AY57: 1.5233811 | BA57: 0.62610865 | BB57: 0.022899456 | BD57: 0.52433927 | BE57: 0.023957171
A58: Argentina | B58: 65.271233 | C58: 1.1873405 | E58: 24.749689 | F58: 1.141647 | H58: 30.874868 | I58: 1.1417576 | K58: 24.586347 | L58: 1.1974533 | N58: 74.466186 | O58: 1.116377 | Q58: -0.34355633 | R58: 0.022073702 | T58: 51.173504 | U58: 1.4501913 | W58: 38.430953 | X58: 1.2016897 | Z58: 45.450849 | AA58: 1.3157915 | AC58: 15.302119 | AD58: 0.94938401 | AF58: 59.650117 | AG58: 1.4578372 | AI58: -0.005310118 | AJ58: 0.024938294 | AL58: -14.09773 | AM58: 1.7984263 | AO58: 13.681264 | AP58: 1.6600498 | AR58: 14.57598 | AS58: 1.4891755 | AU58: -9.2842278 | AV58: 1.4948276 | AX58: -14.816069 | AY58: 1.7295493 | BA58: 0.33824621 | BB58: 0.028518969 | BD58: 0.30159317 | BE58: 0.027444807
A59: Baku (Azerbaijan) | B59: m | C59: m | E59: m | F59: m | H59: m | I59: m | K59: m | L59: m | N59: m | O59: m | Q59: m | R59: m | T59: m | U59: m | W59: m | X59: m | Z59: m | AA59: m | AC59: m | AD59: m | AF59: m | AG59: m | AI59: m | AJ59: m | AL59: m | AM59: m | AO59: m | AP59: m | AR59: m | AS59: m | AU59: m | AV59: m | AX59: m | AY59: m | BA59: m | BB59: m | BD59: m | BE59: m
A60: Belarus | B60: m | C60: m | E60: m | F60: m | H60: m | I60: m | K60: m | L60: m | N60: m | O60: m | Q60: m | R60: m | T60: m | U60: m | W60: m | X60: m | Z60: m | AA60: m | AC60: m | AD60: m | AF60: m | AG60: m | AI60: m | AJ60: m | AL60: m | AM60: m | AO60: m | AP60: m | AR60: m | AS60: m | AU60: m | AV60: m | AX60: m | AY60: m | BA60: m | BB60: m | BD60: m | BE60: m
A61: Bosnia and Herzegovina | B61: m | C61: m | E61: m | F61: m | H61: m | I61: m | K61: m | L61: m | N61: m | O61: m | Q61: m | R61: m | T61: m | U61: m | W61: m | X61: m | Z61: m | AA61: m | AC61: m | AD61: m | AF61: m | AG61: m | AI61: m | AJ61: m | AL61: m | AM61: m | AO61: m | AP61: m | AR61: m | AS61: m | AU61: m | AV61: m | AX61: m | AY61: m | BA61: m | BB61: m | BD61: m | BE61: m
A62: Brazil | B62: 22.070626 | C62: 0.89656105 | E62: 38.28043 | F62: 1.0158487 | H62: 40.918747 | I62: 0.88053257 | K62: 10.433696 | L62: 0.59967625 | N62: 53.862797 | O62: 1.0498758 | Q62: 0.046206844 | R62: 0.0140978 | T62: 9.9781734 | U62: 0.4463629 | W62: 56.648207 | X62: 0.92291785 | Z62: 60.455055 | AA62: 0.80491507 | AC62: 5.065346 | AD62: 0.30922695 | AF62: 29.123563 | AG62: 0.99926448 | AI62: 0.4685832 | AJ62: 0.014793379 | AL62: -12.092452 | AM62: 0.97770124 | AO62: 18.367777 | AP62: 1.159732 | AR62: 19.536308 | AS62: 1.0244921 | AU62: -5.3683497 | AV62: 0.65727983 | AX62: -24.739234 | AY62: 1.3055349 | BA62: 0.42237635 | BB62: 0.018290655 | BD62: 0.38057922 | BE62: 0.018482564
A63: Brunei Darussalam | B63: m | C63: m | E63: m | F63: m | H63: m | I63: m | K63: m | L63: m | N63: m | O63: m | Q63: m | R63: m | T63: m | U63: m | W63: m | X63: m | Z63: m | AA63: m | AC63: m | AD63: m | AF63: m | AG63: m | AI63: m | AJ63: m | AL63: m | AM63: m | AO63: m | AP63: m | AR63: m | AS63: m | AU63: m | AV63: m | AX63: m | AY63: m | BA63: m | BB63: m | BD63: m | BE63: m
A64: B-S-J-Z (China) | B64: m | C64: m | E64: m | F64: m | H64: m | I64: m | K64: m | L64: m | N64: m | O64: m | Q64: m | R64: m | T64: m | U64: m | W64: m | X64: m | Z64: m | AA64: m | AC64: m | AD64: m | AF64: m | AG64: m | AI64: m | AJ64: m | AL64: m | AM64: m | AO64: m | AP64: m | AR64: m | AS64: m | AU64: m | AV64: m | AX64: m | AY64: m | BA64: m | BB64: m | BD64: m | BE64: m
A65: Bulgaria | B65: 57.716742 | C65: 1.4015632 | E65: 27.855648 | F65: 1.2341275 | H65: 27.029993 | I65: 1.142867 | K65: 28.340601 | L65: 1.5764077 | N65: 65.476952 | O65: 1.6124637 | Q65: -0.25249109 | R65: 0.026017394 | T65: 36.901541 | U65: 1.5892843 | W65: 45.213003 | X65: 1.4191359 | Z65: 46.173073 | AA65: 1.9163758 | AC65: 14.373901 | AD65: 1.1727228 | AF65: 47.68792 | AG65: 1.8837646 | AI65: 0.23086751 | AJ65: 0.031094962 | AL65: -20.815202 | AM65: 1.8972189 | AO65: 17.357355 | AP65: 1.3835184 | AR65: 19.143079 | AS65: 1.9281697 | AU65: -13.9667 | AV65: 1.940538 | AX65: -17.789032 | AY65: 2.4890689 | BA65: 0.4833586 | BB65: 0.030902451 | BD65: 0.38052941 | BE65: 0.026384749
A66: Costa Rica | B66: 60.708136 | C66: 1.3176044 | E66: 22.222447 | F66: 1.1968145 | H66: 21.25103 | I66: 1.0697543 | K66: 18.702519 | L66: 0.98902196 | N66: 69.179713 | O66: 1.1862786 | Q66: -0.3784512 | R66: 0.020668276 | T66: 47.547298 | U66: 1.2114618 | W66: 34.416713 | X66: 1.1474142 | Z66: 31.498557 | AA66: 1.130009 | AC66: 10.604946 | AD66: 0.74229772 | AF66: 52.020096 | AG66: 1.2416729 | AI66: -0.048992089 | AJ66: 0.0217929 | AL66: -13.160838 | AM66: 1.5734368 | AO66: 12.194267 | AP66: 1.4346842 | AR66: 10.247527 | AS66: 1.5005683 | AU66: -8.0975732 | AV66: 1.1705982 | AX66: -17.159617 | AY66: 1.6819379 | BA66: 0.32945911 | BB66: 0.026753445 | BD66: 0.30960284 | BE66: 0.026446884
A67: Croatia | B67: 58.947701 | C67: 1.1187679 | E67: 10.864519 | F67: 0.71218658 | H67: 22.47456 | I67: 0.96871258 | K67: 36.157259 | L67: 1.1137771 | N67: 72.045593 | O67: 0.96398877 | Q67: -0.4400458 | R67: 0.018608311 | T67: 32.018169 | U67: 1.2044653 | W67: 33.731647 | X67: 1.0515239 | Z67: 46.252814 | AA67: 1.2020945 | AC67: 15.691794 | AD67: 0.88762987 | AF67: 42.201753 | AG67: 1.1495988 | AI67: 0.21941132 | AJ67: 0.022673158 | AL67: -26.929532 | AM67: 1.6384911 | AO67: 22.867129 | AP67: 1.3136454 | AR67: 23.778254 | AS67: 1.3946147 | AU67: -20.465465 | AV67: 1.3436877 | AX67: -29.84384 | AY67: 1.4370422 | BA67: 0.65945713 | BB67: 0.028035604 | BD67: 0.5141625 | BE67: 0.024521302
A68: Cyprus | B68: m | C68: m | E68: m | F68: m | H68: m | I68: m | K68: m | L68: m | N68: m | O68: m | Q68: m | R68: m | T68: m | U68: m | W68: m | X68: m | Z68: m | AA68: m | AC68: m | AD68: m | AF68: m | AG68: m | AI68: m | AJ68: m | AL68: m | AM68: m | AO68: m | AP68: m | AR68: m | AS68: m | AU68: m | AV68: m | AX68: m | AY68: m | BA68: m | BB68: m | BD68: m | BE68: m
A69: Dominican Republic | B69: m | C69: m | E69: m | F69: m | H69: m | I69: m | K69: m | L69: m | N69: m | O69: m | Q69: m | R69: m | T69: m | U69: m | W69: m | X69: m | Z69: m | AA69: m | AC69: m | AD69: m | AF69: m | AG69: m | AI69: m | AJ69: m | AL69: m | AM69: m | AO69: m | AP69: m | AR69: m | AS69: m | AU69: m | AV69: m | AX69: m | AY69: m | BA69: m | BB69: m | BD69: m | BE69: m
A70: Georgia | B70: 51.451346 | C70: 1.2077831 | E70: 44.446118 | F70: 1.3138718 | H70: 43.631438 | I70: 1.0704737 | K70: 10.859933 | L70: 0.73855051 | N70: 55.870073 | O70: 1.2385699 | Q70: 0.094238999 | R70: 0.015365854 | T70: 28.847685 | U70: 1.3023782 | W70: 65.736375 | X70: 1.0988024 | Z70: 65.130943 | AA70: 1.0669437 | AC70: 3.5395796 | AD70: 0.43061161 | AF70: 35.794127 | AG70: 1.0357233 | AI70: 0.50100033 | AJ70: 0.015023887 | AL70: -22.603661 | AM70: 1.6811294 | AO70: 21.290256 | AP70: 1.601624 | AR70: 21.499505 | AS70: 1.3754629 | AU70: -7.3203531 | AV70: 0.80006934 | AX70: -20.075947 | AY70: 1.6694587 | BA70: 0.40676133 | BB70: 0.020654884 | BD70: 0.2758665 | BE70: 0.020278171
A71: Hong Kong (China) | B71: 50.154573 | C71: 1.2442681 | E71: 58.334979 | F71: 1.0251952 | H71: 54.931548 | I71: 1.0771877 | K71: 12.593545 | L71: 0.67791753 | N71: 46.287493 | O71: 1.2485406 | Q71: 0.15952764 | R71: 0.018014084 | T71: 34.731251 | U71: 1.1365303 | W71: 72.345924 | X71: 1.2790131 | Z71: 67.069237 | AA71: 1.0422579 | AC71: 5.3176207 | AD71: 0.45149964 | AF71: 28.018819 | AG71: 0.93944421 | AI71: 0.50742982 | AJ71: 0.017825156 | AL71: -15.423322 | AM71: 1.5208106 | AO71: 14.010945 | AP71: 1.4933733 | AR71: 12.137689 | AS71: 1.3858593 | AU71: -7.2759242 | AV71: 0.80678743 | AX71: -18.268674 | AY71: 1.6010996 | BA71: 0.34790217 | BB71: 0.023068438 | BD71: 0.25402681 | BE71: 0.021566475
A72: Indonesia | B72: 40.036031 | C72: 1.3477321 | E72: 70.834519 | F72: 1.3399988 | H72: 68.907885 | I72: 1.2313238 | K72: 5.8806098 | L72: 0.58359571 | N72: 64.667061 | O72: 1.0514045 | Q72: 0.32055699 | R72: 0.01487243 | T72: 24.828676 | U72: 1.3014762 | W72: 83.7323 | X72: 0.85070444 | Z72: 78.118928 | AA72: 0.9967067 | AC72: 2.7625172 | AD72: 0.3745901 | AF72: 41.175659 | AG72: 1.319557 | AI72: 0.54503395 | AJ72: 0.013486583 | AL72: -15.207355 | AM72: 1.6889176 | AO72: 12.897781 | AP72: 1.3670182 | AR72: 9.2110433 | AS72: 1.4224507 | AU72: -3.1180925 | AV72: 0.61116228 | AX72: -23.491403 | AY72: 1.6020722 | BA72: 0.22447696 | BB72: 0.016924691 | BD72: 0.19572893 | BE72: 0.018814321
A73: Jordan | B73: 29.054378 | C73: 1.2610068 | E73: 63.185419 | F73: 1.0461295 | H73: 55.340993 | I73: 1.2252092 | K73: 22.319074 | L73: 0.94457948 | N73: 62.986731 | O73: 1.3757823 | Q73: 0.22162236 | R73: 0.017546543 | T73: 21.277072 | U73: 1.071928 | W73: 71.213515 | X73: 1.2024047 | Z73: 60.6591 | AA73: 1.2045819 | AC73: 15.374091 | AD73: 0.75382772 | AF73: 52.557943 | AG73: 1.2262088 | AI73: 0.51988481 | AJ73: 0.024221977 | AL73: -7.7773063 | AM73: 1.6421726 | AO73: 8.0280964 | AP73: 1.6466996 | AR73: 5.3181073 | AS73: 1.768822 | AU73: -6.9449827 | AV73: 1.1817289 | AX73: -10.428788 | AY73: 1.8085701 | BA73: 0.29826245 | BB73: 0.029637131 | BD73: 0.21757667 | BE73: 0.031200209
A74: Kazakhstan | B74: 25.112634 | C74: 1.0694365 | E74: 73.802929 | F74: 1.2231247 | H74: 61.285276 | I74: 1.3760569 | K74: 12.129682 | L74: 0.67451237 | N74: 59.686559 | O74: 1.072673 | Q74: 0.39348586 | R74: 0.021380056 | T74: 13.125223 | U74: 0.8853949 | W74: 83.047861 | X74: 0.9919818 | Z74: 76.137538 | AA74: 1.0776157 | AC74: 6.9960416 | AD74: 0.51549499 | AF74: 43.752216 | AG74: 1.1312015 | AI74: 0.69686449 | AJ74: 0.022972075 | AL74: -11.987411 | AM74: 1.2643519 | AO74: 9.2449327 | AP74: 1.3446904 | AR74: 14.852261 | AS74: 1.5167716 | AU74: -5.1336404 | AV74: 0.81667576 | AX74: -15.934343 | AY74: 1.3801196 | BA74: 0.30337863 | BB74: 0.020461383 | BD74: 0.30774827 | BE74: 0.022811934
A75: Kosovo | B75: m | C75: m | E75: m | F75: m | H75: m | I75: m | K75: m | L75: m | N75: m | O75: m | Q75: m | R75: m | T75: m | U75: m | W75: m | X75: m | Z75: m | AA75: m | AC75: m | AD75: m | AF75: m | AG75: m | AI75: m | AJ75: m | AL75: m | AM75: m | AO75: m | AP75: m | AR75: m | AS75: m | AU75: m | AV75: m | AX75: m | AY75: m | BA75: m | BB75: m | BD75: m | BE75: m
A76: Lebanon | B76: m | C76: m | E76: m | F76: m | H76: m | I76: m | K76: m | L76: m | N76: m | O76: m | Q76: m | R76: m | T76: m | U76: m | W76: m | X76: m | Z76: m | AA76: m | AC76: m | AD76: m | AF76: m | AG76: m | AI76: m | AJ76: m | AL76: m | AM76: m | AO76: m | AP76: m | AR76: m | AS76: m | AU76: m | AV76: m | AX76: m | AY76: m | BA76: m | BB76: m | BD76: m | BE76: m
A77: Macao (China) | B77: 58.074827 | C77: 0.95504813 | E77: 40.000113 | F77: 0.91295429 | H77: 43.718712 | I77: 0.8910396 | K77: 18.478222 | L77: 0.61980689 | N77: 66.691662 | O77: 0.83553755 | Q77: -0.12568866 | R77: 0.009533146 | T77: 41.472366 | U77: 0.89471517 | W77: 59.383797 | X77: 0.87729814 | Z77: 58.196864 | AA77: 0.98633977 | AC77: 8.6223694 | AD77: 0.47467172 | AF77: 47.142759 | AG77: 0.8872244 | AI77: 0.28285028 | AJ77: 0.013414076 | AL77: -16.602461 | AM77: 1.3836431 | AO77: 19.383685 | AP77: 1.2349835 | AR77: 14.478152 | AS77: 1.2344514 | AU77: -9.8558525 | AV77: 0.78388502 | AX77: -19.548903 | AY77: 1.2650364 | BA77: 0.40853894 | BB77: 0.017624488 | BD77: 0.31855507 | BE77: 0.016920831
A78: Malaysia | B78: 23.658813 | C78: 1.0464748 | E78: 72.109588 | F78: 0.97727134 | H78: 51.086987 | I78: 1.2749528 | K78: 8.2431159 | L78: 0.66601829 | N78: 68.556514 | O78: 1.1909713 | Q78: 0.19202407 | R78: 0.015456744 | T78: 14.041581 | U78: 0.90905417 | W78: 84.60977 | X78: 0.90422921 | Z78: 66.358373 | AA78: 1.1818898 | AC78: 4.1546824 | AD78: 0.43764578 | AF78: 50.1625 | AG78: 1.2053202 | AI78: 0.53201412 | AJ78: 0.015098129 | AL78: -9.6172328 | AM78: 1.2301154 | AO78: 12.500183 | AP78: 1.1121381 | AR78: 15.271386 | AS78: 1.6120762 | AU78: -4.0884335 | AV78: 0.62193548 | AX78: -18.394014 | AY78: 1.5439219 | BA78: 0.33999005 | BB78: 0.017193938 | BD78: 0.2805741 | BE78: 0.018416407
A79: Malta | B79: 50.004493 | C79: 1.4127076 | E79: 27.09051 | F79: 1.138822 | H79: 25.832746 | I79: 1.1932851 | K79: 27.727288 | L79: 1.0703052 | N79: 57.069115 | O79: 1.1198715 | Q79: -0.35422575 | R79: 0.020916459 | T79: 28.772358 | U79: 1.1016223 | W79: 51.878123 | X79: 1.1948652 | Z79: 48.579404 | AA79: 1.2638592 | AC79: 11.310009 | AD79: 0.7848227 | AF79: 28.715823 | AG79: 1.0516707 | AI79: 0.29108273 | AJ79: 0.022698746 | AL79: -21.232135 | AM79: 1.8313136 | AO79: 24.787614 | AP79: 1.6705009 | AR79: 22.746658 | AS79: 1.75365 | AU79: -16.417278 | AV79: 1.3886032 | AX79: -28.353292 | AY79: 1.628291 | BA79: 0.64530849 | BB79: 0.032665965 | BD79: 0.44098365 | BE79: 0.033212069
A80: Moldova | B80: 32.824283 | C80: 1.0735538 | E80: 41.990445 | F80: 1.2184731 | H80: 42.868089 | I80: 1.0836735 | K80: 22.605311 | L80: 0.86732978 | N80: 64.013477 | O80: 0.95005258 | Q80: 0.03071412 | R80: 0.013974018 | T80: 17.59037 | U80: 0.85469002 | W80: 64.442469 | X80: 1.133751 | Z80: 63.701601 | AA80: 1.0027573 | AC80: 9.2170026 | AD80: 0.65956734 | AF80: 39.983152 | AG80: 1.1062278 | AI80: 0.43999032 | AJ80: 0.015311647 | AL80: -15.233913 | AM80: 1.2129945 | AO80: 22.452024 | AP80: 1.5782055 | AR80: 20.833512 | AS80: 1.3183598 | AU80: -13.388308 | AV80: 1.1439779 | AX80: -24.030325 | AY80: 1.2840772 | BA80: 0.4092762 | BB80: 0.01611541 | BD80: 0.38581022 | BE80: 0.016173333
A81: Montenegro | B81: 48.755956 | C81: 1.1610835 | E81: 29.57234 | F81: 1.1607591 | H81: 44.857816 | I81: 1.1998234 | K81: 20.563644 | L81: 0.77955406 | N81: 62.481578 | O81: 1.464774 | Q81: -0.04135873 | R81: 0.016142585 | T81: 26.061567 | U81: 0.95044297 | W81: 51.028134 | X81: 1.0648228 | Z81: 67.37885 | AA81: 1.1454509 | AC81: 7.5110855 | AD81: 0.51606791 | AF81: 36.23296 | AG81: 1.051278 | AI81: 0.47447869 | AJ81: 0.014272718 | AL81: -22.694388 | AM81: 1.5336494 | AO81: 21.455794 | AP81: 1.3755603 | AR81: 22.521035 | AS81: 1.5259979 | AU81: -13.052559 | AV81: 0.97889772 | AX81: -26.248619 | AY81: 1.821098 | BA81: 0.51583742 | BB81: 0.022089165 | BD81: 0.40105342 | BE81: 0.025897763
A82: Morocco | B82: m | C82: m | E82: m | F82: m | H82: m | I82: m | K82: m | L82: m | N82: m | O82: m | Q82: m | R82: m | T82: m | U82: m | W82: m | X82: m | Z82: m | AA82: m | AC82: m | AD82: m | AF82: m | AG82: m | AI82: m | AJ82: m | AL82: m | AM82: m | AO82: m | AP82: m | AR82: m | AS82: m | AU82: m | AV82: m | AX82: m | AY82: m | BA82: m | BB82: m | BD82: m | BE82: m
A83: North Macedonia | B83: m | C83: m | E83: m | F83: m | H83: m | I83: m | K83: m | L83: m | N83: m | O83: m | Q83: m | R83: m | T83: m | U83: m | W83: m | X83: m | Z83: m | AA83: m | AC83: m | AD83: m | AF83: m | AG83: m | AI83: m | AJ83: m | AL83: m | AM83: m | AO83: m | AP83: m | AR83: m | AS83: m | AU83: m | AV83: m | AX83: m | AY83: m | BA83: m | BB83: m | BD83: m | BE83: m
A84: Panama | B84: 50.154861 | C84: 1.9831073 | E84: 48.153686 | F84: 1.1298502 | H84: 44.454211 | I84: 1.9910447 | K84: 15.681582 | L84: 1.8164122 | N84: 57.060201 | O84: 1.7859507 | Q84: 0.032699282 | R84: 0.02723304 | T84: 36.685622 | U84: 2.0865078 | W84: 58.357755 | X84: 1.7951634 | Z84: 56.649278 | AA84: 1.9100041 | AC84: 11.984397 | AD84: 1.2181649 | AF84: 45.703603 | AG84: 1.9732349 | AI84: 0.32371629 | AJ84: 0.03412945 | AL84: -13.469239 | AM84: 3.0837453 | AO84: 10.204069 | AP84: 1.96744 | AR84: 12.195067 | AS84: 2.5665746 | AU84: -3.6971853 | AV84: 2.3755421 | AX84: -11.356598 | AY84: 2.4709895 | BA84: 0.29101701 | BB84: 0.038327904 | BD84: 0.2669292 | BE84: 0.039814902
A85: Peru | B85: 47.634052 | C85: 1.1883653 | E85: 56.676155 | F85: 1.3122143 | H85: 57.674473 | I85: 1.2737269 | K85: 11.424113 | L85: 0.70258493 | N85: 58.499561 | O85: 1.2230417 | Q85: 0.20878477 | R85: 0.018030054 | T85: 33.337517 | U85: 1.041862 | W85: 67.87962 | X85: 1.2111843 | Z85: 70.362132 | AA85: 0.98396545 | AC85: 7.9932885 | AD85: 0.69217388 | AF85: 41.512586 | AG85: 1.0566438 | AI85: 0.48316651 | AJ85: 0.015846952 | AL85: -14.296535 | AM85: 1.5465482 | AO85: 11.203466 | AP85: 1.7252442 | AR85: 12.687659 | AS85: 1.502893 | AU85: -3.4308243 | AV85: 0.97304331 | AX85: -16.986975 | AY85: 1.5159177 | BA85: 0.27438174 | BB85: 0.02223918 | BD85: 0.25877069 | BE85: 0.022750414
A86: Philippines | B86: m | C86: m | E86: m | F86: m | H86: m | I86: m | K86: m | L86: m | N86: m | O86: m | Q86: m | R86: m | T86: m | U86: m | W86: m | X86: m | Z86: m | AA86: m | AC86: m | AD86: m | AF86: m | AG86: m | AI86: m | AJ86: m | AL86: m | AM86: m | AO86: m | AP86: m | AR86: m | AS86: m | AU86: m | AV86: m | AX86: m | AY86: m | BA86: m | BB86: m | BD86: m | BE86: m
A87: Qatar | B87: 45.521083 | C87: 0.78779602 | E87: 51.335683 | F87: 0.82919458 | H87: 44.922342 | I87: 0.82776415 | K87: 26.769143 | L87: 0.65104716 | N87: 57.177891 | O87: 0.58857427 | Q87: 0.044166507 | R87: 0.01107278 | T87: 40.083594 | U87: 0.73062448 | W87: 63.910905 | X87: 0.77361124 | Z87: 52.735282 | AA87: 0.88972035 | AC87: 18.609143 | AD87: 0.5248626 | AF87: 45.687393 | AG87: 0.69866678 | AI87: 0.35799146 | AJ87: 0.013134524 | AL87: -5.4374888 | AM87: 1.1118929 | AO87: 12.575222 | AP87: 1.193872 | AR87: 7.8129401 | AS87: 1.1628081 | AU87: -8.1600008 | AV87: 0.80335183 | AX87: -11.490497 | AY87: 0.8970036 | BA87: 0.31382496 | BB87: 0.017241339 | BD87: 0.24178483 | BE87: 0.016159214
A88: Romania | B88: 38.819697 | C88: 1.2435865 | E88: 29.175908 | F88: 1.1462463 | H88: 36.764659 | I88: 1.2472244 | K88: 32.427726 | L88: 1.2094562 | N88: 72.494307 | O88: 1.2417246 | Q88: -0.12826115 | R88: 0.017816737 | T88: 25.061012 | U88: 1.4182233 | W88: 50.732934 | X88: 1.4854368 | Z88: 58.164172 | AA88: 1.1462635 | AC88: 14.647087 | AD88: 0.98494378 | AF88: 49.233654 | AG88: 1.5685485 | AI88: 0.32069536 | AJ88: 0.02503978 | AL88: -13.758686 | AM88: 1.3907086 | AO88: 21.557026 | AP88: 1.5545137 | AR88: 21.399512 | AS88: 1.5633124 | AU88: -17.780639 | AV88: 1.5578696 | AX88: -23.260652 | AY88: 1.6775263 | BA88: 0.44895651 | BB88: 0.022455981 | BD88: 0.39470841 | BE88: 0.021617027
A89: Russia | B89: 49.819529 | C89: 1.4130414 | E89: 27.685759 | F89: 1.1298509 | H89: 28.476423 | I89: 1.1275697 | K89: 24.78831 | L89: 1.1249407 | N89: 71.414392 | O89: 0.9873804 | Q89: -0.15107166 | R89: 0.016193873 | T89: 26.51886 | U89: 1.1997249 | W89: 47.822672 | X89: 1.2051642 | Z89: 53.758019 | AA89: 1.1687928 | AC89: 11.545537 | AD89: 0.55677477 | AF89: 47.983193 | AG89: 1.1928649 | AI89: 0.2931399 | AJ89: 0.018636948 | AL89: -23.300669 | AM89: 1.9056649 | AO89: 20.136913 | AP89: 1.3198517 | AR89: 25.281596 | AS89: 1.3799151 | AU89: -13.242773 | AV89: 1.1861595 | AX89: -23.4312 | AY89: 1.3452512 | BA89: 0.44421156 | BB89: 0.022162061 | BD89: 0.33252802 | BE89: 0.020655156
A90: Saudi Arabia | B90: m | C90: m | E90: m | F90: m | H90: m | I90: m | K90: m | L90: m | N90: m | O90: m | Q90: m | R90: m | T90: m | U90: m | W90: m | X90: m | Z90: m | AA90: m | AC90: m | AD90: m | AF90: m | AG90: m | AI90: m | AJ90: m | AL90: m | AM90: m | AO90: m | AP90: m | AR90: m | AS90: m | AU90: m | AV90: m | AX90: m | AY90: m | BA90: m | BB90: m | BD90: m | BE90: m
A91: Serbia | B91: 57.83687 | C91: 1.1144413 | E91: 18.382139 | F91: 0.84315054 | H91: 28.97941 | I91: 0.88594556 | K91: 28.420509 | L91: 1.0126978 | N91: 65.642426 | O91: 0.91218637 | Q91: -0.2620968 | R91: 0.017325126 | T91: 32.509289 | U91: 1.2113855 | W91: 40.532663 | X91: 1.4048233 | Z91: 54.19251 | AA91: 1.3940843 | AC91: 12.911874 | AD91: 0.70586669 | AF91: 41.31765 | AG91: 1.3446906 | AI91: 0.33359577 | AJ91: 0.025330139 | AL91: -25.327581 | AM91: 1.4374647 | AO91: 22.150524 | AP91: 1.619259 | AR91: 25.2131 | AS91: 1.5070273 | AU91: -15.508634 | AV91: 1.0680529 | AX91: -24.324776 | AY91: 1.4765252 | BA91: 0.59569257 | BB91: 0.028178615 | BD91: 0.50240544 | BE91: 0.027646731
A92: Singapore | B92: 44.834396 | C92: 1.0331245 | E92: 40.912741 | F92: 1.0507263 | H92: 37.6016 | I92: 1.0187599 | K92: 18.840524 | L92: 0.76154898 | N92: 54.111949 | O92: 0.9872374 | Q92: 0.0025536311 | R92: 0.019065759 | T92: 25.367252 | U92: 0.69730997 | W92: 66.721957 | X92: 0.98995209 | Z92: 58.925172 | AA92: 0.84669435 | AC92: 7.3956235 | AD92: 0.46364812 | AF92: 27.216241 | AG92: 0.74610168 | AI92: 0.58158595 | AJ92: 0.016706509 | AL92: -19.467144 | AM92: 1.2257453 | AO92: 25.809216 | AP92: 1.3484913 | AR92: 21.323572 | AS92: 1.3551617 | AU92: -11.4449 | AV92: 0.89961997 | AX92: -26.895708 | AY92: 1.063668 | BA92: 0.57903232 | BB92: 0.02315744 | BD92: 0.4701345 | BE92: 0.022454287
A93: Chinese Taipei | B93: 57.983446 | C93: 1.1652108 | E93: 56.983654 | F93: 1.1625282 | H93: 58.934228 | I93: 1.2021225 | K93: 14.850959 | L93: 0.85285617 | N93: 51.272071 | O93: 1.1940329 | Q93: 0.18008144 | R93: 0.022356709 | T93: 43.24021 | U93: 1.5713926 | W93: 71.184093 | X93: 1.3595275 | Z93: 71.342167 | AA93: 1.3002759 | AC93: 5.7008818 | AD93: 0.41950512 | AF93: 38.055162 | AG93: 1.6126794 | AI93: 0.60964449 | AJ93: 0.027918136 | AL93: -14.743236 | AM93: 1.953784 | AO93: 14.200439 | AP93: 1.8308133 | AR93: 12.40794 | AS93: 1.7199796 | AU93: -9.1500777 | AV93: 0.9558912 | AX93: -13.216909 | AY93: 2.0066031 | BA93: 0.42956305 | BB93: 0.035307749 | BD93: 0.27442252 | BE93: 0.024424402
A94: Thailand | B94: 33.996208 | C94: 1.1869274 | E94: 75.260492 | F94: 0.93853729 | H94: 60.30589 | I94: 1.1436523 | K94: 14.137775 | L94: 0.84946206 | N94: 41.893748 | O94: 1.1938785 | Q94: 0.36100276 | R94: 0.015238205 | T94: 16.994935 | U94: 0.84990294 | W94: 87.162863 | X94: 0.6216217 | Z94: 71.914801 | AA94: 0.80038735 | AC94: 5.549293 | AD94: 0.45668986 | AF94: 26.763865 | AG94: 0.89834282 | AI94: 0.66910569 | AJ94: 0.0145974 | AL94: -17.001273 | AM94: 1.396728 | AO94: 11.902372 | AP94: 1.0117634 | AR94: 11.608911 | AS94: 1.4589471 | AU94: -8.588482 | AV94: 0.90813606 | AX94: -15.129883 | AY94: 1.4929947 | BA94: 0.30810293 | BB94: 0.019335215 | BD94: 0.23389756 | BE94: 0.020800967
A95: Ukraine | B95: m | C95: m | E95: m | F95: m | H95: m | I95: m | K95: m | L95: m | N95: m | O95: m | Q95: m | R95: m | T95: m | U95: m | W95: m | X95: m | Z95: m | AA95: m | AC95: m | AD95: m | AF95: m | AG95: m | AI95: m | AJ95: m | AL95: m | AM95: m | AO95: m | AP95: m | AR95: m | AS95: m | AU95: m | AV95: m | AX95: m | AY95: m | BA95: m | BB95: m | BD95: m | BE95: m
A96: United Arab Emirates | B96: m | C96: m | E96: m | F96: m | H96: m | I96: m | K96: m | L96: m | N96: m | O96: m | Q96: m | R96: m | T96: m | U96: m | W96: m | X96: m | Z96: m | AA96: m | AC96: m | AD96: m | AF96: m | AG96: m | AI96: m | AJ96: m | AL96: m | AM96: m | AO96: m | AP96: m | AR96: m | AS96: m | AU96: m | AV96: m | AX96: m | AY96: m | BA96: m | BB96: m | BD96: m | BE96: m
A97: Uruguay | B97: 60.214866 | C97: 1.0937864 | E97: 23.345084 | F97: 0.80391961 | H97: 25.122617 | I97: 1.0874276 | K97: 26.11305 | L97: 0.98767554 | N97: 67.184627 | O97: 1.1452332 | Q97: -0.38649102 | R97: 0.018966203 | T97: 40.366973 | U97: 1.1223231 | W97: 39.174039 | X97: 1.0589656 | Z97: 39.399141 | AA97: 1.059833 | AC97: 11.842421 | AD97: 0.69380826 | AF97: 47.172757 | AG97: 1.0383693 | AI97: 0.072971957 | AJ97: 0.019317752 | AL97: -19.847893 | AM97: 1.3952838 | AO97: 15.828955 | AP97: 1.347203 | AR97: 14.276525 | AS97: 1.2558293 | AU97: -14.270629 | AV97: 1.0742287 | AX97: -20.01187 | AY97: 1.4943337 | BA97: 0.45946297 | BB97: 0.023557355 | BD97: 0.38406675 | BE97: 0.02306364
A98: Viet Nam | B98: m | C98: m | E98: m | F98: m | H98: m | I98: m | K98: m | L98: m | N98: m | O98: m | Q98: m | R98: m | T98: m | U98: m | W98: m | X98: m | Z98: m | AA98: m | AC98: m | AD98: m | AF98: m | AG98: m | AI98: m | AJ98: m | AL98: m | AM98: m | AO98: m | AP98: m | AR98: m | AS98: m | AU98: m | AV98: m | AX98: m | AY98: m | BA98: m | BB98: m | BD98: m | BE98: m
A104: Information on data for Cyprus: https://oe.cd/cyprus-disclaimer
A105: Note: Values that are statistically significant are indicated in bold (see Annex A3).

Sheet Table II.B1.8.4
A1: PISA 2018 Results (Volume II) - © OECD 2019
A2: Annex B1 | B2: Annex B1.8 Results (tables): Do boys and girls differ in their attitudes towards school and learning?
A3: Version 2 - Last updated: 02-Dec-2019
A4: Disclaimer: http://oe.cd/disclaimer
A6: Table II.B1.8.4
A7: Index of enjoyment of reading, by gender (PISA 2000)
B11: Boys | T11: Girls | AL11: Gender differences (girls-boys)
B12: Percentage of students who agreed or strongly agreed with the following statements: | Q12: Index of enjoyment of reading | T12: Percentage of students who agreed or strongly agreed with the following statements: | AI12: Index of enjoyment of reading | AL12: Percentage of students who agreed or strongly agreed with the following statements: | BA12: Index of enjoyment of reading, before accounting for reading performance | BD12: Index of enjoyment of reading, after accounting for reading performance
B13: I read only if I have to | E13: Reading is one of my favourite hobbies | H13: I like talking about books with other people | K13: For me, reading is a waste of time | N13: I read only to get information that I need | T13: I read only if I have to | W13: Reading is one of my favourite hobbies | Z13: I like talking about books with other people | AC13: For me, reading is a waste of time | AF13: I read only to get information that I need | AL13: I read only if I have to | AO13: Reading is one of my favourite hobbies | AR13: I like talking about books with other people | AU13: For me, reading is a waste of time | AX13: I read only to get information that I need
B14: % | C14: S.E. | D14: s | E14: % | F14: S.E. | G14: s | H14: % | I14: S.E. | J14: s | K14: % | L14: S.E. | M14: s | N14: % | O14: S.E. | P14: s | Q14: Mean Index | R14: S.E. | S14: s | T14: % | U14: S.E. | V14: s | W14: % | X14: S.E. | Y14: s | Z14: % | AA14: S.E. | AB14: s | AC14: % | AD14: S.E. | AE14: s | AF14: % | AG14: S.E. | AH14: s | AI14: Mean Index | AJ14: S.E. | AK14: s | AL14: % dif. | AM14: S.E. | AN14: s | AO14: % dif. | AP14: S.E. | AQ14: s | AR14: % dif. | AS14: S.E. | AT14: s | AU14: % dif. | AV14: S.E. | AW14: s | AX14: % dif. | AY14: S.E. | AZ14: s | BA14: Dif. | BB14: S.E. | BC14: s | BD14: Dif. | BE14: S.E. | BF14: s
A15: OECD
A16: Australia | B16: 46.386439 | C16: 1.6055819 | E16: 22.918695 | F16: 1.1740982 | H16: 20.127536 | I16: 1.0725228 | K16: 29.487378 | L16: 1.1587491 | N16: 54.53221 | O16: 1.6265136 | Q16: -0.28689696 | R16: 0.029314547 | T16: 29.993375 | U16: 1.4106204 | W16: 40.624698 | X16: 1.450175 | Z16: 39.948198 | AA16: 1.6993676 | AC16: 17.384725 | AD16: 1.2032192 | AF16: 34.302442 | AG16: 1.4315473 | AI16: 0.16118845 | AJ16: 0.033877918 | AL16: -16.393064 | AM16: 1.9002277 | AO16: 17.706003 | AP16: 1.7409274 | AR16: 19.820662 | AS16: 1.845227 | AU16: -12.102652 | AV16: 1.6773438 | AX16: -20.229769 | AY16: 1.7910889 | BA16: 0.44808541 | BB16: 0.041978732 | BD16: 0.32154691 | BE16: 0.035995874
A17: Austria | B17: 52.502861 | C17: 1.214547 | E17: 17.097814 | F17: 0.97734863 | H17: 15.64345 | I17: 0.93700282 | K17: 37.605994 | L17: 1.2701663 | N17: 67.861588 | O17: 1.2752323 | Q17: -0.46642394 | R17: 0.028500004 | T17: 29.703323 | U17: 1.0585477 | W17: 42.784533 | X17: 1.4573736 | Z17: 36.19144 | AA17: 1.1679238 | AC17: 17.920404 | AD17: 0.98724874 | AF17: 38.159033 | AG17: 1.1961246 | AI17: 0.35200402 | AJ17: 0.03322293 | AL17: -22.799538 | AM17: 1.6594548 | AO17: 25.686719 | AP17: 1.7550692 | AR17: 20.54799 | AS17: 1.2373037 | AU17: -19.68559 | AV17: 1.5816771 | AX17: -29.702555 | AY17: 1.6440669 | BA17: 0.81842796 | BB17: 0.043766581 | BD17: 0.70628743 | BE17: 0.03682557
A18: Belgium | B18: 57.334219 | C18: 1.2113822 | E18: 18.605513 | F18: 0.96723432 | H18: 20.615483 | I18: 0.9218656 | K18: 44.612078 | L18: 1.0635997 | N18: 62.030215 | O18: 1.069932 | Q18: -0.51646164 | R18: 0.023481277 | T18: 33.828396 | U18: 0.94364232 | W18: 34.877287 | X18: 1.0325292 | Z18: 38.060265 | AA18: 1.0495462 | AC18: 21.874419 | AD18: 0.88005623 | AF18: 38.258356 | AG18: 0.83402178 | AI18: 0.04318285 | AJ18: 0.021137288 | AL18: -23.505823 | AM18: 1.5298687 | AO18: 16.271774 | AP18: 1.3681536 | AR18: 17.444782 | AS18: 1.2283334 | AU18: -22.737659 | AV18: 1.4068143 | AX18: -23.771858 | AY18: 1.4872036 | BA18: 0.55964449 | BB18: 0.032325191 | BD18: 0.48027295 | BE18: 0.031820297
A19: Canada | B19: 47.169259 | C19: 0.59874045 | E19: 22.759553 | F19: 0.52387008 | H19: 23.597834 | I19: 0.57596285 | K19: 32.528477 | L19: 0.7346598 | N19: 55.596318 | O19: 0.6844743 | Q19: -0.3072899 | R19: 0.013864524 | T19: 26.2074 | U19: 0.58673238 | W19: 44.535665 | X19: 0.61225599 | Z19: 42.022919 | AA19: 0.73555895 | AC19: 14.390112 | AD19: 0.43029133 | AF19: 31.146153 | AG19: 0.64985031 | AI19: 0.29775215 | AJ19: 0.015534732 | AL19: -20.961859 | AM19: 0.81420102 | AO19: 21.776111 | AP19: 0.71348895 | AR19: 18.425085 | AS19: 0.77625195 | AU19: -18.138365 | AV19: 0.84864123 | AX19: -24.450165 | AY19: 0.90558817 | BA19: 0.60504205 | BB19: 0.018148968 | BD19: 0.46566613 | BE19: 0.017187662
A20: Chile | B20: 59.914978 | C20: 1.2886561 | E20: 27.834991 | F20: 1.1355333 | H20: 46.294195 | I20: 1.2603367 | K20: 24.005576 | L20: 1.188604 | N20: 68.099127 | O20: 1.0955259 | Q20: -0.29478996 | R20: 0.020540097 | T20: 42.854751 | U20: 1.170941 | W20: 44.49601 | X20: 1.1654206 | Z20: 67.134008 | AA20: 1.2044008 | AC20: 14.171199 | AD20: 0.87557256 | AF20: 48.016411 | AG20: 1.1189136 | AI20: 0.17079691 | AJ20: 0.023934805 | AL20: -17.060227 | AM20: 1.4658127 | AO20: 16.661018 | AP20: 1.4792972 | AR20: 20.839813 | AS20: 1.6896072 | AU20: -9.8343769 | AV20: 1.3914631 | AX20: -20.082716 | AY20: 1.4801522 | BA20: 0.46558688 | BB20: 0.029306094 | BD20: 0.39729245 | BE20: 0.025260239
A21: Colombia | B21: m | C21: m | E21: m | F21: m | H21: m | I21: m | K21: m | L21: m | N21: m | O21: m | Q21: m | R21: m | T21: m | U21: m | W21: m | X21: m | Z21: m | AA21: m | AC21: m | AD21: m | AF21: m | AG21: m | AI21: m | AJ21: m | AL21: m | AM21: m | AO21: m | AP21: m | AR21: m | AS21: m | AU21: m | AV21: m | AX21: m | AY21: m | BA21: m | BB21: m | BD21: m | BE21: m
A22: Czech Republic | B22: 40.981474 | C22: 1.2680675 | E22: 32.569887 | F22: 1.1468881 | H22: 30.969801 | I22: 1.1342128 | K22: 32.599664 | L22: 1.338907 | N22: 61.2496 | O22: 1.1394737 | Q22: -0.23680517 | R22: 0.027242682 | T22: 14.513279 | U22: 0.77049101 | W22: 68.477705 | X22: 0.97473781 | Z22: 64.326218 | AA22: 1.110269 | AC22: 10.809679 | AD22: 0.62396699 | AF22: 29.287732 | AG22: 1.0248501 | AI22: 0.53713025 | AJ22: 0.024512663 | AL22: -26.468196 | AM22: 1.3841161 | AO22: 35.907818 | AP22: 1.4220992 | AR22: 33.356417 | AS22: 1.3239152 | AU22: -21.789986 | AV22: 1.4106589 | AX22: -31.961868 | AY22: 1.4425002 | BA22: 0.77393542 | BB22: 0.033213331 | BD22: 0.65976911 | BE22: 0.031801763
A23: Denmark | B23: 48.222266 | C23: 1.2140761 | E23: 20.897043 | F23: 0.87883645 | H23: 24.909255 | I23: 1.0963605 | K23: 34.617976 | L23: 1.3363878 | N23: 59.462001 | O23: 1.1961133 | Q23: -0.31032524 | R23: 0.020630446 | T23: 25.001346 | U23: 1.085509 | W23: 41.215246 | X23: 1.1983152 | Z23: 46.890444 | AA23: 1.3435206 | AC23: 13.811643 | AD23: 1.0341022 | AF23: 28.02001 | AG23: 1.1906696 | AI23: 0.32093954 | AJ23: 0.025165411 | AL23: -23.22092 | AM23: 1.7343466 | AO23: 20.318203 | AP23: 1.6094414 | AR23: 21.981189 | AS23: 1.646426 | AU23: -20.806333 | AV23: 1.7632493 | AX23: -31.441991 | AY23: 1.6765434 | BA23: 0.63126478 | BB23: 0.033892186 | BD23: 0.53492483 | BE23: 0.031693955
A24: Estonia | B24: m | C24: m | E24: m | F24: m | H24: m | I24: m | K24: m | L24: m | N24: m | O24: m | Q24: m | R24: m | T24: m | U24: m | W24: m | X24: m | Z24: m | AA24: m | AC24: m | AD24: m | AF24: m | AG24: m | AI24: m | AJ24: m | AL24: m | AM24: m | AO24: m | AP24: m | AR24: m | AS24: m | AU24: m | AV24: m | AX24: m | AY24: m | BA24: m | BB24: m | BD24: m | BE24: m
A25: Finland | B25: 41.179717 | C25: 1.1272058 | E25: 20.866411 | F25: 0.97004529 | H25: 18.668252 | I25: 0.72777887 | K25: 38.194716 | L25: 1.2237719 | N25: 52.899012 | O25: 1.1049041 | Q25: -0.27702129 | R25: 0.024317057 | T25: 12.671232 | U25: 0.62955474 | W25: 59.793091 | X25: 1.1832338 | Z25: 47.038598 | AA25: 1.1960106 | AC25: 9.2414845 | AD25: 0.5877517 | AF25: 17.66239 | AG25: 0.76147824 | AI25: 0.64298877 | AJ25: 0.021973055 | AL25: -28.508485 | AM25: 1.2631028 | AO25: 38.92668 | AP25: 1.428746 | AR25: 28.370346 | AS25: 1.3189974 | AU25: -28.953231 | AV25: 1.2499861 | AX25: -35.236621 | AY25: 1.286302 | BA25: 0.92001007 | BB25: 0.0306109 | BD25: 0.69590655 | BE25: 0.030901633
A26: France | B26: 46.759848 | C26: 1.3023429 | E26: 22.289149 | F26: 0.88793169 | H26: 27.980164 | I26: 1.0487206 | K26: 31.044091 | L26: 1.1566 | N26: 56.922386 | O26: 1.1808733 | Q26: -0.33526686 | R26: 0.021653888 | T26: 26.800804 | U26: 1.0084044 | W26: 42.415044 | X26: 1.0198513 | Z26: 48.689529 | AA26: 1.1967279 | AC26: 14.661506 | AD26: 0.76608435 | AF26: 37.732568 | AG26: 1.0830719 | AI26: 0.1938134 | AJ26: 0.022464936 | AL26: -19.959044 | AM26: 1.6305901 | AO26: 20.125894 | AP26: 1.3283983 | AR26: 20.709365 | AS26: 1.639535 | AU26: -16.382585 | AV26: 1.2826193 | AX26: -19.189818 | AY26: 1.6805735 | BA26: 0.52908027 | BB26: 0.030494677 | BD26: 0.44676786 | BE26: 0.029492754
A27: Germany | B27: 51.803382 | C27: 1.0020717 | E27: 17.095518 | F27: 0.86788818 | H27: 14.02844 | I27: 0.80303103 | K27: 41.64935 | L27: 1.197529 | N27: 67.627831 | O27: 1.274032 | Q27: -0.49684113 | R27: 0.026449689 | T27: 26.405676 | U27: 1.0125319 | W27: 40.997139 | X27: 0.95897627 | Z27: 37.115857 | AA27: 1.2906264 | AC27: 19.877678 | AD27: 1.0079612 | AF27: 37.338616 | AG27: 1.1486909 | AI27: 0.3190366 | AJ27: 0.027944717 | AL27: -25.397706 | AM27: 1.3487541 | AO27: 23.901621 | AP27: 1.2896996 | AR27: 23.087417 | AS27: 1.3330898 | AU27: -21.771672 | AV27: 1.4668937 | AX27: -30.289215 | AY27: 1.7001429 | BA27: 0.81587773 | BB27: 0.035037746 | BD27: 0.70244468 | BE27: 0.032646742
A28: Greece | B28: 39.502372 | C28: 1.6273796 | E28: 31.283465 | F28: 1.2682612 | H28: 37.107983 | I28: 1.3620949 | K28: 22.095459 | L28: 1.2246401 | N28: 58.131738 | O28: 1.303401 | Q28: -0.2225642 | R28: 0.020428525 | T28: 26.734941 | U28: 1.1717051 | W28: 43.301887 | X28: 1.185202 | Z28: 61.337789 | AA28: 1.3585242 | AC28: 8.8918508 | AD28: 0.77615034 | AF28: 35.502385 | AG28: 1.5027911 | AI28: 0.19449262 | AJ28: 0.022852263 | AL28: -12.767431 | AM28: 1.7823405 | AO28: 12.018422 | AP28: 1.4792947 | AR28: 24.229807 | AS28: 1.5827028 | AU28: -13.203608 | AV28: 1.2465925 | AX28: -22.629354 | AY28: 1.9085879 | BA28: 0.41705682 | BB28: 0.02479516 | BD28: 0.35461012 | BE28: 0.025811634
A29: Hungary | B29: 37.231855 | C29: 1.149393 | E29: 20.600543 | F29: 0.96446461 | H29: 27.730555 | I29: 1.2310879 | K29: 20.565885 | L29: 1.0603322 | N29: 59.117063 | O29: 1.2080854 | Q29: -0.15459854 | R29: 0.026232218 | T29: 21.503961 | U29: 1.2152537 | W29: 37.725959 | X29: 1.1912174 | Z29: 45.936678 | AA29: 1.3399646 | AC29: 11.087392 | AD29: 0.8140101 | AF29: 35.067776 | AG29: 1.4989553 | AI29: 0.29259133 | AJ29: 0.026844262 | AL29: -15.727894 | AM29: 1.5590947 | AO29: 17.125415 | AP29: 1.4745821 | AR29: 18.206123 | AS29: 1.8972144 | AU29: -9.4784923 | AV29: 1.3622119 | AX29: -24.049287 | AY29: 1.9316281 | BA29: 0.44718986 | BB29: 0.037282455 | BD29: 0.34525133 | BE29: 0.029606512
A30: Iceland | B30: 40.283393 | C30: 1.148922 | E30: 18.577367 | F30: 1.0542714 | H30: 20.165898 | I30: 0.99356023 | K30: 27.407231 | L30: 0.96177639 | N30: 49.654326 | O30: 1.1718562 | Q30: -0.24250263 | R30: 0.018625884 | T30: 25.921168 | U30: 1.0840065 | W30: 35.382661 | X30: 1.046612 | Z30: 31.341028 | AA30: 1.091818 | AC30: 13.731332 | AD30: 0.84792399 | AF30: 25.250972 | AG30: 1.2005122 | AI30: 0.27099764 | AJ30: 0.020341047 | AL30: -14.362225 | AM30: 1.6206315 | AO30: 16.805294 | AP30: 1.4209563 | AR30: 11.175129 | AS30: 1.2897153 | AU30: -13.675899 | AV30: 1.3004851 | AX30: -24.403354 | AY30: 1.6900327 | BA30: 0.51350027 | BB30: 0.026094289 | BD30: 0.34990821 | BE30: 0.027124652
A31: Ireland | B31: 43.552835 | C31: 1.2806296 | E31: 22.920171 | F31: 1.1657023 | H31: 15.669385 | I31: 0.87273462 | K31: 26.265587 | L31: 1.1541447 | N31: 58.381752 | O31: 1.5879791 | Q31: -0.35530107 | R31: 0.027989508 | T31: 23.678731 | U31: 1.0607428 | W31: 48.247979 | X31: 1.2375218 | Z31: 39.713184 | AA31: 1.2396073 | AC31: 12.492396 | AD31: 0.8604537 | AF31: 33.321871 | AG31: 1.2572034 | AI31: 0.20886983 | AJ31: 0.025744426 | AL31: -19.874104 | AM31: 1.6154232 | AO31: 25.327808 | AP31: 1.5494116 | AR31: 24.043799 | AS31: 1.4862129 | AU31: -13.773191 | AV31: 1.4092546 | AX31: -25.05988 | AY31: 1.9812909 | BA31: 0.5641709 | BB31: 0.035762294 | BD31: 0.44725535 | BE31: 0.032339374
A32: Israel | B32: 43.927913 | C32: 1.7510978 | E32: 28.501997 | F32: 2.0277038 | H32: 31.644799 | I32: 2.2810329 | K32: 30.627801 | L32: 1.7754322 | N32: 52.597151 | O32: 2.2838352 | Q32: -0.15371277 | R32: 0.042766312 | T32: 28.739074 | U32: 2.3808655 | W32: 45.052606 | X32: 3.1563465 | Z32: 48.661511 | AA32: 2.8328517 | AC32: 15.167642 | AD32: 1.4133271 | AF32: 33.621669 | AG32: 2.2743737 | AI32: 0.38147995 | AJ32: 0.076020958 | AL32: -15.188839 | AM32: 3.0391994 | AO32: 16.550609 | AP32: 2.8901408 | AR32: 17.016711 | AS32: 2.6268792 | AU32: -15.460159 | AV32: 2.2283403 | AX32: -18.975482 | AY32: 2.2888333 | BA32: 0.53519272 | BB32: 0.069049061 | BD32: 0.51514865 | BE32: 0.066749095
A33: Italy | B33: 34.211934 | C33: 1.2419242 | E33: 33.820151 | F33: 1.1404738 | H33: 30.621398 | I33: 1.0592232 | K33: 24.882494 | L33: 0.90033009 | N33: 63.396011 | O33: 1.241961 | Q33: -0.27876488 | R33: 0.023420653 | T33: 17.930535 | U33: 0.88399887 | W33: 55.776205 | X33: 1.2028221 | Z33: 55.860196 | AA33: 1.2851889 | AC33: 10.50308 | AD33: 0.6388908 | AF33: 37.51574 | AG33: 1.2433249 | AI33: 0.2855142 | AJ33: 0.026175536 | AL33: -16.281399 | AM33: 1.427009 | AO33: 21.956054 | AP33: 1.7124526 | AR33: 25.238797 | AS33: 1.818251 | AU33: -14.379414 | AV33: 1.1889519 | AX33: -25.88027 | AY33: 1.7630091 | BA33: 0.56427908 | BB33: 0.035066069 | BD33: 0.46296149 | BE33: 0.031507629
A34: Japan | B34: 50.819951 | C34: 1.2489919 | E34: 32.161314 | F34: 1.1381911 | H34: 34.297983 | I34: 1.069314 | K34: 23.710316 | L34: 0.97304263 | N34: 39.189362 | O34: 0.93209494 | Q34: -0.073578558 | R34: 0.025758725 | T34: 45.882173 | U34: 1.3307608 | W34: 40.512474 | X34: 1.3200718 | Z34: 38.539204 | AA34: 1.3132175 | AC34: 15.843074 | AD34: 0.95207639 | AF34: 21.822354 | AG34: 1.0469185 | AI34: 0.23990885 | AJ34: 0.036575451 | AL34: -4.9377771 | AM34: 1.6714165 | AO34: 8.3511605 | AP34: 1.567917 | AR34: 4.2412215 | AS34: 1.5194508 | AU34: -7.8672422 | AV34: 1.1520341 | AX34: -17.367008 | AY34: 1.4565751 | BA34: 0.31348741 | BB34: 0.034229549 | BD34: 0.21073649 | BE34: 0.032419024
A35: Korea | B35: 44.204608 | C35: 0.95237703 | E35: 32.553867 | F35: 1.1694661 | H35: 28.227676 | I35: 1.09034 | K35: 15.75277 | L35: 0.78860659 | N35: 44.545336 | O35: 1.2184603 | Q35: -0.078699583 | R35: 0.023069035 | T35: 36.445101 | U35: 1.3705929 | W35: 36.979601 | X35: 1.5282047 | Z35: 33.406109 | AA35: 1.5483328 | AC35: 8.9533098 | AD35: 0.83434819 | AF35: 35.266454 | AG35: 1.3644604 | AI35: 0.13653719 | AJ35: 0.035435903 | AL35: -7.7595067 | AM35: 1.576241 | AO35: 4.4257335 | AP35: 2.0413931 | AR35: 5.1784323 | AS35: 1.9621195 | AU35: -6.7994604 | AV35: 1.2129182 | AX35: -9.278882 | AY35: 1.9340493 | BA35: 0.21523677 | BB35: 0.044784393 | BD35: 0.15671627 | BE35: 0.031548462
A36: Latvia | B36: 48.463168 | C36: 1.6901079 | E36: 25.738657 | F36: 1.3074741 | H36: 25.355567 | I36: 1.2407357 | K36: 32.942771 | L36: 1.7732683 | N36: 67.997865 | O36: 1.3302396 | Q36: -0.29067563 | R36: 0.026682917 | T36: 22.53602 | U36: 1.1545748 | W36: 48.634302 | X36: 1.5356563 | Z36: 48.948326 | AA36: 1.7592551 | AC36: 14.510625 | AD36: 0.98648757 | AF36: 44.311831 | AG36: 1.6008132 | AI36: 0.19303739 | AJ36: 0.025176429 | AL36: -25.927148 | AM36: 1.8292657 | AO36: 22.895646 | AP36: 2.2125692 | AR36: 23.592759 | AS36: 1.9533014 | AU36: -18.432146 | AV36: 2.1087989 | AX36: -23.686034 | AY36: 1.7993285 | BA36: 0.48371302 | BB36: 0.03423867 | BD36: 0.37726076 | BE36: 0.032961294
A37: Lithuania | B37: m | C37: m | E37: m | F37: m | H37: m | I37: m | K37: m | L37: m | N37: m | O37: m | Q37: m | R37: m | T37: m | U37: m | W37: m | X37: m | Z37: m | AA37: m | AC37: m | AD37: m | AF37: m | AG37: m | AI37: m | AJ37: m | AL37: m | AM37: m | AO37: m | AP37: m | AR37: m | AS37: m | AU37: m | AV37: m | AX37: m | AY37: m | BA37: m | BB37: m | BD37: m | BE37: m
A38: Luxembourg | B38: 51.093395 | C38: 1.1617202 | E38: 20.990295 | F38: 1.1787577 | H38: 18.447304 | I38: 1.0324209 | K38: 36.240809 | L38: 1.1709475 | N38: 58.479225 | O38: 1.1905522 | Q38: -0.43172802 | R38: 0.021689662 | T38: 29.72375 | U38: 1.1409195 | W38: 41.648801 | X38: 1.1857693 | Z38: 33.83029 | AA38: 1.2189105 | AC38: 18.267268 | AD38: 0.89501609 | AF38: 35.254344 | AG38: 1.14593 | AI38: 0.23187792 | AJ38: 0.024337455 | AL38: -21.369644 | AM38: 1.5289033 | AO38: 20.658506 | AP38: 1.7370206 | AR38: 15.382986 | AS38: 1.5923062 | AU38: -17.97354 | AV38: 1.4672529 | AX38: -23.224881 | AY38: 1.6268903 | BA38: 0.66360593 | BB38: 0.034444933 | BD38: 0.6131714 | BE38: 0.033030869
A39: Mexico | B39: 31.128088 | C39: 1.2099037 | E39: 55.473195 | F39: 1.5889687 | H39: 58.869079 | I39: 1.5193059 | K39: 12.053479 | L39: 0.88677806 | N39: 61.86069 | O39: 1.2084373 | Q39: 0.12497757 | R39: 0.021057899 | T39: 18.636084 | U39: 0.99571322 | W39: 67.797888 | X39: 1.3464319 | Z39: 71.614528 | AA39: 1.2850409 | AC39: 6.2955445 | AD39: 0.50545886 | AF39: 43.233387 | AG39: 1.2168772 | AI39: 0.45546181 | AJ39: 0.020925444 | AL39: -12.492005 | AM39: 1.4378099 | AO39: 12.324693 | AP39: 1.4889036 | AR39: 12.745449 | AS39: 1.6902119 | AU39: -5.7579349 | AV39: 1.0338235 | AX39: -18.627303 | AY39: 1.7236209 | BA39: 0.33048423 | BB39: 0.026606914 | BD39: 0.31108136 | BE39: 0.028241545
A40: Netherlands | B40: 60.203856 | C40: 1.9775049 | E40: 13.79033 | F40: 1.2682343 | H40: 11.620365 | I40: 1.4039125 | K40: 45.266722 | L40: 2.059486 | N40: 63.966591 | O40: 1.9028096 | Q40: -0.54617601 | R40: 0.038729503 | T40: 33.895643 | U40: 1.4808249 | W40: 32.439572 | X40: 1.8809116 | Z40: 26.228334 | AA40: 1.5967217 | AC40: 20.764885 | AD40: 1.50233 | AF40: 36.02093 | AG40: 1.599015 | AI40: 0.022298865 | AJ40: 0.037610218 | AL40: -26.308212 | AM40: 2.3408708 | AO40: 18.649242 | AP40: 1.646571 | AR40: 14.607969 | AS40: 1.9607439 | AU40: -24.501836 | AV40: 2.4643111 | AX40: -27.945661 | AY40: 1.9378764 | BA40: 0.56847488 | BB40: 0.043866507 | BD40: 0.49287799 | BE40: 0.04187534
A41: New Zealand | B41: 44.821468 | C41: 1.3889948 | E41: 24.600026 | F41: 1.0536803 | H41: 25.416081 | I41: 1.3541338 | K41: 25.231137 | L41: 1.2974647 | N41: 54.59234 | O41: 1.2152037 | Q41: -0.20655492 | R41: 0.023673954 | T41: 27.029431 | U41: 1.1373456 | W41: 41.678595 | X41: 1.0874171 | Z41: 40.949151 | AA41: 1.3069214 | AC41: 13.388975 | AD41: 0.92071421 | AF41: 32.511111 | AG41: 1.2157649 | AI41: 0.2246946 | AJ41: 0.024434429 | AL41: -17.792037 | AM41: 1.637796 | AO41: 17.078569 | AP41: 1.5083513 | AR41: 15.53307 | AS41: 1.7668635 | AU41: -11.842162 | AV41: 1.5607392 | AX41: -22.081229 | AY41: 1.6873763 | BA41: 0.43124952 | BB41: 0.032705277 | BD41: 0.28968225 | BE41: 0.028532618
A42: Norway | B42: 54.785073 | C42: 1.2132111 | E42: 15.785274 | F42: 0.78035651 | H42: 14.927339 | I42: 0.96264326 | K42: 41.603185 | L42: 1.0189751 | N42: 64.78429 | O42: 1.3074452 | Q42: -0.53666974 | R42: 0.023769357 | T42: 30.184444 | U42: 1.2013949 | W42: 32.713669 | X42: 1.3512961 | Z42: 28.971897 | AA42: 1.2613135 | AC42: 18.961199 | AD42: 1.1177965 | AF42: 32.973867 | AG42: 1.3118814 | AI42: 0.11731292 | AJ42: 0.024826283 | AL42: -24.600629 | AM42: 1.7277108 | AO42: 16.928395 | AP42: 1.576391 | AR42: 14.044558 | AS42: 1.6483346 | AU42: -22.641986 | AV42: 1.330434 | AX42: -31.810423 | AY42: 1.939434 | BA42: 0.65398265 | BB42: 0.035063023 | BD42: 0.51237208 | BE42: 0.035704405
A43: Poland | B43: 45.417979 | C43: 2.0163157 | E43: 29.913179 | F43: 1.2897178 | H43: 28.262638 | I43: 1.1238862 | K43: 33.330742 | L43: 1.7223129 | N43: 63.532521 | O43: 1.5259719 | Q43: -0.22571889 | R43: 0.02840957 | T43: 26.93172 | U43: 1.2522341 | W43: 47.405982 | X43: 1.3008033 | Z43: 48.598647 | AA43: 1.3385855 | AC43: 16.258137 | AD43: 0.97214933 | AF43: 43.548652 | AG43: 1.5857067 | AI43: 0.2179619 | AJ43: 0.02823681 | AL43: -18.486259 | AM43: 2.1327212 | AO43: 17.492803 | AP43: 1.7121815 | AR43: 20.336009 | AS43: 1.7689531 | AU43: -17.072605 | AV43: 1.8575181 | AX43: -19.983869 | AY43: 1.9426281 | BA43: 0.44368079 | BB43: 0.033379493 | BD43: 0.3606171 | BE43: 0.026785499
A44: Portugal | B44: 35.358339 | C44: 1.3294308 | E44: 38.156786 | F44: 1.2450366 | H44: 42.225672 | I44: 1.2253395 | K44: 19.904131 | L44: 1.1238737 | N44: 50.459361 | O44: 1.1538513 | Q44: -0.024040653 | R44: 0.022471585 | T44: 14.09731 | U44: 0.94887919 | W44: 69.279475 | X44: 1.1474569 | Z44: 71.33773 | AA44: 1.1462931 | AC44: 7.0124806 | AD44: 0.70301512 | AF44: 21.031135 | AG44: 1.0381493 | AI44: 0.62643721 | AJ44: 0.020635695 | AL44: -21.261029 | AM44: 1.1411373 | AO44: 31.122689 | AP44: 1.6769996 | AR44: 29.112059 | AS44: 1.7210467 | AU44: -12.89165 | AV44: 1.1397387 | AX44: -29.428226 | AY44: 1.5759033 | BA44: 0.65047786 | BB44: 0.027879656 | BD44: 0.5885933 | BE44: 0.030473925
A45: Slovak Republic | B45: m | C45: m | E45: m | F45: m | H45: m | I45: m | K45: m | L45: m | N45: m | O45: m | Q45: m | R45: m | T45: m | U45: m | W45: m | X45: m | Z45: m | AA45: m | AC45: m | AD45: m | AF45: m | AG45: m | AI45: m | AJ45: m | AL45: m | AM45: m | AO45: m | AP45: m | AR45: m | AS45: m | AU45: m | AV45: m | AX45: m | AY45: m | BA45: m | BB45: m | BD45: m | BE45: m
A46: Slovenia | B46: m | C46: m | E46: m | F46: m | H46: m | I46: m | K46: m | L46: m | N46: m | O46: m | Q46: m | R46: m | T46: m | U46: m | W46: m | X46: m | Z46: m | AA46: m | AC46: m | AD46: m | AF46: m | AG46: m | AI46: m | AJ46: m | AL46: m | AM46: m | AO46: m | AP46: m | AR46: m | AS46: m | AU46: m | AV46: m | AX46: m | AY46: m | BA46: m | BB46: m | BD46: m | BE46: m
A47: Spain | B47: 52.11306 | C47: 1.3868876 | E47: 25.85593 | F47: 1.0253086 | H47: 30.183554 | I47: 1.1284762 | K47: 22.378131 | L47: 0.90589522 | N47: 57.50039 | O47: 1.4734737 | Q47: -0.29544437 | R47: 0.023194128 | T47: 31.196506 | U47: 1.2302094 | W47: 44.458237 | X47: 1.261238 | Z47: 52.326773 | AA47: 1.4863961 | AC47: 9.2292351 | AD47: 0.65873483 | AF47: 35.197305 | AG47: 1.2055546 | AI47: 0.19949665 | AJ47: 0.029557379 | AL47: -20.916554 | AM47: 1.6036273 | AO47: 18.602308 | AP47: 1.6213851 | AR47: 22.143219 | AS47: 1.7686527 | AU47: -13.148896 | AV47: 0.95220529 | AX47: -22.303085 | AY47: 1.6937302 | BA47: 0.49494102 | BB47: 0.036003187 | BD47: m | BE47: m
A48: Sweden | B48: 47.748015 | C48: 1.2466342 | E48: 19.794617 | F48: 0.931768 | H48: 22.985149 | I48: 1.1388849 | K48: 40.278112 | L48: 1.2175517 | N48: 57.069639 | O48: 1.2483152 | Q48: -0.35331346 | R48: 0.025241286 | T48: 26.69086 | U48: 1.239727 | W48: 39.289707 | X48: 1.1156206 | Z48: 36.985985 | AA48: 1.2827351 | AC48: 17.317726 | AD48: 1.0201756 | AF48: 29.516268 | AG48: 1.1332319 | AI48: 0.23823431 | AJ48: 0.025915911 | AL48: -21.057155 | AM48: 1.5173597 | AO48: 19.49509 | AP48: 1.4820568 | AR48: 14.000836 | AS48: 1.7440909 | AU48: -22.960386 | AV48: 1.4325681 | AX48: -27.553372 | AY48: 1.5420388 | BA48: 0.59154777 | BB48: 0.035740294 | BD48: 0.43001947 | BE48: 0.036189815
A49: Switzerland | B49: 50.075372 | C49: 1.2999934 | E49: 20.879727 | F49: 1.1696762 | H49: 20.005279 | I49: 1.1032768 | K49: 36.94409 | L49: 1.3863545 | N49: 62.102863 | O49: 1.2274186 | Q49: -0.39492952 | R49: 0.031792619 | T49: 22.023376 | U49: 0.9875688 | W49: 48.829644 | X49: 1.3886007 | Z49: 43.477977 | AA49: 1.151724 | AC49: 14.201435 | AD49: 0.90115309 | AF49: 29.230251 | AG49: 1.2506025 | AI49: 0.5121094 | AJ49: 0.03420036 | AL49: -28.051996 | AM49: 1.5429781 | AO49: 27.949916 | AP49: 1.5218445 | AR49: 23.472698 | AS49: 1.3980072 | AU49: -22.742655 | AV49: 1.573467 | AX49: -32.872612 | AY49: 1.4955487 | BA49: 0.90703892 | BB49: 0.03699804 | BD49: 0.78522125 | BE49: 0.03389444
A50: Turkey | B50: m | C50: m | E50: m | F50: m | H50: m | I50: m | K50: m | L50: m | N50: m | O50: m | Q50: m | R50: m | T50: m | U50: m | W50: m | X50: m | Z50: m | AA50: m | AC50: m | AD50: m | AF50: m | AG50: m | AI50: m | AJ50: m | AL50: m | AM50: m | AO50: m | AP50: m | AR50: m | AS50: m | AU50: m | AV50: m | AX50: m | AY50: m | BA50: m | BB50: m | BD50: m | BE50: m
A51: United Kingdom | B51: 43.502801 | C51: 1.0439166 | E51: 20.215091 | F51: 0.9236962 | H51: 20.60286 | I51: 1.0731815 | K51: 24.199534 | L51: 0.90014864 | N51: 59.535088 | O51: 1.0505775 | Q51: -0.31794928 | R51: 0.020002781 | T51: 27.112591 | U51: 0.98010862 | W51: 38.612426 | X51: 1.4119006 | Z51: 36.55457 | AA51: 1.4715542 | AC51: 14.191289 | AD51: 0.75354591 | AF51: 36.515224 | AG51: 1.0638247 | AI51: 0.12077388 | AJ51: 0.02523694 | AL51: -16.39021 | AM51: 1.2532658 | AO51: 18.397335 | AP51: 1.5844935 | AR51: 15.95171 | AS51: 1.5477735 | AU51: -10.008245 | AV51: 1.112366 | AX51: -23.019864 | AY51: 1.2427479 | BA51: 0.43872315 | BB51: 0.026378285 | BD51: 0.35579461 | BE51: 0.023296222
A52: United States | B52: 54.473143 | C52: 1.7251462 | E52: 21.984224 | F52: 1.1620297 | H52: 26.043883 | I52: 1.5533809 | K52: 34.521389 | L52: 1.8893237 | N52: 57.075285 | O52: 2.2143044 | Q52: -0.33865307 | R52: 0.037225713 | T52: 36.995005 | U52: 1.8600655 | W52: 37.066426 | X52: 1.1329188 | Z52: 42.737684 | AA52: 1.9561248 | AC52: 18.099649 | AD52: 1.5340957 | AF52: 38.651008 | AG52: 2.1395069 | AI52: 0.061574262 | AJ52: 0.036489383 | AL52: -17.478138 | AM52: 2.3415032 | AO52: 15.082202 | AP52: 1.4559207 | AR52: 16.693801 | AS52: 2.0497862 | AU52: -16.421739 | AV52: 2.2177928 | AX52: -18.424277 | AY52: 2.9024087 | BA52: 0.40022733 | BB52: 0.04099549 | BD52: 0.31890853 | BE52: 0.039746482
A53: OECD average-24 | B53: 44.981422 | C53: 0.26717886 | E53: 26.088168 | F53: 0.22277551 | H53: 26.7895 | I53: 0.22371927 | K53: 29.586635 | L53: 0.24018656 | N53: 57.609797 | O53: 0.25511236 | Q53: -0.26563697 | R53: 0.004980746 | T53: 25.535161 | U53: 0.22271743 | W53: 46.289589 | X53: 0.24726649 | Z53: 46.393218 | AA53: 0.26540126 | AC53: 13.36371 | AD53: 0.17480871 | AF53: 32.877068 | AG53: 0.24956427 | AI53: 0.28873708 | AJ53: 0.0053780013 | AL53: -19.44626 | AM53: 0.32262981 | AO53: 20.201421 | AP53: 0.31893933 | AR53: 19.603718 | AS53: 0.32901507 | AU53: -16.222925 | AV53: 0.28618632 | AX53: -24.732729 | AY53: 0.34405788 | BA53: 0.55437405 | BB53: 0.0068297336 | BD53: 0.44566003 | BE53: 0.0063287316
A54: OECD average-36b | B54: m | C54: m | E54: m | F54: m | H54: m | I54: m | K54: m | L54: m | N54: m | O54: m | Q54: m | R54: m | T54: m | U54: m | W54: m | X54: m | Z54: m | AA54: m | AC54: m | AD54: m | AF54: m | AG54: m | AI54: m | AJ54: m | AL54: m | AM54: m | AO54: m | AP54: m | AR54: m | AS54: m | AU54: m | AV54: m | AX54: m | AY54: m | BA54: m | BB54: m | BD54: m | BE54: m
A55: OECD average-37 | B55: m | C55: m | E55: m | F55: m | H55: m | I55: m | K55: m | L55: m | N55: m | O55: m | Q55: m | R55: m | T55: m | U55: m | W55: m | X55: m | Z55: m | AA55: m | AC55: m | AD55: m | AF55: m | AG55: m | AI55: m | AJ55: m | AL55: m | AM55: m | AO55: m | AP55: m | AR55: m | AS55: m | AU55: m | AV55: m | AX55: m | AY55: m | BA55: m | BB55: m | BD55: m | BE55: m
A56: Partners
A57: Albania | B57: 26.616695 | C57: 1.3924516 | E57: 55.167141 | F57: 1.3957556 | H57: 72.126747 | I57: 1.051265 | K57: 15.509124 | L57: 1.2215637 | N57: 42.774425 | O57: 1.5970431 | Q57: 0.34385473 | R57: 0.020128922 | T57: 17.834339 | U57: 0.89528883 | W57: 71.815605 | X57: 1.1386644 | Z57: 83.806972 | AA57: 1.0610551 | AC57: 7.9670026 | AD57: 0.68840847 | AF57: 24.303929 | AG57: 1.0051216 | AI57: 0.65177982 | AJ57: 0.018587164 | AL57: -8.7823563 | AM57: 1.8187692 | AO57: 16.648464 | AP57: 1.5321603 | AR57: 11.680224 | AS57: 1.3002158 | AU57: -7.5421215 | AV57: 1.3034809 | AX57: -18.470496 | AY57: 1.6351749 | BA57: 0.30792509 | BB57: 0.027574085 | BD57: 0.27261081 | BE57: 0.027630086
A58: Argentina | B58: 58.629972 | C58: 1.8432548 | E58: 33.22707 | F58: 1.8132128 | H58: 34.629177 | I58: 1.8924941 | K58: 25.057303 | L58: 1.8934542 | N58: 69.549437 | O58: 2.1716488 | Q58: -0.33838593 | R58: 0.036247691 | T58: 39.240402 | U58: 2.5750474 | W58: 44.675306 | X58: 1.6019082 | Z58: 48.322827 | AA58: 1.9151373 | AC58: 15.221692 | AD58: 1.0035425 | AF58: 50.138584 | AG58: 2.3330388 | AI58: 0.043161882 | AJ58: 0.036523329 | AL58: -19.38957 | AM58: 3.5072016 | AO58: 11.448236 | AP58: 2.4824179 | AR58: 13.69365 | AS58: 2.1759985 | AU58: -9.8356106 | AV58: 2.1760862 | AX58: -19.410854 | AY58: 3.460684 | BA58: 0.38154781 | BB58: 0.055353222 | BD58: 0.31066057 | BE58: 0.053035035
A59: Baku (Azerbaijan) | B59: m | C59: m | E59: m | F59: m | H59: m | I59: m | K59: m | L59: m | N59: m | O59: m | Q59: m | R59: m | T59: m | U59: m | W59: m | X59: m | Z59: m | AA59: m | AC59: m | AD59: m | AF59: m | AG59: m | AI59: m | AJ59: m | AL59: m | AM59: m | AO59: m | AP59: m | AR59: m | AS59: m | AU59: m | AV59: m | AX59: m | AY59: m | BA59: m | BB59: m | BD59: m | BE59: m
A60: Belarus | B60: m | C60: m | E60: m | F60: m | H60: m | I60: m | K60: m | L60: m | N60: m | O60: m | Q60: m | R60: m | T60: m | U60: m | W60: m | X60: m | Z60: m | AA60: m | AC60: m | AD60: m | AF60: m | AG60: m | AI60: m | AJ60: m | AL60: m | AM60: m | AO60: m | AP60: m | AR60: m | AS60: m | AU60: m | AV60: m | AX60: m | AY60: m | BA60: m | BB60: m | BD60: m | BE60: m
A61: Bosnia and Herzegovina | B61: m | C61: m | E61: m | F61: m | H61: m | I61: m | K61: m | L61: m | N61: m | O61: m | Q61: m | R61: m | T61: m | U61: m | W61: m | X61: m | Z61: m | AA61: m | AC61: m | AD61: m | AF61: m | AG61: m | AI61: m | AJ61: m | AL61: m | AM61: m | AO61: m | AP61: m | AR61: m | AS61: m | AU61: m | AV61: m | AX61: m | AY61: m | BA61: m | BB61: m | BD61: m | BE61: m
A62: Brazil | B62: 54.8457 | C62: 1.4072064 | E62: 38.089976 | F62: 1.284024 | H62: 39.590339 | I62: 1.4964762 | K62: 13.984085 | L62: 0.88341913 | N62: 66.525235 | O62: 1.3965316 | Q62: -0.12029721 | R62: 0.017416403 | T62: 32.612125 | U62: 1.1845126 | W62: 57.569537 | X62: 1.3401628 | Z62: 63.531973 | AA62: 1.3821612 | AC62: 7.0345289 | AD62: 0.65166293 | AF62: 43.544738 | AG62: 1.4860067 | AI62: 0.37640586 | AJ62: 0.02316679 | AL62: -22.233575 | AM62: 1.674743 | AO62: 19.479561 | AP62: 1.6158536 | AR62: 23.941634 | AS62: 1.8809536 | AU62: -6.9495561 | AV62: 1.1934964 | AX62: -22.980496 | AY62: 1.7287751 | BA62: 0.49670307 | BB62: 0.024954476 | BD62: 0.46677866 | BE62: 0.024910732
A63: Brunei Darussalam | B63: m | C63: m | E63: m | F63: m | H63: m | I63: m | K63: m | L63: m | N63: m | O63: m | Q63: m | R63: m | T63: m | U63: m | W63: m | X63: m | Z63: m | AA63: m | AC63: m | AD63: m | AF63: m | AG63: m | AI63: m | AJ63: m | AL63: m | AM63: m | AO63: m | AP63: m | AR63: m | AS63: m | AU63: m | AV63: m | AX63: m | AY63: m | BA63: m | BB63: m | BD63: m | BE63: m
A64: B-S-J-Z (China) | B64: m | C64: m | E64: m | F64: m | H64: m | I64: m | K64: m | L64: m | N64: m | O64: m | Q64: m | R64: m | T64: m | U64: m | W64: m | X64: m | Z64: m | AA64: m | AC64: m | AD64: m | AF64: m | AG64: m | AI64: m | AJ64: m | AL64: m | AM64: m | AO64: m | AP64: m | AR64: m | AS64: m | AU64: m | AV64: m | AX64: m | AY64: m | BA64: m | BB64: m | BD64: m | BE64: m
A65: Bulgaria | B65: 55.189697 | C65: 1.1213634 | E65: 36.591544 | F65: 1.3971205 | H65: 34.466247 | I65: 1.7977126 | K65: 24.945834 | L65: 1.0564648 | N65: 64.35901 | O65: 1.2427988 | Q65: -0.21766112 | R65: 0.022920201 | T65: 35.947763 | U65: 1.7257418 | W65: 55.177449 | X65: 1.956837 | Z65: 52.955116 | AA65: 1.9596885 | AC65: 12.740515 | AD65: 0.86933704 | AF65: 47.181197 | AG65: 1.6283214 | AI65: 0.21202865 | AJ65: 0.033652777 | AL65: -19.241934 | AM65: 1.7564627 | AO65: 18.585905 | AP65: 1.7473966 | AR65: 18.48887 | AS65: 1.6247354 | AU65: -12.205319 | AV65: 1.2321846 | AX65: -17.177813 | AY65: 1.8257665 | BA65: 0.42968978 | BB65: 0.028797903 | BD65: 0.32964828 | BE65: 0.028931156
A66: Costa Rica | B66: m | C66: m | E66: m | F66: m | H66: m | I66: m | K66: m | L66: m | N66: m | O66: m | Q66: m | R66: m | T66: m | U66: m | W66: m | X66: m | Z66: m | AA66: m | AC66: m | AD66: m | AF66: m | AG66: m | AI66: m | AJ66: m | AL66: m | AM66: m | AO66: m | AP66: m | AR66: m | AS66: m | AU66: m | AV66: m | AX66: m | AY66: m | BA66: m | BB66: m | BD66: m | BE66: m
A67: Croatia | B67: m | C67: m | E67: m | F67: m | H67: m | I67: m | K67: m | L67: m | N67: m | O67: m | Q67: m | R67: m | T67: m | U67: m | W67: m | X67: m | Z67: m | AA67: m | AC67: m | AD67: m | AF67: m | AG67: m | AI67: m | AJ67: m | AL67: m | AM67: m | AO67: m | AP67: m | AR67: m | AS67: m | AU67: m | AV67: m | AX67: m | AY67: m | BA67: m | BB67: m | BD67: m | BE67: m
A68: Cyprus | B68: m | C68: m | E68: m | F68: m | H68: m | I68: m | K68: m | L68: m | N68: m | O68: m | Q68: m | R68: m | T68: m | U68: m | W68: m | X68: m | Z68: m | AA68: m | AC68: m | AD68: m | AF68: m | AG68: m | AI68: m | AJ68: m | AL68: m | AM68: m | AO68: m | AP68: m | AR68: m | AS68: m | AU68: m | AV68: m | AX68: m | AY68: m | BA68: m | BB68: m | BD68: m | BE68: m
A69: Dominican Republic | B69: m | C69: m | E69: m | F69: m | H69: m | I69: m | K69: m | L69: m | N69: m | O69: m | Q69: m | R69: m | T69: m | U69: m | W69: m | X69: m | Z69: m | AA69: m | AC69: m | AD69: m | AF69: m | AG69: m | AI69: m | AJ69: m | AL69: m | AM69: m | AO69: m | AP69: m | AR69: m | AS69: m | AU69: m | AV69: m | AX69: m | AY69: m | BA69: m | BB69: m | BD69: m | BE69: m
A70: Georgia | B70: m | C70: m | E70: m | F70: m | H70: m | I70: m | K70: m | L70: m | N70: m | O70: m | Q70: m | R70: m | T70: m | U70: m | W70: m | X70: m | Z70: m | AA70: m | AC70: m | AD70: m | AF70: m | AG70: m | AI70: m | AJ70: m | AL70: m | AM70: m | AO70: m | AP70: m | AR70: m | AS70: m | AU70: m | AV70: m | AX70: m | AY70: m | BA70: m | BB70: m | BD70: m | BE70: m
A71: Hong Kong (China) | B71: 55.307117 | C71: 1.3510124 | E71: 47.94798 | F71: 1.3894813 | H71: 56.323787 | I71: 1.1823584 | K71: 16.997767 | L71: 0.84001208 | N71: 56.027603 | O71: 1.328051 | Q71: -0.06219414 | R71: 0.021296174 | T71: 45.504964 | U71: 1.2854484 | W71: 58.165696 | X71: 1.1422516 | Z71: 57.09928 | AA71: 0.96307132 | AC71: 8.217401 | AD71: 0.60136428 | AF71: 42.156895 | AG71: 1.085927 | AI71: 0.19433111 | AJ71: 0.017744583 | AL71: -9.8021529 | AM71: 1.9528526 | AO71: 10.217716 | AP71: 1.824193 | AR71: 0.77549336 | AS71: 1.5794142 | AU71: -8.7803664 | AV71: 1.0832675 | AX71: -13.870708 | AY71: 1.6889209 | BA71: 0.25652525 | BB71: 0.028882097 | BD71: 0.21690425 | BE71: 0.024933847
A72: Indonesia | B72: 10.865176 | C72: 0.96319101 | E72: 86.700867 | F72: 1.1627408 | H72: 82.327223 | I72: 0.94199705 | K72: 9.2652556 | L72: 0.71561326 | N72: 58.596286 | O72: 1.5076539 | Q72: 0.43203335 | R72: 0.0164647 | T72: 5.1451758 | U72: 0.43451959 | W72: 92.797174 | X72: 0.88643325 | Z72: 87.564258 | AA72: 0.85821866 | AC72: 4.5272172 | AD72: 0.51238399 | AF72: 43.068015 | AG72: 1.2741713 | AI72: 0.63426309 | AJ72: 0.018109832 | AL72: -5.7200006 | AM72: 1.0819594 | AO72: 6.0963072 | AP72: 1.1049774 | AR72: 5.2370351 | AS72: 1.386498 | AU72: -4.7380384 | AV72: 0.75250759 | AX72: -15.528271 | AY72: 1.7884038 | BA72: 0.20222974 | BB72: 0.021084271 | BD72: 0.18402999 | BE72: 0.02181679
A73: Jordan | B73: m | C73: m | E73: m | F73: m | H73: m | I73: m | K73: m | L73: m | N73: m | O73: m | Q73: m | R73: m | T73: m | U73: m | W73: m | X73: m | Z73: m | AA73: m | AC73: m | AD73: m | AF73: m | AG73: m | AI73: m | AJ73: m | AL73: m | AM73: m | AO73: m | AP73: m | AR73: m | AS73: m | AU73: m | AV73: m | AX73: m | AY73: m | BA73: m | BB73: m | BD73: m | BE73: m
A74: Kazakhstan | B74: m | C74: m | E74: m | F74: m | H74: m | I74: m | K74: m | L74: m | N74: m | O74: m | Q74: m | R74: m | T74: m | U74: m | W74: m | X74: m | Z74: m | AA74: m | AC74: m | AD74: m | AF74: m | AG74: m | AI74: m | AJ74: m | AL74: m | AM74: m | AO74: m | AP74: m | AR74: m | AS74: m | AU74: m | AV74: m | AX74: m | AY74: m | BA74: m | BB74: m | BD74: m | BE74: m
A75: Kosovo | B75: m | C75: m | E75: m | F75: m | H75: m | I75: m | K75: m | L75: m | N75: m | O75: m | Q75: m | R75: m | T75: m | U75: m | W75: m | X75: m | Z75: m | AA75: m | AC75: m | AD75: m | AF75: m | AG75: m | AI75: m | AJ75: m | AL75: m | AM75: m | AO75: m | AP75: m | AR75: m | AS75: m | AU75: m | AV75: m | AX75: m | AY75: m | BA75: m | BB75: m | BD75: m | BE75: m
A76: Lebanon | B76: m | C76: m | E76: m | F76: m | H76: m | I76: m | K76: m | L76: m | N76: m | O76: m | Q76: m | R76: m | T76: m | U76: m | W76: m | X76: m | Z76: m | AA76: m | AC76: m | AD76: m | AF76: m | AG76: m | AI76: m | AJ76: m | AL76: m | AM76: m | AO76: m | AP76: m | AR76: m | AS76: m | AU76: m | AV76: m | AX76: m | AY76: m | BA76: m | BB76: m | BD76: m | BE76: m
A77: Macao (China) | B77: m | C77: m | E77: m | F77: m | H77: m | I77: m | K77: m | L77: m | N77: m | O77: m | Q77: m | R77: m | T77: m | U77: m | W77: m | X77: m | Z77: m | AA77: m | AC77: m | AD77: m | AF77: m | AG77: m | AI77: m | AJ77: m | AL77: m | AM77: m | AO77: m | AP77: m | AR77: m | AS77: m | AU77: m | AV77: m | AX77: m | AY77: m | BA77: m | BB77: m | BD77: m | BE77: m
A78: Malaysia | B78: m | C78: m | E78: m | F78: m | H78: m | I78: m | K78: m | L78: m | N78: m | O78: m | Q78: m | R78: m | T78: m | U78: m | W78: m | X78: m | Z78: m | AA78: m | AC78: m | AD78: m | AF78: m | AG78: m | AI78: m | AJ78: m | AL78: m | AM78: m | AO78: m | AP78: m | AR78: m | AS78: m | AU78: m | AV78: m | AX78: m | AY78: m | BA78: m | BB78: m | BD78: m | BE78: m
A79: Malta | B79: m | C79: m | E79: m | F79: m | H79: m | I79: m | K79: m | L79: m | N79: m | O79: m | Q79: m | R79: m | T79: m | U79: m | W79: m | X79: m | Z79: m | AA79: m | AC79: m | AD79: m | AF79: m | AG79: m | AI79: m | AJ79: m | AL79: m | AM79: m | AO79: m | AP79: m | AR79: m | AS79: m | AU79: m | AV79: m | AX79: m | AY79: m | BA79: m | BB79: m | BD79: m | BE79: m
A80: Moldova | B80: m | C80: m | E80: m | F80: m | H80: m | I80: m | K80: m | L80: m | N80: m | O80: m | Q80: m | R80: m | T80: m | U80: m | W80: m | X80: m | Z80: m | AA80: m | AC80: m | AD80: m | AF80: m | AG80: m | AI80: m | AJ80: m | AL80: m | AM80: m | AO80: m | AP80: m | AR80: m | AS80: m | AU80: m | AV80: m | AX80: m | AY80: m | BA80: m | BB80: m | BD80: m | BE80: m
A81: Montenegro | B81: m | C81: m | E81: m | F81: m | H81: m | I81: m | K81: m | L81: m | N81: m | O81: m | Q81: m | R81: m | T81: m | U81: m | W81: m | X81: m | Z81: m | AA81: m | AC81: m | AD81: m | AF81: m | AG81: m | AI81: m | AJ81: m | AL81: m | AM81: m | AO81: m | AP81: m | AR81: m | AS81: m | AU81: m | AV81: m | AX81: m | AY81: m | BA81: m | BB81: m | BD81: m | BE81: m
A82: Morocco | B82: m | C82: m | E82: m | F82: m | H82: m | I82: m | K82: m | L82: m | N82: m | O82: m | Q82: m | R82: m | T82: m | U82: m | W82: m | X82: m | Z82: m | AA82: m | AC82: m | AD82: m | AF82: m | AG82: m | AI82: m | AJ82: m | AL82: m | AM82: m | AO82: m | AP82: m | AR82: m | AS82: m | AU82: m | AV82: m | AX82: m | AY82: m | BA82: m | BB82: m | BD82: m | BE82: m
A83: North Macedonia | B83: 42.993446 | C83: 1.1495762 | E83: 53.419512 | F83: 1.1624537 | H83: 57.928216 | I83: 1.287557 | K83: 20.302755 | L83: 1.0376124 | N83: 58.091959 | O83: 1.1259555 | Q83: 0.11434392 | R83: 0.018610764 | T83: 23.324299 | U83: 1.1084217 | W83: 67.416367 | X83: 1.2361577 | Z83: 74.941249 | AA83: 1.080799 | AC83: 9.6536172 | AD83: 0.70195085 | AF83: 38.13241 | AG83: 1.2784977 | AI83: 0.44900159 | AJ83: 0.019333779 | AL83: -19.669147 | AM83: 1.6050939 | AO83: 13.996855 | AP83: 1.6370021 | AR83: 17.013033 | AS83: 1.6845056 | AU83: -10.649138 | AV83: 1.172622 | AX83: -19.959549 | AY83: 1.6177085 | BA83: 0.33465767 | BB83: 0.026922602 | BD83: 0.31060197 | BE83: 0.029167242
A84: Panama | B84: m | C84: m | E84: m | F84: m | H84: m | I84: m | K84: m | L84: m | N84: m | O84: m | Q84: m | R84: m | T84: m | U84: m | W84: m | X84: m | Z84: m | AA84: m | AC84: m | AD84: m | AF84: m | AG84: m | AI84: m | AJ84: m | AL84: m | AM84: m | AO84: m | AP84: m | AR84: m | AS84: m | AU84: m | AV84: m | AX84: m | AY84: m | BA84: m | BB84: m | BD84: m | BE84: m
A85: Peru | B85: 21.129552 | C85: 1.151818 | E85: 65.114263 | F85: 1.3505344 | H85: 67.268888 | I85: 1.4764085 | K85: 18.98133 | L85: 1.0370485 | N85: 52.316967 | O85: 1.3443841 | Q85: 0.21266875 | R85: 0.021472127 | T85: 17.284191 | U85: 1.1721701 | W85: 65.699949 | X85: 1.4460764 | Z85: 72.77083 | AA85: 1.2836078 | AC85: 14.186445 | AD85: 0.98359031 | AF85: 46.624084 | AG85: 1.2410703 | AI85: 0.32264644 | AJ85: 0.021977286 | AL85: -3.8453611 | AM85: 1.4412056 | AO85: 0.58568621 | AP85: 1.9351354 | AR85: 5.5019428 | AS85: 1.7627386 | AU85: -4.7948849 | AV85: 1.6172964 | AX85: -5.6928839 | AY85: 1.7917982 | BA85: 0.1099777 | BB85: 0.026824867 | BD85: 0.10899156 | BE85: 0.02742138
A86: Philippines | B86: m | C86: m | E86: m | F86: m | H86: m | I86: m | K86: m | L86: m | N86: m | O86: m | Q86: m | R86: m | T86: m | U86: m | W86: m | X86: m | Z86: m | AA86: m | AC86: m | AD86: m | AF86: m | AG86: m | AI86: m | AJ86: m | AL86: m | AM86: m | AO86: m | AP86: m | AR86: m | AS86: m | AU86: m | AV86: m | AX86: m | AY86: m | BA86: m | BB86: m | BD86: m | BE86: m
A87: Qatar | B87: m | C87: m | E87: m | F87: m | H87: m | I87: m | K87: m | L87: m | N87: m | O87: m | Q87: m | R87: m | T87: m | U87: m | W87: m | X87: m | Z87: m | AA87: m | AC87: m | AD87: m | AF87: m | AG87: m | AI87: m | AJ87: m | AL87: m | AM87: m | AO87: m | AP87: m | AR87: m | AS87: m | AU87: m | AV87: m | AX87: m | AY87: m | BA87: m | BB87: m | BD87: m | BE87: m
A88: Romania | B88: m | C88: m | E88: m | F88: m | H88: m | I88: m | K88: m | L88: m | N88: m | O88: m | Q88: m | R88: m | T88: m | U88: m | W88: m | X88: m | Z88: m | AA88: m | AC88: m | AD88: m | AF88: m | AG88: m | AI88: m | AJ88: m | AL88: m | AM88: m | AO88: m | AP88: m | AR88: m | AS88: m | AU88: m | AV88: m | AX88: m | AY88: m | BA88: m | BB88: m | BD88: m | BE88: m
A89: Russia | B89: 41.042995 | C89: 1.0216899 | E89: 34.857734 | F89: 1.1580107 | H89: 34.53704 | I89: 1.1518791 | K89: 21.360911 | L89: 0.94479308 | N89: 69.337322 | O89: 1.0803303 | Q89: -0.12263801 | R89: 0.017017888 | T89: 26.155204 | U89: 0.90259053 | W89: 50.156698 | X89: 1.3024329 | Z89: 52.707042 | AA89: 1.2331656 | AC89: 11.989034 | AD89: 0.77740045 | AF89: 50.0831 | AG89: 0.97797546 | AI89: 0.21907388 | AJ89: 0.018340745 | AL89: -14.887791 | AM89: 1.1945379 | AO89: 15.298964 | AP89: 1.4444036 | AR89: 18.170002 | AS89: 1.4401702 | AU89: -9.3718771 | AV89: 1.1955673 | AX89: -19.254222 | AY89: 1.292326 | BA89: 0.34171189 | BB89: 0.024500255 | BD89: 0.25651362 | BE89: 0.023611028
A90: Saudi Arabia | B90: m | C90: m | E90: m | F90: m | H90: m | I90: m | K90: m | L90: m | N90: m | O90: m | Q90: m | R90: m | T90: m | U90: m | W90: m | X90: m | Z90: m | AA90: m | AC90: m | AD90: m | AF90: m | AG90: m | AI90: m | AJ90: m | AL90: m | AM90: m | AO90: m | AP90: m | AR90: m | AS90: m | AU90: m | AV90: m | AX90: m | AY90: m | BA90: m | BB90: m | BD90: m | BE90: m
A91: Serbia | B91: m | C91: m | E91: m | F91: m | H91: m | I91: m | K91: m | L91: m | N91: m | O91: m | Q91: m | R91: m | T91: m | U91: m | W91: m | X91: m | Z91: m | AA91: m | AC91: m | AD91: m | AF91: m | AG91: m | AI91: m | AJ91: m | AL91: m | AM91: m | AO91: m | AP91: m | AR91: m | AS91: m | AU91: m | AV91: m | AX91: m | AY91: m | BA91: m | BB91: m | BD91: m | BE91: m
A92: Singapore | B92: m | C92: m | E92: m | F92: m | H92: m | I92: m | K92: m | L92: m | N92: m | O92: m | Q92: m | R92: m | T92: m | U92: m | W92: m | X92: m | Z92: m | AA92: m | AC92: m | AD92: m | AF92: m | AG92: m | AI92: m | AJ92: m | AL92: m | AM92: m | AO92: m | AP92: m | AR92: m | AS92: m | AU92: m | AV92: m | AX92: m | AY92: m | BA92: m | BB92: m | BD92: m | BE92: m
A93: Chinese Taipei | B93: m | C93: m | E93: m | F93: m | H93: m | I93: m | K93: m | L93: m | N93: m | O93: m | Q93: m | R93: m | T93: m | U93: m | W93: m | X93: m | Z93: m | AA93: m | AC93: m | AD93: m | AF93: m | AG93: m | AI93: m | AJ93: m | AL93: m | AM93: m | AO93: m | AP93: m | AR93: m | AS93: m | AU93: m | AV93: m | AX93: m | AY93: m | BA93: m | BB93: m | BD93: m | BE93: m
A94: Thailand | B94: 70.028713 | C94: 1.1472097 | E94: 78.33356 | F94: 1.1316115 | H94: 70.055298 | I94: 1.6716995 | K94: 29.383814 | L94: 1.5039551 | N94: 64.995784 | O94: 1.5595783 | Q94: 0.0069927003 | R94: 0.014608825 | T94: 61.296857 | U94: 1.0453528 | W94: 82.916264 | X94: 1.1111954 | Z94: 73.090162 | AA94: 1.2298896 | AC94: 14.465113 | AD94: 0.97280525 | AF94: 49.860566 | AG94: 1.2005665 | AI94: 0.1971358 | AJ94: 0.01395649 | AL94: -8.7318559 | AM94: 1.6128722 | AO94: 4.5827038 | AP94: 1.5459758 | AR94: 3.0348638 | AS94: 2.0636231 | AU94: -14.918701 | AV94: 1.3929977 | AX94: -15.135219 | AY94: 1.9224993 | BA94: 0.1901431 | BB94: 0.017961786 | BD94: 0.12341532 | BE94: 0.017496271
A95: Ukraine | B95: m | C95: m | E95: m | F95: m | H95: m | I95: m | K95: m | L95: m | N95: m | O95: m | Q95: m | R95: m | T95: m | U95: m | W95: m | X95: m | Z95: m | AA95: m | AC95: m | AD95: m | AF95: m | AG95: m | AI95: m | AJ95: m | AL95: m | AM95: m | AO95: m | AP95: m | AR95: m | AS95: m | AU95: m | AV95: m | AX95: m | AY95: m | BA95: m | BB95: m | BD95: m | BE95: m
A96: United Arab Emirates | B96: m | C96: m | E96: m | F96: m | H96: m | I96: m | K96: m | L96: m | N96: m | O96: m | Q96: m | R96: m | T96: m | U96: m | W96: m | X96: m | Z96: m | AA96: m | AC96: m | AD96: m | AF96: m | AG96: m | AI96: m | AJ96: m | AL96: m | AM96: m | AO96: m | AP96: m | AR96: m | AS96: m | AU96: m | AV96: m | AX96: m | AY96: m | BA96: m | BB96: m | BD96: m | BE96: m
A97: Uruguay | B97: m | C97: m | E97: m | F97: m | H97: m | I97: m | K97: m | L97: m | N97: m | O97: m | Q97: m | R97: m | T97: m | U97: m | W97: m | X97: m | Z97: m | AA97: m | AC97: m | AD97: m | AF97: m | AG97: m | AI97: m | AJ97: m | AL97: m | AM97: m | AO97: m | AP97: m | AR97: m | AS97: m | AU97: m | AV97: m | AX97: m | AY97: m | BA97: m | BB97: m | BD97: m | BE97: m
A98: Viet Nam | B98: m | C98: m | E98: m | F98: m | H98: m | I98: m | K98: m | L98: m | N98: m | O98: m | Q98: m | R98: m | T98: m | U98: m | W98: m | X98: m | Z98: m | AA98: m | AC98: m | AD98: m | AF98: m | AG98: m | AI98: m | AJ98: m | AL98: m | AM98: m | AO98: m | AP98: m | AR98: m | AS98: m | AU98: m | AV98: m | AX98: m | AY98: m | BA98: m | BB98: m | BD98: m | BE98: m
A104: Information on data for Cyprus: https://oe.cd/cyprus-disclaimer
A105: Note: Values that are statistically significant are indicated in bold (see Annex A3).

Sheet Table II.B1.8.5
A1: PISA 2018 Results (Volume II) - © OECD 2019
A2: Annex B1 | B2: Annex B1.8 Results (tables): Do boys and girls differ in their attitudes towards school and learning?
A3: Version 2 - Last updated: 02-Dec-2019
A4: Disclaimer: http://oe.cd/disclaimer
A6: Table II.B1.8.5
A7: Change between 2000, 2009 and 2018 in the percentage of students who read for enjoyment, by gender
B10: Change between 2000 and 2018 for: | AL10: Change between 2009 and 2018 for: | BV10: Change between 2000 and 2009 for:
B11: Boys | T11: Girls | AL11: Boys | BD11: Girls | BV11: Boys | CN11: Girls
B12: Percentage of students who agreed or strongly agreed with the following statements: | Q12: Index of enjoyment of reading | T12: Percentage of students who agreed or strongly agreed with the following statements: | AI12: Index of enjoyment of reading | AL12: Percentage of students who agreed or strongly agreed with the following statements: | BA12: Index of enjoyment of reading | BD12: Percentage of students who agreed or strongly agreed with the following statements: | BS12: Index of enjoyment of reading | BV12: Percentage of students who agreed or strongly agreed with the following statements: | CK12: Index of enjoyment of reading | CN12: Percentage of students who agreed or strongly agreed with the following statements: | DC12: Index of enjoyment of reading
B13: I read only if I have to | E13: Reading is one of my favourite hobbies | H13: I like talking about books with other people | K13: For me, reading is a waste of time | N13: I read only to get information that I need | T13: I read only if I have to | W13: Reading is one of my favourite hobbies | Z13: I like talking about books with other people | AC13: For me, reading is a waste of time | AF13: I read only to get information that I need | AL13: I read only if I have to | AO13: Reading is one of my favourite hobbies | AR13: I like talking about books with other people | AU13: For me, reading is a waste of time | AX13: I read only to get information that I need | BD13: I read only if I have to | BG13: Reading is one of my favourite hobbies | BJ13: I like talking about books with other people | BM13: For me, reading is a waste of time | BP13: I read only to get information that I need | BV13: I read only if I have to | BY13: Reading is one of my favourite hobbies | CB13: I like talking about books with other people | CE13: For me, reading is a waste of time | CH13: I read only to get information that I need | CN13: I read only if I have to | CQ13: Reading is one of my favourite hobbies | CT13: I like talking about books with other people | CW13: For me, reading is a waste of time | CZ13: I read only to get information that I need
B14: % dif. | C14: S.E. | D14: s | E14: % dif. | F14: S.E. | G14: s | H14: % dif. | I14: S.E. | J14: s | K14: % dif. | L14: S.E. | M14: s | N14: % dif. | O14: S.E. | P14: s | Q14: Mean dif. | R14: S.E. | S14: s | T14: % dif. | U14: S.E. | V14: s | W14: % dif. | X14: S.E. | Y14: s | Z14: % dif. | AA14: S.E. | AB14: s | AC14: % dif. | AD14: S.E. | AE14: s | AF14: % dif. | AG14: S.E. | AH14: s | AI14: Mean dif. | AJ14: S.E. | AK14: s | AL14: % dif. | AM14: S.E. | AN14: s | AO14: % dif. | AP14: S.E. | AQ14: s | AR14: % dif. | AS14: S.E. | AT14: s | AU14: % dif. | AV14: S.E. | AW14: s | AX14: % dif. | AY14: S.E. | AZ14: s | BA14: Mean dif. | BB14: S.E. | BC14: s | BD14: % dif. | BE14: S.E. | BF14: s | BG14: % dif. | BH14: S.E. | BI14: s | BJ14: % dif. | BK14: S.E. | BL14: s | BM14: % dif. | BN14: S.E. | BO14: s | BP14: % dif. | BQ14: S.E. | BR14: s | BS14: Mean dif. | BT14: S.E. | BU14: s | BV14: % dif. | BW14: S.E. | BX14: s | BY14: % dif. | BZ14: S.E. | CA14: s | CB14: % dif. | CC14: S.E. | CD14: s | CE14: % dif. | CF14: S.E. | CG14: s | CH14: % dif. | CI14: S.E. | CJ14: s | CK14: Mean dif. | CL14: S.E. | CM14: s | CN14: % dif. | CO14: S.E. | CP14: s | CQ14: % dif. | CR14: S.E. | CS14: s | CT14: % dif. | CU14: S.E. | CV14: s | CW14: % dif. | CX14: S.E. | CY14: s | CZ14: % dif. | DA14: S.E. | DB14: s | DC14: Mean dif. | DD14: S.E. | DE14: s
A15: OECD
A16: Australia | B16: 15.065438 | C16: 1.7486109 | E16: 1.5212653 | F16: 1.3015801 | H16: 5.6510606 | I16: 1.2530791 | K16: 8.6396542 | L16: 1.3721387 | N16: 7.8440909 | O16: 1.7777363 | Q16: -0.10575996 | R16: 0.033277079 | T16: 15.922224 | U16: 1.5907036 | W16: 1.6539583 | X16: 1.626928 | Z16: 2.8525555 | AA16: 1.8373928 | AC16: 7.282186 | AD16: 1.3795233 | AF16: 9.3013182 | AG16: 1.5832791 | AI16: -0.019574005 | AJ16: 0.038273182 | AL16: 9.6768446 | AM16: 1.0068847 | AO16: 1.357141 | AP16: 0.90676636 | AR16: 0.71351075 | AS16: 0.91491979 | AU16: 4.5242777 | AV16: 1.0783031 | AX16: 7.8060646 | AY16: 1.1200008 | BA16: -0.061713785 | BB16: 0.023293056 | BD16: 15.368417 | BE16: 1.0994445 | BG16: -4.9757209 | BH16: 1.1830602 | BJ16: -9.1605082 | BK16: 1.0933864 | BM16: 6.1282978 | BN16: 0.9423905 | BP16: 12.980291 | BQ16: 1.1349685 | BS16: -0.16611013 | BT16: 0.028768403 | BV16: 5.3885937 | BW16: 1.7640759 | BY16: 0.16412428 | BZ16: 1.3729995 | CB16: 4.9375496 | CC16: 1.2519909 | CE16: 4.1153769 | CF16: 1.4019172 | CH16: 0.038026281 | CI16: 1.8398774 | CK16: -0.044046175 | CL16: 0.033968925 | CN16: 0.5538072 | CO16: 1.6303803 | CQ16: 6.6296792 | CR16: 1.7201023 | CT16: 12.013064 | CU16: 1.8960965 | CW16: 1.1538883 | CX16: 1.3713089 | CZ16: -3.6789737 | DA16: 1.697067 | DC16: 0.14653613 | DD16: 0.040721141
A17: Austria | B17: 10.70166 | C17: 1.5502564 | E17: -0.0835042 | F17: 1.1669363 | H17: 1.2239512 | I17: 1.2300483 | K17: 6.5995212 | L17: 1.5900662 | N17: -1.2414738 | O17: 1.5679872 | Q17: -0.18839307 | R17: 0.0347341 | T17: 12.149283 | U17: 1.5118388 | W17: -3.0092828 | X17: 1.790778 | Z17: -0.38222358 | AA17: 1.6586211 | AC17: 8.1010866 | AD17: 1.3830394 | AF17: 2.0941851 | AG17: 1.657828 | AI17: -0.25165436 | AJ17: 0.044146769 | AL17: m | AM17: m | AO17: m | AP17: m | AR17: m | AS17: m | AU17: m | AV17: m | AX17: m | AY17: m | BA17: m | BB17: m | BD17: m | BE17: m | BG17: m | BH17: m | BJ17: m | BK17: m | BM17: m | BN17: m | BP17: m | BQ17: m | BS17: m | BT17: m | BV17: m | BW17: m | BY17: m | BZ17: m | CB17: m | CC17: m | CE17: m | CF17: m | CH17: m | CI17: m | CK17: m | CL17: m | CN17: m | CO17: m | CQ17: m | CR17: m | CT17: m | CU17: m | CW17: m | CX17: m | CZ17: m | DA17: m | DC17: m | DD17: m
A18: Belgium | B18: 9.780674 | C18: 1.4544325 | E18: -4.7478042 | F18: 1.1539284 | H18: -2.2832654 | I18: 1.1987551 | K18: 6.838397 | L18: 1.4545511 | N18: 2.5603888 | O18: 1.4365221 | Q18: -0.21110271 | R18: 0.032685768 | T18: 14.804959 | U18: 1.3842595 | W18: -5.816925 | X18: 1.3696607 | Z18: -5.4478521 | AA18: 1.3935103 | AC18: 11.215356 | AD18: 1.3803872 | AF18: 7.0822787 | AG18: 1.2487332 | AI18: -0.19979663 | AJ18: 0.033003103 | AL18: 13.454021 | AM18: 1.239822 | AO18: -3.1051226 | AP18: 0.94450974 | AR18: -3.2936881 | AS18: 1.161651 | AU18: 8.5622692 | AV18: 1.4769021 | AX18: 6.1446357 | AY18: 1.3032483 | BA18: -0.27539185 | BB18: 0.032022275 | BD18: 13.741554 | BE18: 1.3739258 | BG18: -2.488585 | BH18: 1.2159199 | BJ18: -3.8957283 | BK18: 1.2507646 | BM18: 7.0253081 | BN18: 1.3763778 | BP18: 9.6572418 | BQ18: 1.3139772 | BS18: -0.22780919 | BT18: 0.032850493 | BV18: -3.6733475 | BW18: 1.5351477 | BY18: -1.6426816 | BZ18: 1.1965084 | CB18: 1.0104227 | CC18: 1.2696818 | CE18: -1.7238723 | CF18: 1.5257816 | CH18: -3.5842469 | CI18: 1.3872164 | CK18: 0.06428913 | CL18: 0.032554682 | CN18: 1.0634053 | CO18: 1.3237898 | CQ18: -3.3283401 | CR18: 1.3170891 | CT18: -1.5521235 | CU18: 1.3511608 | CW18: 4.1900482 | CX18: 1.2401391 | CZ18: -2.5749633 | DA18: 1.2483536 | DC18: 0.028012557 | DD18: 0.029724063
A19: Canada | B19: 9.723567 | C19: 0.99136269 | E19: 2.2439182 | F19: 0.89367026 | H19: 5.1606545 | I19: 0.86872804 | K19: 1.687765 | L19: 1.0706851 | N19: 2.1493053 | O19: 1.0025039 | Q19: -0.0038387976 | R19: 0.021829452 | T19: 12.86082 | U19: 0.9108929 | W19: 3.4413157 | X19: 0.89748627 | Z19: 7.6607008 | AA19: 1.0622535 | AC19: 4.3414946 | AD19: 0.73195058 | AF19: 5.1575789 | AG19: 0.94926316 | AI19: 0.02253072 | AJ19: 0.022844344 | AL19: 6.2420502 | AM19: 1.0766398 | AO19: 1.151933 | AP19: 0.96681142 | AR19: -0.29208788 | AS19: 0.95715076 | AU19: 2.2671459 | AV19: 1.0999564 | AX19: 4.0014377 | AY19: 1.0819508 | BA19: -0.027181607 | BB19: 0.023566574 | BD19: 15.165662 | BE19: 0.90163684 | BG19: -5.3965416 | BH19: 1.0111437 | BJ19: -7.6688762 | BK19: 1.0681713 | BM19: 6.5500026 | BN19: 0.74616677 | BP19: 12.711497 | BQ19: 0.96244997 | BS19: -0.22493047 | BT19: 0.023291772 | BV19: 3.4815161 | BW19: 0.94516319 | BY19: 1.0919852 | BZ19: 0.82762164 | CB19: 5.4527421 | CC19: 0.90824854 | CE19: -0.57938075 | CF19: 1.069106 | CH19: -1.8521321 | CI19: 1.0500541 | CK19: 0.023342809 | CL19: 0.021524603 | CN19: -2.3048418 | CO19: 0.81959313 | CQ19: 8.8378572 | CR19: 0.98318088 | CT19: 15.329577 | CU19: 1.0462798 | CW19: -2.2085083 | CX19: 0.62555134 | CZ19: -7.5539184 | DA19: 0.93264157 | DC19: 0.24746118 | DD19: 0.022434313
A20: Chile | B20: 10.28148 | C20: 1.5797365 | E20: -0.074660644 | F20: 1.399684 | H20: -14.761227 | I20: 1.6307616 | K20: 2.6539345 | L20: 1.4966065 | N20: 0.31724322 | O20: 1.414969 | Q20: 0.03365 | R20: 0.026979689 | T20: 9.0911112 | U20: 1.596401 | W20: 4.0788817 | X20: 1.526942 | Z20: -13.686187 | AA20: 1.5727327 | AC20: -1.4232137 | AD20: 1.101208 | AF20: 0.13304579 | AG20: 1.5066699 | AI20: 0.17951505 | AJ20: 0.032844674 | AL20: 29.029209 | AM20: 1.4594159 | AO20: 4.0417657 | AP20: 1.149474 | AR20: -6.352694 | AS20: 1.4232579 | AU20: 2.6086483 | AV20: 1.3013985 | AX20: -5.5723844 | AY20: 1.2754539 | BA20: 0.020278012 | BB20: 0.024403512 | BD20: 23.815212 | BE20: 1.4449129 | BG20: 7.784884 | BH20: 1.42758 | BJ20: -3.8138309 | BK20: 1.4791048 | BM20: 1.3593888 | BN20: 0.93638515 | BP20: -7.1656651 | BQ20: 1.4786664 | BS20: 0.19025725 | BT20: 0.030083267 | BV20: -18.747728 | BW20: 1.7191849 | BY20: -4.1164265 | BZ20: 1.3932146 | CB20: -8.4085321 | CC20: 1.5947342 | CE20: 0.045286197 | CF20: 1.509757 | CH20: 5.8896275 | CI20: 1.4230248 | CK20: 0.013371986 | CL20: 0.02667244 | CN20: -14.724101 | CO20: 1.5104579 | CQ20: -3.7060025 | CR20: 1.5565485 | CT20: -9.8723564 | CU20: 1.6172278 | CW20: -2.7826025 | CX20: 1.0942636 | CZ20: 7.2987108 | DA20: 1.5557427 | DC20: -0.010742194 | DD20: 0.031176595
A21: Colombia | B21: m | C21: m | E21: m | F21: m | H21: m | I21: m | K21: m | L21: m | N21: m | O21: m | Q21: m | R21: m | T21: m | U21: m | W21: m | X21: m | Z21: m | AA21: m | AC21: m | AD21: m | AF21: m | AG21: m | AI21: m | AJ21: m | AL21: 6.0010481 | AM21: 1.6446835 | AO21: 9.7899418 | AP21: 1.8128048 | AR21: 6.0653462 | AS21: 1.8928248 | AU21: 6.0148582 | AV21: 1.2480637 | AX21: -1.7876439 | AY21: 1.7146586 | BA21: 0.19338904 | BB21: 0.027457615 | BD21: 5.1359315 | BE21: 1.708059 | BG21: 11.573687 | BH21: 1.6729496 | BJ21: 10.967736 | BK21: 1.7071968 | BM21: 1.3810822 | BN21: 0.85373861 | BP21: -3.8960159 | BQ21: 1.7378184 | BS21: 0.29169416 | BT21: 0.029538447 | BV21: m | BW21: m | BY21: m | BZ21: m | CB21: m | CC21: m | CE21: m | CF21: m | CH21: m | CI21: m | CK21: m | CL21: m | CN21: m | CO21: m | CQ21: m | CR21: m | CT21: m | CU21: m | CW21: m | CX21: m | CZ21: m | DA21: m | DC21: m | DD21: m
A22: Czech Republic | B22: 20.89566 | C22: 1.5697566 | E22: -9.5098686 | F22: 1.4035327 | H22: -5.8051209 | I22: 1.4411918 | K22: 18.274939 | L22: 1.7322383 | N22: -4.0968375 | O22: 1.5476346 | Q22: -0.19427437 | R22: 0.034219526 | T22: 21.849489 | U22: 1.2821325 | W22: -17.514008 | X22: 1.522832 | Z22: -11.333615 | AA22: 1.6328559 | AC22: 14.533445 | AD22: 1.1561977 | AF22: 5.2734056 | AG22: 1.4552981 | AI22: -0.1812744 | AJ22: 0.035042692 | AL22: 10.634137 | AM22: 1.3353101 | AO22: 1.4934217 | AP22: 1.2067672 | AR22: 2.2457213 | AS22: 1.2628806 | AU22: 7.8060536 | AV22: 1.571701 | AX22: -7.0007567 | AY22: 1.4326699 | BA22: 0.0088419402 | BB22: 0.027579285 | BD22: 7.3853106 | BE22: 1.4908788 | BG22: 4.2693973 | BH22: 1.6390055 | BJ22: 4.4930816 | BK22: 1.684572 | BM22: 4.745388 | BN22: 1.3252093 | BP22: -3.2215183 | BQ22: 1.637813 | BS22: 0.13796793 | BT22: 0.035141461 | BV22: 10.261524 | BW22: 1.5921395 | BY22: -11.00329 | BZ22: 1.4550216 | CB22: -8.0508423 | CC22: 1.4459291 | CE22: 10.468886 | CF22: 1.7478383 | CH22: 2.9039192 | CI22: 1.5013896 | CK22: -0.2031163 | CL22: 0.032771457 | CN22: 14.464179 | CO22: 1.3289728 | CQ22: -21.783403 | CR22: 1.5058385 | CT22: -15.826696 | CU22: 1.6238716 | CW22: 9.7880573 | CX22: 1.0945575 | CZ22: 8.4949236 | DA22: 1.6325361 | DC22: -0.31924233 | DD22: 0.034765981
A23: Denmark | B23: 17.372408 | C23: 1.5843285 | E23: -9.0782957 | F23: 1.1094629 | H23: -4.3249364 | I23: 1.3679254 | K23: 3.3172388 | L23: 1.7612219 | N23: 7.001296 | O23: 1.6271584 | Q23: -0.30286399 | R23: 0.029212667 | T23: 23.668791 | U23: 1.55843 | W23: -19.662073 | X23: 1.478956 | Z23: -9.4174728 | AA23: 1.8959482 | AC23: 10.459363 | AD23: 1.3892269 | AF23: 14.293251 | AG23: 1.7037231 | AI23: -0.45682392 | AJ23: 0.036064882 | AL23: 8.9234457 | AM23: 1.6852342 | AO23: -4.2911777 | AP23: 1.1237729 | AR23: -7.269588 | AS23: 1.4528257 | AU23: 2.712584 | AV23: 1.6405778 | AX23: 5.4901619 | AY23: 1.6732304 | BA23: -0.26534724 | BB23: 0.030408647 | BD23: 14.237082 | BE23: 1.6436027 | BG23: -10.498885 | BH23: 1.3216615 | BJ23: -7.809411 | BK23: 1.9067363 | BM23: 7.4029541 | BN23: 1.368862 | BP23: 8.0604382 | BQ23: 1.6689777 | BS23: -0.30516434 | BT23: 0.034583427 | BV23: 8.4489632 | BW23: 1.8104914 | BY23: -4.7871175 | BZ23: 1.2556531 | CB23: 2.9446521 | CC23: 1.6258829 | CE23: 0.60465461 | CF23: 1.7780489 | CH23: 1.5111344 | CI23: 1.7359232 | CK23: -0.037516743 | CL23: 0.030373286 | CN23: 9.4317083 | CO23: 1.621538 | CQ23: -9.163188 | CR23: 1.5592936 | CT23: -1.6080623 | CU23: 1.9107902 | CW23: 3.0564086 | CX23: 1.44311 | CZ23: 6.2328124 | DA23: 1.6486973 | DC23: -0.15165958 | DD23: 0.034087148
A24: Estonia | B24: m | C24: m | E24: m | F24: m | H24: m | I24: m | K24: m | L24: m | N24: m | O24: m | Q24: m | R24: m | T24: m | U24: m | W24: m | X24: m | Z24: m | AA24: m | AC24: m | AD24: m | AF24: m | AG24: m | AI24: m | AJ24: m | AL24: -2.0376427 | AM24: 1.6869946 | AO24: 2.836081 | AP24: 1.2188587 | AR24: 5.4843106 | AS24: 1.3562057 | AU24: 4.3412247 | AV24: 1.540949 | AX24: -7.6111646 | AY24: 1.6536851 | BA24: 0.034309816 | BB24: 0.0260734 | BD24: 1.5536894 | BE24: 1.5929376 | BG24: 1.2899778 | BH24: 1.6440177 | BJ24: 2.0334558 | BK24: 1.8122798 | BM24: 5.1067481 | BN24: 1.1450768 | BP24: -2.2929008 | BQ24: 1.6049567 | BS24: 0.011846377 | BT24: 0.03295907 | BV24: m | BW24: m | BY24: m | BZ24: m | CB24: m | CC24: m | CE24: m | CF24: m | CH24: m | CI24: m | CK24: m | CL24: m | CN24: m | CO24: m | CQ24: m | CR24: m | CT24: m | CU24: m | CW24: m | CX24: m | CZ24: m | DA24: m | DC24: m | DD24: m
A25: Finland | B25: 21.370604 | C25: 1.4869585 | E25: -5.589819 | F25: 1.2656248 | H25: 1.3918525 | I25: 1.1538719 | K25: 11.221191 | L25: 1.6103822 | N25: 11.686092 | O25: 1.5431051 | Q25: -0.32063043 | R25: 0.031934679 | T25: 25.98926 | U25: 1.1691015 | W25: -24.317413 | X25: 1.5131239 | Z25: -5.6566381 | AA25: 1.6396765 | AC25: 16.528194 | AD25: 1.0982784 | AF25: 21.490767 | AG25: 1.2508286 | AI25: -0.54272121 | AJ25: 0.034083962 | AL25: 12.654142 | AM25: 1.4999297 | AO25: -2.2018893 | AP25: 1.0789027 | AR25: -0.0888758 | AS25: 1.2049972 | AU25: 7.7802243 | AV25: 1.5727977 | AX25: 11.847581 | AY25: 1.4498107 | BA25: -0.1847146 | BB25: 0.029084366 | BD25: 19.086575 | BE25: 1.3644795 | BG25: -14.88135 | BH25: 1.597844 | BJ25: -6.501668 | BK25: 1.7683861 | BM25: 12.745466 | BN25: 1.2311126 | BP25: 19.113909 | BQ25: 1.4200443 | BS25: -0.39511812 | BT25: 0.035829891 | BV25: 8.7164612 | BW25: 1.6062158 | BY25: -3.3879294 | BZ25: 1.201749 | CB25: 1.4807284 | CC25: 1.0862422 | CE25: 3.4409673 | CF25: 1.6957586 | CH25: -0.16148913 | CI25: 1.4705116 | CK25: -0.13591583 | CL25: 0.031760275 | CN25: 6.9026856 | CO25: 1.1347619 | CQ25: -9.4360628 | CR25: 1.7503273 | CT25: 0.84502959 | CU25: 1.8164617 | CW25: 3.7827291 | CX25: 1.0001634 | CZ25: 2.3768592 | DA25: 1.2695085 | DC25: -0.14760306 | DD25: 0.032980219
A26: France | B26: 4.3998971 | C26: 1.6313981 | E26: -0.43268639 | F26: 1.1941693 | H26: -0.7959373 | I26: 1.5653111 | K26: 8.792984 | L26: 1.4789772 | N26: 0.39765128 | O26: 1.6092304 | Q26: -0.065654047 | R26: 0.030752497 | T26: 8.0413666 | U26: 1.490047 | W26: -3.1617551 | X26: 1.4508764 | Z26: -5.0446854 | AA26: 1.7217138 | AC26: 8.6778564 | AD26: 1.1418024 | AF26: 0.95653301 | AG26: 1.5696926 | AI26: -0.035684992 | AJ26: 0.035679124 | AL26: 9.1009331 | AM26: 1.6796712 | AO26: -1.3840005 | AP26: 1.3826807 | AR26: -6.9845204 | AS26: 1.872646 | AU26: 6.0813622 | AV26: 1.7850312 | AX26: 4.3547587 | AY26: 1.8090607 | BA26: -0.17241287 | BB26: 0.038697347 | BD26: 8.6667385 | BE26: 1.579299 | BG26: 0.54461873 | BH26: 1.6637129 | BJ26: -6.8613424 | BK26: 1.9105763 | BM26: 5.1165233 | BN26: 1.2939061 | BP26: 4.050601 | BQ26: 1.776677 | BS26: -0.085019737 | BT26: 0.041026715 | BV26: -4.701036 | BW26: 1.8846829 | BY26: 0.95131421 | BZ26: 1.4361793 | CB26: 6.1885834 | CC26: 1.8045039 | CE26: 2.7116222 | CF26: 1.916875 | CH26: -3.9571073 | CI26: 1.8633307 | CK26: 0.10675883 | CL26: 0.038594693 | CN26: -0.62537169 | CO26: 1.5191131 | CQ26: -3.7063739 | CR26: 1.6562282 | CT26: 1.8166568 | CU26: 1.8842289 | CW26: 3.5613329 | CX26: 1.2426788 | CZ26: -3.0940681 | DA26: 1.7431971 | DC26: 0.049334742 | DD26: 0.037676759
A27: Germany | B27: 9.6697559 | C27: 1.5538121 | E27: -1.3626291 | F27: 1.1965799 | H27: -0.31797555 | I27: 1.1796126 | K27: 1.6721762 | L27: 1.6186932 | N27: -2.0428624 | O27: 1.6833179 | Q27: -0.1796114 | R27: 0.038671706 | T27: 11.410608 | U27: 1.3576595 | W27: -2.456732 | X27: 1.4604843 | Z27: -1.7476766 | AA27: 1.7248323 | AC27: 4.1801438 | AD27: 1.4164627 | AF27: 4.6688552 | AG27: 1.6433381 | AI27: -0.17051063 | AJ27: 0.04030066 | AL27: 8.0328226 | AM27: 1.6174018 | AO27: -3.4768043 | AP27: 1.2006625 | AR27: -5.0294957 | AS27: 1.2243985 | AU27: 2.7697999 | AV27: 1.5556265 | AX27: 7.4350266 | AY27: 1.5802199 | BA27: -0.30020881 | BB27: 0.036199186 | BD27: 13.182878 | BE27: 1.3447533 | BG27: -7.4666047 | BH27: 1.4923645 | BJ27: -10.358822 | BK27: 1.7228669 | BM27: 5.5788808 | BN27: 1.2615916 | BP27: 11.088706 | BQ27: 1.5561008 | BS27: -0.36926156 | BT27: 0.03997685 | BV27: 1.6369331 | BW27: 1.4865909 | BY27: 2.1141753 | BZ27: 1.2313597 | CB27: 4.7115202 | CC27: 1.1821097 | CE27: -1.0976237 | CF27: 1.6333882 | CH27: -9.4778891 | CI27: 1.7058284 | CK27: 0.12059741 | CL27: 0.034843255 | CN27: -1.7722687 | CO27: 1.4197054 | CQ27: 5.0098724 | CR27: 1.3904705 | CT27: 8.611145 | CU27: 1.8233641 | CW27: -1.398737 | CX27: 1.271699 | CZ27: -6.4198503 | DA27: 1.5361872 | DC27: 0.19875091 | DD27: 0.039189536
A28: Greece | B28: 19.140989 | C28: 1.8825754 | E28: -4.9001431 | F28: 1.6111951 | H28: -12.935804 | I28: 1.6402943 | K28: 0.57096851 | L28: 1.6505473 | N28: -9.5763292 | O28: 1.6113523 | Q28: 0.049685918 | R28: 0.025607107 | T28: 10.156257 | U28: 1.5410489 | W28: 1.5916047 | X28: 1.5536559 | Z28: -9.3112535 | AA28: 1.712543 | AC28: 0.63885051 | AD28: 0.98913759 | AF28: -9.6857996 | AG28: 1.819676 | AI28: 0.20094095 | AJ28: 0.03040866 | AL28: 4.2747202 | AM28: 1.7622838 | AO28: 5.914228 | AP28: 1.4094527 | AR28: -1.1517836 | AS28: 1.3341351 | AU28: 3.6556723 | AV28: 1.4453636 | AX28: -4.9111724 | AY28: 1.6615446 | BA28: 0.070093684 | BB28: 0.027230764 | BD28: 5.2006879 | BE28: 1.8089619 | BG28: 7.5201201 | BH28: 1.5282443 | BJ28: 2.2823207 | BK28: 1.6670167 | BM28: 2.2552443 | BN28: 0.98839301 | BP28: 0.48304635 | BQ28: 1.6797227 | BS28: 0.035179127 | BT28: 0.030865528 | BV28: 14.866268 | BW28: 2.2041514 | BY28: -10.814371 | BZ28: 1.6148003 | CB28: -11.78402 | CC28: 1.6733068 | CE28: -3.0847039 | CF28: 1.537614 | CH28: -4.6651568 | CI28: 1.8873216 | CK28: -0.020407764 | CL28: 0.030338753 | CN28: 4.9555683 | CO28: 1.9087422 | CQ28: -5.9285154 | CR28: 1.6526015 | CT28: -11.593575 | CU28: 1.8807757 | CW28: -1.6163938 | CX28: 1.0969714 | CZ28: -10.168846 | DA28: 2.006741 | DC28: 0.16576183 | DD28: 0.032748222
A29: Hungary | B29: 15.904115 | C29: 1.5821322 | E29: -0.19604705 | F29: 1.4108913 | H29: -7.0749569 | I29: 1.6237893 | K29: 20.111593 | L29: 1.5988652 | N29: 4.1124735 | O29: 1.5369349 | Q29: -0.22424226 | R29: 0.031774104 | T29: 6.6630859 | U29: 1.6647176 | W29: 11.15202 | X29: 1.7305871 | Z29: 3.1780808 | AA29: 1.7877388 | AC29: 8.4271288 | AD29: 1.2796528 | AF29: -0.61427689 | AG29: 1.8954434 | AI29: 0.14333385 | AJ29: 0.040667966 | AL29: 11.246358 | AM29: 1.8320365 | AO29: -4.7473559 | AP29: 1.7262391 | AR29: -7.6013885 | AS29: 1.8942802 | AU29: 10.228996 | AV29: 1.7050915 | AX29: 3.4762704 | AY29: 1.6443383 | BA29: -0.22672629 | BB29: 0.03326777 | BD29: 5.2859697 | BE29: 1.647135 | BG29: 4.1760268 | BH29: 1.8437008 | BJ29: -0.28969204 | BK29: 1.7677709 | BM29: 5.5978403 | BN29: 1.3307106 | BP29: -0.47147167 | BQ29: 1.69903 | BS29: 0.009019874 | BT29: 0.039313089 | BV29: 4.6577578 | BW29: 1.8696053 | BY29: 4.5513086 | BZ29: 1.6880969 | CB29: 0.52643174 | CC29: 1.9956856 | CE29: 9.882597 | CF29: 1.6123199 | CH29: 0.63620299 | CI29: 1.8057187 | CK29: 0.0024840368 | CL29: 0.038385011 | CN29: 1.377116 | CO29: 1.7016028 | CQ29: 6.9759936 | CR29: 1.8006383 | CT29: 3.467773 | CU29: 1.87617 | CW29: 2.8292885 | CX29: 1.2076856 | CZ29: -0.14280523 | DA29: 1.9462095 | DC29: 0.13431399 | DD29: 0.036508415
A30: Iceland | B30: 23.842838 | C30: 1.6518087 | E30: -0.45995665 | F30: 1.3895147 | H30: 6.6175361 | I30: 1.3127979 | K30: 9.1003342 | L30: 1.607717 | N30: 10.831235 | O30: 1.6557459 | Q30: -0.20134726 | R30: 0.028564177 | T30: 23.378389 | U30: 1.5534247 | W30: -6.3308053 | X30: 1.5375717 | Z30: 11.943451 | AA30: 1.4949218 | AC30: 11.330367 | AD30: 1.2644489 | AF30: 16.607933 | AG30: 1.5747114 | AI30: -0.28460687 | AJ30: 0.032850631 | AL30: 4.8774881 | AM30: 1.7862651 | AO30: 1.5009792 | AP30: 1.2053853 | AR30: 3.3729012 | AS30: 1.3876921 | AU30: 3.2743466 | AV30: 1.7651038 | AX30: 7.2483549 | AY30: 1.7495787 | BA30: -0.061673287 | BB30: 0.032129932 | BD30: 12.857825 | BE30: 1.4911069 | BG30: -2.2107656 | BH30: 1.6750097 | BJ30: 0.86067617 | BK30: 1.5626982 | BM30: 8.1028204 | BN30: 1.2835039 | BP30: 11.797686 | BQ30: 1.404941 | BS30: -0.25966722 | BT30: 0.033724986 | BV30: 18.965349 | BW30: 1.7613388 | BY30: -1.9609358 | BZ30: 1.3210522 | CB30: 3.2446349 | CC30: 1.4753219 | CE30: 5.8259873 | CF30: 1.5430052 | CH30: 3.5828803 | CI30: 1.7510068 | CK30: -0.13967398 | CL30: 0.030170638 | CN30: 10.520564 | CO30: 1.469834 | CQ30: -4.1200399 | CR30: 1.622444 | CT30: 11.082775 | CU30: 1.6097726 | CW30: 3.2275474 | CX30: 1.2192216 | CZ30: 4.8102465 | DA30: 1.5416232 | DC30: -0.024939654 | DD30: 0.029761165
A31: Ireland | B31: 15.449275 | C31: 1.7788532 | E31: -0.85360438 | F31: 1.4139327 | H31: 7.2901974 | I31: 1.2048781 | K31: 6.129683 | L31: 1.6057688 | N31: 2.4607821 | O31: 2.008491 | Q31: 0.018627353 | R31: 0.035528641 | T31: 20.469984 | U31: 1.5002363 | W31: -8.9301338 | X31: 1.5240939 | Z31: 4.0898242 | AA31: 1.622426 | AC31: 8.8146038 | AD31: 1.2986844 | AF31: 9.9022045 | AG31: 1.7397206 | AI31: -0.019579036 | AJ31: 0.035416614 | AL31: 13.572237 | AM31: 2.0399053 | AO31: -1.3552563 | AP31: 1.4229242 | AR31: -1.7968485 | AS31: 1.5477997 | AU31: 3.6858542 | AV31: 1.7224485 | AX31: 6.5499649 | AY31: 1.9481986 | BA31: -0.03562557 | BB31: 0.035578974 | BD31: 11.39447 | BE31: 1.6388398 | BG31: -0.87166899 | BH31: 1.5672686 | BJ31: -1.0758824 | BK31: 1.7279879 | BM31: 1.9830849 | BN31: 1.3741865 | BP31: 7.7882304 | BQ31: 1.7923096 | BS31: 0.042779647 | BT31: 0.038685326 | BV31: 1.8770375 | BW31: 2.0680714 | BY31: 0.50165188 | BZ31: 1.6562701 | CB31: 9.0870457 | CC31: 1.5707592 | CE31: 2.4438288 | CF31: 1.7471219 | CH31: -4.0891829 | CI31: 2.1919847 | CK31: 0.054252926 | CL31: 0.039628327 | CN31: 9.0755148 | CO31: 1.6387304 | CQ31: -8.058465 | CR31: 1.7878449 | CT31: 5.1657066 | CU31: 1.8511965 | CW31: 6.8315187 | CX31: 1.2971386 | CZ31: 2.1139739 | DA31: 1.8294444 | DC31: -0.062358681 | DD31: 0.03959506
A32: Israel | B32: 7.6998029 | C32: 2.2430882 | E32: 4.1992512 | F32: 2.4440598 | H32: 0.68059784 | I32: 2.6241107 | K32: 4.0265069 | L32: 2.0850081 | N32: 6.09587 | O32: 2.5834124 | Q32: -0.0074636834 | R32: 0.052660327 | T32: 9.5010538 | U32: 2.6243222 | W32: 4.2051682 | X32: 3.3802304 | Z32: -2.664247 | AA32: 3.0241511 | AC32: 5.5636587 | AD32: 1.5944417 | AF32: 7.3065295 | AG32: 2.5578263 | AI32: -0.076684609 | AJ32: 0.080272645 | AL32: 4.4020901 | AM32: 1.989827 | AO32: 3.2280486 | AP32: 1.9316083 | AR32: 1.8607366 | AS32: 1.7963961 | AU32: 3.7362337 | AV32: 1.6912954 | AX32: 0.54825139 | AY32: 1.8685009 | BA32: 0.096460335 | BB32: 0.046364971 | BD32: 7.3210392 | BE32: 1.4755987 | BG32: -1.9440978 | BH32: 1.7279749 | BJ32: -4.9033208 | BK32: 1.6181468 | BM32: 3.992487 | BN32: 1.1424466 | BP32: 4.415863 | BQ32: 1.6450255 | BS32: -0.040444944 | BT32: 0.036327302 | BV32: 3.2977128 | BW32: 2.2495897 | BY32: 0.97120285 | BZ32: 2.4455771 | CB32: -1.1801388 | CC32: 2.5975573 | CE32: 0.29027325 | CF32: 2.1948895 | CH32: 5.5476184 | CI32: 2.6924121 | CK32: -0.10392402 | CL32: 0.055086434 | CN32: 2.1800141 | CO32: 2.5743673 | CQ32: 6.1492662 | CR32: 3.3889506 | CT32: 2.2390735 | CU32: 3.085937 | CW32: 1.5711716 | CX32: 1.6607007 | CZ32: 2.8906665 | DA32: 2.5513105 | DC32: -0.036239665 | DD32: 0.080214381
A33: Italy | B33: 16.205608 | C33: 1.6541102 | E33: -10.127439 | F33: 1.351359 | H33: -3.2204711 | I33: 1.4213198 | K33: 12.216527 | L33: 1.3731064 | N33: -0.19284014 | O33: 1.5281919 | Q33: -0.04234568 | R33: 0.029220814 | T33: 7.8264661 | U33: 1.2492524 | W33: -0.2127507 | X33: 1.565218 | Z33: -1.1717062 | AA33: 1.6518261 | AC33: 3.9932132 | AD33: 0.9981885 | AF33: -6.3052316 | AG33: 1.5874497 | AI33: 0.23411894 | AJ33: 0.03370776 | AL33: 13.207205 | AM33: 1.2559541 | AO33: -4.6482143 | AP33: 0.86743891 | AR33: -4.469707 | AS33: 1.1028184 | AU33: 6.2720227 | AV33: 1.2250702 | AX33: 1.9896213 | AY33: 1.0964535 | BA33: -0.052716628 | BB33: 0.02148165 | BD33: 5.7144122 | BE33: 1.0249618 | BG33: 3.7656138 | BH33: 1.2271802 | BJ33: -2.5121994 | BK33: 1.245345 | BM33: 2.7194681 | BN33: 0.8664031 | BP33: -2.5015104 | BQ33: 1.1788032 | BS33: 0.11019157 | BT33: 0.02487853 | BV33: 2.9984028 | BW33: 1.3878372 | BY33: -5.4792237 | BZ33: 1.2359773 | CB33: 1.2492357 | CC33: 1.1999859 | CE33: 5.9445043 | CF33: 1.1120092 | CH33: -2.1824615 | CI33: 1.3970591 | CK33: 0.010370946 | CL33: 0.026545418 | CN33: 2.1120539 | CO33: 1.0260717 | CQ33: -3.9783645 | CR33: 1.3962902 | CT33: 1.3404931 | CU33: 1.458004 | CW33: 1.2737452 | CX33: 0.75540513 | CZ33: -3.803721 | DA33: 1.4004622 | DC33: 0.12392738 | DD33: 0.029206943
