Workbook
Name calcul: '[3]Calcul_B1.1'!$A$1:$L$37
Name calcul1: '[4]Calcul_B1.1'!$A$1:$L$37
Name p5_age: [6]p5_ageISC5a!$A$1:$D$55
Name p5nr: [7]P5nr_2!$A$1:$AC$43
Name POpula: [8]POpula!$A$1:$I$1559
Name popula1: [8]POpula!$A$1:$I$1559
Name SPSS: [9]Figure5.6!$B$2:$X$30
Name toto: '[10]Graph 3.7.a'!$B$125:$C$151
Name toto1: [11]Data5.11a!$B$3:$C$34
Name weight: [12]F5_W!$A$1:$C$33
Name x: [13]Settings!$B$14

Sheet TOC
A1: PISA 2018 Results (Volume I) - © OECD 2019
A2: Annex B1 | B2: Annex B1 Results for countries and economies
A3: Version 3+1 - Last updated: 24-Jul-2020
A4: Disclaimer: http://oe.cd/disclaimer
A6: Annex B1 | B6: Annex B1 Results for countries and economies
A7: Version 3 - Last updated: 02-Dec-2019
A8: Disclaimer: http://oe.cd/disclaimer
A10: TOC | B10: PISA 2018 Results - Volume I
A12: Annex B1 | B12: Results for countries and economies | N12: Symbols for missing data
A13: Tables | N13: c: There are too few observations or no observation to provide reliable estimates (i.e. there are fewer than 30 students or fewer than 5 schools with valid data).
N14: m: Data are not available. These data were not submitted by the country or were collected but subsequently removed from the publication for technical reasons.
A16: ='Table I.B1.1'!A10 -> Table I.B1.1 | B16: ='Table I.B1.1'!$A$11 -> Percentage of students at each proficiency level in reading | N16: Notes:
A17: ='Table I.B1.2'!A10 -> Table I.B1.2 | B17: ='Table I.B1.2'!$A$11 -> Percentage of students at each proficiency level in mathematics | N17: Information on data for Cyprus: https://oe.cd/cyprus-disclaimer
A18: ='Table I.B1.3'!A10 -> Table I.B1.3 | B18: ='Table I.B1.3'!$A$11 -> Percentage of students at each proficiency level in science | N18: In 2018, some regions in Spain conducted their high-stakes exams for tenth-grade students earlier in the year than in the past, which resulted in the testing period for these exams coinciding with the end of the PISA testing window. Because of this overlap, a number of students were negatively disposed towards the PISA test and did not try their best to demonstrate their proficiency. Although the data of only a minority of students show clear signs of lack of engagement (see PISA 2018 Results Volume I, Annex A9), the comparability of PISA 2018 data for Spain with those from earlier PISA assessments cannot be fully ensured.
A19: ='Table I.B1.4'!A10 -> Table I.B1.4 | B19: ='Table I.B1.4'!$A$11 -> Mean score and variation in reading performance
A20: ='Table I.B1.5'!A10 -> Table I.B1.5 | B20: ='Table I.B1.5'!$A$11 -> Mean score and variation in mathematics performance
A21: ='Table I.B1.6'!A10 -> Table I.B1.6 | B21: ='Table I.B1.6'!$A$11 -> Mean score and variation in science performance
A22: ='Table I.B1.7'!A10 -> Table I.B1.7 | B22: ='Table I.B1.7'!$A$11 -> Percentage of low achievers and top performers in reading, 2009 through 2018
A23: ='Table I.B1.8'!A10 -> Table I.B1.8 | B23: ='Table I.B1.8'!$A$11 -> Percentage of low achievers and top performers in mathematics, 2003 through 2018
A24: ='Table I.B1.9'!A10 -> Table I.B1.9 | B24: ='Table I.B1.9'!$A$11 -> Percentage of low achievers and top performers in science, 2006 through 2018
A25: ='Table I.B1.10'!A10 -> Table I.B1.10 | B25: ='Table I.B1.10'!$A$11 -> Mean reading performance, 2000 through 2018 | N25: OECD averages:
A26: ='Table I.B1.11'!A10 -> Table I.B1.11 | B26: ='Table I.B1.11'!$A$11 -> Mean mathematics performance, 2003 through 2018 | N26: OECD average | O26: Arithmetic mean across all OECD Member countries (and Colombia).
A27: ='Table I.B1.12'!A10 -> Table I.B1.12 | B27: ='Table I.B1.12'!$A$11 -> Mean science performance, 2006 through 2018 | N27: OECD average-37 | O27: Arithmetic mean across all OECD Member countries (and Colombia).
A28: ='Table I.B1.13'!A10 -> Table I.B1.13 | B28: ='Table I.B1.13'!$A$11 -> Distribution of reading scores, 2000 through 2018 | N28: OECD average-36a | O28: Arithmetic mean across all OECD Member countries (and Colombia), excluding Spain.
A29: ='Table I.B1.14'!A10 -> Table I.B1.14 | B29: ='Table I.B1.14'!$A$11 -> Distribution of mathematics scores, 2003 through 2018 | N29: OECD average-36b | O29: Arithmetic mean across all OECD Member countries (and Colombia), excluding Austria.
A30: ='Table I.B1.15'!A10 -> Table I.B1.15 | B30: ='Table I.B1.15'!$A$11 -> Distribution of science scores, 2006 through 2018 | N30: OECD average-35a | O30: Arithmetic mean across all OECD Member countries (and Colombia), excluding Austria and Spain.
A31: ='Table I.B1.16'!A10 -> Table I.B1.16 | B31: ='Table I.B1.16'!$A$11 -> Percentage of students at each level on the cognitive process subscale of reading "locate information" | N31: OECD average-35b | O31: Arithmetic mean across all OECD Member countries (and Colombia), excluding Spain and the United States.
A32: ='Table I.B1.17'!A10 -> Table I.B1.17 | B32: ='Table I.B1.17'!$A$11 -> Percentage of students at each level on the cognitive process subscale of reading "understand" | N32: OECD average-30 | O32: Arithmetic mean across all OECD Member countries, excluding Chile, Colombia, Estonia, Israel, Lithuania, Slovenia and the United Kingdom.
A33: ='Table I.B1.18'!A10 -> Table I.B1.18 | B33: ='Table I.B1.18'!$A$11 -> Percentage of students at each level on the cognitive process subscale of reading "evaluate and reflect" | N33: OECD average-29a | O33: Arithmetic mean across all OECD Member countries, excluding Austria, Chile, Colombia, Estonia, Israel, Lithuania, Slovenia and the United Kingdom.
A34: ='Table I.B1.19'!A10 -> Table I.B1.19 | B34: ='Table I.B1.19'!$A$11 -> Percentage of students at each level on the text structure subscale of reading "single" | N34: OECD average-29b | O34: Arithmetic mean across all OECD Member countries, excluding Chile, Colombia, Estonia, Israel, Lithuania, Slovenia, Spain and the United Kingdom.
A35: ='Table I.B1.20'!A10 -> Table I.B1.20 | B35: ='Table I.B1.20'!$A$11 -> Percentage of students at each level on the text structure subscale of reading "multiple" | N35: OECD average-27 | O35: Arithmetic mean across all OECD Member countries, excluding Colombia, Estonia, Lithuania, Luxembourg, the Netherlands, the Slovak Republic, Slovenia, Spain, Turkey and the United Kingdom.
A36: ='Table I.B1.21'!A10 -> Table I.B1.21 | B36: ='Table I.B1.21'!$A$11 -> Mean score and variation in the cognitive process subscale of reading "locate information" | N36: OECD average-23 | O36: Arithmetic mean across all OECD Member countries, excluding Austria, Chile, Colombia, Estonia, Israel, Lithuania, Luxembourg, the Netherlands, the Slovak Republic, Slovenia, Spain, Turkey, the United Kingdom and the United States.
A37: ='Table I.B1.22'!A10 -> Table I.B1.22 | B37: ='Table I.B1.22'!$A$11 -> Mean score and variation in the cognitive process subscale of reading "understand"
A38: ='Table I.B1.23'!A10 -> Table I.B1.23 | B38: ='Table I.B1.23'!$A$11 -> Mean score and variation in the cognitive process subscale of reading "evaluate and reflect"
A39: ='Table I.B1.24'!A10 -> Table I.B1.24 | B39: ='Table I.B1.24'!$A$11 -> Mean score and variation in the text structure subscale of reading "single"
A40: ='Table I.B1.25'!A10 -> Table I.B1.25 | B40: ='Table I.B1.25'!$A$11 -> Mean score and variation in the text structure subscale of reading "multiple"
A41: ='Table I.B1.26'!A10 -> Table I.B1.26 | B41: ='Table I.B1.26'!$A$11 -> Top performers in reading, mathematics and science
A42: ='Table I.B1.27'!A10 -> Table I.B1.27 | B42: ='Table I.B1.27'!$A$11 -> Low achievers in reading, mathematics and science
A43: ='Table I.B1.28'!A10 -> Table I.B1.28 | B43: ='Table I.B1.28'!$A$11 -> Variation in reading performance, 2000 through 2018
A44: ='Table I.B1.29'!A10 -> Table I.B1.29 | B44: ='Table I.B1.29'!$A$11 -> Variation in mathematics performance, 2003 through 2018
A45: ='Table I.B1.30'!A10 -> Table I.B1.30 | B45: ='Table I.B1.30'!$A$11 -> Variation in science performance, 2006 through 2018
A46: ='Table I.B1.31'!A10 -> Table I.B1.31 | B46: ='Table I.B1.31'!$A$11 -> Percentage of low achievers and top performers in reading among all 15-year-olds, 2009 through 2018
A47: ='Table I.B1.32'!A10 -> Table I.B1.32 | B47: ='Table I.B1.32'!$A$11 -> Percentage of low achievers and top performers in mathematics among all 15-year-olds, 2006 through 2018
A48: ='Table I.B1.33'!A10 -> Table I.B1.33 | B48: ='Table I.B1.33'!$A$11 -> Percentage of low achievers and top performers in science among all 15-year-olds, 2009 through 2018
A49: ='Table I.B1.34'!A10 -> Table I.B1.34 | B49: ='Table I.B1.34'!$A$11 -> Distribution of reading scores among 15-year-olds, 2009 through 2018
A50: ='Table I.B1.35'!A10 -> Table I.B1.35 | B50: ='Table I.B1.35'!$A$11 -> Distribution of mathematics scores among 15-year-olds, 2003 through 2018
A51: ='Table I.B1.36'!A10 -> Table I.B1.36 | B51: ='Table I.B1.36'!$A$11 -> Distribution of science scores among 15-year-olds, 2006 through 2018
A52: ='Table I.B1.37'!A10 -> Table I.B1.37 | B52: ='Table I.B1.37'!$A$11 -> Percentage of low achievers and top performers in reading, 2009 through 2018, adjusted for demographic changes
A53: ='Table I.B1.38'!A10 -> Table I.B1.38 | B53: ='Table I.B1.38'!$A$11 -> Percentage of low achievers and top performers in mathematics, 2012 through 2018, adjusted for demographic changes
A54: ='Table I.B1.39'!A10 -> Table I.B1.39 | B54: ='Table I.B1.39'!$A$11 -> Percentage of low achievers and top performers in science, in 2015 and 2018, adjusted for demographic changes
A55: ='Table I.B1.40'!A10 -> Table I.B1.40 | B55: ='Table I.B1.40'!$A$11 -> Mean reading performance, 2009 through 2018, adjusted for demographic changes
A56: ='Table I.B1.41'!A10 -> Table I.B1.41 | B56: ='Table I.B1.41'!$A$11 -> Mean mathematics performance, 2012 through 2018, adjusted for demographic changes
A57: ='Table I.B1.42'!A10 -> Table I.B1.42 | B57: ='Table I.B1.42'!$A$11 -> Mean science performance, 2015 and 2018, adjusted for demographic changes
A58: ='Table I.B1.43'!A10 -> Table I.B1.43 | B58: ='Table I.B1.43'!$A$11 -> Distribution of reading scores, 2009 through 2018, adjusted for demographic changes
A59: ='Table I.B1.44'!A10 -> Table I.B1.44 | B59: ='Table I.B1.44'!$A$11 -> Distribution of mathematics scores, 2012 through 2018, adjusted for demographic changes
A60: ='Table I.B1.45'!A10 -> Table I.B1.45 | B60: ='Table I.B1.45'!$A$11 -> Distribution of science scores, 2015 and 2018, adjusted for demographic changes
A61: ='Table I.B1.46'!A10 -> Table I.B1.46 | B61: ='Table I.B1.46'!$A$11 -> Variation in reading performance, 2009 through 2018, adjusted for demographic changes
A62: ='Table I.B1.47'!A10 -> Table I.B1.47 | B62: ='Table I.B1.47'!$A$11 -> Variation in mathematics performance, 2012 through 2018, adjusted for demographic changes
A63: ='Table I.B1.48'!A10 -> Table I.B1.48 | B63: ='Table I.B1.48'!$A$11 -> Variation in science performance, 2015 and 2018, adjusted for demographic changes
A64: ='Table I.B1.49'!A10 -> Table I.B1.49 | B64: ='Table I.B1.49'!$A$11 -> Minimum achievement in reading and mathematics (SDG 4.1)
A65: ='Table I.B1.50'!A10 -> Table I.B1.50 | B65: ='Table I.B1.50'!$A$11 -> Disparities in minimum achievement in reading and mathematics (SDG 4.5)
A66: ='Table I.B1.51'!A10 -> Table I.B1.51 | B66: ='Table I.B1.51'!$A$11 -> Time spent using the Internet (2012)
A67: ='Table I.B1.52'!A10 -> Table I.B1.52 | B67: ='Table I.B1.52'!$A$11 -> Time spent using the Internet (2018)
A68: ='Table I.B1.53'!A10 -> Table I.B1.53 | B68: ='Table I.B1.53'!$A$11 -> Change in time spent using the Internet (2012 to 2018)
A69: ='Table I.B1.54'!A10 -> Table I.B1.54 | B69: ='Table I.B1.54'!$A$11 -> Availability of digital devices at home (2009)
A70: ='Table I.B1.55'!A10 -> Table I.B1.55 | B70: ='Table I.B1.55'!$A$11 -> Availability of digital devices at home (2018)
A71: ='Table I.B1.56'!A10 -> Table I.B1.56 | B71: ='Table I.B1.56'!$A$11 -> Change in the availability of digital devices at home (2012 to 2018)
A72: ='Table I.B1.57'!A10 -> Table I.B1.57 | B72: ='Table I.B1.57'!$A$11 -> Students' reading habits and attitudes towards reading (2009)
A73: ='Table I.B1.58'!A10 -> Table I.B1.58 | B73: ='Table I.B1.58'!$A$11 -> Students' reading habits and attitudes towards reading (2018)
A74: ='Table I.B1.59'!A10 -> Table I.B1.59 | B74: ='Table I.B1.59'!$A$11 -> Changes in students' reading habits and attitudes towards reading (2009 to 2018)

Sheet Table I.B1.1
A1: PISA 2018 Results (Volume I) - © OECD 2019
A2: Annex B1 | B2: Annex B1 Results for countries and economies
A3: Version 3+1 - Last updated: 24-Jul-2020
A4: Disclaimer: http://oe.cd/disclaimer
A6: Annex B1 | B6: Annex B1 Results for countries and economies
A7: Version 3 - Last updated: 02-Dec-2019
A8: Disclaimer: http://oe.cd/disclaimer
A10: Table I.B1.1
A11: Percentage of students at each proficiency level in reading
B16: All students
B17: Below Level 1c (less than 189.33 score points) | D17: Level 1c (from 189.33 to less than 262.04 score points) | F17: Level 1b (from 262.04 to less than 334.75 score points) | H17: Level 1a (from 334.75 to less than 407.47 score points) | J17: Level 2 (from 407.47 to less than 480.18 score points) | L17: Level 3 (from 480.18 to less than 552.89 score points) | N17: Level 4 (from 552.89 to less than 625.61 score points) | P17: Level 5 (from 625.61 to less than 698.32 score points) | R17: Level 6 (above 698.32 score points)
B18: % | C18: S.E. | D18: % | E18: S.E. | F18: % | G18: S.E. | H18: % | I18: S.E. | J18: % | K18: S.E. | L18: % | M18: S.E. | N18: % | O18: S.E. | P18: % | Q18: S.E. | R18: % | S18: S.E.
A19: OECD
A20: Australia | B20: 0.10395926 | C20: 0.056260686 | D20: 1.4214947 | E20: 0.15491292 | F20: 5.5717758 | G20: 0.29423619 | H20: 12.530159 | I20: 0.35504315 | J20: 21.1112 | K20: 0.4759832 | L20: 25.37531 | M20: 0.51454823 | N20: 20.868243 | O20: 0.48937582 | P20: 10.329688 | Q20: 0.36230161 | R20: 2.6881695 | S20: 0.21461339
A21: Austria | B21: 0.039336766 | C21: 0.032563692 | D21: 0.918584 | E21: 0.1940297 | F21: 6.4072487 | G21: 0.56754915 | H21: 16.258093 | I21: 0.83795492 | J21: 23.483885 | K21: 0.82643146 | L21: 26.211394 | M21: 0.87493812 | N21: 19.270051 | O21: 0.78144485 | P21: 6.6720101 | Q21: 0.46847157 | R21: 0.73939755 | S21: 0.13139879
A22: Belgium | B22: 0.0646797 | C22: 0.05285052 | D22: 1.1505115 | E22: 0.19348826 | F22: 5.9915311 | G22: 0.43096362 | H22: 14.04674 | I22: 0.61815945 | J22: 22.355538 | K22: 0.65657695 | L22: 26.482681 | M22: 0.68095324 | N22: 20.361348 | O22: 0.71221569 | P22: 8.2653141 | Q22: 0.49123013 | R22: 1.2816566 | S22: 0.20068295
A23: Canada | B23: 0.035805952 | C23: 0.02216128 | D23: 0.65943142 | E23: 0.1070178 | F23: 3.0996066 | G23: 0.20189962 | H23: 9.9554683 | I23: 0.38590888 | J23: 20.118562 | K23: 0.57076995 | L23: 27.164958 | M23: 0.46349838 | N23: 23.973146 | O23: 0.51324188 | P23: 12.154291 | Q23: 0.46271396 | R23: 2.83873 | S23: 0.22909433
A24: Chile | B24: 0.099852759 | C24: 0.087152802 | D24: 1.7179544 | E24: 0.23794606 | F24: 8.8680682 | G24: 0.61816419 | H24: 21.035076 | I24: 0.90086227 | J24: 29.487161 | K24: 0.85622539 | L24: 24.418887 | M24: 0.85653009 | N24: 11.778833 | O24: 0.59873503 | P24: 2.4104332 | Q24: 0.28258513 | R24: 0.18373441 | S24: 0.071122049
A25: Colombia | B25: 0.17194844 | C25: 0.079521444 | D25: 3.6270831 | E25: 0.44853714 | F25: 15.77913 | G25: 0.93144122 | H25: 30.324988 | I25: 1.0325813 | J25: 27.662931 | K25: 0.99468677 | L25: 15.811803 | M25: 0.85129016 | N25: 5.676212 | O25: 0.54939362 | P25: 0.91093191 | Q25: 0.17503737 | R25: 0.034972261 | S25: 0.028272856
A26: Czech Republic | B26: 0.061976885 | C26: 0.056551752 | D26: 0.73624257 | E26: 0.21041958 | F26: 4.9627911 | G26: 0.53902823 | H26: 14.979472 | I26: 0.78282252 | J26: 24.956897 | K26: 0.87449554 | L26: 26.936234 | M26: 0.89591329 | N26: 19.129919 | O26: 0.7789054 | P26: 7.1840825 | Q26: 0.48176773 | R26: 1.0523839 | S26: 0.19316367
A27: Denmark | B27: 0.030539835 | C27: 0.033699572 | D27: 0.5494429 | E27: 0.13711548 | F27: 3.5125758 | G27: 0.3117888 | H27: 11.906975 | I27: 0.54267977 | J27: 23.901207 | K27: 0.7977808 | L27: 30.107231 | M27: 0.89097258 | N27: 21.576709 | O27: 0.79568931 | P27: 7.312377 | Q27: 0.47973065 | R27: 1.1029415 | S27: 0.20473092
A28: Estonia | B28: 0 | C28: c | D28: 0.28517573 | E28: 0.10184409 | F28: 2.0593108 | G28: 0.22604757 | H28: 8.7097949 | I28: 0.50378644 | J28: 21.159821 | K28: 0.86175316 | L28: 29.896048 | M28: 0.86967371 | N28: 24.030531 | O28: 0.79892133 | P28: 11.053392 | Q28: 0.57143666 | R28: 2.8059261 | S28: 0.32120527
A29: Finland | B29: 0.048442318 | C29: 0.03514403 | D29: 0.79997961 | E29: 0.1632959 | F29: 3.3262646 | G29: 0.37516776 | H29: 9.3698398 | I29: 0.56591805 | J29: 19.24947 | K29: 0.7036438 | L29: 27.583047 | M29: 0.81367674 | N29: 25.389044 | O29: 0.78438035 | P29: 11.870714 | Q29: 0.67462714 | R29: 2.3631993 | S29: 0.33350159
A30: France | B30: 0.045047046 | C30: 0.037692657 | D30: 1.132848 | E30: 0.16912385 | F30: 5.7374064 | G30: 0.43439953 | H30: 14.021949 | I30: 0.65139532 | J30: 22.84602 | K30: 0.82065929 | L30: 26.566999 | M30: 0.84699786 | N30: 20.452641 | O30: 0.70525275 | P30: 8.0605466 | Q30: 0.6243713 | R30: 1.1365437 | S30: 0.19303611
A31: Germany | B31: 0.061441456 | C31: 0.051014153 | D31: 1.3033194 | E31: 0.25544398 | F31: 5.7471455 | G31: 0.5090169 | H31: 13.573189 | I31: 0.84267025 | J31: 21.130336 | K31: 0.80695854 | L31: 25.40579 | M31: 0.75164437 | N31: 21.472556 | O31: 0.86729593 | P31: 9.5100681 | Q31: 0.60287846 | R31: 1.796156 | S31: 0.22955944
A32: Greece | B32: 0.12113321 | C32: 0.066180557 | D32: 2.1185027 | E32: 0.3280473 | F32: 9.3227126 | G32: 0.74803855 | H32: 18.953448 | I32: 0.90298273 | J32: 27.347574 | K32: 0.79035207 | L32: 25.151832 | M32: 1.0364895 | N32: 13.334697 | O32: 0.80254351 | P32: 3.3114228 | Q32: 0.44455132 | R32: 0.33867732 | S32: 0.10849432
A33: Hungary | B33: 0.035972986 | C33: 0.054453302 | D33: 1.247905 | E33: 0.2308527 | F33: 6.9616581 | G33: 0.61562771 | H33: 17.028408 | I33: 0.77043271 | J33: 25.162039 | K33: 0.86505852 | L33: 26.323718 | M33: 0.92989136 | N33: 17.531982 | O33: 0.79484072 | P33: 5.1976851 | Q33: 0.48314599 | R33: 0.51063173 | S33: 0.14616255
A34: Iceland | B34: 0.1227935 | C34: 0.082641593 | D34: 2.312583 | E34: 0.34692133 | F34: 8.0387355 | G34: 0.72266077 | H34: 15.881787 | I34: 0.84997502 | J34: 24.60912 | K34: 0.94964512 | L34: 25.074249 | M34: 0.84509055 | N34: 16.854802 | O34: 0.72750663 | P34: 6.2447388 | Q34: 0.57877528 | R34: 0.8611915 | S34: 0.22967015
A35: Ireland | B35: 0.001470123 | C35: 0.0068348704 | D35: 0.21291446 | E35: 0.078927288 | F35: 2.1109862 | G35: 0.26633853 | H35: 9.4739786 | I35: 0.60023386 | J35: 21.742397 | K35: 0.81578015 | L35: 30.290825 | M35: 0.85958278 | N35: 24.07889 | O35: 0.79047041 | P35: 10.329447 | Q35: 0.57663923 | R35: 1.7590918 | S35: 0.27062138
A36: Israel | B36: 0.74781062 | C36: 0.18959369 | D36: 4.9662841 | E36: 0.51004779 | F36: 10.372669 | G36: 0.67442767 | H36: 14.97535 | I36: 0.8520132 | J36: 19.409056 | K36: 0.73797321 | L36: 21.579246 | M36: 0.79318763 | N36: 17.54329 | O36: 0.78575082 | P36: 8.3583209 | Q36: 0.55247666 | R36: 2.0479734 | S36: 0.27862991
A37: Italy | B37: 0.14768735 | C37: 0.065021753 | D37: 1.6540384 | E37: 0.27261858 | F37: 6.6923664 | G37: 0.58138961 | H37: 14.77308 | I37: 0.70865305 | J37: 26.286987 | K37: 0.88396476 | L37: 28.213774 | M37: 0.94071938 | N37: 16.887359 | O37: 0.71401557 | P37: 4.8787787 | Q37: 0.43362709 | R37: 0.46592877 | S37: 0.13210369
A38: Japan | B38: 0.056546188 | C38: 0.042262587 | D38: 0.65042201 | E38: 0.16431578 | F38: 4.0778467 | G38: 0.42644149 | H38: 11.994356 | I38: 0.65727965 | J38: 22.498558 | K38: 0.8538702 | L38: 28.609232 | M38: 0.95337149 | N38: 21.862572 | O38: 0.76213426 | P38: 8.5968764 | Q38: 0.62822933 | R38: 1.6535895 | S38: 0.26192863
A39: Korea | B39: 0.065184927 | C39: 0.058700352 | D39: 1.1077133 | E39: 0.19722989 | F39: 4.3120663 | G39: 0.37803498 | H39: 9.6233062 | I39: 0.65598767 | J39: 19.578623 | K39: 0.69390976 | L39: 27.634567 | M39: 0.80452897 | N39: 24.55522 | O39: 0.81617803 | P39: 10.805079 | Q39: 0.64930806 | R39: 2.31824 | S39: 0.35813533
A40: Latvia | B40: 0.02080514 | C40: 0.020396826 | D40: 0.59036084 | E40: 0.14365566 | F40: 5.2187602 | G40: 0.43599019 | H40: 16.612955 | I40: 0.6126251 | J40: 27.379078 | K40: 0.84924258 | L40: 28.793708 | M40: 0.84275158 | N40: 16.565046 | O40: 0.72741308 | P40: 4.422259 | Q40: 0.43187095 | R40: 0.39702825 | S40: 0.13620433
... A50: Slovenia | B50: 0.045331714 | C50: 0.050039414 | D50: 0.64440041 | E50: 0.16018227 | F50: 4.2503694 | G50: 0.38619084 | H50: 12.94089 | I50: 0.54194306 | J50: 24.524055 | K50: 0.75090254 | L50: 29.535149 | M50: 0.87598448 | N50: 20.306574 | O50: 0.68165363 | P50: 6.7777795 | Q50: 0.47347035 | R50: 0.97545134 | S50: 0.22028736
A51: Spain | B51: m | C51: m | D51: m | E51: m | F51: m | G51: m | H51: m | I51: m | J51: m | K51: m | L51: m | M51: m | N51: m | O51: m | P51: m | Q51: m | R51: m | S51: m
A52: Sweden | B52: 0.15330846 | C52: 0.066699009 | D52: 1.4621934 | E52: 0.19886999 | F52: 5.1405629 | G52: 0.49708407 | H52: 11.636979 | I52: 0.71672354 | J52: 20.605969 | K52: 0.75845667 | L52: 25.47285 | M52: 0.75230602 | N52: 22.254771 | O52: 0.8147501 | P52: 10.884074 | Q52: 0.67537402 | R52: 2.3892934 | S52: 0.26595261
A53: Switzerland | B53: 0.095534514 | C53: 0.058415964 | D53: 1.3122096 | E53: 0.25644631 | F53: 7.1230009 | G53: 0.58910273 | H53: 15.103314 | I53: 0.74306645 | J53: 23.420626 | K53: 0.94641741 | L53: 26.334764 | M53: 0.82555046 | N53: 18.510937 | O53: 0.75644645 | P53: 6.9457578 | Q53: 0.63731709 | R53: 1.153856 | S53: 0.23871713
A54: Turkey | B54: 0.013830822 | C54: 0.02050441 | D54: 0.68882872 | E54: 0.17478795 | F54: 6.3454731 | G54: 0.60620028 | H54: 19.08412 | I54: 0.72407859 | J54: 30.174289 | K54: 0.87638515 | L54: 26.877445 | M54: 0.97512504 | N54: 13.488857 | O54: 0.60249634 | P54: 3.1265762 | Q54: 0.45604051 | R54: 0.20058067 | S54: 0.093330248
A55: United Kingdom | B55: 0.027651002 | C55: 0.025975544 | D55: 0.81736856 | E55: 0.1592189 | F55: 4.1727486 | G55: 0.38924589 | H55: 12.285327 | I55: 0.67624008 | J55: 22.981228 | K55: 0.72059425 | L55: 27.219269 | M55: 0.67438343 | N55: 21.045052 | O55: 0.81825209 | P55: 9.4512829 | Q55: 0.62900158 | R55: 2.0000725 | S55: 0.24148409
A56: United States* | B56: 0.070978511 | C56: 0.051913184 | D56: 1.0733336 | E56: 0.24842009 | F56: 5.373624 | G56: 0.47370216 | H56: 12.747906 | I56: 0.76481908 | J56: 21.090381 | K56: 0.80491054 | L56: 24.65738 | M56: 0.76576267 | N56: 21.446027 | O56: 0.83877103 | P56: 10.709324 | Q56: 0.71826582 | R56: 2.8310462 | S56: 0.35769588
A57: OECD average | B57: 0.090380551 | C57: 0.010345167 | D57: 1.3529819 | E57: 0.040087397 | F57: 6.2362425 | G57: 0.086938084 | H57: 14.960755 | I57: 0.11896103 | J57: 23.733576 | K57: 0.13387326 | L57: 26.029043 | M57: 0.13920924 | N57: 18.856566 | O57: 0.12336315 | P57: 7.4003851 | Q57: 0.088162343 | R57: 1.34007 | S57: 0.037281717
A58: OECD total | B58: 0.072200257 | C58: 0.017393928 | D58: 1.3409582 | E58: 0.091827111 | F58: 6.6760969 | G58: 0.17584243 | H58: 15.933366 | I58: 0.27410515 | J58: 23.990566 | K58: 0.31211071 | L58: 24.776038 | M58: 0.30707534 | N58: 18.068105 | O58: 0.27615167 | P58: 7.5502553 | Q58: 0.22781587 | R58: 1.5924137 | S58: 0.10226816
A59: Partners
A60: Albania | B60: 0.14148586 | C60: 0.081129652 | D60: 2.9237825 | E60: 0.30323236 | F60: 16.389167 | G60: 0.72883577 | H60: 32.781247 | I60: 0.94199579 | J60: 29.932956 | K60: 0.78385662 | L60: 13.9633 | M60: 0.7082585 | N60: 3.4930982 | O60: 0.35859009 | P60: 0.36694822 | Q60: 0.09811349 | R60: 0.0080159297 | S60: 0.015074202
A61: Argentina | B61: 1.3469387 | C61: 0.23201514 | D61: 6.6869776 | E61: 0.56753733 | F61: 17.391392 | G61: 0.72569881 | H61: 26.691045 | I61: 0.86835404 | J61: 25.663912 | K61: 0.81614883 | L61: 16.184981 | M61: 0.71115543 | N61: 5.330623 | O61: 0.46204421 | P61: 0.6777818 | Q61: 0.15128464 | R61: 0.026349386 | S61: 0.02426489
A62: Baku (Azerbaijan) | B62: 0.14867136 | C62: 0.064724908 | D62: 3.7235292 | E62: 0.35636442 | F62: 19.583596 | G62: 0.80849403 | H62: 36.992698 | I62: 1.071152 | J62: 28.562177 | K62: 0.86701531 | L62: 9.2257941 | M62: 0.64415407 | N62: 1.6220766 | O62: 0.41178876 | P62: 0.13098774 | Q62: 0.1149233 | R62: 0.010471192 | S62: 0.021360732
A63: Belarus | B63: 0.036133342 | C63: 0.026827604 | D63: 0.75144411 | E63: 0.19269172 | F63: 5.824291 | G63: 0.48754389 | H63: 16.798405 | I63: 0.79952805 | J63: 28.650543 | K63: 0.8487523 | L63: 28.021561 | M63: 0.95693959 | N63: 15.968739 | O63: 0.73127281 | P63: 3.6710865 | Q63: 0.4005599 | R63: 0.27779624 | S63: 0.076819334
A64: Bosnia and Herzegovina | B64: 0.12306037 | C64: 0.062575401 | D64: 2.7985121 | E64: 0.36734721 | F64: 17.542495 | G64: 0.96581526 | H64: 33.211 | I64: 1.0614986 | J64: 28.815048 | K64: 1.1342683 | L64: 14.304813 | M64: 0.9125052 | N64: 2.9939117 | O64: 0.38948611 | P64: 0.21115894 | Q64: 0.069402239 | R64: 0 | S64: c
A65: Brazil | B65: 0.36878528 | C65: 0.10494279 | D65: 5.2500561 | E65: 0.39815809 | F65: 17.677975 | G65: 0.57200637 | H65: 26.657066 | I65: 0.65815182 | J65: 24.518654 | K65: 0.61668121 | L65: 16.334407 | M65: 0.60198567 | N65: 7.3664124 | O65: 0.46060986 | P65: 1.6577607 | Q65: 0.21982933 | R65: 0.16888346 | S65: 0.057892635
A66: Brunei Darussalam | B66: 0.29788073 | C66: 0.11501035 | D66: 5.3731465 | E66: 0.31716039 | F66: 19.12807 | G66: 0.52797945 | H66: 27.003391 | I66: 0.73574896 | J66: 24.463635 | K66: 0.56679629 | L66: 15.492547 | M66: 0.51310328 | N66: 6.9194921 | O66: 0.3264644 | P66: 1.2826233 | Q66: 0.21366792 | R66: 0.039214461 | S66: 0.034537571
A67: B-S-J-Z (China) | B67: 0.00027429412 | C67: 0.0012563324 | D67: 0.10298147 | E67: 0.064802607 | F67: 0.74264377 | G67: 0.15884083 | H67: 4.3219045 | I67: 0.53204649 | J67: 14.343038 | K67: 0.8328097 | L67: 27.924909 | M67: 0.97257485 | N67: 30.825065 | O67: 0.97451385 | P67: 17.509801 | Q67: 0.87509834 | R67: 4.2293843 | S67: 0.57826651
A68: Bulgaria | B68: 0.3034691 | C68: 0.097770544 | D68: 4.6069901 | E68: 0.62767613 | F68: 17.115632 | G68: 1.0924868 | H68: 25.076711 | I68: 0.93365678 | J68: 24.879935 | K68: 0.9707744 | L68: 17.254887 | M68: 0.93680101 | N68: 8.4223887 | O68: 0.69575077 | P68: 2.1574196 | Q68: 0.3205435 | R68: 0.18256779 | S68: 0.074548746
A69: Costa Rica | B69: 0.055784447 | C69: 0.048835281 | D69: 1.7547402 | E69: 0.32466707 | F69: 11.283211 | G69: 0.69829378 | H69: 28.871119 | I69: 1.1421695 | J69: 32.104849 | K69: 1.1045353 | L69: 19.438875 | M69: 1.0712431 | N69: 5.8619221 | O69: 0.84674879 | P69: 0.62949899 | Q69: 0.16351913 | R69: 0 | S69: c
A70: Croatia | B70: 0.037005879 | C70: 0.032278126 | D70: 0.7088604 | E70: 0.16222974 | F70: 4.9632342 | G70: 0.52940416 | H70: 15.86974 | I70: 0.75515055 | J70: 28.291502 | K70: 0.85651659 | L70: 28.980219 | M70: 1.0035443 | N70: 16.444046 | O70: 0.82131199 | P70: 4.3493277 | Q70: 0.44903291 | R70: 0.35606472 | S70: 0.093803091
A71: Cyprus | B71: 0.2898787 | C71: 0.092662014 | D71: 4.3005707 | E71: 0.33244035 | F71: 15.045543 | G71: 0.57524699 | H71: 24.071905 | I71: 0.76825995 | J71: 26.882067 | K71: 0.70480797 | L71: 19.255763 | M71: 0.64759625 | N71: 8.360476 | O71: 0.38736802 | P71: 1.6800302 | Q71: 0.2132093 | R71: 0.11376647 | S71: 0.072812506
A72: Dominican Republic | B72: 1.115243 | C72: 0.25088855 | D72: 15.922489 | E72: 0.90885758 | F72: 33.268289 | G72: 1.0563292 | H72: 28.753388 | I72: 1.0078666 | J72: 15.02712 | K72: 0.91034543 | L72: 4.9204039 | M72: 0.53775599 | N72: 0.89647945 | O72: 0.22353287 | P72: 0.09518845 | Q72: 0.057990138 | R72: 0.0013981205 | S72: 0.0062831024
A73: Georgia | B73: 0.36408638 | C73: 0.12562336 | D73: 6.9764997 | E73: 0.5400588 | F73: 24.241744 | G73: 0.90806045 | H73: 32.793936 | I73: 0.80673382 | J73: 22.890748 | K73: 0.82363425 | L73: 10.134657 | M73: 0.56416192 | N73: 2.3626796 | O73: 0.30795651 | P73: 0.2266104 | Q73: 0.10242314 | R73: 0.0090387581 | S73: 0.014298218
A74: Hong Kong (China)* | B74: 0.072866917 | C74: 0.053512755 | D74: 0.89335594 | E74: 0.21764988 | F74: 3.5210015 | G74: 0.41338282 | H74: 8.1107442 | I74: 0.58338779 | J74: 17.778205 | K74: 0.71509518 | L74: 27.718406 | M74: 0.69835169 | N74: 27.096754 | O74: 0.79903566 | P74: 12.496977 | Q74: 0.61507646 | R74: 2.3116893 | S74: 0.25560701
A75: Indonesia | B75: 0.20867619 | C75: 0.10532199 | D75: 6.2940846 | E75: 0.64603101 | F75: 26.666788 | G75: 1.0260202 | H75: 36.738716 | I75: 1.1086641 | J75: 21.770739 | K75: 0.98619005 | L75: 7.1697357 | M75: 0.773566 | N75: 1.0901342 | O75: 0.23721702 | P75: 0.06047857 | Q75: 0.039476022 | R75: 0.00064768552 | S75: 0.0016114676
A76: Jordan | B76: 1.0930891 | C76: 0.21906152 | D76: 3.9880617 | E76: 0.49941012 | F76: 11.127319 | G76: 0.69834164 | H76: 25.016935 | I76: 0.84744099 | J76: 33.767049 | K76: 0.99629599 | L76: 20.462822 | M76: 0.92350611 | N76: 4.2719094 | O76: 0.45287289 | P76: 0.26881915 | Q76: 0.093200834 | R76: 0.0039955086 | S76: 0.013573168
A77: Kazakhstan | B77: 0.08006117 | C77: 0.041517237 | D77: 3.5046857 | E77: 0.31544219 | F77: 22.225574 | G77: 0.70008446 | H77: 38.379384 | I77: 0.68678354 | J77: 23.920961 | K77: 0.50675 | L77: 8.9387276 | M77: 0.34859152 | N77: 2.5579809 | O77: 0.2495389 | P77: 0.36717406 | Q77: 0.078973036 | R77: 0.025451339 | S77: 0.016704029
A78: Kosovo | B78: 0.30115204 | C78: 0.092818279 | D78: 8.719172 | E78: 0.56909111 | F78: 31.733378 | G78: 0.8100085 | H78: 37.992603 | I78: 0.9975872 | J78: 17.464146 | K78: 0.65104104 | L78: 3.56943 | M78: 0.3484054 | N78: 0.21919686 | O78: 0.099139046 | P78: 0.00092257837 | Q78: 0.0042265763 | R78: 0 | S78: c
A79: Lebanon | B79: 6.2500173 | C79: 0.64662231 | D79: 16.906039 | E79: 1.0329502 | F79: 22.977735 | G79: 0.92605814 | H79: 21.635719 | I79: 0.83997473 | J79: 17.385084 | K79: 0.91788584 | L79: 10.465044 | M79: 0.68304145 | N79: 3.6694327 | O79: 0.48038939 | P79: 0.67495569 | Q79: 0.15833813 | R79: 0.035972827 | S79: 0.037203479
A80: Macao (China) | B80: 0.021058173 | C80: 0.036972443 | D80: 0.32937363 | E80: 0.11137571 | F80: 2.218328 | G80: 0.2478059 | H80: 8.2344807 | I80: 0.55708354 | J80: 19.449218 | K80: 0.7500452 | L80: 29.827426 | M80: 0.82721623 | N80: 26.147655 | O80: 0.7322941 | P80: 11.671754 | Q80: 0.60157425 | R80: 2.100707 | S80: 0.25379156
A81: Malaysia | B81: 0.20321 | C81: 0.090789685 | D81: 3.5677434 | E81: 0.38670616 | F81: 14.189322 | G81: 0.76633852 | H81: 27.872524 | I81: 0.92684223 | J81: 31.394548 | K81: 0.95331827 | L81: 17.940349 | M81: 0.93286369 | N81: 4.3481614 | O81: 0.55520171 | P81: 0.47465068 | Q81: 0.17540829 | R81: 0.0094928539 | S81: 0.018688001
A82: Malta | B82: 0.65229793 | C82: 0.21958983 | D82: 4.7831625 | E82: 0.43618154 | F82: 11.925506 | G82: 0.70409962 | H82: 18.524936 | I82: 0.89077466 | J82: 23.731347 | K82: 0.90163478 | L82: 21.660437 | M82: 0.90237504 | N82: 13.387291 | O82: 0.88887042 | P82: 4.4675374 | Q82: 0.5065058 | R82: 0.8674862 | S82: 0.20317387
A83: Moldova | B83: 0.41052385 | C83: 0.14279373 | D83: 3.9390334 | E83: 0.45522559 | F83: 13.452369 | G83: 0.66407858 | H83: 25.197821 | I83: 0.81709183 | J83: 27.967634 | K83: 0.92650214 | L83: 20.815948 | M83: 0.94471609 | N83: 7.2037633 | O83: 0.62205643 | P83: 0.96663758 | Q83: 0.26759521 | R83: 0.046270606 | S83: 0.036074846
A84: Montenegro | B84: 0.11185409 | C84: 0.057312535 | D84: 2.7777644 | E84: 0.26755376 | F84: 13.526568 | G84: 0.5250787 | H84: 28.003213 | I84: 0.67772972 | J84: 30.490055 | K84: 0.6402098 | L84: 18.335749 | M84: 0.55550748 | N84: 5.97968 | O84: 0.4002418 | P84: 0.75613094 | Q84: 0.22448242 | R84: 0.018985542 | S84: 0.019529122
A85: Morocco | B85: 0.30826619 | C85: 0.074061307 | D85: 8.8452082 | E85: 0.68795415 | F85: 30.763013 | G85: 1.3032252 | H85: 33.393102 | I85: 0.90222883 | J85: 20.603646 | K85: 1.2133095 | L85: 5.5698143 | M85: 0.50063864 | N85: 0.51052284 | O85: 0.13027413 | P85: 0.0064265079 | Q85: 0.013428791 | R85: 0 | S85: c
A86: North Macedonia | B86: 1.5955225 | C86: 0.22388573 | D86: 7.3348311 | E86: 0.4629743 | F86: 18.263315 | G86: 0.79178533 | H86: 27.94288 | I86: 1.011496 | J86: 26.556738 | K86: 0.81671057 | L86: 14.442713 | M86: 0.58013819 | N86: 3.5156819 | O86: 0.34204925 | P86: 0.33405659 | Q86: 0.15561885 | R86: 0.014262236 | S86: 0.029061997
A87: Panama | B87: 0.97414521 | C87: 0.2219562 | D87: 8.4319407 | E87: 0.76883064 | F87: 23.377584 | G87: 0.92782489 | H87: 31.526656 | I87: 1.0418186 | J87: 22.992639 | K87: 0.8493856 | L87: 9.9098384 | M87: 0.86400499 | N87: 2.5755683 | O87: 0.43511101 | P87: 0.20825589 | Q87: 0.088879296 | R87: 0.0033725424 | S87: 0.012853984
A88: Peru | B88: 0.3536325 | C88: 0.12453433 | D88: 5.494563 | E88: 0.47835881 | F88: 19.584597 | G88: 0.90064009 | H88: 28.876706 | I88: 0.93470091 | J88: 25.807236 | K88: 0.69008953 | L88: 14.290384 | M88: 0.71190876 | N88: 4.8113978 | O88: 0.53764383 | P88: 0.7477356 | Q88: 0.18764578 | R88: 0.033748153 | S88: 0.037308162
A89: Philippines | B89: 0.53153447 | C89: 0.13723901 | D89: 15.083435 | E89: 0.90375245 | F89: 38.263759 | G89: 1.0598133 | H89: 26.743982 | I89: 0.8455224 | J89: 13.129927 | K89: 0.73868623 | L89: 5.0947113 | M89: 0.65933511 | N89: 1.1000541 | O89: 0.2968587 | P89: 0.051069514 | Q89: 0.041368558 | R89: 0.0015269622 | S89: 0.0069892799
A90: Qatar | B90: 1.2202554 | C90: 0.12075154 | D90: 8.4653139 | E90: 0.29759318 | F90: 17.64635 | G90: 0.38750801 | H90: 23.563113 | I90: 0.49462125 | J90: 23.393426 | K90: 0.42599536 | L90: 15.785485 | M90: 0.36401455 | N90: 7.3173643 | O90: 0.25641777 | P90: 2.2326432 | Q90: 0.1746705 | R90: 0.37604763 | S90: 0.080743774
A91: Romania | B91: 0.82665183 | C91: 0.25866119 | D91: 4.3113392 | E91: 0.62183678 | F91: 12.89275 | G91: 1.011906 | H91: 22.807613 | I91: 1.2113047 | J91: 28.106028 | K91: 1.0504699 | L91: 20.940828 | M91: 1.2763634 | N91: 8.6826092 | O91: 1.0161232 | P91: 1.3401747 | Q91: 0.29685769 | R91: 0.092005477 | S91: 0.0510637
A92: Russia | B92: 0.031442236 | C92: 0.030878539 | D92: 1.0032425 | E92: 0.2471019 | F92: 5.60227 | G92: 0.5626384 | H92: 15.456407 | I92: 0.85672639 | J92: 28.086065 | K92: 0.84235794 | L92: 28.035001 | M92: 0.832833 | N92: 16.353245 | O92: 0.72950626 | P92: 4.8118693 | Q92: 0.45868762 | R92: 0.6204581 | S92: 0.12531728
A93: Saudi Arabia | B93: 0.5428102 | C93: 0.15715103 | D93: 5.3278619 | E93: 0.61743433 | F93: 17.045488 | G93: 0.86881177 | H93: 29.439183 | I93: 0.90421543 | J93: 30.352602 | K93: 1.0558839 | L93: 14.575053 | M93: 0.76603025 | N93: 2.604091 | O93: 0.31476532 | P93: 0.11291099 | Q93: 0.066353106 | R93: 0 | S93: c
A94: Serbia | B94: 0.14080508 | C94: 0.075988378 | D94: 2.7199599 | E94: 0.36347936 | F94: 12.159847 | G94: 0.81684416 | H94: 22.683511 | I94: 0.81122013 | J94: 27.818318 | K94: 0.8485366 | L94: 21.822673 | M94: 0.84619316 | N94: 10.107084 | O94: 0.69018387 | P94: 2.3968755 | Q94: 0.31205564 | R94: 0.15092714 | S94: 0.068718758
A95: Singapore | B95: 0.039037663 | C95: 0.028755468 | D95: 0.46438742 | E95: 0.093663421 | F95: 3.0366404 | G95: 0.29593667 | H95: 7.7071503 | I95: 0.38322394 | J95: 14.2289 | K95: 0.53474911 | L95: 22.347399 | M95: 0.65471984 | N95: 26.356384 | O95: 0.58750775 | P95: 18.50639 | Q95: 0.68213715 | R95: 7.313711 | S95: 0.37066032
A96: Chinese Taipei | B96: 0.13235161 | C96: 0.065175119 | D96: 1.2203171 | E96: 0.18873 | F96: 4.491915 | G96: 0.39566377 | H96: 11.969796 | I96: 0.59384695 | J96: 21.791791 | K96: 0.69635754 | L96: 27.44504 | M96: 0.80319191 | N96: 22.0411 | O96: 0.88814417 | P96: 9.289314 | Q96: 0.66546779 | R96: 1.6183752 | S96: 0.3116272
A97: Thailand | B97: 0.08132861 | C97: 0.053800004 | D97: 3.5982424 | E97: 0.45540575 | F97: 20.585407 | G97: 1.1055162 | H97: 35.279775 | I97: 1.1420944 | J97: 25.965235 | K97: 0.96696573 | L97: 11.588052 | M97: 0.91797455 | N97: 2.7175183 | O97: 0.42698889 | P97: 0.18387238 | Q97: 0.069919057 | R97: 0.00056839806 | S97: 0.0015521051
A98: Ukraine | B98: 0.1681327 | C98: 0.075725934 | D98: 1.7962499 | E98: 0.28889905 | F98: 7.2126293 | G98: 0.68764039 | H98: 16.729122 | I98: 0.87292428 | J98: 27.727953 | K98: 0.80879245 | L98: 28.481294 | M98: 0.96587103 | N98: 14.468637 | O98: 0.81600826 | P98: 3.2441702 | Q98: 0.44437903 | R98: 0.17181206 | S98: 0.11237745
A99: United Arab Emirates | B99: 0.62176307 | C99: 0.090941811 | D99: 5.8343357 | E99: 0.32965281 | F99: 14.866445 | G99: 0.48564805 | H99: 21.617706 | I99: 0.44056365 | J99: 23.382663 | K99: 0.53244602 | L99: 18.089521 | M99: 0.49785356 | N99: 10.772335 | O99: 0.55127869 | P99: 4.0652803 | Q99: 0.28349715 | R99: 0.74995072 | S99: 0.1074377
A100: Uruguay | B100: 0.30536246 | C100: 0.10009649 | D100: 3.9945401 | E100: 0.39923577 | F100: 13.617989 | G100: 0.75812911 | H100: 23.965654 | I100: 0.88897569 | J100: 28.129938 | K100: 1.0993767 | L100: 20.104659 | M100: 0.84310864 | N100: 8.3372055 | O100: 0.69113117 | P100: 1.4782197 | Q100: 0.23888834 | R100: 0.066431258 | S100: 0.057581668
A102: Viet Nam*** | B102: 0.003815696 | C102: 0.012734306 | D102: 0.076524536 | E102: 0.058946161 | F102: 1.1348081 | G102: 0.2730032 | H102: 8.2944631 | I102: 0.88595922 | J102: 26.886036 | K102: 1.3131706 | L102: 38.134416 | M102: 1.2068279 | N102: 20.503028 | O102: 1.3043428 | P102: 4.6207009 | Q102: 0.67542943 | R102: 0.34620714 | S102: 0.13414572
A107: Information on data for Cyprus: https://oe.cd/cyprus-disclaimer
A108: *Hong Kong (China), Netherlands, Portugal and United States: Data did not meet the PISA technical standards but were accepted as largely comparable (see Annexes A2 and A4).
A109: ***The data for Viet Nam have not yet been fully validated. Due to a lack of consistency in the response pattern of some performance data, the OECD cannot yet assure full international comparability of the results (see Annexes A4 and A6).

Sheet Table I.B1.2
A1: PISA 2018 Results (Volume I) - © OECD 2019
A2: Annex B1 | B2: Annex B1 Results for countries and economies
A3: Version 3+1 - Last updated: 24-Jul-2020
A4: Disclaimer: http://oe.cd/disclaimer
A6: Annex B1 | B6: Annex B1 Results for countries and economies
A7: Version 3 - Last updated: 02-Dec-2019
A8: Disclaimer: http://oe.cd/disclaimer
A10: Table I.B1.2
A11: Percentage of students at each proficiency level in mathematics
B16: All students
B17: Below Level 1 (below 357.77 score points) | D17: Level 1 (from 357.77 to less than 420.07 score points) | F17: Level 2 (from 420.07 to less than 482.38 score points) | H17: Level 3 (from 482.38 to less than 544.68 score points) | J17: Level 4 (from 544.68 to less than 606.99 score points) | L17: Level 5 (from 606.99 to less than 669.30 score points) | N17: Level 6 (above 669.30 score points)
B18: % | C18: S.E. | D18: % | E18: S.E. | F18: % | G18: S.E. | H18: % | I18: S.E. | J18: % | K18: S.E. | L18: % | M18: S.E. | N18: % | O18: S.E.
A19: OECD
A20: Australia | B20: 7.6186715 | C20: 0.50295224 | D20: 14.814451 | E20: 0.53336438 | F20: 23.376645 | G20: 0.52198475 | H20: 25.550001 | I20: 0.50749756 | J20: 18.177123 | K20: 0.47110829 | L20: 8.0039973 | M20: 0.37565283 | N20: 2.45911 | O20: 0.27773573
A21: Austria | B21: 7.2719516 | C21: 0.66084931 | D21: 13.806926 | E21: 0.80228669 | F21: 20.827325 | G21: 0.95039305 | H21: 24.906693 | I21: 0.9466484 | J21: 20.628732 | K21: 0.82487784 | L21: 10.033267 | M21: 0.66959644 | N21: 2.5251056 | O21: 0.33463686
A22: Belgium | B22: 6.8631034 | C22: 0.65441611 | D22: 12.798822 | E22: 0.64258291 | F22: 18.616673 | G22: 0.65235476 | H22: 23.765891 | I22: 0.76008645 | J22: 22.223697 | K22: 0.74615889 | L22: 12.499155 | M22: 0.62509045 | N22: 3.232659 | O22: 0.40326491
A23: Canada | B23: 4.9857808 | C23: 0.40073775 | D23: 11.275408 | E23: 0.52152693 | F23: 20.811211 | G23: 0.61149403 | H23: 25.876744 | I23: 0.56778254 | J23: 21.721628 | K23: 0.74306967 | L23: 11.311396 | M23: 0.48976271 | N23: 4.0178317 | O23: 0.33355196
A24: Chile | B24: 24.677317 | C24: 1.110858 | D24: 27.231242 | E24: 0.94655572 | F24: 25.528044 | G24: 0.88814807 | H24: 15.62227 | I24: 0.75675079 | J24: 5.7148664 | K24: 0.47519723 | L24: 1.0979946 | M24: 0.17349399 | N24: 0.12826666 | O24: 0.04763931
A25: Colombia | B25: 35.500749 | C25: 1.6872141 | D25: 29.886046 | E25: 1.2173389 | F25: 21.088514 | G25: 0.91366253 | H25: 9.9501586 | I25: 0.68819162 | J25: 3.0586964 | K25: 0.38197488 | L25: 0.48672442 | M25: 0.13960151 | N25: 0.029111061 | O25: 0.026339222
A26: Czech Republic | B26: 6.6257874 | C26: 0.68925118 | D26: 13.759293 | E26: 0.7117445 | F26: 22.105959 | G26: 0.82102364 | H26: 25.194517 | I26: 0.93399558 | J26: 19.646933 | K26: 0.74023164 | L26: 9.5267067 | M26: 0.52897804 | N26: 3.1408045 | O26: 0.33319371
A27: Denmark | B27: 3.7152444 | C27: 0.35276393 | D27: 10.855949 | E27: 0.58487486 | F27: 21.970503 | G27: 0.87269942 | H27: 28.819543 | I27: 0.84459723 | J27: 23.010397 | K27: 0.79067255 | L27: 9.5073188 | M27: 0.60353773 | N27: 2.1210444 | O27: 0.31025093
A28: Estonia | B28: 2.0866728 | C28: 0.27320153 | D28: 8.1297435 | E28: 0.56935466 | F28: 20.790874 | G28: 0.80510158 | H28: 28.953315 | I28: 0.82316495 | J28: 24.553716 | K28: 0.76171597 | L28: 11.820761 | M28: 0.68002034 | N28: 3.6649176 | O28: 0.39867419
A29: Finland | B29: 3.8451535 | C29: 0.40267719 | D29: 11.130382 | E29: 0.55946901 | F29: 22.295645 | G29: 0.85486948 | H29: 28.936811 | I29: 0.99418042 | J29: 22.666551 | K29: 0.80544214 | L29: 9.3159481 | M29: 0.53643106 | N29: 1.8095094 | O29: 0.28509672
A30: France | B30: 8.0465285 | C30: 0.53105691 | D30: 13.209103 | E30: 0.62056711 | F30: 21.101688 | G30: 0.80338974 | H30: 25.57541 | I30: 0.78651548 | J30: 21.042753 | K30: 0.81573371 | L30: 9.2315067 | M30: 0.62666142 | N30: 1.7930096 | O30: 0.27414705
A31: Germany | B31: 7.5620818 | C31: 0.66598721 | D31: 13.534535 | E31: 0.82673483 | F31: 20.740656 | G31: 0.90362327 | H31: 24.026693 | I31: 0.759043 | J31: 20.816189 | K31: 0.81612896 | L31: 10.509824 | M31: 0.71680785 | N31: 2.8100206 | O31: 0.30445201
... A58: OECD total | B58: 11.530908 | C58: 0.28348323 | D58: 17.175892 | E58: 0.26128325 | F58: 22.925564 | G58: 0.31328328 | H58: 22.586246 | I58: 0.29153124 | J58: 16.314243 | K58: 0.28036419 | L58: 7.4233759 | M58: 0.22007222 | N58: 2.0437696 | O58: 0.095685817
A59: Partners
A60: Albania | B60: 16.914099 | C60: 0.8713184 | D60: 25.45875 | E60: 0.8766103 | F60: 28.562373 | G60: 0.98008897 | H60: 19.272073 | I60: 0.8470423 | J60: 7.4965418 | K60: 0.65650369 | L60: 1.9734969 | M60: 0.24028911 | N60: 0.32266487 | O60: 0.13481963
A61: Argentina | B61: 40.473342 | C61: 1.5766349 | D61: 28.493777 | E61: 1.0417193 | F61: 19.61868 | G61: 0.87595501 | H61: 8.8199877 | I61: 0.65225301 | J61: 2.2565642 | K61: 0.26429835 | L61: 0.32754306 | M61: 0.096433215 | N61: 0.010105846 | O61: 0.01578183
A62: Baku (Azerbaijan) | B62: 24.6611 | C62: 1.0048911 | D62: 26.073759 | E62: 0.82380182 | F62: 25.210254 | G62: 0.85221031 | H62: 15.662285 | I62: 0.70972092 | J62: 6.4221624 | K62: 0.58508764 | L62: 1.6815614 | M62: 0.26729485 | N62: 0.28887781 | O62: 0.10384555
A63: Belarus | B63: 11.373434 | C63: 0.73002108 | D63: 17.989151 | E63: 0.72112666 | F63: 24.707071 | G63: 0.85743138 | H63: 23.408531 | I63: 0.74893725 | J63: 15.224264 | K63: 0.74840803 | L63: 6.0567724 | M63: 0.5312722 | N63: 1.2407771 | O63: 0.2443804
A64: Bosnia and Herzegovina | B64: 28.708621 | C64: 1.3499743 | D64: 28.854789 | E64: 1.022434 | F64: 24.192821 | G64: 0.90254729 | H64: 13.137133 | I64: 0.79906056 | J64: 4.3143571 | K64: 0.47284469 | L64: 0.73806839 | M64: 0.18783418 | N64: 0.05420955 | O64: 0.042941402
A65: Brazil | B65: 41.025277 | C65: 0.99007956 | D65: 27.068589 | E65: 0.71058884 | F65: 18.236675 | G65: 0.66527974 | H65: 9.2843777 | I65: 0.46611065 | J65: 3.445818 | K65: 0.32297846 | L65: 0.80972719 | M65: 0.1676613 | N65: 0.12953555 | O65: 0.048787236
A66: Brunei Darussalam | B66: 22.148388 | C66: 0.80030061 | D66: 25.719864 | E66: 0.78443018 | F66: 24.03742 | G66: 0.60808833 | H66: 16.168699 | I66: 0.5297332 | J66: 8.8935798 | K66: 0.46154621 | L66: 2.6767153 | M66: 0.27813321 | N66: 0.35533408 | O66: 0.082794938
A67: B-S-J-Z (China) | B67: 0.4973956 | C67: 0.14515745 | D67: 1.9149555 | E67: 0.30470357 | F67: 6.8878683 | G67: 0.51526488 | H67: 17.500926 | I67: 0.78497818 | J67: 28.897452 | K67: 0.98008629 | L67: 27.842529 | M67: 0.96936462 | N67: 16.458874 | O67: 1.1481889
A68: Bulgaria | B68: 21.920588 | C68: 1.4027982 | D68: 22.492254 | E68: 0.83370869 | F68: 23.724763 | G68: 0.95336664 | H68: 18.203795 | I68: 0.97834564 | J68: 9.444932 | K68: 0.65384205 | L68: 3.3331489 | M68: 0.50208611 | N68: 0.88051905 | O68: 0.22027036
A69: Costa Rica | B69: 27.818007 | C69: 1.2757195 | D69: 32.180081 | E69: 1.221213 | F69: 25.645273 | G69: 1.2334513 | H69: 11.193971 | I69: 1.0254244 | J69: 2.8419212 | K69: 0.54856783 | L69: 0.31307643 | M69: 0.11649213 | N69: 0.0076710723 | O69: 0.022633695
A70: Croatia | B70: 10.980081 | C70: 0.82239225 | D70: 20.180659 | E70: 0.83095704 | F70: 27.379067 | G70: 0.8737235 | H70: 23.298992 | I70: 0.80322798 | J70: 13.02056 | K70: 0.75339405 | L70: 4.3151086 | M70: 0.48333195 | N70: 0.82553242 | O70: 0.20074788
A71: Cyprus | B71: 17.201899 | C71: 0.61700897 | D71: 19.653454 | E71: 0.65883785 | F71: 24.695005 | G71: 0.90079093 | H71: 21.975585 | I71: 0.84956584 | J71: 12.092378 | K71: 0.54642451 | L71: 3.7260509 | M71: 0.35262229 | N71: 0.65562697 | O71: 0.14535974
A72: Dominican Republic | B72: 69.280033 | C72: 1.4020058 | D72: 21.277874 | E72: 0.95108024 | F72: 7.2908842 | G72: 0.63404688 | H72: 1.8438838 | I72: 0.40904337 | J72: 0.27932497 | K72: 0.11172031 | L72: 0.02799979 | M72: 0.032297657 | N72: 0 | O72: c
A73: Georgia | B73: 33.731199 | C73: 1.2341807 | D73: 27.323289 | E73: 1.0577919 | F73: 21.554278 | G73: 0.8062817 | H73: 11.946678 | I73: 0.78836709 | J73: 4.4209304 | K73: 0.51401233 | L73: 0.91455206 | M73: 0.26620054 | N73: 0.10907392 | O73: 0.07057735
A74: Hong Kong (China)* | B74: 2.7737134 | C74: 0.42452731 | D74: 6.3963422 | E74: 0.56549528 | F74: 13.512732 | G74: 0.71219765 | H74: 22.093365 | I74: 0.73410305 | J74: 26.260959 | K74: 0.9055788 | L74: 19.462141 | M74: 0.75587299 | N74: 9.5007477 | O74: 0.75513518
A75: Indonesia | B75: 40.567686 | C75: 1.640863 | D75: 31.296016 | E75: 1.1935947 | F75: 18.568063 | G75: 0.98133886 | H75: 6.8036272 | I75: 0.66280804 | J75: 2.2718675 | K75: 0.50946185 | L75: 0.4496087 | M75: 0.15054498 | N75: 0.043131417 | O75: 0.035766685
A76: Jordan | B76: 30.747797 | C76: 1.3965364 | D76: 28.577892 | E76: 0.84579457 | F76: 24.029755 | G76: 0.91642225 | H76: 12.410708 | I76: 0.82567912 | J76: 3.5705946 | K76: 0.46249281 | L76: 0.59895981 | M76: 0.18794239 | N76: 0.064293317 | O76: 0.075419343
A77: Kazakhstan | B77: 22.311947 | C77: 0.81769935 | D77: 26.788076 | E77: 0.62038523 | F77: 26.642678 | G77: 0.64564705 | H77: 16.02532 | I77: 0.55462857 | J77: 6.2820786 | K77: 0.39626014 | L77: 1.6240506 | M77: 0.18054429 | N77: 0.32584929 | O77: 0.08936823
A78: Kosovo | B78: 46.970408 | C78: 0.98117958 | D78: 29.580887 | E78: 1.1126842 | F78: 16.535345 | G78: 0.80237643 | H78: 5.3673031 | I78: 0.39659216 | J78: 1.3987322 | K78: 0.24574371 | L78: 0.13523059 | M78: 0.087317769 | N78: 0.012093375 | O78: 0.028190721
A79: Lebanon | B79: 38.033872 | C79: 1.6784999 | D79: 21.751161 | E79: 0.99709792 | F79: 19.095964 | G79: 1.0762644 | H79: 13.057388 | I79: 0.86930393 | J79: 6.0282186 | K79: 0.53571022 | L79: 1.7402666 | M79: 0.25371875 | N79: 0.29313029 | O79: 0.11215122
A80: Macao (China) | B80: 1.0347963 | C80: 0.21022799 | D80: 3.9664844 | E80: 0.42240982 | F80: 12.254187 | G80: 0.7581618 | H80: 24.825134 | I80: 0.90837327 | J80: 30.269513 | K80: 1.2132939 | L80: 19.952251 | M80: 0.77904493 | N80: 7.6976337 | O80: 0.5877724
A81: Malaysia | B81: 16.059504 | C81: 0.89296052 | D81: 25.43828 | E81: 0.96555156 | F81: 28.26496 | G81: 0.85600424 | H81: 19.272839 | I81: 0.86514672 | J81: 8.5033136 | K81: 0.67755036 | L81: 2.170381 | M81: 0.38565746 | N81: 0.29072196 | O81: 0.13332047
A82: Malta | B82: 14.338906 | C82: 0.68324387 | D82: 15.908561 | E82: 0.81200495 | F82: 21.533311 | G82: 1.038117 | H82: 23.175333 | I82: 1.0903504 | J82: 16.551076 | K82: 0.73865019 | L82: 6.7099013 | M82: 0.57871404 | N82: 1.7829135 | O82: 0.28494191
A83: Moldova | B83: 26.141938 | C83: 0.90965217 | D83: 24.191205 | E83: 0.87181098 | F83: 23.456518 | G83: 0.89117401 | H83: 16.491231 | I83: 0.65503972 | J83: 7.2832591 | K83: 0.5676311 | L83: 2.0466818 | M83: 0.32614093 | N83: 0.38916773 | O83: 0.14980476
A84: Montenegro | B84: 19.890614 | C84: 0.69476127 | D84: 26.270072 | E84: 0.67634953 | F84: 27.256661 | G84: 0.74471075 | H84: 17.899098 | I84: 0.54453536 | J84: 6.9099402 | K84: 0.39050278 | L84: 1.6226286 | M84: 0.20796684 | N84: 0.15098562 | O84: 0.064303823
... A102: Viet Nam*** | B102: 3.0950076 | C102: 0.57113431 | D102: 12.61831 | E102: 1.1649194 | F102: 27.300359 | G102: 1.3347317 | H102: 31.398842 | I102: 1.1484367 | J102: 18.79191 | K102: 1.2091631 | L102: 5.6578937 | M102: 0.74827516 | N102: 1.1376772 | O102: 0.30106237
A107: Information on data for Cyprus: https://oe.cd/cyprus-disclaimer
A108: *Hong Kong (China), Netherlands, Portugal and United States: Data did not meet the PISA technical standards but were accepted as largely comparable (see Annexes A2 and A4).
A109: ** In 2018, some regions in Spain conducted their high-stakes exams for tenth-grade students earlier in the year than in the past, which resulted in the testing period for these exams coinciding with the end of the PISA testing window. Because of this overlap, a number of students were negatively disposed towards the PISA test and did not try their best to demonstrate their proficiency. Although the data of only a minority of students show clear signs of lack of engagement (see PISA 2018 Results Volume I, Annex A9), the comparability of PISA 2018 data for Spain with those from earlier PISA assessments cannot be fully ensured.
A110: ***The data for Viet Nam have not yet been fully validated. Due to a lack of consistency in the response pattern of some performance data, the OECD cannot yet assure full international comparability of the results (see Annexes A4 and A6).

Sheet Table I.B1.3
A1: PISA 2018 Results (Volume I) - © OECD 2019
A2: Annex B1 | B2: Annex B1 Results for countries and economies
A3: Version 3+1 - Last updated: 24-Jul-2020
A4: Disclaimer: http://oe.cd/disclaimer
A6: Annex B1 | B6: Annex B1 Results for countries and economies
A7: Version 3 - Last updated: 02-Dec-2019
A8: Disclaimer: http://oe.cd/disclaimer
A10: Table I.B1.3
A11: Percentage of students at each proficiency level in science
B16: All students
B17: Below Level 1b (below 260.54 score points) | D17: Level 1b (from 260.54 to less than 334.94 score points) | F17: Level 1a (from 334.94 to less than 409.54 score points) | H17: Level 2 (from 409.54 to less than 484.14 score points) | J17: Level 3 (from 484.14 to less than 558.73 score points) | L17: Level 4 (from 558.73 to less than 633.33 score points) | N17: Level 5 (from 633.33 to less than 707.93 score points) | P17: Level 6 (above 707.93 score points)
B18: % | C18: S.E. | D18: % | E18: S.E. | F18: % | G18: S.E. | H18: % | I18: S.E. | J18: % | K18: S.E. | L18: % | M18: S.E. | N18: % | O18: S.E. | P18: % | Q18: S.E.
A19: OECD
A20: Australia | B20: 0.64464273 | C20: 0.10097902 | D20: 4.4672317 | E20: 0.28038226 | F20: 13.748146 | G20: 0.48268401 | H20: 23.00219 | I20: 0.55715572 | J20: 27.493664 | K20: 0.59916791 | L20: 21.162923 | M20: 0.5678533 | N20: 7.9244559 | O20: 0.39677207 | P20: 1.5567465 | Q20: 0.22150996
A21: Austria | B21: 0.55763248 | C21: 0.15567513 | D21: 4.8414811 | E21: 0.46845038 | F21: 16.452096 | G21: 0.91132932 | H21: 24.975881 | I21: 0.84692352 | J21: 27.639829 | K21: 0.76841253 | L21: 19.237713 | M21: 0.81974323 | N21: 5.8407157 | O21: 0.55611965 | P21: 0.45465157 | Q21: 0.12064746
A22: Belgium | B22: 0.55065091 | C22: 0.14880841 | D22: 5.3058709 | E22: 0.4809719 | F22: 14.150575 | G22: 0.62631933 | H22: 22.224532 | I22: 0.74793053 | J22: 28.40278 | K22: 0.79846209 | L22: 21.332323 | M22: 0.69244025 | N22: 7.3175002 | O22: 0.40736299 | P22: 0.71576752 | Q22: 0.15274031
A23: Canada | B23: 0.39944823 | C23: 0.069598077 | D23: 2.5752999 | E23: 0.19639584 | F23: 10.461168 | G23: 0.4303007 | H23: 22.380403 | I23: 0.56994868 | J23: 29.349304 | K23: 0.6264621 | L23: 23.502881 | M23: 0.65541601 | N23: 9.5079726 | O23: 0.46344647 | P23: 1.8235234 | Q23: 0.2254422
A24: Chile | B24: 0.97172754 | C24: 0.20622094 | D24: 8.8273447 | E24: 0.66576655 | F24: 25.544428 | G24: 1.0017839 | H24: 33.124784 | I24: 0.98230605 | J24: 22.561535 | K24: 0.96289249 | L24: 7.9401196 | M24: 0.5558375 | N24: 0.99574149 | O24: 0.17653839 | P24: 0.034319116 | Q24: 0.023788557
A25: Colombia | B25: 2.0667215 | C25: 0.32749285 | D25: 15.310341 | E25: 1.1187009 | F25: 32.989774 | G25: 1.0718977 | H25: 29.641057 | I25: 1.2061427 | J25: 15.366948 | K25: 0.84401423 | L25: 4.1840678 | M25: 0.44188373 | N25: 0.42860848 | O25: 0.10923784 | P25: 0.012483044 | Q25: 0.016033248
A26: Czech Republic | B26: 0.38147813 | C26: 0.12538744 | D26: 3.8978667 | E26: 0.445075 | F26: 14.485357 | G26: 0.8244269 | H26: 25.925214 | I26: 0.9650935 | J26: 28.712048 | K26: 0.95870739 | L26: 19.063634 | M26: 0.84006737 | N26: 6.583992 | O26: 0.47907866 | P26: 0.95040943 | Q26: 0.18325763
A27: Denmark | B27: 0.65742071 | C27: 0.16945597 | D27: 4.1473808 | E27: 0.3384917 | F27: 13.850992 | G27: 0.60072868 | H27: 26.568379 | I27: 0.69815908 | J27: 30.114505 | K27: 0.91900555 | L27: 19.13384 | M27: 0.813075 | N27: 5.0002122 | O27: 0.47505813 | P27: 0.52726978 | Q27: 0.16054814
A28: Estonia | B28: 0.095427231 | C28: 0.057448489 | D28: 1.1294515 | E28: 0.2065183 | F28: 7.5327177 | G28: 0.54901395 | H28: 21.512143 | I28: 0.73920249 | J28: 32.106341 | K28: 0.90158629 | L28: 25.424817 | M28: 0.83015981 | N28: 10.246242 | O28: 0.53146786 | P28: 1.95286 | Q28: 0.24477132
A29: Finland | B29: 0.43770182 | C29: 0.12175268 | D29: 2.7973964 | E29: 0.33236324 | F29: 9.6518581 | G29: 0.5515055 | H29: 21.07524 | I29: 0.71287699 | J29: 28.886575 | K29: 0.83997994 | L29: 24.884845 | M29: 0.82967427 | N29: 10.477664 | O29: 0.62040155 | P29: 1.7887193 | Q29: 0.33807088
A30: France | B30: 0.60209327 | C30: 0.17352084 | D30: 5.0054357 | E30: 0.42356092 | F30: 14.892057 | G30: 0.75428193 | H30: 24.573937 | I30: 0.88638106 | J30: 28.345536 | K30: 0.74880023 | L30: 20.030017 | M30: 0.88464236 | N30: 5.9132752 | O30: 0.49780345 | P30: 0.63764959 | Q30: 0.13980198
A31: Germany | B31: 0.76243148 | C31: 0.21241604 | D31: 5.0309063 | E31: 0.51610605 | F31: 13.807421 | G31: 0.74248583 | H31: 22.031407 | I31: 0.94575686 | J31: 26.918714 | K31: 0.93262737 | L31: 21.455325 | M31: 0.99152071 | N31: 8.5121979 | O31: 0.58482732 | P31: 1.4815977 | Q31: 0.20969577
... A42: Luxembourg | B42: 0.81938599 | C42: 0.17449973 | D42: 6.7818434 | E42: 0.39915977 | F42: 19.164407 | G42: 0.63179992 | H42: 25.679592 | I42: 0.81289151 | J42: 25.554785 | K42: 0.75770292 | L42: 16.551041 | M42: 0.58035501 | N42: 4.9338787 | O42: 0.50696337 | P42: 0.51506725 | Q42: 0.15830616
A43: Mexico | B43: 1.021098 | C43: 0.25774252 | D43: 11.605914 | E43: 0.97204628 | F43: 34.180679 | G43: 1.2708951 | H43: 33.949592 | I43: 0.93032536 | J43: 15.453605 | K43: 0.86668871 | L43: 3.5363235 | M43: 0.46928572 | N43: 0.25278749 | O43: 0.097081139 | P43: 0 | Q43: c
A44: Netherlands* | B44: 0.89756768 | C44: 0.24649506 | D44: 4.764792 | E44: 0.51241995 | F44: 14.376085 | G44: 0.81921802 | H44: 22.437345 | I44: 0.83351047 | J44: 24.859775 | K44: 1.0862595 | L44: 22.054481 | M44: 1.0345304 | N44: 9.1004937 | O44: 0.67810602 | P44: 1.5094614 | Q44: 0.25416525
A45: New Zealand | B45: 0.61092095 | C45: 0.15256296 | D45: 4.312238 | E45: 0.43136334 | F45: 13.118638 | G45: 0.60483531 | H45: 21.968577 | I45: 0.64127276 | J45: 26.830016 | K45: 0.71623682 | L45: 21.848178 | M45: 0.66938555 | N45: 9.5393408 | O45: 0.58468091 | P45: 1.7720916 | Q45: 0.2692228
A46: Norway | B46: 1.0578908 | C46: 0.20684418 | D46: 5.6853314 | E46: 0.41231338 | F46: 14.102113 | G46: 0.78783066 | H46: 25.045246 | I46: 0.88827994 | J46: 28.581247 | K46: 0.74114092 | L46: 18.73914 | M46: 0.71868706 | N46: 6.0541913 | O46: 0.4744911 | P46: 0.7348411 | Q46: 0.13327345
A47: Poland | B47: 0.20872831 | C47: 0.11378204 | D47: 2.5042396 | E47: 0.34084486 | F47: 11.129304 | G47: 0.66738146 | H47: 24.915375 | I47: 0.84203736 | J47: 29.987283 | K47: 0.96518934 | L47: 21.975275 | M47: 0.807809 | N47: 8.1126074 | O47: 0.7130733 | P47: 1.1671868 | Q47: 0.24564788
A48: Portugal* | B48: 0.44833179 | C48: 0.13343487 | D48: 4.3698281 | E48: 0.61546454 | F48: 14.742638 | G48: 0.86898926 | H48: 26.242321 | I48: 0.93861656 | J48: 29.3876 | K48: 1.0067522 | L48: 19.184718 | M48: 0.861563 | N48: 5.142382 | O48: 0.52771417 | P48: 0.48218076 | Q48: 0.15284448
A49: Slovak Republic | B49: 1.4385954 | C49: 0.24612442 | D49: 7.9181404 | E49: 0.59418226 | F49: 19.944983 | G49: 0.74357616 | H49: 28.529841 | I49: 0.87626479 | J49: 25.262262 | K49: 0.76008389 | L49: 13.199096 | M49: 0.62814565 | N49: 3.3847799 | O49: 0.32705562 | P49: 0.32230289 | Q49: 0.11389306
A50: Slovenia | B50: 0.19613435 | C50: 0.095092461 | D50: 2.4722068 | E50: 0.29118176 | F50: 11.887167 | G50: 0.58029351 | H50: 24.594323 | I50: 0.78790276 | J50: 31.752645 | K50: 1.0046889 | L50: 21.758712 | M50: 0.87193476 | N50: 6.718449 | O50: 0.54902037 | P50: 0.62036312 | Q50: 0.17119085
A51: Spain** | B51: 0.55124755 | C51: 0.10092015 | D51: 4.5258787 | E51: 0.28250056 | F51: 16.197617 | G51: 0.54355108 | H51: 28.369466 | I51: 0.50172361 | J51: 29.401595 | K51: 0.50643333 | L51: 16.769963 | M51: 0.43707101 | N51: 3.8711552 | O51: 0.23888004 | P51: 0.31307852 | Q51: 0.068677789
A52: Sweden | B52: 0.62255343 | C52: 0.1590285 | D52: 4.5614879 | E52: 0.51905818 | F52: 13.823398 | G52: 0.74433927 | H52: 23.990791 | I52: 0.69188048 | J52: 27.950422 | K52: 0.84962809 | L52: 20.749086 | M52: 0.92716462 | N52: 7.3482291 | O52: 0.52274335 | P52: 0.95403207 | Q52: 0.18181223
A53: Switzerland | B53: 0.42267846 | C53: 0.13556214 | D53: 4.5838712 | E53: 0.48403317 | F53: 15.218466 | G53: 0.75248792 | H53: 24.923102 | I53: 0.86580722 | J53: 27.772965 | K53: 0.94171737 | L53: 19.273593 | M53: 1.0236558 | N53: 6.945514 | O53: 0.68807162 | P53: 0.85981048 | Q53: 0.16956651
A54: Turkey | B54: 0.33445934 | C54: 0.12100807 | D54: 4.694609 | E54: 0.44990197 | F54: 20.123016 | G54: 0.81411453 | H54: 32.772961 | I54: 0.9509112 | J54: 27.284809 | K54: 1.0150518 | L54: 12.329328 | M54: 0.66990713 | N54: 2.3378395 | O54: 0.438742 | P54: 0.12297808 | Q54: 0.07456824
A55: United Kingdom | B55: 0.6424793 | C55: 0.1524645 | D55: 3.8743231 | E55: 0.40578943 | F55: 12.918325 | G55: 0.64991392 | H55: 24.000195 | I55: 0.823793 | J55: 28.10075 | K55: 0.75864793 | L55: 20.784624 | M55: 0.74180031 | N55: 8.2271735 | O55: 0.55078632 | P55: 1.4521307 | Q55: 0.22273154
... A58: OECD total | B58: 0.68030637 | C58: 0.062879768 | D58: 5.5832245 | E58: 0.20895652 | F58: 17.151462 | G58: 0.29498612 | H58: 25.858296 | I58: 0.28874625 | J58: 26.045436 | K58: 0.32228472 | L58: 17.641582 | M58: 0.32324998 | N58: 6.1228454 | O58: 0.23016024 | P58: 0.91684864 | Q58: 0.068622646
A59: Partners
A60: Albania | B60: 1.5359146 | C60: 0.23718697 | D60: 11.73962 | E60: 0.65328024 | F60: 33.741612 | G60: 1.0036006 | H60: 34.827456 | I60: 1.0604551 | J60: 15.083992 | K60: 0.70497053 | L60: 2.8667212 | M60: 0.30755588 | N60: 0.20089194 | O60: 0.073621996 | P60: 0.003793052 | Q60: 0.0085736579
A61: Argentina | B61: 4.886976 | C61: 0.56092173 | D61: 18.214432 | E61: 0.95796804 | F61: 30.388742 | G61: 1.0801334 | H61: 26.971824 | I61: 0.940387 | J61: 14.990992 | K61: 0.75335776 | L61: 4.0562685 | M61: 0.4054696 | N61: 0.47661333 | O61: 0.12335514 | P61: 0.01415235 | Q61: 0.019682682
A62: Baku (Azerbaijan) | B62: 2.5242404 | C62: 0.29676678 | D62: 17.335977 | E62: 0.97480854 | F62: 37.96505 | G62: 1.0163204 | H62: 29.906386 | I62: 0.85375777 | J62: 10.326951 | K62: 0.74986894 | L62: 1.8208231 | M62: 0.43038862 | N62: 0.12057204 | O62: 0.053311833 | P62: 0 | Q62: c
A63: Belarus | B63: 0.51825755 | C63: 0.17736105 | D63: 5.0363317 | E63: 0.51441345 | F63: 18.664239 | G63: 0.87954352 | H63: 31.269334 | I63: 0.85281917 | J63: 28.78133 | K63: 0.84622884 | L63: 13.125066 | M63: 0.81074576 | N63: 2.4730965 | O63: 0.37629178 | P63: 0.13234527 | Q63: 0.067346207
A64: Bosnia and Herzegovina | B64: 2.9258935 | C64: 0.40525524 | D64: 18.215797 | E64: 0.93917937 | F64: 35.637033 | G64: 1.0085005 | H64: 29.438888 | I64: 1.1948601 | J64: 11.708111 | K64: 0.87478671 | L64: 1.9398404 | M64: 0.2761588 | N64: 0.13443677 | O64: 0.068197428 | P64: 0 | Q64: c
A65: Brazil | B65: 4.0250075 | C65: 0.39673129 | D65: 19.918603 | E65: 0.68739078 | F65: 31.443822 | G65: 0.82398707 | H65: 25.300734 | I65: 0.69045504 | J65: 13.89587 | K65: 0.67272213 | L65: 4.6199106 | M65: 0.41658833 | N65: 0.75967888 | O65: 0.14950888 | P65: 0.036373884 | Q65: 0.031039689
A66: Brunei Darussalam | B66: 1.8618369 | C66: 0.27636824 | D66: 14.196196 | E66: 0.64782992 | F66: 29.676222 | G66: 0.76920237 | H66: 25.548643 | I66: 0.53107003 | J66: 17.433638 | K66: 0.48558105 | L66: 9.0155034 | M66: 0.39228223 | N66: 2.1279868 | O66: 0.25365187 | P66: 0.13997273 | Q66: 0.084297779
A67: B-S-J-Z (China) | B67: 0.038968827 | C67: 0.035887072 | D67: 0.25380151 | E67: 0.095219772 | F67: 1.7583109 | G67: 0.27606913 | H67: 8.3700682 | I67: 0.63346465 | J67: 23.449199 | K67: 0.90526058 | L67: 34.623746 | M67: 1.0268871 | N67: 24.258697 | O67: 1.0739067 | P67: 7.2472088 | Q67: 0.70141467
A68: Bulgaria | B68: 2.9501984 | C68: 0.50015324 | D68: 15.281874 | E68: 1.0075657 | F68: 28.274543 | G68: 0.92207194 | H68: 26.697869 | I68: 1.1102733 | J68: 17.87918 | K68: 0.87305899 | L68: 7.3976696 | M68: 0.64474727 | N68: 1.4383254 | O68: 0.31960164 | P68: 0.080340999 | Q68: 0.059783871
A69: Costa Rica | B69: 1.3372542 | C69: 0.29907016 | D69: 12.044917 | E69: 0.84171995 | F69: 34.461715 | G69: 1.2401065 | H69: 34.378936 | I69: 1.15195 | J69: 14.900669 | K69: 1.2037387 | L69: 2.7576612 | M69: 0.57911683 | N69: 0.11884809 | O69: 0.06142565 | P69: 0 | Q69: c
A70: Croatia | B70: 0.62029241 | C70: 0.18145665 | D70: 5.6051193 | E70: 0.5160026 | F70: 19.142715 | G70: 0.85213446 | H70: 29.979167 | I70: 0.84019997 | J70: 26.86504 | K70: 0.90747652 | L70: 14.155555 | M70: 0.74192338 | N70: 3.3200874 | O70: 0.38895494 | P70: 0.31202357 | Q70: 0.11929541
A71: Cyprus | B71: 1.9846956 | C71: 0.34584598 | D71: 11.940108 | E71: 0.6356025 | F71: 25.026983 | G71: 0.84812428 | H71: 28.91756 | I71: 1.013057 | J71: 21.429295 | K71: 0.67382783 | L71: 9.0556041 | M71: 0.42935383 | N71: 1.5304806 | O71: 0.22131478 | P71: 0.11527309 | Q71: 0.053908734
A72: Dominican Republic | B72: 13.622566 | C72: 1.0139575 | D72: 39.607019 | E72: 1.2949107 | F72: 31.605407 | G72: 1.3082825 | H72: 12.270322 | I72: 0.88684371 | J72: 2.5899169 | K72: 0.41749588 | L72: 0.29658136 | M72: 0.1191035 | N72: 0.008187869 | O72: 0.016969889 | P72: 0 | Q72: c
A73: Georgia | B73: 5.8289445 | C73: 0.54027482 | D73: 22.88465 | E73: 0.94063648 | F73: 35.663932 | G73: 0.89592162 | H73: 24.320603 | I73: 0.93069193 | J73: 9.529752 | K73: 0.62580224 | L73: 1.6693797 | M73: 0.28163248 | N73: 0.10273828 | O73: 0.050353613 | P73: 0 | Q73: c
A74: Hong Kong (China)* | B74: 0.18248542 | C74: 0.10663276 | D74: 2.4492397 | E74: 0.31335137 | F74: 8.9314243 | G74: 0.64777948 | H74: 21.727488 | I74: 0.76322964 | J74: 33.842013 | K74: 0.89119882 | L74: 25.04171 | M74: 0.94552586 | N74: 7.1206795 | O74: 0.59794791 | P74: 0.70496069 | Q74: 0.1817586
A75: Indonesia | B75: 1.8211068 | C75: 0.30823946 | D75: 16.830933 | E75: 0.98329147 | F75: 41.352125 | G75: 1.1235843 | H75: 29.170784 | I75: 1.1969073 | J75: 9.2138931 | K75: 0.82346705 | L75: 1.5507468 | M75: 0.34185914 | N75: 0.059707882 | O75: 0.0448119 | P75: 0.00070360587 | Q75: 0.001749049
A76: Jordan | B76: 3.1750545 | C76: 0.43683875 | D76: 10.965521 | E76: 0.7771231 | F76: 26.166487 | G76: 0.89672617 | H76: 32.36918 | I76: 1.0230222 | J76: 20.6767 | K76: 0.88183967 | L76: 5.9772106 | M76: 0.5093108 | N76: 0.6415338 | O76: 0.16941712 | P76: 0.028313015 | Q76: 0.031035723
A77: Kazakhstan | B77: 2.215915 | C77: 0.28415132 | D77: 17.819335 | E77: 0.73961405 | F77: 40.295282 | G77: 0.78830872 | H77: 26.910177 | I77: 0.84176957 | J77: 9.8735379 | K77: 0.4564846 | L77: 2.49782 | M77: 0.30497633 | N77: 0.36872948 | O77: 0.087920035 | P77: 0.019204144 | Q77: 0.012316311
A78: Kosovo | B78: 4.1524996 | C78: 0.42397152 | D78: 29.274176 | E78: 0.85840558 | F78: 43.093615 | G78: 0.96780317 | H78: 19.221878 | I78: 0.73960349 | J78: 3.8976927 | K78: 0.35013926 | L78: 0.35807603 | M78: 0.11701463 | N78: 0.0020622276 | O78: 0.0064883937 | P78: 0 | Q78: c
A79: Lebanon | B79: 8.9467821 | C79: 0.77795755 | D79: 23.647991 | E79: 1.2184343 | F79: 29.684493 | G79: 1.003178 | H79: 21.820042 | I79: 0.95803558 | J79: 11.806648 | K79: 0.8417453 | L79: 3.5885671 | M79: 0.38009796 | N79: 0.48104701 | O79: 0.16706888 | P79: 0.024430008 | Q79: 0.03863764
A80: Macao (China) | B80: 0.097394052 | C80: 0.073105844 | D80: 0.78023925 | E80: 0.17557427 | F80: 5.122101 | G80: 0.52436672 | H80: 17.222063 | I80: 0.71565205 | J80: 32.296162 | K80: 0.96770753 | L80: 30.84464 | M80: 0.89349515 | N80: 11.933398 | O80: 0.58474391 | P80: 1.7040026 | Q80: 0.2951124
A81: Malaysia | B81: 0.73678723 | C81: 0.16182604 | D81: 8.2711778 | E81: 0.65782316 | F81: 27.570713 | G81: 1.0059879 | H81: 35.858472 | I81: 0.97574073 | J81: 21.542132 | K81: 0.93623811 | L81: 5.4279544 | M81: 0.75880245 | N81: 0.58766099 | O81: 0.18611235 | P81: 0.0051020602 | Q81: 0.012735228
A82: Malta | B82: 3.3870249 | C82: 0.41262629 | D82: 10.758266 | E82: 0.70295966 | F82: 19.377231 | G82: 0.73536964 | H82: 24.913398 | I82: 0.86538118 | J82: 23.666652 | K82: 0.89142288 | L82: 13.487219 | M82: 0.70260302 | N82: 3.923502 | O82: 0.42442847 | P82: 0.48670665 | Q82: 0.13943535
A83: Moldova | B83: 2.4262911 | C83: 0.27753057 | D83: 12.736398 | E83: 0.72757479 | F83: 27.441402 | G83: 0.85655099 | H83: 29.710337 | I83: 0.88768408 | J83: 20.249771 | K83: 0.83596203 | L83: 6.5645509 | M83: 0.54307577 | N83: 0.84694915 | O83: 0.20878387 | P83: 0.024300997 | Q83: 0.035872588
A84: Montenegro | B84: 2.233495 | C84: 0.31552753 | D84: 14.552796 | E84: 0.56932618 | F84: 31.438561 | G84: 0.78524457 | H84: 31.460997 | I84: 0.70121505 | J84: 15.937052 | K84: 0.59298719 | L84: 4.0456862 | M84: 0.32987435 | N84: 0.32998687 | O84: 0.10783981 | P84: 0.0014256752 | Q84: 0.0065340261
A85: Morocco | B85: 2.7348634 | C85: 0.37600919 | D85: 26.050821 | E85: 1.4480739 | F85: 40.664222 | G85: 1.1183037 | H85: 24.049382 | I85: 1.3590486 | J85: 6.0643369 | K85: 0.62650756 | L85: 0.42721225 | M85: 0.13533911 | N85: 0.009162194 | O85: 0.02164495 | P85: 0 | Q85: c
A86: North Macedonia | B86: 4.5067404 | C86: 0.38936223 | D86: 15.536661 | E86: 0.61507855 | F86: 29.412604 | G86: 0.77631648 | H86: 28.153853 | I86: 0.85957286 | J86: 16.41703 | K86: 0.67629821 | L86: 5.161759 | M86: 0.43918532 | N86: 0.76903953 | O86: 0.17029269 | P86: 0.042313169 | Q86: 0.044560416
A87: Panama | B87: 10.464488 | C87: 0.87327738 | D87: 27.309813 | E87: 1.1219009 | F87: 33.511302 | G87: 1.2949337 | H87: 19.72605 | I87: 0.8143971 | J87: 7.36052 | K87: 0.74881471 | L87: 1.5172818 | M87: 0.28733408 | N87: 0.11054602 | O87: 0.05767204 | P87: 0 | Q87: c
A88: Peru | B88: 2.6890665 | C88: 0.42103416 | D88: 17.255064 | E88: 0.92200195 | F88: 34.541127 | G88: 1.0859171 | H88: 29.014869 | I88: 0.81625017 | J88: 13.160735 | K88: 0.8195003 | L88: 3.1205978 | M88: 0.45492651 | N88: 0.21396586 | O88: 0.1158342 | P88: 0.0045744769 | Q88: 0.01360604
A89: Philippines | B89: 7.4768221 | C89: 0.77543311 | D89: 35.288126 | E89: 1.3677454 | F89: 35.205083 | G89: 1.154752 | H89: 15.357398 | I89: 0.81858872 | J89: 5.6087239 | K89: 0.72617983 | L89: 1.0078152 | M89: 0.2879323 | N89: 0.056031814 | O89: 0.04553481 | P89: 0 | Q89: c
A90: Qatar | B90: 5.2370904 | C90: 0.31831477 | D90: 16.646306 | E90: 0.43922552 | F90: 26.480372 | G90: 0.55916181 | H90: 24.915219 | I90: 0.47083814 | J90: 16.971319 | K90: 0.39095764 | L90: 7.5182566 | M90: 0.29446188 | N90: 1.9989765 | O90: 0.17601624 | P90: 0.23246027 | Q90: 0.056767871
A91: Romania | B91: 2.9051902 | C91: 0.46309396 | D91: 13.051368 | E91: 1.1540902 | F91: 27.990053 | G91: 1.4176498 | H91: 29.761509 | I91: 1.0270387 | J91: 18.911518 | K91: 1.2953527 | L91: 6.4014862 | M91: 0.77543258 | N91: 0.929222 | O91: 0.24879485 | P91: 0.049652987 | Q91: 0.041195283
A92: Russia | B92: 0.38596238 | C92: 0.15593787 | D92: 4.1201159 | E92: 0.47443066 | F92: 16.706627 | G92: 0.86030156 | H92: 31.696782 | I92: 0.93210577 | J92: 30.025007 | K92: 0.93830696 | L92: 13.98309 | M92: 0.76624918 | N92: 2.8735798 | O92: 0.36100621 | P92: 0.20883646 | Q92: 0.075544682
A93: Saudi Arabia | B93: 4.9401795 | C93: 0.64126009 | D93: 21.72887 | E93: 0.97551291 | F93: 35.586684 | G93: 0.99386672 | H93: 26.559103 | I93: 0.98517945 | J93: 9.6184287 | K93: 0.74803762 | L93: 1.4811941 | M93: 0.26222075 | N93: 0.085540506 | O93: 0.048365652 | P93: 0 | Q93: c
A94: Serbia | B94: 1.9404634 | C94: 0.3116124 | D94: 11.110298 | E94: 0.803296 | F94: 25.273488 | G94: 1.0288178 | H94: 29.892883 | I94: 0.87160544 | J94: 21.1369 | K94: 0.87354653 | L94: 9.0533227 | M94: 0.68664218 | N94: 1.497133 | O94: 0.19767183 | P94: 0.095512102 | Q94: 0.044876778
A95: Singapore | B95: 0.16361748 | C95: 0.064728013 | D95: 1.7683588 | E95: 0.21227802 | F95: 7.1053453 | G95: 0.4185817 | H95: 15.147429 | I95: 0.69035607 | J95: 25.40418 | K95: 0.72770988 | L95: 29.6656 | M95: 0.73955589 | N95: 16.973294 | O95: 0.54855677 | P95: 3.7721763 | Q95: 0.29537462
A96: Chinese Taipei | B96: 0.65273959 | C96: 0.17339605 | D96: 3.2833871 | E96: 0.33138862 | F96: 11.210927 | G96: 0.62882872 | H96: 21.091192 | I96: 0.86177997 | J96: 28.540445 | K96: 0.93502139 | L96: 23.54992 | M96: 0.80132821 | N96: 10.038265 | O96: 0.77473831 | P96: 1.6331244 | Q96: 0.30049352
A97: Thailand | B97: 1.3218651 | C97: 0.27051383 | D97: 11.566577 | E97: 0.82161504 | F97: 31.595023 | G97: 1.1353531 | H97: 31.671172 | I97: 0.90842914 | J97: 17.823678 | K97: 1.0210086 | L97: 5.2998219 | M97: 0.71264781 | N97: 0.70559727 | O97: 0.16279353 | P97: 0.016266193 | Q97: 0.016355736
A98: Ukraine | B98: 0.99293427 | C98: 0.21036714 | D98: 6.2669611 | E98: 0.64517854 | F98: 19.173987 | G98: 0.93946492 | H98: 30.014395 | I98: 1.0953781 | J98: 26.66939 | K98: 1.1313339 | L98: 13.388702 | M98: 0.8027638 | N98: 3.1665814 | O98: 0.45174326 | P98: 0.32704867 | Q98: 0.12606564
A99: United Arab Emirates | B99: 3.7293705 | C99: 0.21199572 | D99: 14.398299 | E99: 0.49981558 | F99: 24.663185 | G99: 0.61922411 | H99: 25.569554 | I99: 0.5223607 | J99: 19.23783 | K99: 0.5096588 | L99: 9.5458688 | M99: 0.52082755 | N99: 2.5863469 | O99: 0.20841204 | P99: 0.26954596 | Q99: 0.084972866
A100: Uruguay | B100: 2.0819881 | C100: 0.35787407 | D100: 13.188362 | E100: 0.81599369 | F100: 28.604794 | G100: 1.0172395 | H100: 30.554161 | I100: 0.966439 | J100: 18.736881 | K100: 0.91414843 | L100: 6.119427 | M100: 0.50687348 | N100: 0.68350443 | O100: 0.15512976 | P100: 0.030882136 | Q100: 0.039687524
A102: Viet Nam*** | B102: 0.011902362 | C102: 0.019436979 | D102: 0.29223867 | E102: 0.11840116 | F102: 3.5650794 | G102: 0.47382349 | H102: 18.080891 | I102: 1.1886152 | J102: 36.167435 | K102: 1.1537632 | L102: 29.780509 | M102: 1.1242779 | N102: 10.589309 | O102: 0.83784232 | P102: 1.5126352 | Q102: 0.33752719
A107: Information on data for Cyprus: https://oe.cd/cyprus-disclaimer
A108: *Hong Kong (China), Netherlands, Portugal and United States: Data did not meet the PISA technical standards but were accepted as largely comparable (see Annexes A2 and A4).
A109: ** See note under Table I.B1.2 for Spain.
A110: ***The data for Viet Nam have not yet been fully validated. Due to a lack of consistency in the response pattern of some performance data, the OECD cannot yet assure full international comparability of the results (see Annexes A4 and A6).

Sheet Table I.B1.4
A1: PISA 2018 Results (Volume I) - © OECD 2019
A2: Annex B1 | B2: Annex B1 Results for countries and economies
A3: Version 3+1 - Last updated: 24-Jul-2020
A4: Disclaimer: http://oe.cd/disclaimer
A6: Annex B1 | B6: Annex B1 Results for countries and economies
A7: Version 3 - Last updated: 02-Dec-2019
A8: Disclaimer: http://oe.cd/disclaimer
A10: Table I.B1.4
A11: Mean score and variation in reading performance
B16: Mean score | D16: Standard deviation | F16: Percentiles
F17: 5th | H17: 10th | J17: 25th | L17: Median (50th) | N17: 75th | P17: 90th | R17: 95th
B18: Mean | C18: S.E. | D18: S.D. | E18: S.E. | F18: Score | G18: S.E. | H18: Score | I18: S.E. | J18: Score | K18: S.E. | L18: Score | M18: S.E. | N18: Score | O18: S.E. | P18: Score | Q18: S.E. | R18: Score | S18: S.E.
A19: OECD
A20: Australia | B20: 502.63172 | C20: 1.6343431 | D20: 108.65994 | E20: 0.89933053 | F20: 314.7591 | G20: 2.7327738 | H20: 356.6448 | I20: 2.7927941 | J20: 428.752 | K20: 2.1891699 | L20: 507.3367 | M20: 1.9474427 | N20: 580.0111 | O20: 1.9851908 | P20: 640.4898 | Q20: 2.1923577 | R20: 673.3754 | S20: 2.5517945
A21: Austria | B21: 484.39257 | C21: 2.6974721 | D21: 99.384331 | E21: 1.2177783 | F21: 317.9643 | G21: 3.9234701 | H21: 349.8399 | I21: 3.727402 | J21: 412.7271 | K21: 4.1275547 | L21: 488.1626 | M21: 3.8020673 | N21: 557.7239 | O21: 2.863928 | P21: 612.042 | Q21: 2.8922268 | R21: 640.9809 | S21: 2.9029435
A22: Belgium | B22: 492.86444 | C22: 2.3219733 | D22: 102.57505 | E22: 1.2795801 | F22: 317.2521 | G22: 4.0478171 | H22: 352.306 | I22: 3.8291169 | J22: 421.3862 | K22: 3.1963812 | L22: 497.6026 | M22: 2.6520396 | N22: 567.8217 | O22: 2.5541814 | P22: 623.4654 | Q22: 2.5945296 | R22: 653.065 | S22: 2.7871659
A23: Canada | B23: 520.08552 | C23: 1.7997162 | D23: 100.29705 | E23: 0.80684781 | F23: 349.2105 | G23: 2.815526 | H23: 387.5861 | I23: 2.416736 | J23: 452.4397 | K23: 2.2901815 | L23: 524.075 | M23: 2.1505581 | N23: 591.9612 | O23: 2.046846 | P23: 646.3823 | Q23: 2.3411677 | R23: 676.6561 | S23: 2.8169657
A24: Chile | B24: 452.27255 | C24: 2.6437662 | D24: 92.017742 | E24: 1.2071098 | F24: 298.4127 | G24: 3.7049178 | H24: 331.2514 | I24: 3.5816057 | J24: 388.6755 | K24: 3.1484821 | L24: 453.0922 | M24: 3.1966228 | N24: 517.2497 | O24: 3.3701314 | P24: 571.8504 | Q24: 3.3415645 | R24: 602.3834 | S24: 3.5459143
A25: Colombia | B25: 412.29509 | C25: 3.2513437 | D25: 88.66606 | E25: 1.5429224 | F25: 271.511 | G25: 4.0539176 | H25: 300.0133 | I25: 3.7256734 | J25: 349.8847 | K25: 3.54028 | L25: 407.6717 | M25: 3.8443663 | N25: 472.266 | O25: 4.1325786 | P25: 531.5032 | Q25: 4.688066 | R25: 565.8329 | S25: 4.8873291
A26: Czech Republic | B26: 490.21882 | C26: 2.5478509 | D26: 97.32986 | E26: 1.6211317 | F26: 328.1978 | G26: 5.2161094 | H26: 362.2878 | I26: 4.2699948 | J26: 422.064 | K26: 3.6580015 | L26: 491.6102 | M26: 3.0305394 | N26: 559.8998 | O26: 2.9175794 | P26: 616.4033 | Q26: 2.7782866 | R26: 647.0212 | S26: 3.0754396
A27: Denmark | B27: 501.12993 | C27: 1.7954575 | D27: 92.094606 | E27: 1.1557517 | F27: 343.9313 | G27: 4.0145596 | H27: 380.3746 | I27: 2.9974004 | J27: 438.5616 | K27: 2.6627042 | L27: 504.4086 | M27: 2.1948461 | N27: 566.115 | O27: 2.1174904 | P27: 618.1513 | Q27: 2.6388374 | R27: 646.9444 | S27: 3.2578171
A28: Estonia | B28: 523.01702 | C28: 1.8422422 | D28: 93.210811 | E28: 1.182771 | F28: 366.8048 | G28: 3.7864988 | H28: 401.8092 | I28: 3.4647827 | J28: 460.109 | K28: 2.6153158 | L28: 523.7264 | M28: 2.2786804 | N28: 587.2644 | O28: 2.2601535 | P28: 643.3116 | Q28: 3.1029105 | R28: 675.8149 | S28: 3.6908459
A29: Finland | B29: 520.07875 | C29: 2.307102 | D29: 99.552789 | E29: 1.2678883 | F29: 344.7441 | G29: 4.6607823 | H29: 386.7083 | I29: 4.2264551 | J29: 455.0898 | K29: 3.183237 | L29: 526.8987 | M29: 2.7612075 | N29: 591.1847 | O29: 2.5035212 | P29: 642.9918 | Q29: 3.0398801 | R29: 672.1733 | S29: 3.3258139
A30: France | B30: 492.60648 | C30: 2.3209786 | D30: 101.17499 | E30: 1.4659374 | F30: 319.3339 | G30: 4.2651722 | H30: 355.4004 | I30: 3.5362904 | J30: 422.8905 | K30: 3.020323 | L30: 496.9364 | M30: 3.0352783 | N30: 566.6214 | O30: 3.3283965 | P30: 621.8852 | Q30: 3.5843947 | R30: 650.5383 | S30: 3.9525848
A31: Germany | B31: 498.27926 | C31: 3.0254079 | D31: 105.74827 | E31: 1.5123986 | F31: 316.4907 | G31: 4.9806291 | H31: 353.9461 | I31: 4.5279182 | J31: 424.2065 | K31: 4.4147408 | L31: 503.8069 | M31: 4.1164522 | N31: 575.8749 | O31: 3.4566539 | P31: 632.2541 | Q31: 3.4502988 | R31: 662.5311 | S31: 3.6487067
... A50: Slovenia | B50: 495.34562 | C50: 1.2322992 | D50: 93.604491 | E50: 1.2138944 | F50: 335.3338 | G50: 3.9129279 | H50: 371.9137 | I50: 3.0480774 | J50: 431.373 | K50: 2.2473934 | L50: 498.8514 | M50: 1.9080498 | N50: 561.1432 | O50: 2.0633284 | P50: 613.5595 | Q50: 2.7765912 | R50: 644.4444 | S50: 3.398304
A51: Spain | B51: m | C51: m | D51: m | E51: m | F51: m | G51: m | H51: m | I51: m | J51: m | K51: m | L51: m | M51: m | N51: m | O51: m | P51: m | Q51: m | R51: m | S51: m
A52: Sweden | B52: 505.78522 | C52: 3.0247715 | D52: 107.53457 | E52: 1.4501586 | F52: 316.8167 | G52: 5.4523556 | H52: 360.0405 | I52: 5.7053793 | J52: 434.1655 | K52: 4.1301348 | L52: 511.5237 | M52: 3.398396 | N52: 583.4868 | O52: 3.2053913 | P52: 640.4641 | Q52: 3.4676902 | R52: 671.5611 | S52: 3.6715051
A53: Switzerland | B53: 483.92941 | C53: 3.1243224 | D53: 102.71246 | E53: 1.5136945 | F53: 307.5919 | G53: 5.0745449 | H53: 344.7044 | I53: 4.609661 | J53: 412.7578 | K53: 4.030999 | L53: 488.0777 | M53: 3.6309025 | N53: 557.74475 | O53: 3.786378 | P53: 615.1979 | Q53: 4.0388689 | R53: 647.0122 | S53: 4.3598306
A54: Turkey | B54: 465.63167 | C54: 2.1712145 | D54: 87.662532 | E54: 1.6494216 | F54: 321.0462 | G54: 4.6126357 | H54: 350.9296 | I54: 4.1449673 | J54: 404.3672 | K54: 2.9524136 | L54: 465.859 | M54: 2.5707495 | N54: 526.7196 | O54: 2.4134217 | P54: 581.0066 | Q54: 3.0643968 | R54: 610.0065 | S54: 4.5914934
A55: United Kingdom | B55: 503.92811 | C55: 2.5825912 | D55: 100.2099 | E55: 1.2728022 | F55: 334.4766 | G55: 4.4306397 | H55: 371.9345 | I55: 4.2717138 | J55: 435.3553 | K55: 3.2366734 | L55: 506.2974 | M55: 2.7144214 | N55: 574.8277 | O55: 3.0597299 | P55: 632.3994 | Q55: 3.4896972 | R55: 664.1193 | S55: 3.776042
A56: United States* | B56: 505.35277 | C56: 3.5686732 | D56: 107.89452 | E56: 1.572413 | F56: 321.3249 | G56: 5.7162762 | H56: 360.5795 | I56: 5.2950842 | J56: 429.81 | K56: 4.4069105 | L56: 509.7399 | M56: 4.0995931 | N56: 583.5722 | O56: 4.3054239 | P56: 642.5907 | Q56: 3.8592105 | R56: 675.6511 | S56: 4.5525583
A57: OECD average | B57: 487.12599 | C57: 0.41476905 | D57: 99.388301 | E57: 0.2316461 | F57: 317.75192 | G57: 0.74217722 | H57: 354.34721 | I57: 0.67178423 | J57: 418.66434 | K57: 0.56505699 | L57: 490.38789 | M57: 0.50887019 | N57: 558.27588 | O57: 0.49795437 | P57: 614.18766 | Q57: 0.5472187 | R57: 644.87857 | S57: 0.63179155
A58: OECD total | B58: 484.96188 | C58: 1.1997835 | D58: 104.6376 | E58: 0.56275447 | F58: 311.1993 | G58: 1.6407953 | H58: 346.7138 | I58: 1.5642552 | J58: 410.84085 | K58: 1.3612126 | L58: 485.8877 | M58: 1.3972127 | N58: 560.1983 | O58: 1.3591495 | P58: 620.8939 | Q58: 1.5876842 | R58: 654.22345 | S58: 1.7592502
A59: Partners
A60: Albania | B60: 405.42937 | C60: 1.9222908 | D60: 80.275347 | E60: 1.1705511 | F60: 276.8924 | G60: 2.9306068 | H60: 303.3187 | I60: 2.9016673 | J60: 349.1654 | K60: 2.1824669 | L60: 403.1043 | M60: 2.119177 | N60: 459.2703 | O60: 2.7510194 | P60: 510.3547 | Q60: 3.2931808 | R60: 542.26805 | S60: 4.1462121
A61: Argentina | B61: 401.50311 | C61: 2.9770427 | D61: 97.79452 | E61: 1.4616039 | F61: 239.7714 | G61: 4.4561977 | H61: 274.0897 | I61: 4.1922355 | J61: 333.4561 | K61: 3.4422352 | L61: 402.06915 | M61: 3.5725842 | N61: 470.8539 | O61: 3.6461792 | P61: 529.3057 | Q61: 3.4140048 | R61: 560.9736 | S61: 3.8823631
A62: Baku (Azerbaijan) | B62: 389.38833 | C62: 2.5058139 | D62: 74.052853 | E62: 1.7207894 | F62: 269.8906 | G62: 2.6236127 | H62: 294.499 | I62: 2.5018682 | J62: 338.4161 | K62: 2.4405431 | L62: 388.5405 | M62: 2.4010279 | N62: 437.7557 | O62: 2.9695174 | P62: 484.6994 | Q62: 4.5796305 | R62: 513.7821 | S62: 6.2617707
A63: Belarus | B63: 473.78845 | C63: 2.4350607 | D63: 89.405179 | E63: 1.2580814 | F63: 322.40055 | G63: 4.482276 | H63: 355.2106 | I63: 3.393894 | J63: 412.0225 | K63: 3.0996525 | L63: 475.4296 | M63: 2.9846183 | N63: 537.9347 | O63: 3.0136187 | P63: 588.7624 | Q63: 3.0705814 | R63: 617.103 | S63: 4.0044385
A64: Bosnia and Herzegovina | B64: 402.97782 | C64: 2.9250634 | D64: 79.32583 | E64: 1.2198052 | F64: 278.4494 | G64: 3.1230998 | H64: 302.8978 | I64: 2.7952961 | J64: 345.6262 | K64: 3.0404954 | L64: 399.5252 | M64: 3.5119984 | N64: 457.9971 | O64: 3.6643492 | P64: 508.7224 | Q64: 4.0625196 | R64: 537.1183 | S64: 3.9920818
A65: Brazil | B65: 412.87332 | C65: 2.1109822 | D65: 99.640956 | E65: 1.2916474 | F65: 258.058 | G65: 2.6448033 | H65: 285.8658 | I65: 2.580571 | J65: 339.8507 | K65: 2.3402574 | L65: 407.6026 | M65: 2.4197899 | N65: 482.1287 | O65: 3.1123003 | P65: 548.1319 | Q65: 3.7289353 | R65: 583.8177 | S65: 4.0633452
A66: Brunei Darussalam | B66: 408.06994 | C66: 0.89776624 | D66: 97.439149 | E66: 0.78759874 | F66: 257.9579 | G66: 1.8700533 | H66: 283.7853 | I66: 1.9093971 | J66: 335.2014 | K66: 1.3699226 | L66: 402.755 | M66: 1.5347143 | N66: 475.7914 | O66: 1.6869574 | P66: 541.5213 | Q66: 2.4688846 | R66: 577.9978 | S66: 2.5149166
A67: B-S-J-Z (China) | B67: 555.23624 | C67: 2.7451959 | D67: 87.226625 | E67: 1.7208115 | F67: 405.9253 | G67: 5.8801077 | H67: 440.5914 | I67: 4.1594456 | J67: 497.5211 | K67: 3.475778 | L67: 558.6281 | M67: 2.8570471 | N67: 616.7982 | O67: 3.1146012 | P67: 665.5839 | Q67: 3.5320106 | R67: 692.4678 | S67: 4.8313336
A68: Bulgaria | B68: 419.84401 | C68: 3.9125771 | D68: 101.41694 | E68: 1.8195788 | F68: 262.5154 | G68: 4.2500206 | H68: 289.7346 | I68: 4.5125625 | J68: 344.2319 | K68: 4.8503103 | L68: 415.5353 | M68: 4.8392295 | N68: 490.8928 | O68: 4.9782536 | P68: 557.1439 | Q68: 5.1797628 | R68: 593.7715 | S68: 5.2610657
A69: Costa Rica | B69: 426.49823 | C69: 3.420307 | D69: 81.338043 | E69: 1.68765 | F69: 294.8788 | G69: 3.7737081 | H69: 322.6084 | I69: 3.1495818 | J69: 369.7634 | K69: 2.9230696 | L69: 424.332 | M69: 3.4920868 | N69: 482.5822 | O69: 4.5469985 | P69: 533.6357 | Q69: 5.9284987 | R69: 563.326 | S69: 6.3762775
A70: Croatia | B70: 478.98915 | C70: 2.6685131 | D70: 89.197972 | E70: 1.7164017 | F70: 329.0888 | G70: 5.1618824 | H70: 362.0114 | I70: 4.6161713 | J70: 417.9518 | K70: 3.6604814 | L70: 480.4821 | M70: 3.1946851 | N70: 541.9579 | O70: 2.9127762 | P70: 594.3289 | Q70: 3.1977421 | R70: 623.0275 | S70: 3.8667716
A71: Cyprus | B71: 424.35825 | C71: 1.3684262 | D71: 97.998026 | E71: 0.94355162 | F71: 265.2866 | G71: 2.7194249 | H71: 294.8324 | I71: 2.9004444 | J71: 352.9671 | K71: 2.3005185 | L71: 424.2078 | M71: 1.921911 | N71: 493.6385 | O71: 2.0107129 | P71: 553.8302 | Q71: 2.5634029 | R71: 587.1081 | S71: 3.0282519
... A102: Viet Nam*** | B102: 504.50563 | C102: 3.5818557 | D102: 73.577394 | E102: 1.7305256 | F102: 380.9826 | G102: 4.9092058 | H102: 409.4813 | I102: 4.5516618 | J102: 456.3927 | K102: 3.9180367 | L102: 505.1677 | M102: 3.7167102 | N102: 553.9768 | O102: 4.1003566 | P102: 598.6203 | Q102: 4.7338863 | R102: 625.4269 | S102: 5.4768314
A107: Information on data for Cyprus: https://oe.cd/cyprus-disclaimer
A108: *Hong Kong (China), Netherlands, Portugal and United States: Data did not meet the PISA technical standards but were accepted as largely comparable (see Annexes A2 and A4).
A109: ***The data for Viet Nam have not yet been fully validated. Due to a lack of consistency in the response pattern of some performance data, the OECD cannot yet assure full international comparability of the results (see Annexes A4 and A6).

Sheet Table I.B1.5
A1: PISA 2018 Results (Volume I) - © OECD 2019
A2: Annex B1 | B2: Annex B1 Results for countries and economies
A3: Version 3+1 - Last updated: 24-Jul-2020
A4: Disclaimer: http://oe.cd/disclaimer
A6: Annex B1 | B6: Annex B1 Results for countries and economies
A7: Version 3 - Last updated: 02-Dec-2019
A8: Disclaimer: http://oe.cd/disclaimer
A10: Table I.B1.5
A11: Mean score and variation in mathematics performance
B16: Mean score | D16: Standard deviation | F16: Percentiles
F17: 5th | H17: 10th | J17: 25th | L17: Median (50th) | N17: 75th | P17: 90th | R17: 95th
B18: Mean | C18: S.E. | D18: S.D. | E18: S.E. | F18: Score | G18: S.E. | H18: Score | I18: S.E. | J18: Score | K18: S.E. | L18: Score | M18: S.E. | N18: Score | O18: S.E. | P18: Score | Q18: S.E. | R18: Score | S18: S.E.
A19: OECD
A20: Australia | B20: 491.36003 | C20: 1.939833 | D20: 92.197271 | E20: 1.1735769 | F20: 338.9586 | G20: 3.811551 | H20: 371.4833 | I20: 2.9915913 | J20: 428.0615 | K20: 2.2095781 | L20: 492.4077 | M20: 2.0566171 | N20: 554.9627 | O20: 2.0267534 | P20: 609.2507 | Q20: 2.7035422 | R20: 640.9206 | S20: 3.5805498
A21: Austria | B21: 498.94231 | C21: 2.9709987 | D21: 93.497362 | E21: 1.4774924 | F21: 341.0703 | G21: 4.3752735 | H21: 373.6246 | I21: 4.3651203 | J21: 433.4107 | K21: 4.0242729 | L21: 503.2416 | M21: 3.6641301 | N21: 566.4084 | O21: 3.5104693 | P21: 617.6456 | Q21: 3.2807667 | R21: 646.4358 | S21: 3.6218072
A22: Belgium | B22: 508.07031 | C22: 2.262662 | D22: 95.36659 | E22: 1.6997146 | F22: 344.0781 | G22: 4.3160357 | H22: 376.5234 | I22: 4.0540004 | J22: 439.8344 | K22: 3.2198572 | L22: 514.2278 | M22: 2.5424998 | N22: 578.9802 | O22: 2.5701439 | P22: 628.353 | Q22: 3.4061093 | R22: 655.5793 | S22: 3.7389589
A23: Canada | B23: 512.01694 | C23: 2.3574757 | D23: 92.293431 | E23: 1.1120308 | F23: 357.8541 | G23: 3.1691271 | H23: 391.7904 | I23: 3.0378842 | J23: 449.4232 | K23: 2.8299652 | L23: 513.4756 | M23: 2.6194103 | N23: 575.9716 | O23: 2.6729041 | P23: 629.1471 | Q23: 2.6661519 | R23: 660.5418 | S23: 3.19419
A24: Chile | B24: 417.40656 | C24: 2.4158876 | D24: 84.62262 | E24: 1.4434928 | F24: 282.2449 | G24: 3.8826512 | H24: 310.7085 | I24: 3.5021034 | J24: 358.5657 | K24: 2.8953897 | L24: 415.8844 | M24: 2.8965919 | N24: 475.3166 | O24: 3.1790399 | P24: 528.2705 | Q24: 3.5382261 | R24: 558.5981 | S24: 4.0852603
A25: Colombia | B25: 390.93227 | C25: 2.9895591 | D25: 81.200399 | E25: 2.0241018 | F25: 262.3642 | G25: 5.351477 | H25: 290.0758 | I25: 3.8632261 | J25: 334.7394 | K25: 3.5254796 | L25: 387.4174 | M25: 3.5277094 | N25: 444.5176 | O25: 3.803469 | P25: 498.8089 | Q25: 4.4892759 | R25: 531.1092 | S25: 4.4496337
A26: Czech Republic | B26: 499.46765 | C26: 2.4606615 | D26: 93.165784 | E26: 1.6841752 | F26: 345.0422 | G26: 5.2104962 | H26: 377.5823 | I26: 4.5817812 | J26: 434.9874 | K26: 3.6049617 | L26: 501.0163 | M26: 2.7266399 | N26: 564.2881 | O26: 2.7706168 | P26: 619.007 | Q26: 3.138049 | R26: 650.3869 | S26: 3.894917
A27: Denmark | B27: 509.39837 | C27: 1.7350024 | D27: 82.444394 | E27: 1.0278377 | F27: 369.5553 | G27: 3.5790992 | H27: 400.774 | I27: 2.5894473 | J27: 453.6947 | K27: 2.2845493 | L27: 511.5051 | M27: 2.2915628 | N27: 567.446 | O27: 2.335859 | P27: 613.4288 | Q27: 2.7803507 | R27: 639.7761 | S27: 3.5293103
A28: Estonia | B28: 523.41458 | C28: 1.7436022 | D28: 81.636104 | E28: 1.1409034 | F28: 389.7926 | G28: 3.121176 | H28: 418.995 | I28: 2.882468 | J28: 468.0558 | K28: 2.4406836 | L28: 523.8797 | M28: 2.040712 | N28: 579.2761 | O28: 2.1669044 | P28: 627.6308 | Q28: 2.6782438 | R28: 656.6703 | S28: 3.6476818
A29: Finland | B29: 507.30136 | C29: 1.9679204 | D29: 82.412711 | E29: 1.2313582 | F29: 367.5716 | G29: 3.6321808 | H29: 398.9986 | I29: 3.4221421 | J29: 451.3343 | K29: 2.5463309 | L29: 510.4301 | M29: 2.4649486 | N29: 564.7403 | O29: 2.3609198 | P29: 611.8091 | Q29: 2.5076517 | R29: 638.6786 | S29: 3.3206926
A30: France | B30: 495.40758 | C30: 2.3202141 | D30: 92.567823 | E30: 1.5245068 | F30: 333.3131 | G30: 4.2841761 | H30: 370.1186 | I30: 3.4255786 | J30: 432.9333 | K30: 3.1957863 | L30: 501.7183 | M30: 3.0458647 | N30: 562.207 | O30: 3.2244879 | P30: 611.1397 | Q30: 3.2531018 | R30: 637.8275 | S30: 3.5532336
A31: Germany | B31: 500.04378 | C31: 2.6470829 | D31: 95.390362 | E31: 1.4508597 | F31: 337.4825 | G31: 4.6497821 | H31: 372.857 | I31: 4.1548777 | J31: 433.0465 | K31: 3.6341765 | L31: 504.0459 | M31: 3.5128214 | N31: 569.7079 | O31: 3.337308 | P31: 620.7117 | Q31: 3.2163371 | R31: 650.1695 | S31: 3.4496706
... A58: OECD total | B58: 477.61224 | C58: 1.0224777 | D58: 97.395876 | E58: 0.51211755 | F58: 317.73625 | G58: 1.7363044 | H58: 350.1577 | I58: 1.4779278 | J58: 408.7514 | K58: 1.3445713 | L58: 478.1079 | M58: 1.2172055 | N58: 547.1212 | O58: 1.2031996 | P58: 604.1945 | Q58: 1.3359243 | R58: 636.03275 | S58: 1.4935771
A59: Partners
A60: Albania | B60: 437.22199 | C60: 2.4209769 | D60: 83.111344 | E60: 1.2831418 | F60: 303.0776 | G60: 3.6280706 | H60: 332.4518 | I60: 3.0686379 | J60: 380.6041 | K60: 2.8745372 | L60: 436.1977 | M60: 3.0433118 | N60: 492.9771 | O60: 2.7536539 | P60: 543.6083 | Q60: 3.4795158 | R60: 575.2662 | S60: 3.7637896
A61: Argentina | B61: 379.45382 | C61: 2.7711142 | D61: 84.044622 | E61: 1.6955698 | F61: 243.3273 | G61: 4.5945173 | H61: 272.1274 | I61: 4.1017427 | J61: 321.547 | K61: 3.60335 | L61: 378.2738 | M61: 3.1090149 | N61: 436.2306 | O61: 3.4743527 | P61: 489.007 | Q61: 3.8219067 | R61: 520.488 | S61: 3.9903804
A62: Baku (Azerbaijan) | B62: 419.64311 | C62: 2.822266 | D62: 89.305934 | E62: 1.6714081 | F62: 276.2265 | G62: 3.7719577 | H62: 305.955 | I62: 3.3744208 | J62: 358.7279 | K62: 2.8550412 | L62: 418.3972 | M62: 3.0855888 | N62: 479.634 | O62: 3.7709772 | P62: 535.3821 | Q62: 4.9793194 | R62: 569.7866 | S62: 5.3894513
A63: Belarus | B63: 471.86514 | C63: 2.6740709 | D63: 92.957928 | E63: 1.4249254 | F63: 317.727 | G63: 5.0128885 | H63: 350.8859 | I63: 3.3828478 | J63: 407.3401 | K63: 3.0554956 | L63: 472.8089 | M63: 3.0110569 | N63: 537.1948 | O63: 3.2090408 | P63: 592.0274 | Q63: 3.450564 | R63: 623.2441 | S63: 4.079402
A64: Bosnia and Herzegovina | B64: 406.38441 | C64: 3.0558675 | D64: 81.969125 | E64: 1.3172614 | F64: 276.2936 | G64: 4.07906 | H64: 303.2999 | I64: 3.1743265 | J64: 348.9222 | K64: 3.1974867 | L64: 403.8649 | M64: 3.5039721 | N64: 462.1333 | O64: 3.6846297 | P64: 514.2019 | Q64: 4.4329139 | R64: 545.4455 | S64: 4.2648183
A65: Brazil | B65: 383.56912 | C65: 2.0323689 | D65: 87.535636 | E65: 1.5607627 | F65: 250.8056 | G65: 3.0579363 | H65: 276.5052 | I65: 2.5233435 | J65: 321.76 | K65: 2.3448881 | L65: 376.8624 | M65: 2.3550952 | N65: 439.981 | O65: 2.8237512 | P65: 500.6473 | Q65: 3.9064773 | R65: 538.2465 | S65: 4.9013472
A66: Brunei Darussalam | B66: 430.11296 | C66: 1.1589696 | D66: 91.387258 | E66: 1.0012813 | F66: 286.7062 | G66: 3.398065 | H66: 315.8377 | I66: 2.4437015 | J66: 365.4718 | K66: 2.0420446 | L66: 425.139 | M66: 1.5617057 | N66: 492.1842 | O66: 1.9756036 | P66: 555.1167 | Q66: 2.1587931 | R66: 587.8506 | S66: 3.391799
A67: B-S-J-Z (China) | B67: 591.3936 | C67: 2.5171672 | D67: 80.325357 | E67: 1.7997872 | F67: 451.8667 | G67: 5.2487207 | H67: 486.124 | I67: 4.2019876 | J67: 540.2099 | K67: 2.9837384 | L67: 595.9496 | M67: 2.6825095 | N67: 647.2004 | O67: 2.9623951 | P67: 690.7297 | Q67: 3.2113389 | R67: 715.6577 | S67: 3.5799364
A68: Bulgaria | B68: 436.04057 | C68: 3.8172445 | D68: 97.42871 | E68: 2.0877644 | F68: 280.1791 | G68: 6.1218985 | H68: 311.4493 | I68: 4.6360454 | J68: 367.5541 | K68: 4.6246313 | L68: 434.3799 | M68: 4.1813406 | N68: 502.6937 | O68: 4.130092 | P68: 562.8534 | Q68: 5.7163522 | R68: 599.0874 | S68: 6.8497303
A69: Costa Rica | B69: 402.33056 | C69: 3.2887994 | D69: 74.72099 | E69: 1.9620527 | F69: 281.7113 | G69: 4.1593473 | H69: 308.2839 | I69: 3.367786 | J69: 351.5568 | K69: 2.6522532 | L69: 400.8429 | M69: 3.2532475 | N69: 452.3085 | O69: 4.2170091 | P69: 498.8412 | Q69: 5.4820608 | R69: 528.024 | S69: 7.0038991
A70: Croatia | B70: 464.20427 | C70: 2.5485653 | D70: 86.535171 | E70: 1.6504247 | F70: 323.1404 | G70: 4.6194844 | H70: 353.5065 | I70: 3.9353932 | J70: 404.6481 | K70: 3.0474675 | L70: 463.106 | M70: 2.9330693 | N70: 523.0936 | O70: 3.1352743 | P70: 576.8805 | Q70: 3.8590585 | R70: 607.8796 | S70: 4.2199077
A71: Cyprus | B71: 450.68299 | C71: 1.4102091 | D71: 94.703746 | E71: 1.0960119 | F71: 292.1485 | G71: 3.5122548 | H71: 325.3082 | I71: 2.846945 | J71: 385.106 | K71: 2.4747495 | L71: 454.1925 | M71: 1.9499334 | N71: 517.25 | O71: 2.1430403 | P71: 571.2574 | Q71: 2.4434851 | R71: 601.2692 | S71: 3.4219854
... A102: Viet Nam*** | B102: 495.67543 | C102: 3.9967359 | D102: 74.795891 | E102: 1.9804308 | F102: 373.4084 | G102: 5.0438223 | H102: 400.1348 | I102: 5.0324808 | J102: 444.83 | K102: 4.3969728 | L102: 495.6885 | M102: 4.1454686 | N102: 546.1187 | O102: 4.5105783 | P102: 591.0327 | Q102: 5.118093 | R102: 619.2721 | S102: 5.778232
A107: Information on data for Cyprus: https://oe.cd/cyprus-disclaimer
A108: *Hong Kong (China), Netherlands, Portugal and United States: Data did not meet the PISA technical standards but were accepted as largely comparable (see Annexes A2 and A4).
A109: ** See note under Table I.B1.2 for Spain.
A110: ***The data for Viet Nam have not yet been fully validated. Due to a lack of consistency in the response pattern of some performance data, the OECD cannot yet assure full international comparability of the results (see Annexes A4 and A6).

Sheet Table I.B1.6
A1: PISA 2018 Results (Volume I) - © OECD 2019
A2: Annex B1 | B2: Annex B1 Results for countries and economies
A3: Version 3+1 - Last updated: 24-Jul-2020
A4: Disclaimer: http://oe.cd/disclaimer
A6: Annex B1 | B6: Annex B1 Results for countries and economies
A7: Version 3 - Last updated: 02-Dec-2019
A8: Disclaimer: http://oe.cd/disclaimer
A10: Table I.B1.6
A11: Mean score and variation in science performance
B16: Mean score | D16: Standard deviation | F16: Percentiles
F17: 5th | H17: 10th | J17: 25th | L17: Median (50th) | N17: 75th | P17: 90th | R17: 95th
B18: Mean | C18: S.E. | D18: S.D. | E18: S.E. | F18: Score | G18: S.E. | H18: Score | I18: S.E. | J18: Score | K18: S.E. | L18: Score | M18: S.E. | N18: Score | O18: S.E. | P18: Score | Q18: S.E. | R18: Score | S18: S.E.
A19: OECD
A20: Australia | B20: 502.96456 | C20: 1.7953983 | D20: 100.6808 | E20: 1.0682424 | F20: 333.9954 | G20: 2.714006 | H20: 368.6599 | I20: 2.5990501 | J20: 432.4099 | K20: 2.19254 | L20: 506.2878 | M20: 2.2779165 | N20: 575.1824 | O20: 2.1750232 | P20: 630.6432 | Q20: 2.7340477 | R20: 663.5264 | S20: 3.7882651
A21: Austria | B21: 489.78044 | C21: 2.7773948 | D21: 95.588909 | E21: 1.2457433 | F21: 332.2313 | G21: 3.7882721 | H21: 361.2022 | I21: 3.1068134 | J21: 419.8993 | K21: 3.5598796 | L21: 492.6303 | M21: 3.5352434 | N21: 560.1892 | O21: 3.1174268 | P21: 613.5825 | Q21: 3.3207014 | R21: 642.1057 | S21: 3.6855766
A22: Belgium | B22: 498.77313 | C22: 2.2292398 | D22: 98.809722 | E22: 1.3344468 | F22: 328.2019 | G22: 4.1679504 | H22: 362.5334 | I22: 4.0237117 | J22: 428.3953 | K22: 3.3719955 | L22: 505.4762 | M22: 2.627983 | N22: 571.1352 | O22: 2.506177 | P22: 623.5968 | Q22: 2.3374132 | R22: 652.0906 | S22: 2.7729967
A23: Canada | B23: 517.99766 | C23: 2.1536512 | D23: 95.721036 | E23: 0.9634875 | F23: 357.1811 | G23: 2.5971751 | H23: 392.59 | I23: 2.3194149 | J23: 452.5943 | K23: 2.5183811 | L23: 520.3644 | M23: 2.6009758 | N23: 585.848 | O23: 2.5605927 | P23: 639.5609 | Q23: 2.5432058 | R23: 670.7862 | S23: 3.5744648
A24: Chile | B24: 443.58256 | C24: 2.4152801 | D24: 83.484076 | E24: 1.4087033 | F24: 308.8908 | G24: 3.5855099 | H24: 335.7529 | I24: 3.1304387 | J24: 384.5063 | K24: 2.9563965 | L24: 442.1338 | M24: 2.8721478 | N24: 501.6387 | O24: 3.3249934 | P24: 553.3757 | Q24: 3.3284867 | R24: 583.5255 | S24: 3.828156
A25: Colombia | B25: 413.32299 | C25: 3.0524015 | D25: 81.98976 | E25: 1.3983532 | F25: 286.5535 | G25: 3.8027166 | H25: 310.7065 | I25: 3.6877824 | J25: 354.5678 | K25: 3.6003552 | L25: 408.7806 | M25: 3.5591019 | N25: 468.9652 | O25: 3.984898 | P25: 523.9515 | Q25: 4.1282481 | R25: 555.4976 | S25: 4.1777044
A26: Czech Republic | B26: 496.79131 | C26: 2.5460694 | D26: 94.491506 | E26: 1.6461141 | F26: 340.8044 | G26: 4.8175249 | H26: 372.8419 | I26: 4.0373212 | J26: 430.2258 | K26: 3.7172794 | L26: 497.2566 | M26: 3.0603412 | N26: 563.9268 | O26: 3.1265454 | P26: 619.7912 | Q26: 2.9337701 | R26: 651.1667 | S26: 3.5773426
A27: Denmark | B27: 492.63703 | C27: 1.9376037 | D27: 91.460953 | E27: 1.2658268 | F27: 336.9679 | G27: 3.8035245 | H27: 371.9204 | I27: 3.4112917 | J27: 430.9579 | K27: 2.5600737 | L27: 495.5902 | M27: 2.5154454 | N27: 557.8824 | O27: 2.5885683 | P27: 608.6014 | Q27: 3.1368609 | R27: 636.9955 | S27: 3.6440294
A28: Estonia | B28: 530.108 | C28: 1.8845691 | D28: 87.849415 | E28: 1.1642196 | F28: 384.1542 | G28: 3.902504 | H28: 416.6326 | I28: 3.4820716 | J28: 469.4488 | K28: 2.8827827 | L28: 530.8352 | M28: 2.4499127 | N28: 590.7322 | O28: 2.3905056 | P28: 643.5582 | Q28: 2.7274807 | R28: 673.6104 | S28: 2.9618489
A29: Finland | B29: 521.88456 | C29: 2.5095152 | D29: 96.409638 | E29: 1.3122139 | F29: 355.6674 | G29: 4.3783471 | H29: 393.4122 | I29: 4.1157671 | J29: 457.5413 | K29: 3.2181915 | L29: 526.3528 | M29: 2.9193 | N29: 590.488 | O29: 2.7617545 | P29: 643.444 | Q29: 2.9439853 | R29: 672.7039 | S29: 3.8007363
A30: France | B30: 492.97708 | C30: 2.2236613 | D30: 96.004289 | E30: 1.4382879 | F30: 329.5076 | G30: 4.2351763 | H30: 364.0601 | I30: 3.5018795 | J30: 425.0323 | K30: 3.0552287 | L30: 497.0938 | M30: 3.0770031 | N30: 563.1235 | O30: 2.887883 | P30: 614.7786 | Q30: 3.1725652 | R30: 643.9383 | S30: 3.7966738
A31: Germany | B31: 502.9889 | C31: 2.9115006 | D31: 102.85678 | E31: 1.6022809 | F31: 328.0659 | G31: 5.203388 | H31: 363.4694 | I31: 4.0050217 | J31: 430.2418 | K31: 3.8781573 | L31: 508.482 | M31: 3.9482356 | N31: 577.2314 | O31: 3.5214893 | P31: 633.1365 | Q31: 3.2939975 | R31: 664.8541 | S31: 3.2857752
... A58: OECD total | B58: 486.40644 | C58: 1.0732231 | D58: 99.039122 | E58: 0.53794297 | F58: 325.4304 | G58: 1.4623075 | H58: 356.8863 | I58: 1.4801366 | J58: 414.648 | K58: 1.2672686 | L58: 486.07165 | M58: 1.2236986 | N58: 557.6612 | O58: 1.3286394 | P58: 616.10285 | Q58: 1.3975519 | R58: 648.4039 | S58: 1.6114426
A59: Partners
A60: Albania | B60: 416.72626 | C60: 1.9854047 | D60: 74.069122 | E60: 1.1250366 | F60: 297.7325 | G60: 3.185242 | H60: 323.0344 | I60: 3.0758859 | J60: 365.7923 | K60: 2.4462013 | L60: 415.5042 | M60: 2.5284786 | N60: 466.4568 | O60: 2.5937944 | P60: 513.5306 | Q60: 3.1827533 | R60: 540.9516 | S60: 3.6257214
A61: Argentina | B61: 404.07144 | C61: 2.870526 | D61: 89.589723 | E61: 1.5793729 | F61: 261.4257 | G61: 4.7199442 | H61: 291.0459 | I61: 3.9753936 | J61: 340.0319 | K61: 3.4192599 | L61: 401.1643 | M61: 3.3251255 | N61: 466.3725 | O61: 3.6596069 | P61: 523.0053 | Q61: 3.9648719 | R61: 554.989 | S61: 3.6520307
A62: Baku (Azerbaijan) | B62: 397.64958 | C62: 2.3565838 | D62: 73.691501 | E62: 1.6406094 | F62: 280.564 | G62: 2.9614307 | H62: 304.7386 | I62: 2.5365271 | J62: 346.6778 | K62: 2.3023449 | L62: 395.3979 | M62: 2.1962799 | N62: 445.71 | O62: 2.9967078 | P62: 493.6662 | Q62: 4.6137694 | R62: 523.6395 | S62: 6.1592883
A63: Belarus | B63: 471.26368 | C63: 2.4461952 | D63: 85.026144 | E63: 1.2906328 | F63: 331.1411 | G63: 3.7355655 | H63: 360.5506 | I63: 3.5069916 | J63: 411.8504 | K63: 3.4068472 | L63: 471.6963 | M63: 2.8952577 | N63: 531.2369 | O63: 2.6722082 | P63: 581.1933 | Q63: 2.7477448 | R63: 609.6225 | S63: 3.6837147
A64: Bosnia and Herzegovina | B64: 398.49766 | C64: 2.7372524 | D64: 76.596401 | E64: 1.279819 | F64: 277.6362 | G64: 3.636888 | H64: 302.0412 | I64: 3.0913997 | J64: 343.8374 | K64: 2.7042898 | L64: 395.8663 | M64: 3.2305826 | N64: 450.8633 | O64: 3.6079556 | P64: 499.4943 | Q64: 3.80335 | R64: 528.1912 | S64: 4.0548457
A65: Brazil | B65: 403.62094 | C65: 2.0577515 | D65: 90.311432 | E65: 1.4542098 | F65: 267.785 | G65: 2.9872328 | H65: 292.4679 | I65: 2.3371644 | J65: 337.6071 | K65: 2.1477082 | L65: 396.327 | M65: 2.3076977 | N65: 464.2448 | O65: 3.0995356 | P65: 526.6831 | Q65: 3.6133759 | R65: 562.7114 | S65: 4.8094738
A66: Brunei Darussalam | B66: 430.98438 | C66: 1.2100865 | D66: 95.8938 | E66: 1.0628532 | F66: 290.0612 | G66: 2.6252293 | H66: 314.7066 | I66: 2.0264425 | J66: 359.213 | K66: 1.917902 | L66: 420.715 | M66: 1.5260058 | N66: 496.9377 | O66: 1.7324176 | P66: 566.3629 | Q66: 2.7612423 | R66: 603.4964 | S66: 2.7751418
A67: B-S-J-Z (China) | B67: 590.45264 | C67: 2.6715704 | D67: 83.189546 | E67: 1.6703951 | F67: 447.8374 | G67: 5.0072532 | H67: 481.8106 | I67: 3.9892297 | J67: 536.4005 | K67: 3.4064625 | L67: 593.8092 | M67: 2.8468967 | N67: 648.7385 | O67: 3.0691257 | P67: 695.2492 | Q67: 3.7125746 | R67: 720.6374 | S67: 3.9058505
A68: Bulgaria | B68: 424.07358 | C68: 3.6314667 | D68: 94.635835 | E68: 1.9729451 | F68: 278.6195 | G68: 5.0542449 | H68: 305.4446 | I68: 4.3084945 | J68: 354.8143 | K68: 3.9894592 | L68: 418.3325 | M68: 4.0646011 | N68: 490.186 | O68: 4.8452152 | P68: 552.2537 | Q68: 5.2673805 | R68: 587.21595 | S68: 6.138419
A69: Costa Rica | B69: 415.62246 | C69: 3.2660242 | D69: 73.259809 | E69: 1.8535257 | F69: 299.9286 | G69: 3.9249007 | H69: 323.6332 | I69: 3.2421882 | J69: 364.3234 | K69: 3.0318219 | L69: 413.7332 | M69: 3.3993407 | N69: 465.5395 | O69: 4.2504228 | P69: 511.8307 | Q69: 5.6257949 | R69: 539.8969 | S69: 6.6234624
A70: Croatia | B70: 472.36262 | C70: 2.7895294 | D70: 89.934469 | E70: 1.6104899 | F70: 326.6423 | G70: 4.1672515 | H70: 355.8039 | I70: 4.031236 | J70: 408.5041 | K70: 3.5363595 | L70: 471.3231 | M70: 3.2082528 | N70: 535.547 | O70: 3.1087738 | P70: 590.4445 | Q70: 3.4631783 | R70: 621.5052 | S70: 3.9164055
A71: Cyprus | B71: 439.00825 | C71: 1.3876112 | D71: 92.960901 | E71: 1.1259115 | F71: 290.5658 | G71: 3.3299194 | H71: 318.7359 | I71: 2.648705 | J71: 371.6705 | K71: 2.6524893 | L71: 437.078 | M71: 2.2329718 | N71: 505.0483 | O71: 2.203062 | P71: 562.2504 | Q71: 2.2187976 | R71: 592.2138 | S71: 2.8640872
... A102: Viet Nam*** | B102: 543.38487 | C102: 3.27122 | D102: 76.535369 | E102: 1.6756144 | F102: 418.1898 | G102: 4.4901853 | H102: 445.1882 | I102: 3.8542533 | J102: 491.7494 | K102: 3.8639843 | L102: 542.971 | M102: 3.4701053 | N102: 595.4741 | O102: 3.8925363 | P102: 641.881 | Q102: 4.0362219 | R102: 668.9271 | S102: 5.0379102
A107: Information on data for Cyprus: https://oe.cd/cyprus-disclaimer
A108: *Hong Kong (China), Netherlands, Portugal and United States: Data did not meet the PISA technical standards but were accepted as largely comparable (see Annexes A2 and A4).
A109: ** See note under Table I.B1.2 for Spain.
A110: ***The data for Viet Nam have not yet been fully validated. Due to a lack of consistency in the response pattern of some performance data, the OECD cannot yet assure full international comparability of the results (see Annexes A4 and A6).

Sheet Table I.B1.7
A1: PISA 2018 Results (Volume I) - © OECD 2019
A2: Annex B1 | B2: Annex B1 Results for countries and economies
A3: Version 3+1 - Last updated: 24-Jul-2020
A4: Disclaimer: http://oe.cd/disclaimer
A6: Annex B1 | B6: Annex B1 Results for countries and economies
A7: Version 3 - Last updated: 02-Dec-2019
A8: Disclaimer: http://oe.cd/disclaimer
A10: Table I.B1.7
A11: Percentage of low achievers and top performers in reading, 2009 through 2018
B16: Proficiency level in PISA 2009 | F16: Proficiency level in PISA 2012 | J16: Proficiency level in PISA 2015 | N16: Proficiency level in PISA 2018 | R16: Change between 2009 and 2018 (PISA 2018 - PISA 2009) | V16: Change between 2012 and 2018 (PISA 2018 - PISA 2012) | Z16: Change between 2015 and 2018 (PISA 2018 - PISA 2015)
B17: Below Level 2 (less than 407.47 score points) | D17: Level 5 or above (at or above 625.61 score points) | F17: Below Level 2 (less than 407.47 score points) | H17: Level 5 or above (at or above 625.61 score points) | J17: Below Level 2 (less than 407.47 score points) | L17: Level 5 or above (at or above 625.61 score points) | N17: Below Level 2 (less than 407.47 score points) | P17: Level 5 or above (at or above 625.61 score points) | R17: Below Level 2 (less than 407.47 score points) | T17: Level 5 or above (at or above 625.61 score points) | V17: Below Level 2 (less than 407.47 score points) | X17: Level 5 or above (at or above 625.61 score points) | Z17: Below Level 2 (less than 407.47 score points) | AB17: Level 5 or above (at or above 625.61 score points)
B18: % | C18: S.E. | D18: % | E18: S.E. | F18: % | G18: S.E. | H18: % | I18: S.E. | J18: % | K18: S.E. | L18: % | M18: S.E. | N18: % | O18: S.E. | P18: % | Q18: S.E. | R18: % dif. | S18: S.E. | T18: % dif. | U18: S.E. | V18: % dif. | W18: S.E. | X18: % dif. | Y18: S.E. | Z18: % dif. | AA18: S.E. | AB18: % dif. | AC18: S.E.
A19: OECD
A20: Australia | B20: 14.249624 | C20: 0.57945693 | D20: 12.766195 | E20: 0.76740431 | F20: 14.192464 | G20: 0.46134848 | H20: 11.74764 | I20: 0.53502122 | J20: 18.067471 | K20: 0.54544954 | L20: 11.036329 | M20: 0.5098816 | N20: 19.627389 | O20: 0.49689006 | P20: 13.017858 | Q20: 0.45545883 | R20: 5.3777642 | S20: 1.1176012 | T20: 0.25166237 | U20: 1.1357129 | V20: 5.4349246 | W20: 1.1346477 | X20: 1.2702174 | Y20: 1.057156 | Z20: 1.5599172 | AA20: 1.2420095 | AB20: 1.9815288 | AC20: 1.1052806
A21: Austria | B21: m | C21: m | D21: m | E21: m | F21: 19.490219 | G21: 1.0739573 | H21: 5.517503 | I21: 0.61168471 | J21: 22.539659 | K21: 1.0393803 | L21: 7.2441151 | M21: 0.5718601 | N21: 23.623262 | O21: 1.0177296 | P21: 7.4114077 | Q21: 0.49690606 | R21: m | S21: m | T21: m | U21: m | V21: 4.1330438 | W21: 1.7392403 | X21: 1.8939047 | Y21: 0.91722721 | Z21: 1.0836033 | AA21: 1.7747449 | AB21: 0.16729262 | AC21: 0.91582805
A22: Belgium | B22: 17.742593 | C22: 0.90011138 | D22: 11.183801 | E22: 0.58211277 | F22: 16.076457 | G22: 0.81065707 | H22: 11.768138 | I22: 0.59986338 | J22: 19.534527 | K22: 0.89912172 | L22: 9.3357377 | M22: 0.56418802 | N22: 21.253462 | O22: 0.88050965 | P22: 9.5469708 | Q22: 0.53239971 | R22: 3.510869 | S22: 1.5506816 | T22: -1.6368297 | U22: 0.91757458 | V22: 5.1770058 | W22: 1.5772232 | X22: -2.2211671 | Y22: 0.96181589 | Z22: 1.7189349 | AA22: 1.694488 | AB22: 0.21123305 | AC22: 0.9721849
A23: Canada | B23: 10.289075 | C23: 0.46285097 | D23: 12.753389 | E23: 0.48175097 | F23: 10.894788 | G23: 0.45209314 | H23: 12.856778 | I23: 0.62275892 | J23: 10.681417 | K23: 0.63414736 | L23: 14.036776 | M23: 0.74437799 | N23: 13.750312 | O23: 0.49377054 | P23: 14.993021 | Q23: 0.55439836 | R23: 3.461237 | S23: 0.89379007 | T23: 2.2396326 | U23: 1.2447386 | V23: 2.8555243 | W23: 0.93326026 | X23: 2.1362431 | Y23: 1.4098715 | Z23: 3.0688958 | AA23: 1.0776103 | AB23: 0.95624536 | AC23: 1.5670213
A24: Chile | B24: 30.562545 | C24: 1.5325246 | D24: 1.2751699 | E24: 0.25310307 | F24: 33.015332 | G24: 1.6711333 | H24: 0.60131012 | I24: 0.10386646 | J24: 28.384616 | K24: 1.1576348 | L24: 2.2649742 | M24: 0.29334269 | N24: 31.720952 | O24: 1.1970505 | P24: 2.5941676 | Q24: 0.29839431 | R24: 1.1584065 | S24: 2.6945837 | T24: 1.3189977 | U24: 0.40080136 | V24: -1.2943804 | W24: 2.9464064 | X24: 1.9928575 | Y24: 0.33052421 | Z24: 3.3363359 | AA24: 2.8751843 | AB24: 0.32919341 | AC24: 0.43203557
A25: Colombia | B25: 47.114424 | C25: 1.9412771 | D25: 0.55078801 | E25: 0.16600874 | F25: 51.445892 | G25: 1.778271 | H25: 0.30360343 | I25: 0.1276929 | J25: 42.839528 | K25: 1.4860789 | L25: 0.98763229 | M25: 0.16052554 | N25: 49.903149 | O25: 1.7115931 | P25: 0.94590417 | Q25: 0.17836466 | R25: 2.7887256 | S25: 3.4010696 | T25: 0.39511615 | U25: 0.24383003 | V25: -1.5427431 | W25: 3.5189102 | X25: 0.64230072 | Y25: 0.21960489 | Z25: 7.063621 | AA25: 3.5846281 | AB25: -0.04172812 | AC25: 0.24024662
A26: Czech Republic | B26: 23.054677 | C26: 1.3243441 | D26: 5.1130852 | E26: 0.4531137 | F26: 16.86589 | G26: 1.212402 | H26: 6.0535032 | I26: 0.54810516 | J26: 22.023256 | K26: 1.1027891 | L26: 7.8763397 | M26: 0.55218558 | N26: 20.740483 | O26: 1.1172124 | P26: 8.2364663 | Q26: 0.54251277 | R26: -2.314194 | S26: 1.994311 | T26: 3.1233811 | U26: 0.83617902 | V26: 3.8745923 | W26: 1.9921579 | X26: 2.1829631 | Y26: 0.91836149 | Z26: -1.2827733 | AA26: 2.000349 | AB26: 0.36012658 | AC26: 0.94610876
A27: Denmark | B27: 15.217952 | C27: 0.87999187 | D27: 4.7032178 | E27: 0.46872188 | F27: 14.644217 | G27: 1.0656358 | H27: 5.4187087 | I27: 0.61833604 | J27: 14.995176 | K27: 0.8092865 | L27: 6.4776844 | M27: 0.60786346 | N27: 15.999534 | O27: 0.68408443 | P27: 8.4153185 | Q27: 0.5099068 | R27: 0.78158128 | S27: 1.3816338 | T27: 3.7121007 | U27: 0.9273662 | V27: 1.3553171 | W27: 1.5670338 | X27: 2.9966097 | Y27: 1.0594915 | Z27: 1.0043576 | AA27: 1.4729781 | AB27: 1.9376341 | AC27: 1.1004012
A28: Estonia | B28: 13.332654 | C28: 1.0252992 | D28: 6.0501836 | E28: 0.61030815 | F28: 9.1240669 | G28: 0.64749152 | H28: 8.3171516 | I28: 0.71723264 | J28: 10.637319 | K28: 0.7193519 | L28: 11.020513 | M28: 0.65430073 | N28: 11.054281 | O28: 0.59368212 | P28: 13.859319 | Q28: 0.70326963 | R28: -2.2783728 | S28: 1.2911996 | T28: 7.809135 | U28: 1.2290957 | V28: 1.9302145 | W28: 1.0550587 | X28: 5.5421667 | Y28: 1.3483039 | Z28: 0.4169623 | AA28: 1.131053 | AB28: 2.8388054 | AC28: 1.3748996
A29: Finland | B29: 8.108724 | C29: 0.5196745 | D29: 14.500858 | E29: 0.76483268 | F29: 11.34946 | G29: 0.70668299 | H29: 13.49988 | I29: 0.63993177 | J29: 11.091486 | K29: 0.75218224 | L29: 13.718864 | M29: 0.72004772 | N29: 13.544526 | O29: 0.71193746 | P29: 14.233913 | Q29: 0.71707239 | R29: 5.4358025 | S29: 0.96177459 | T29: -0.26694468 | U29: 1.5138011 | V29: 2.1950662 | W29: 1.0956196 | X29: 0.73403305 | Y29: 1.5566238 | Z29: 2.4530404 | AA29: 1.1453061 | AB29: 0.51504868 | AC29: 1.6904935
A30: France | B30: 19.752141 | C30: 1.1969598 | D30: 9.5646148 | E30: 0.96462938 | F30: 18.916543 | G30: 0.97844675 | H30: 12.862086 | I30: 0.84727954 | J30: 21.486075 | K30: 0.91464607 | L30: 12.509936 | M30: 0.73500864 | N30: 20.93725 | O30: 0.74442562 | P30: 9.1970903 | Q30: 0.69566331 | R30: 1.1851087 | S30: 1.614428 | T30: -0.36752445 | U30: 1.3166099 | V30: 2.0207069 | W30: 1.5187047 | X30: -3.6649952 | Y30: 1.2640926 | Z30: -0.54882544 | AA30: 1.5379262 | AB30: -3.3128455 | AC30: 1.2260876
A31: Germany | B31: 18.466724 | C31: 1.066984 | D31: 7.6382168 | E31: 0.62440042 | F31: 14.491012 | G31: 0.90970781 | H31: 8.9350384 | I31: 0.69832605 | J31: 16.226291 | K31: 0.92670412 | L31: 11.677021 | M31: 0.70347465 | N31: 20.685095 | O31: 1.0533617 | P31: 11.306224 | Q31: 0.68758874 | R31: 2.2183704 | S31: 1.6505284 | T31: 3.6680074 | U31: 1.1296599 | V31: 6.1940832 | W31: 1.5957929 | X31: 2.3711858 | Y31: 1.219362 | Z31: 4.4588037 | AA31: 1.6504059 | AB31: -0.3707971 | AC31: 1.2678292
A32: Greece | B32: 21.321655 | C32: 1.8209448 | D32: 5.6143431 | E32: 0.53771309 | F32: 22.627461 | G32: 1.2449097 | H32: 5.1330963 | I32: 0.61098371 | J32: 27.317171 | K32: 1.7938082 | L32: 4.0302247 | M32: 0.47034175 | N32: 30.515796 | O32: 1.5099751 | P32: 3.6501001 | Q32: 0.49766251 | R32: 9.1941414 | S32: 2.7906501 | T32: -1.9642429 | U32: 0.74718046 | V32: 7.8883357 | W32: 2.5646605 | X32: -1.4829962 | Y32: 0.80479145 | Z32: 3.1986256 | AA32: 2.9742978 | AB32: -0.3801246 | AC32: 0.70805937
A33: Hungary | B33: 17.552557 | C33: 1.3906367 | D33: 6.0584311 | E33: 0.69145834 | F33: 19.721076 | G33: 1.2234169 | H33: 5.6495424 | I33: 0.751246 | J33: 27.476111 | K33: 1.1176602 | L33: 4.2592038 | M33: 0.4491222 | N33: 25.273944 | O33: 0.90917236 | P33: 5.7083168 | Q33: 0.54233868 | R33: 7.7213869 | S33: 2.075681 | T33: -0.35011435 | U33: 0.90808201 | V33: 5.5528684 | W33: 2.0743511 | X33: 0.058774341 | Y33: 0.96238077 | Z33: -2.2021673 | AA33: 2.1282539 | AB33: 1.449113 | AC33: 0.75967121
... A50: Slovenia | B50: 21.200371 | C50: 0.57516964 | D50: 4.5951454 | E50: 0.53372725 | F50: 21.1433 | G50: 0.67659946 | H50: 5.0331167 | I50: 0.43412077 | J50: 15.138946 | K50: 0.58332316 | L50: 8.9344304 | M50: 0.67703484 | N50: 17.880991 | O50: 0.65558912 | P50: 7.7532308 | Q50: 0.45933017 | R50: -3.3193796 | S50: 1.1637638 | T50: 3.1580853 | U50: 0.78735936 | V50: -3.2623093 | W50: 1.2841284 | X50: 2.7201142 | Y50: 0.75151622 | Z50: 2.7420456 | AA50: 1.3008038 | AB50: -1.1811996 | AC50: 0.93775326
A51: Spain** | B51: 19.559394 | C51: 0.87743178 | D51: 3.3437246 | E51: 0.26081625 | F51: 18.342983 | G51: 0.7598114 | H51: 5.5192759 | I51: 0.30490126 | J51: 16.235193 | K51: 0.85097367 | L51: 5.5141401 | M51: 0.52728579 | N51: m | O51: m | P51: m | Q51: m | R51: m | S51: m | T51: m | U51: m | V51: m | W51: m | X51: m | Y51: m | Z51: m | AA51: m | AB51: m | AC51: m
A52: Sweden | B52: 17.439303 | C52: 0.94056302 | D52: 9.0322281 | E52: 0.69159031 | F52: 22.71877 | G52: 1.1515262 | H52: 7.919808 | I52: 0.64337263 | J52: 18.429451 | K52: 1.0902954 | L52: 9.9581168 | M52: 0.79378865 | N52: 18.393043 | O52: 1.0294856 | P52: 13.273368 | Q52: 0.73086899 | R52: 0.95374084 | S52: 1.5414704 | T52: 4.2411394 | U52: 1.4414228 | V52: -4.325727 | W52: 1.7156421 | X52: 5.3535595 | Y52: 1.5184435 | Z52: -0.036407929 | AA52: 1.7154174 | AB52: 3.3152509 | AC52: 1.6737038
A53: Switzerland | B53: 16.806173 | C53: 0.85731734 | D53: 8.1054775 | E53: 0.7274634 | F53: 13.694123 | G53: 0.75951879 | H53: 9.1222299 | I53: 0.67933581 | J53: 19.97581 | K53: 1.1021652 | L53: 7.79017 | M53: 0.64950952 | N53: 23.634059 | O53: 1.0843286 | P53: 8.0996138 | Q53: 0.67818 | R53: 6.8278861 | S53: 1.6374614 | T53: -0.0058637504 | U53: 1.0924163 | V53: 9.9399357 | W53: 1.6508235 | X53: -1.0226161 | Y53: 1.0856684 | Z53: 3.6582484 | AA53: 1.8968732 | AB53: 0.30944377 | AC53: 1.0921009
A54: Turkey | B54: 24.505821 | C54: 1.3896072 | D54: 1.8753197 | E54: 0.38328175 | F54: 21.634246 | G54: 1.4291499 | H54: 4.3477775 | I54: 0.85435587 | J54: 39.975222 | K54: 1.9963103 | L54: 0.58091478 | M54: 0.22740091 | N54: 26.132252 | O54: 1.0467363 | P54: 3.3271569 | Q54: 0.5048907 | R54: 1.6264313 | S54: 2.6109118 | T54: 1.4518372 | U54: 0.63943571 | V54: 4.4980063 | W54: 2.8363898 | X54: -1.0206206 | Y54: 0.99695176 | Z54: -13.84297 | AA54: 3.3334084 | AB54: 2.746242 | AC54: 0.56384921
A55: United Kingdom | B55: 18.440514 | C55: 0.75822121 | D55: 8.0342092 | E55: 0.51063791 | F55: 16.624642 | G55: 1.2961437 | H55: 8.7811549 | I55: 0.73669357 | J55: 17.879547 | K55: 0.86489445 | L55: 9.1763294 | M55: 0.63559783 | N55: 17.303096 | O55: 0.89484614 | P55: 11.451355 | Q55: 0.76350534 | R55: -1.1374186 | S55: 1.4773266 | T55: 3.4171462 | U55: 1.0490326 | V55: 0.6784538 | W55: 1.8660554 | X55: 2.6702003 | Y55: 1.2027836 | Z55: -0.57645118 | AA55: 1.6591566 | AB55: 2.2750258 | AC55: 1.1722416
A56: United States* | B56: 17.618288 | C56: 1.0527284 | D56: 9.8596589 | E56: 0.92013674 | F56: 16.604084 | G56: 1.263002 | H56: 7.9207947 | I56: 0.67072394 | J56: 18.990447 | K56: 1.1402976 | L56: 9.5899053 | M56: 0.73644833 | N56: 19.265843 | O56: 1.1070886 | P56: 13.54037 | Q56: 0.85936045 | R56: 1.647555 | S56: 1.6693901 | T56: 3.680711 | U56: 1.4519486 | V56: 2.6617587 | W56: 1.8474129 | X56: 5.619575 | Y56: 1.3657779 | Z56: 0.27539521 | AA56: 1.8036094 | AB56: 3.9504647 | AC56: 1.4533792
A57: OECD average-35a | B57: 19.439619 | C57: 0.18389862 | D57: 7.3346529 | E57: 0.10811914 | F57: 18.925066 | G57: 0.18579958 | H57: 8.0946437 | I57: 0.1155802 | J57: 20.906069 | K57: 0.17594891 | L57: 8.1163086 | M57: 0.10453853 | N57: 22.612277 | O57: 0.16210532 | P57: 8.7784279 | Q57: 0.10075088 | R57: 3.1726577 | S57: 1.0919135 | T57: 1.4437751 | U57: 0.51866102 | V57: 3.6872103 | W57: 1.2256039 | X57: 0.68378419 | Y57: 0.58059418 | Z57: 1.7062072 | AA57: 1.3472245 | AB57: 0.66211933 | AC57: 0.63446587
A58: OECD average-36a | B58: m | C58: m | D58: m | E58: m | F58: 18.940765 | G58: 0.18308527 | H58: 8.0230565 | I58: 0.11364699 | J58: 20.951447 | K58: 0.17348081 | L58: 8.092081 | M58: 0.10286857 | N58: 22.640359 | O58: 0.16011784 | P58: 8.7404551 | Q58: 0.098919986 | R58: m | S58: m | T58: m | U58: m | V58: 3.6995945 | W58: 1.21714 | X58: 0.71739864 | Y58: 0.57746494 | Z58: 1.6889126 | AA58: 1.3382133 | AB58: 0.64837414 | AC58: 0.63111615
A59: Partners
A60: Albania | B60: 56.66824 | C60: 1.8689657 | D60: 0.165714 | E60: 0.11295385 | F60: 52.335438 | G60: 1.2767072 | H60: 1.1781624 | I60: 0.24886286 | J60: 50.27727 | K60: 1.9177522 | L60: 0.9602223 | M60: 0.22991759 | N60: 52.235682 | O60: 1.0898319 | P60: 0.37496415 | Q60: 0.099197312 | R60: -4.4325581 | S60: 4.0107799 | T60: 0.20925015 | U60: 0.1503363 | V60: -0.099756077 | W60: 4.1801157 | X60: -0.80319828 | Y60: 0.26791024 | Z60: 1.9584123 | AA60: 4.7693892 | AB60: -0.58525813 | AC60: 0.25041181
A61: Argentina | B61: 51.579511 | C61: 1.9276981 | D61: 0.98267305 | E61: 0.23998104 | F61: 53.564766 | G61: 1.7297455 | H61: 0.54268219 | I61: 0.14070844 | J61: m | K61: m | L61: m | M61: m | N61: 52.116353 | O61: 1.3453155 | P61: 0.70413118 | Q61: 0.15567981 | R61: 0.53684223 | S61: 3.1960096 | T61: -0.27854186 | U61: 0.28620663 | V61: -1.448413 | W61: 3.2643754 | X61: 0.161449 | Y61: 0.21011153 | Z61: m | AA61: m | AB61: m | AC61: m
A62: Baku (Azerbaijan) | B62: m | C62: m | D62: m | E62: m | F62: m | G62: m | H62: m | I62: m | J62: m | K62: m | L62: m | M62: m | N62: 60.448494 | O62: 1.2967352 | P62: 0.14145893 | Q62: 0.12102082 | R62: m | S62: m | T62: m | U62: m | V62: m | W62: m | X62: m | Y62: m | Z62: m | AA62: m | AB62: m | AC62: m
A63: Belarus | B63: m | C63: m | D63: m | E63: m | F63: m | G63: m | H63: m | I63: m | J63: m | K63: m | L63: m | M63: m | N63: 23.410274 | O63: 1.0357953 | P63: 3.9488828 | Q63: 0.41616394 | R63: m | S63: m | T63: m | U63: m | V63: m | W63: m | X63: m | Y63: m | Z63: m | AA63: m | AB63: m | AC63: m
A64: Bosnia and Herzegovina | B64: m | C64: m | D64: m | E64: m | F64: m | G64: m | H64: m | I64: m | J64: m | K64: m | L64: m | M64: m | N64: 53.675068 | O64: 1.6423301 | P64: 0.21115894 | Q64: 0.069402239 | R64: m | S64: m | T64: m | U64: m | V64: m | W64: m | X64: m | Y64: m | Z64: m | AA64: m | AB64: m | AC64: m
A65: Brazil | B65: 49.556627 | C65: 1.2761283 | D65: 1.3073735 | E65: 0.22278933 | F65: 50.770986 | G65: 1.0802439 | H65: 0.49817828 | I65: 0.10976322 | J65: 50.992092 | K65: 1.130766 | L65: 1.4491837 | M65: 0.2459988 | N65: 49.953882 | O65: 0.90360917 | P65: 1.8266442 | Q65: 0.24007862 | R65: 0.39725569 | S65: 2.3574309 | T65: 0.51927066 | U65: 0.32850426 | V65: -0.81710356 | W65: 2.4512582 | X65: 1.3284659 | Y65: 0.26554325 | Z65: -1.03821 | AA65: 2.6449695 | AB65: 0.37746045 | AC65: 0.34522104
A66: Brunei Darussalam | B66: m | C66: m | D66: m | E66: m | F66: m | G66: m | H66: m | I66: m | J66: m | K66: m | L66: m | M66: m | N66: 51.802489 | O66: 0.60639647 | P66: 1.3218378 | Q66: 0.21754958 | R66: m | S66: m | T66: m | U66: m | V66: m | W66: m | X66: m | Y66: m | Z66: m | AA66: m | AB66: m | AC66: m
A67: B-S-J-Z (China) | B67: m | C67: m | D67: m | E67: m | F67: m | G67: m | H67: m | I67: m | J67: m | K67: m | L67: m | M67: m | N67: 5.167804 | O67: 0.60979603 | P67: 21.739185 | Q67: 1.1113575 | R67: m | S67: m | T67: m | U67: m | V67: m | W67: m | X67: m | Y67: m | Z67: m | AA67: m | AB67: m | AC67: m
A68: Bulgaria | B68: 40.987349 | C68: 2.6118377 | D68: 2.7816738 | E68: 0.5064092 | F68: 39.390831 | G68: 2.2109966 | H68: 4.3285715 | I68: 0.640192 | J68: 41.469456 | K68: 1.9918215 | L68: 3.5746688 | M68: 0.46729705 | N68: 47.102802 | O68: 1.6861566 | P68: 2.3399874 | Q68: 0.35633577 | R68: 6.1154528 | S68: 3.5354877 | T68: -0.44168648 | U68: 0.62022346 | V68: 7.7119713 | W68: 3.369606 | X68: -1.9885842 | Y68: 0.73384416 | Z68: 5.6333466 | AA68: 3.3478389 | AB68: -1.2346814 | AC68: 0.58942652
A69: Costa Rica | B69: 32.622051 | C69: 1.4951705 | D69: 0.78066224 | E69: 0.26663252 | F69: 32.382685 | G69: 1.8067047 | H69: 0.55971312 | I69: 0.19051049 | J69: 40.30577 | K69: 1.4417274 | L69: 0.67567081 | M69: 0.18275204 | N69: 41.964855 | O69: 1.6229006 | P69: 0.62949899 | Q69: 0.16351913 | R69: 9.342804 | S69: 3.7591116 | T69: -0.15116325 | U69: 0.31340718 | V69: 9.5821695 | W69: 4.2071123 | X69: 0.069785863 | Y69: 0.25197792 | Z69: 1.6590856 | AA69: 4.3576121 | AB69: -0.046171822 | AC69: 0.24631271
A70: Croatia | B70: 22.435371 | C70: 1.2691038 | D70: 3.1914087 | E70: 0.42933213 | F70: 18.697353 | G70: 1.2858084 | H70: 4.4010815 | I70: 0.68733382 | J70: 19.86588 | K70: 1.135285 | L70: 5.8820523 | M70: 0.54259333 | N70: 21.57884 | O70: 1.1598911 | P70: 4.7053924 | Q70: 0.47197173 | R70: -0.85653055 | S70: 2.1098495 | T70: 1.5139837 | U70: 0.6636132 | V70: 2.8814876 | W70: 2.2144535 | X70: 0.30431092 | Y70: 0.85875541 | Z70: 1.7129605 | AA70: 2.2219098 | AB70: -1.1766599 | AC70: 0.75430155
A71: Cyprus | B71: m | C71: m | D71: m | E71: m | F71: 32.759726 | G71: 0.67277182 | H71: 3.9654734 | I71: 0.31832554 | J71: 35.626163 | K71: 0.85490661 | L71: 3.0532499 | M71: 0.34429932 | N71: 43.707897 | O71: 0.71665768 | P71: 1.7937966 | Q71: 0.21114745 | R71: m | S71: m | T71: m | U71: m | V71: 10.948171 | W71: 2.2335558 | X71: -2.1716769 | Y71: 0.38608435 | Z71: 8.0817337 | AA71: 2.4742079 | AB71: -1.2594533 | AC71: 0.40837693
A72: Dominican Republic | B72: m | C72: m | D72: m | E72: m | F72: m | G72: m | H72: m | I72: m | J72: 72.135456 | K72: 1.4616115 | L72: 0.077125428 | M72: 0.054512384 | N72: 79.05941 | O72: 1.2866755 | P72: 0.09658657 | Q72: 0.058888319 | R72: m | S72: m | T72: m | U72: m | V72: m | W72: m | X72: m | Y72: m | Z72: 6.923954 | AA72: 2.3958068 | AB72: 0.019461142 | AC72: 0.080247633
A73: Georgia | B73: 61.97367 | C73: 1.2549461 | D73: 0.3288348 | E73: 0.099690535 | F73: m | G73: m | H73: m | I73: m | J73: 51.658052 | K73: 1.2712948 | L73: 1.1468865 | M73: 0.23293927 | N73: 64.376267 | O73: 1.1125534 | P73: 0.23564916 | Q73: 0.10436158 | R73: 2.4025965 | S73: 2.917172 | T73: -0.093185641 | U73: 0.14433536 | V73: m | W73: m | X73: m | Y73: m | Z73: 12.718215 | AA73: 3.4208312 | AB73: -0.9112373 | AC73: 0.25525874
A74: Hong Kong (China)* | B74: 8.289359 | C74: 0.69061084 | D74: 12.423167 | E74: 0.75355888 | F74: 6.7899885 | G74: 0.71638482 | H74: 16.810728 | I74: 1.1573916 | J74: 9.2910156 | K74: 0.75838782 | L74: 11.556045 | M74: 0.86045253 | N74: 12.597969 | O74: 0.76302113 | P74: 14.808666 | Q74: 0.72726218 | R74: 4.3086095 | S74: 1.07113 | T74: 2.3854988 | U74: 1.4006871 | V74: 5.8079801 | W74: 1.0990381 | X74: -2.0020616 | Y74: 1.7264578 | Z74: 3.306953 | AA74: 1.1390061 | AB74: 3.2526214 | AC74: 1.6318337
A75: Indonesia | B75: 53.421901 | C75: 2.2764304 | D75: 0.016355367 | E75: 0.026821309 | F75: 55.245916 | G75: 2.1814545 | H75: 0.080506884 | I75: 0.06352 | J75: 55.37815 | K75: 1.4924617 | L75: 0.15236559 | M75: 0.09220436 | N75: 69.908264 | O75: 1.4245702 | P75: 0.061126255 | Q75: 0.039793917 | R75: 16.486362 | S75: 3.6814148 | T75: 0.044770889 | U75: 0.047988974 | V75: 14.662349 | W75: 3.8550894 | X75: -0.019380629 | Y75: 0.074955657 | Z75: 14.530114 | AA75: 3.757267 | AB75: -0.091239333 | AC75: 0.10042513
A76: Jordan | B76: 48.031833 | C76: 1.600708 | D76: 0.23855278 | E76: 0.08651496 | F76: 50.714839 | G76: 1.5660943 | H76: 0.14603255 | I76: 0.1268605 | J76: 46.297274 | K76: 1.4047044 | L76: 0.2836807 | M76: 0.09946198 | N76: 41.225405 | O76: 1.4049518 | P76: 0.27281466 | Q76: 0.094609795 | R76: -6.8064289 | S76: 3.7850556 | T76: 0.034261879 | U76: 0.12826568 | V76: -9.4894342 | W76: 4.0977449 | X76: 0.12678212 | Y76: 0.15831551 | Z76: -5.0718694 | AA76: 4.3174195 | AB76: -0.010866041 | AC76: 0.137354
A77: Kazakhstan | B77: 58.697094 | C77: 1.4977299 | D77: 0.35862 | E77: 0.11853202 | F77: 57.054896 | G77: 1.5643878 | H77: 0.029776203 | I77: 0.029192463 | J77: m | K77: m | L77: m | M77: m | N77: 64.189705 | O77: 0.73053207 | P77: 0.3926254 | Q77: 0.082118086 | R77: 5.4926114 | S77: 3.5253057 | T77: 0.034005396 | U77: 0.1442419 | V77: 7.1348085 | W77: 3.9013495 | X77: 0.36284921 | Y77: 0.087243751 | Z77: m | AA77: m | AB77: m | AC77: m
A78: Kosovo | B78: m | C78: m | D78: m | E78: m | F78: m | G78: m | H78: m | I78: m | J78: 76.85021 | K78: 0.89093055 | L78: 0 | M78: c | N78: 78.746305 | O78: 0.6453964 | P78: 0.00092257837 | Q78: 0.0042265763 | R78: m | S78: m | T78: m | U78: m | V78: m | W78: m | X78: m | Y78: m | Z78: 1.8960944 | AA78: 2.904331 | AB78: 0.00092257839 | AC78: 0.0042270878
A79: Lebanon | B79: m | C79: m | D79: m | E79: m | F79: m | G79: m | H79: m | I79: m | J79: 70.37067 | K79: 1.632644 | L79: 0.84176918 | M79: 0.25053321 | N79: 67.769511 | O79: 1.5242364 | P79: 0.71092852 | Q79: 0.15923901 | R79: m | S79: m | T79: m | U79: m | V79: m | W79: m | X79: m | Y79: m | Z79: -2.6011586 | AA79: 2.4801686 | AB79: -0.13084066 | AC79: 0.29693779
A80: Macao (China) | B80: 14.878791 | C80: 0.5235667 | D80: 2.8751804 | E80: 0.23907422 | F80: 11.456626 | G80: 0.42301923 | H80: 6.982757 | I80: 0.40841021 | J80: 11.668387 | K80: 0.45193504 | L80: 6.6638088 | M80: 0.54726607 | N80: 10.80324 | O80: 0.53248942 | P80: 13.772461 | Q80: 0.6402455 | R80: -4.0755506 | S80: 0.87478536 | T80: 10.897281 | U80: 0.9960627 | V80: -0.65338516 | W80: 0.85131413 | X80: 6.7897038 | Y80: 1.1323571 | Z80: -0.86514634 | AA80: 0.89907849 | AB80: 7.1086521 | AC80: 1.2628335
A81: Malaysia | B81: 43.96701 | C81: 1.5687473 | D81: 0.10744624 | E81: 0.076670929 | F81: 52.721609 | G81: 1.7148583 | H81: 0.12007269 | I81: 0.061057535 | J81: m | K81: m | L81: m | M81: m | N81: 45.832799 | O81: 1.407874 | P81: 0.48414354 | Q81: 0.18128801 | R81: 1.8657889 | S81: 3.6500583 | T81: 0.3766973 | U81: 0.19687147 | V81: -6.8888097 | W81: 3.991267 | X81: 0.36407086 | Y81: 0.19134299 | Z81: m | AA81: m | AB81: m | AC81: m
A82: Malta | B82: 36.31259 | C82: 0.69054011 | D82: 4.4369504 | E82: 0.38542595 | F82: m | G82: m | H82: m | I82: m | J82: 35.551967 | K82: 0.83570683 | L82: 5.6299141 | M82: 0.42397343 | N82: 35.885902 | O82: 0.81843458 | P82: 5.3350236 | Q82: 0.48209311 | R82: -0.42668846 | S82: 1.5798312 | T82: 0.89807314 | U82: 0.62922066 | V82: m | W82: m | X82: m | Y82: m | Z82: 0.33393502 | AA82: 1.877704 | AB82: -0.29489055 | AC82: 0.65974236
A83: Moldova | B83: 57.230334 | C83: 1.4556071 | D83: 0.13738756 | E83: 0.092554846 | F83: m | G83: m | H83: m | I83: m | J83: 45.786295 | K83: 1.1428583 | L83: 1.2450933 | M83: 0.22791583 | N83: 42.999747 | O83: 1.1471327 | P83: 1.0129082 | Q83: 0.28464885 | R83: -14.230588 | S83: 2.8834269 | T83: 0.87552065 | U83: 0.29968995 | V83: m | W83: m | X83: m | Y83: m | Z83: -2.7865479 | AA83: 3.1831419 | AB83: -0.23218513 | AC83: 0.36519945
A84: Montenegro | B84: 49.549713 | C84: 0.97367801 | D84: 0.60697709 | E84: 0.16882022 | F84: 43.298218 | G84: 0.74954342 | H84: 0.96485486 | I84: 0.1883753 | J84: 41.88217 | K84: 0.72652242 | L84: 1.3823455 | M84: 0.28233738 | N84: 44.4194 | O84: 0.6906913 | P84: 0.77511648 | Q84: 0.22337636 | R84: -5.1303134 | S84: 2.9462683 | T84: 0.1681394 | U84: 0.28044182 | V84: 1.1211821 | W84: 3.1927431 | X84: -0.18973838 | Y84: 0.29274061 | Z84: 2.5372298 | AA84: 3.4866855 | AB84: -0.60722905 | AC84: 0.36054048
A85: Morocco | B85: m | C85: m | D85: m | E85: m | F85: m | G85: m | H85: m | I85: m | J85: m | K85: m | L85: m | M85: m | N85: 73.30959 | O85: 1.6191443 | P85: 0.0064265079 | Q85: 0.013428791 | R85: m | S85: m | T85: m | U85: m | V85: m | W85: m | X85: m | Y85: m | Z85: m | AA85: m | AB85: m | AC85: m
A86: North Macedonia | B86: m | C86: m | D86: m | E86: m | F86: m | G86: m | H86: m | I86: m | J86: 70.676824 | K86: 0.7290417 | L86: 0.18102512 | M86: 0.090992262 | N86: 55.136549 | O86: 0.72945839 | P86: 0.34831882 | Q86: 0.15196934 | R86: m | S86: m | T86: m | U86: m | V86: m | W86: m | X86: m | Y86: m | Z86: -15.540275 | AA86: 2.8854468 | AB86: 0.16729371 | AC86: 0.17714442
A87: Panama | B87: 65.255573 | C87: 2.5980032 | D87: 0.54508328 | E87: 0.22649703 | F87: m | G87: m | H87: m | I87: m | J87: m | K87: m | L87: m | M87: m | N87: 64.310326 | O87: 1.4164061 | P87: 0.21162844 | Q87: 0.093534928 | R87: -0.94524652 | S87: 3.6562762 | T87: -0.33345485 | U87: 0.24505115 | V87: m | W87: m | X87: m | Y87: m | Z87: m | AA87: m | AB87: m | AC87: m
A88: Peru | B88: 64.768265 | C88: 1.7025583 | D88: 0.48676255 | E88: 0.20942145 | F88: 59.877544 | G88: 1.9507941 | H88: 0.47084979 | I88: 0.20806621 | J88: 53.902432 | K88: 1.494558 | L88: 0.30144724 | M88: 0.10174395 | N88: 54.309498 | O88: 1.3364531 | P88: 0.78148375 | Q88: 0.19316004 | R88: -10.458766 | S88: 2.9014583 | T88: 0.29472122 | U88: 0.28523877 | V88: -5.5680461 | W88: 3.2271662 | X88: 0.31063396 | Y88: 0.28430927 | Z88: 0.40706614 | AA88: 3.15855 | AB88: 0.4800365 | AC88: 0.21892187
A89: Philippines | B89: m | C89: m | D89: m | E89: m | F89: m | G89: m | H89: m | I89: m | J89: m | K89: m | L89: m | M89: m | N89: 80.622711 | O89: 1.4169927 | P89: 0.052596476 | Q89: 0.042273691 | R89: m | S89: m | T89: m | U89: m | V89: m | W89: m | X89: m | Y89: m | Z89: m | AA89: m | AB89: m | AC89: m
A90: Qatar | B90: 63.459108 | C90: 0.46496768 | D90: 1.7239873 | E90: 0.15862202 | F90: 57.14825 | G90: 0.42494049 | H90: 1.6374286 | I90: 0.14311429 | J90: 51.573922 | K90: 0.49025407 | L90: 1.555092 | M90: 0.17378746 | N90: 50.895033 | O90: 0.43376179 | P90: 2.6086909 | Q90: 0.15501306 | R90: -12.564075 | S90: 1.6953799 | T90: 0.88470358 | U90: 0.22569793 | V90: -6.2532167 | W90: 1.877341 | X90: 0.97126222 | Y90: 0.21605127 | Z90: -0.67888933 | AA90: 2.0679526 | AB90: 1.0535989 | AC90: 0.23833682
A91: Romania | B91: 40.399739 | C91: 2.0174077 | D91: 0.71572959 | E91: 0.17292466 | F91: 37.263927 | G91: 1.8675729 | H91: 1.620754 | I91: 0.37975255 | J91: 38.714808 | K91: 1.8582109 | L91: 1.995842 | M91: 0.39125376 | N91: 40.838355 | O91: 2.1520813 | P91: 1.4321802 | Q91: 0.31508886 | R91: 0.43861568 | S91: 3.4895747 | T91: 0.71645063 | U91: 0.36111405 | V91: 3.5744281 | W91: 3.5351818 | X91: -0.18857378 | Y91: 0.49494669 | Z91: 2.1235468 | AA91: 3.6574378 | AB91: -0.56366181 | AC91: 0.5040589
A92: Russia | B92: 27.369455 | C92: 1.3419334 | D92: 3.150116 | E92: 0.48251393 | F92: 22.299296 | G92: 1.2908531 | H92: 4.6297 | I92: 0.57655445 | J92: 16.238227 | K92: 1.1966878 | L92: 6.6549565 | M92: 0.59862326 | N92: 22.093362 | O92: 1.2241825 | P92: 5.4323274 | Q92: 0.51875705 | R92: -5.276093 | S92: 2.2067924 | T92: 2.2822113 | U92: 0.74199831 | V92: -0.20593376 | W92: 2.2661767 | X92: 0.80262744 | Y92: 0.8139075 | Z92: 5.855135 | AA92: 2.303453 | AB92: -1.2226291 | AC92: 0.83646464
A93: Saudi Arabia | B93: m | C93: m | D93: m | E93: m | F93: m | G93: m | H93: m | I93: m | J93: m | K93: m | L93: m | M93: m | N93: 52.355343 | O93: 1.4586782 | P93: 0.11291099 | Q93: 0.066353106 | R93: m | S93: m | T93: m | U93: m | V93: m | W93: m | X93: m | Y93: m | Z93: m | AA93: m | AB93: m | AC93: m
A94: Serbia | B94: 32.816589 | C94: 1.2544609 | D94: 0.81204379 | E94: 0.16284852 | F94: 33.127565 | G94: 1.657635 | H94: 2.2242723 | I94: 0.41184195 | J94: m | K94: m | L94: m | M94: m | N94: 37.704123 | O94: 1.5196604 | P94: 2.5478027 | Q94: 0.31980163 | R94: 4.8875332 | S94: 2.6778226 | T94: 1.7357589 | U94: 0.36256936 | V94: 4.5765576 | W94: 3.0273533 | X94: 0.32353032 | Y94: 0.52496821 | Z94: m | AA94: m | AB94: m | AC94: m
A95: Singapore | B95: 12.481052 | C95: 0.47296914 | D95: 15.696259 | E95: 0.52252725 | F95: 9.8665016 | G95: 0.41520592 | H95: 21.19852 | I95: 0.59877629 | J95: 11.149294 | K95: 0.52422709 | L95: 18.359353 | M95: 0.69702837 | N95: 11.247216 | O95: 0.47800268 | P95: 25.820101 | Q95: 0.69183689 | R95: -1.2338365 | S95: 0.71251035 | T95: 10.123842 | U95: 1.8337047 | V95: 1.3807141 | W95: 0.68564183 | X95: 4.6215811 | Y95: 2.0365701 | Z95: 0.097922228 | AA95: 0.76659995 | AB95: 7.4607482 | AC95: 2.2242959
A96: Chinese Taipei | B96: 15.644718 | C96: 0.86769779 | D96: 5.1875612 | E96: 0.84802522 | F96: 11.496723 | G96: 0.8707842 | H96: 11.789434 | I96: 0.83651536 | J96: 17.210475 | K96: 0.82489115 | L96: 6.9384621 | M96: 0.77030884 | N96: 17.81438 | O96: 0.81191145 | P96: 10.907689 | Q96: 0.80804285 | R96: 2.1696618 | S96: 1.4021256 | T96: 5.7201281 | U96: 1.3447502 | V96: 6.3176565 | W96: 1.4576932 | X96: -0.88174444 | Y96: 1.3817431 | Z96: 0.60390431 | AA96: 1.4816777 | AB96: 3.9692271 | AC96: 1.3822845
A97: Thailand | B97: 42.869458 | C97: 1.5301209 | D97: 0.29094986 | E97: 0.15752872 | F97: 32.969412 | G97: 1.396906 | H97: 0.82044548 | I97: 0.22199062 | J97: 49.978941 | K97: 1.7632024 | L97: 0.31586067 | M97: 0.1172483 | N97: 59.544753 | O97: 1.7363954 | P97: 0.18444078 | Q97: 0.069841179 | R97: 16.675295 | S97: 3.7016296 | T97: -0.10650908 | U97: 0.17232865 | V97: 26.57534 | W97: 3.9413512 | X97: -0.63600469 | Y97: 0.2327287 | Z97: 9.5658121 | AA97: 4.3583798 | AB97: -0.13141988 | AC97: 0.13649449
A98: Ukraine | B98: m | C98: m | D98: m | E98: m | F98: m | G98: m | H98: m | I98: m | J98: m | K98: m | L98: m | M98: m | N98: 25.906134 | O98: 1.4380063 | P98: 3.4159822 | Q98: 0.48160514 | R98: m | S98: m | T98: m | U98: m | V98: m | W98: m | X98: m | Y98: m | Z98: m | AA98: m | AB98: m | AC98: m
A99: United Arab Emirates | B99: 39.828889 | C99: 1.1797416 | D99: 2.3082002 | E99: 0.29610965 | F99: 35.52812 | G99: 1.0804487 | H99: 2.2187543 | I99: 0.29011315 | J99: 40.405125 | K99: 1.2034241 | L99: 2.9699413 | M99: 0.34737322 | N99: 42.94025 | O99: 0.80581369 | P99: 4.815231 | Q99: 0.27978009 | R99: 3.1113608 | S99: 1.9690382 | T99: 2.5070307 | U99: 0.42530417 | V99: 7.4121299 | W99: 2.0403342 | X99: 2.5964768 | Y99: 0.42608961 | Z99: 2.5351245 | AA99: 2.2297559 | AB99: 1.8452897 | AC99: 0.47107953
A100: Uruguay | B100: 41.907714 | C100: 1.1609276 | D100: 1.7508518 | E100: 0.26636981 | F100: 47.046185 | G100: 1.418453 | H100: 0.94135606 | I100: 0.26640571 | J100: 39.012224 | K100: 1.1102211 | L100: 2.5220205 | M100: 0.39911793 | N100: 41.883546 | O100: 1.2764015 | P100: 1.5446509 | Q100: 0.25335716 | R100: -0.024168147 | S100: 2.8510218 | T100: -0.20620091 | U100: 0.37143648 | V100: -5.1626391 | W100: 3.1863298 | X100: 0.60329485 | Y100: 0.37236503 | Z100: 2.8713219 | AA100: 3.2762911 | AB100: -0.97736955 | AC100: 0.47720093
A101: Viet Nam | B101: m | C101: m | D101: m | E101: m | F101: 9.4153104 | G101: 1.4349158 | H101: 4.5470545 | I101: 0.81400058 | J101: 13.84335 | K101: 1.4469606 | L101: 2.6596876 | M101: 0.70955652 | N101: m | O101: m | P101: m | Q101: m | R101: m | S101: m | T101: m | U101: m | V101: m | W101: m | X101: m | Y101: m | Z101: m | AA101: m | AB101: m | AC101: m
A107: Information on data for Cyprus: https://oe.cd/cyprus-disclaimer
A108: Notes: Values that are statistically significant are indicated in bold (see Annex A3).
A109: Costa Rica, Georgia, Malta and Moldova conducted the PISA 2009 assessment in 2010 as part of PISA 2009+.
A110: *Hong Kong (China), Netherlands, Portugal and United States: PISA 2018 Data did not meet the PISA technical standards but were accepted as largely comparable (see Annexes A2 and A4).
A111: ** See note under Table I.B1.2 for Spain.

Sheet Table I.B1.8
A1: PISA 2018 Results (Volume I) - © OECD 2019
A2: Annex B1 | B2: Annex B1 Results for countries and economies
A3: Version 3+1 - Last updated: 24-Jul-2020
A4: Disclaimer: http://oe.cd/disclaimer
A6: Annex B1 | B6: Annex B1 Results for countries and economies
A7: Version 3 - Last updated: 02-Dec-2019
A8: Disclaimer: http://oe.cd/disclaimer
A10: Table I.B1.8
A11: Percentage of low achievers and top performers in mathematics, 2003 through 2018
B16: Proficiency level in PISA 2003 | F16: Proficiency level in PISA 2006 | J16: Proficiency level in PISA 2009 | N16: Proficiency level in PISA 2012 | R16: Proficiency level in PISA 2015 | V16: Proficiency level in PISA 2018 | Z16: Change between 2003 and 2018 (PISA 2018 - PISA 2003) | AD16: Change between 2006 and 2018 (PISA 2018 - PISA 2006) | AH16: Change between 2009 and 2018 (PISA 2018 - PISA 2009) | AL16: Change between 2012 and 2018 (PISA 2018 - PISA 2012) | AP16: Change between 2015 and 2018 (PISA 2018 - PISA 2015)
B17: Below Level 2 (less than 420.07 score points) | D17: Level 5 or above (at or above 606.99 score points) | F17: Below Level 2 (less than 420.07 score points) | H17: Level 5 or above (at or above 606.99 score points) | J17: Below Level 2 (less than 420.07 score points) | L17: Level 5 or above (at or above 606.99 score points) | N17: Below Level 2 (less than 420.07 score points) | P17: Level 5 or above (at or above 606.99 score points) | R17: Below Level 2 (less than 420.07 score points) | T17: Level 5 or above (at or above 606.99 score points) | V17: Below Level 2 (less than 420.07 score points) | X17: Level 5 or above (at or above 606.99 score points) | Z17: Below Level 2 (less than 420.07 score points) | AB17: Level 5 or above (at or above 606.99 score points) | AD17: Below Level 2 (less than 420.07 score points) | AF17: Level 5 or above (at or above 606.99 score points) | AH17: Below Level 2 (less than 420.07 score points) | AJ17: Level 5 or above (at or above 606.99 score points) | AL17: Below Level 2 (less than 420.07 score points) | AN17: Level 5 or above (at or above 606.99 score points) | AP17: Below Level 2 (less than 420.07 score points) | AR17: Level 5 or above (at or above 606.99 score points)
B18: % | C18: S.E. | D18: % | E18: S.E. | F18: % | G18: S.E. | H18: % | I18: S.E. | J18: % | K18: S.E. | L18: % | M18: S.E. | N18: % | O18: S.E. | P18: % | Q18: S.E. | R18: % | S18: S.E. | T18: % | U18: S.E. | V18: % | W18: S.E. | X18: % | Y18: S.E. | Z18: % dif. | AA18: S.E. | AB18: % dif. | AC18: S.E. | AD18: % dif. | AE18: S.E. | AF18: % dif. | AG18: S.E. | AH18: % dif. | AI18: S.E. | AJ18: % dif. | AK18: S.E. | AL18: % dif. | AM18: S.E. | AN18: % dif. | AO18: S.E. | AP18: % dif. | AQ18: S.E. | AR18: % dif. | AS18: S.E.
A19: OECD
A20: Australia | B20: 14.342598 | C20: 0.69812208 | D20: 19.77513 | E20: 0.7566145 | F20: 12.967195 | G20: 0.57425206 | H20: 16.419279 | I20: 0.79127477 | J20: 15.873553 | K20: 0.6721884 | L20: 16.425737 | M20: 0.9125155 | N20: 19.667146 | O20: 0.60102558 | P20: 14.809722 | Q20: 0.63997289 | R20: 21.974472 | S20: 0.61120851 | T20: 11.341968 | U20: 0.62058391 | V20: 22.433123 | W20: 0.6797466 | X20: 10.463107 | Y20: 0.53895935 | Z20: 8.0905247 | AA20: 1.2287263 | AB20: -9.3120232 | AC20: 0.98942173 | AD20: 9.4659281 | AE20: 1.3288817 | AF20: -5.9561715 | AG20: 1.0517958 | AH20: 6.5595698 | AI20: 1.5578706 | AJ20: -5.9626293 | AK20: 1.1887882 | AL20: 2.7659771 | AM20: 1.4194087 | AN20: -4.3466148 | AO20: 0.96448678 | AP20: 0.45865059 | AQ20: 1.0430554 | AR20: -0.87886077 | AS20: 0.85679537
A21: Austria | B21: 18.76984 | C21: 1.1715089 | D21: 14.282491 | E21: 0.9774158 | F21: 19.999992 | G21: 1.3955312 | H21: 15.78835 | I21: 0.97883013 | J21: m | K21: m | L21: m | M21: m | N21: 18.654929 | O21: 0.95585145 | P21: 14.288272 | Q21: 0.94503468 | R21: 21.751385 | S21: 1.0832623 | T21: 12.462963 | U21: 0.87109905 | V21: 21.078877 | W21: 1.1826522 | X21: 12.558373 | Y21: 0.82145348 | Z21: 2.3090377 | AA21: 1.7874241 | AB21: -1.724118 | AC21: 1.3770677 | AD21: 1.0788859 | AE21: 2.0211704 | AF21: -3.2299769 | AG21: 1.445945 | AH21: m | AI21: m | AJ21: m | AK21: m | AL21: 2.423949 | AM21: 1.7960455 | AN21: -1.7298995 | AO21: 1.4590279 | AP21: -0.67250729 | AQ21: 1.6617172 | AR21: 0.095410123 | AS21: 1.2476013
A22: Belgium | B22: 16.497473 | C22: 0.77615193 | D22: 26.443525 | E22: 0.82645265 | F22: 17.34389 | G22: 1.0458989 | H22: 22.343631 | I22: 0.83213919 | J22: 19.051175 | K22: 0.82404473 | L22: 20.370384 | M22: 0.73597955 | N22: 18.96319 | O22: 0.8239696 | P22: 19.544511 | Q22: 0.76392489 | R22: 20.062661 | S22: 0.95676698 | T22: 15.851867 | U22: 0.66876345 | V22: 19.661926 | W22: 0.88617681 | X22: 15.731814 | Y22: 0.87315918 | Z22: 3.164453 | AA22: 1.2906003 | AB22: -10.711711 | AC22: 1.374536 | AD22: 2.3180358 | AE22: 1.5383474 | AF22: -6.6118178 | AG22: 1.4893682 | AH22: 0.6107505 | AI22: 1.4941925 | AJ22: -4.6385703 | AK22: 1.5825992 | AL22: 0.69873571 | AM22: 1.4372311 | AN22: -3.8126976 | AO22: 1.5131226 | AP22: -0.40073562 | AQ22: 1.3519036 | AR22: -0.12005306 | AS22: 1.1893564
A23: Canada | B23: 10.120309 | C23: 0.49946899 | D23: 20.298751 | E23: 0.72899567 | F23: 10.786609 | G23: 0.62450974 | H23: 17.933739 | I23: 0.74276855 | J23: 11.476333 | K23: 0.52772344 | L23: 18.280139 | M23: 0.57813652 | N23: 13.828946 | O23: 0.54864444 | P23: 16.39589 | Q23: 0.64110855 | R23: 14.362718 | S23: 0.70373705 | T23: 15.059643 | U23: 0.76244588 | V23: 16.261189 | W23: 0.72440231 | X23: 15.329228 | Y23: 0.6976074 | Z23: 6.1408796 | AA23: 1.1048231 | AB23: -4.9695234 | AC23: 1.2502724 | AD23: 5.4745793 | AE23: 1.2797663 | AF23: -2.604511 | AG23: 1.39046 | AH23: 4.7848558 | AI23: 1.3792915 | AJ23: -2.9509113 | AK23: 1.4795222 | AL23: 2.4322424 | AM23: 1.304664 | AN23: -1.066662 | AO23: 1.4075674 | AP23: 1.8984712 | AQ23: 1.1130919 | AR23: 0.2695846 | AS23: 1.1534907
A24: Chile | B24: m | C24: m | D24: m | E24: m | F24: 55.130888 | G24: 2.2383809 | H24: 1.4646816 | I24: 0.3641111 | J24: 51.025088 | K24: 1.7438055 | L24: 1.3225871 | M24: 0.3489938 | N24: 51.542357 | O24: 1.6706672 | P24: 1.5808539 | Q24: 0.22102194 | R24: 49.352971 | S24: 1.2807341 | T24: 1.3960763 | U24: 0.21294653 | V24: 51.908559 | W24: 1.3184183 | X24: 1.2262613 | Y24: 0.18061685 | Z24: m | AA24: m | AB24: m | AC24: m | AD24: -3.2223294 | AE24: 3.6530948 | AF24: -0.23842031 | AG24: 0.40664259 | AH24: 0.88347065 | AI24: 3.8455791 | AJ24: -0.096325822 | AK24: 0.39327481 | AL24: 0.36620194 | AM24: 3.5435569 | AN24: -0.35459262 | AO24: 0.28576949 | AP24: 2.5555882 | AQ24: 2.3106787 | AR24: -0.16981496 | AS24: 0.27931121
A25: Colombia | B25: m | C25: m | D25: m | E25: m | F25: 71.896195 | G25: 1.611119 | H25: 0.40731208 | I25: 0.18666166 | J25: 70.44726 | K25: 1.5914551 | L25: 0.11571471 | M25: 0.062572818 | N25: 73.817016 | O25: 1.4268681 | P25: 0.30150239 | Q25: 0.10652789 | R25: 66.286734 | S25: 1.1825354 | T25: 0.31382201 | U25: 0.10685697 | V25: 65.386795 | W25: 1.5652711 | X25: 0.51583548 | Y25: 0.14443933 | Z25: m | AA25: m | AB25: m | AC25: m | AD25: -6.5093999 | AE25: 3.3813682 | AF25: 0.10852341 | AG25: 0.2360521 | AH25: -5.0604644 | AI25: 3.7944696 | AJ25: 0.40012076 | AK25: 0.15749718 | AL25: -8.4302216 | AM25: 3.4792817 | AN25: 0.21433309 | AO25: 0.17952888 | AP25: -0.89993906 | AQ25: 2.4055922 | AR25: 0.20201348 | AS25: 0.17967983
A26: Czech Republic | B26: 16.567015 | C26: 1.2636509 | D26: 18.276268 | E26: 1.1661184 | F26: 19.161004 | G26: 1.236613 | H26: 18.288455 | I26: 1.2222264 | J26: 22.332846 | K26: 1.1395186 | L26: 11.637152 | M26: 0.86999168 | N26: 20.963109 | O26: 1.1950107 | P26: 12.876922 | Q26: 0.82095186 | R26: 21.691032 | S26: 1.0710418 | T26: 10.363709 | U26: 0.77881804 | V26: 20.38508 | W26: 1.1032037 | X26: 12.667511 | Y26: 0.72012875 | Z26: 3.8180656 | AA26: 1.8541815 | AB26: -5.608757 | AC26: 1.446515 | AD26: 1.2240764 | AE26: 1.9382423 | AF26: -5.620944 | AG26: 1.5419831 | AH26: -1.9477659 | AI26: 2.0145485 | AJ26: 1.0303597 | AK26: 1.3550467 | AL26: -0.57802898 | AM26: 1.9660172 | AN26: -0.20941097 | AO26: 1.2800275 | AP26: -1.3059515 | AQ26: 1.6359597 | AR26: 2.3038023 | AS26: 1.1075745
A27: Denmark | B27: 15.407098 | C27: 0.84019492 | D27: 15.917362 | E27: 0.92072994 | F27: 13.633971 | G27: 1.0078087 | H27: 13.715429 | I27: 0.75200436 | J27: 17.053594 | K27: 0.91682041 | L27: 11.565251 | M27: 0.8094035 | N27: 16.840637 | O27: 0.983339 | P27: 9.9730921 | Q27: 0.65613685 | R27: 13.571963 | S27: 0.85380798 | T27: 11.662245 | U27: 0.73260604 | V27: 14.571193 | W27: 0.6415787 | X27: 11.628363 | Y27: 0.70113607 | Z27: -0.8359049 | AA27: 1.1585423 | AB27: -4.2889991 | AC27: 1.27853 | AD27: 0.93722242 | AE27: 1.341888 | AF27: -2.0870657 | AG27: 1.2421198 | AH27: -2.4824009 | AI27: 1.3556519 | AJ27: 0.063112535 | AK27: 1.3762461 | AL27: -2.2694438 | AM27: 1.3540785 | AN27: 1.6552712 | AO27: 1.2335322 | AP27: 0.99922991 | AQ27: 1.1191199 | AR27: -0.033882082 | AS27: 1.0858712
A28: Estonia | B28: m | C28: m | D28: m | E28: m | F28: 12.078762 | G28: 1.0196123 | H28: 12.539762 | I28: 0.83605233 | J28: 12.637697 | K28: 0.88194245 | L28: 12.077603 | M28: 0.81564262 | N28: 10.544483 | O28: 0.63183789 | P28: 14.598589 | Q28: 0.76204514 | R28: 11.217656 | S28: 0.71367697 | T28: 14.193201 | U28: 0.80764873 | V28: 10.216416 | W28: 0.64249674 | X28: 15.485679 | Y28: 0.76763226 | Z28: m | AA28: m | AB28: m | AC28: m | AD28: -1.8623461 | AE28: 1.4266791 | AF28: 2.9459171 | AG28: 1.5441267 | AH28: -2.4212809 | AI28: 1.426047 | AJ28: 3.408076 | AK28: 1.7081239 | AL28: -0.32806718 | AM28: 1.2252748 | AN28: 0.88708985 | AO28: 1.579764 | AP28: -1.0012399 | AQ28: 1.0595435 | AR28: 1.2924781 | AS28: 1.2408111
A29: Finland | B29: 6.7591712 | C29: 0.49923626 | D29: 23.385577 | E29: 0.83071881 | F29: 5.9522269 | G29: 0.62004152 | H29: 24.42864 | I29: 1.0028698 | J29: 7.8460352 | K29: 0.53509353 | L29: 21.656341 | M29: 0.91127805 | N29: 12.267883 | O29: 0.67171419 | P29: 15.252106 | Q29: 0.74233563 | R29: 13.563981 | S29: 0.83182542 | T29: 11.677298 | U29: 0.69868559 | V29: 14.975535 | W29: 0.74105588 | X29: 11.125458 | Y29: 0.62263176 | Z29: 8.2163639 | AA29: 1.0970539 | AB29: -12.260119 | AC29: 1.1389378 | AD29: 9.0233078 | AE29: 1.2752529 | AF29: -13.303182 | AG29: 1.3312665 | AH29: 7.1294999 | AI29: 1.3835977 | AJ29: -10.530883 | AK29: 1.3441541 | AL29: 2.7076521 | AM29: 1.3641206 | AN29: -4.1266484 | AO29: 1.1833503 | AP29: 1.4115543 | AQ29: 1.1984117 | AR29: -0.5518406 | AS29: 0.98806703
A30: France | B30: 16.631019 | C30: 1.1385553 | D30: 15.114279 | E30: 0.90292009 | F30: 22.255524 | G30: 1.3349195 | H30: 12.499338 | I30: 0.8660894 | J30: 22.524318 | K30: 1.2509281 | L30: 13.679884 | M30: 0.95600513 | N30: 22.354353 | O30: 0.87398463 | P30: 12.891396 | Q30: 0.7683713 | R30: 23.477942 | S30: 0.92518003 | T30: 11.444118 | U30: 0.69497452 | V30: 21.255632 | W30: 0.81860156 | X30: 11.024516 | Y30: 0.75780544 | Z30: 4.6246133 | AA30: 1.5080794 | AB30: -4.0897627 | AC30: 1.2559036 | AD30: -0.99989229 | AE30: 1.7239226 | AF30: -1.4748219 | AG30: 1.279174 | AH30: -1.2686865 | AI30: 1.7498523 | AJ30: -2.6553674 | AK30: 1.3982706 | AL30: -1.0987213 | AM30: 1.441932 | AN30: -1.8668792 | AO30: 1.2401823 | AP30: -2.2223098 | AQ30: 1.2897413 | AR30: -0.41960159 | AS30: 1.0723405
A31: Germany | B31: 21.604328 | C31: 1.201603 | D31: 16.219298 | E31: 0.92125037 | F31: 19.869174 | G31: 1.3811861 | H31: 15.439729 | I31: 1.0091574 | J31: 18.618096 | K31: 1.1045233 | L31: 17.847831 | M31: 0.91885089 | N31: 17.738672 | O31: 1.0344159 | P31: 17.455524 | Q31: 0.94144074 | R31: 17.190972 | S31: 1.001063 | T31: 12.943369 | U31: 0.78143901 | V31: 21.096616 | W31: 1.0666055 | X31: 13.319845 | Y31: 0.79495809 | Z31: -0.50771207 | AA31: 1.7004466 | AB31: -2.8994536 | AC31: 1.3667431 | AD31: 1.2274424 | AE31: 1.8888533 | AF31: -2.119884 | AG31: 1.5204114 | AH31: 2.4785206 | AI31: 1.7835755 | AJ31: -4.5279856 | AK31: 1.5860608 | AL31: 3.3579443 | AM31: 1.690291 | AN31: -4.1356797 | AO31: 1.5273435 | AP31: 3.9056444 | AQ31: 1.5099601 | AR31: 0.3764753 | AS31: 1.1925415
A32: Greece | B32: 38.942923 | C32: 1.8615695 | D32: 3.9943422 | E32: 0.56519477 | F32: 32.339694 | G32: 1.3804699 | H32: 5.0488114 | I32: 0.48833208 | J32: 30.318429 | K32: 1.7668683 | L32: 5.7283848 | M32: 0.58469333 | N32: 35.689205 | O32: 1.3435853 | P32: 3.902227 | Q32: 0.43139871 | R32: 35.75653 | S32: 1.7671591 | T32: 3.9250468 | U32: 0.47841798 | V32: 35.838919 | W32: 1.4731295 | X32: 3.7440018 | Y32: 0.4870062 | Z32: -3.1040044 | AA32: 2.6963592 | AB32: -0.25034034 | AC32: 0.75455254 | AD32: 3.4992247 | AE32: 2.5942397 | AF32: -1.3048096 | AG32: 0.70410144 | AH32: 5.5204897 | AI32: 3.0526328 | AJ32: -1.9843829 | AK32: 0.78045261 | AL32: 0.14971317 | AM32: 2.6785107 | AN32: -0.15822515 | AO32: 0.66880161 | AP32: 0.082388237 | AQ32: 2.4680283 | AR32: -0.18104495 | AS32: 0.68713892
A33: Hungary | B33: 23.000117 | C33: 1.0422021 | D33: 10.679372 | E33: 0.89951061 | F33: 21.172872 | G33: 1.0578826 | H33: 10.339839 | I33: 0.930117 | J33: 22.308326 | K33: 1.4771832 | L33: 10.09362 | M33: 1.0650279 | N33: 28.061691 | O33: 1.312318 | P33: 9.2641767 | Q33: 1.1181751 | R33: 27.957265 | S33: 1.150223 | T33: 8.1425783 | U33: 0.6412178 | V33: 25.642942 | W33: 1.0138781 | X33: 7.9671408 | Y33: 0.69246745 | Z33: 2.6428246 | AA33: 1.8050128 | AB33: -2.7122314 | AC33: 1.1835639 | AD33: 4.4700699 | AE33: 2.0080333 | AF33: -2.3726983 | AG33: 1.2333204 | AH33: 3.3346157 | AI33: 2.4624808 | AJ33: -2.1264787 | AK33: 1.3715451 | AL33: -2.4187491 | AM33: 2.2388194 | AN33: -1.2970359 | AO33: 1.3935211 | AP33: -2.3143232 | AQ33: 1.7174748 | AR33: -0.17543748 | AS33: 0.97391957
A34: Iceland | B34: 15.001856 | C34: 0.67455754 | D34: 15.465916 | E34: 0.66540139 | F34: 16.818303 | G34: 0.77032423 | H34: 12.651259 | I34: 0.69617753 | J34: 16.953741 | K34: 0.63580365 | L34: 13.588159 | M34: 0.59291236 | N34: 21.476193 | O34: 0.73876533 | P34: 11.151812 | Q34: 0.69051401 | R34: 23.615071 | S34: 1.0120544 | T34: 10.317325 | U34: 0.78465911 | V34: 20.689195 | W34: 0.96113782 | X34: 10.385583 | Y34: 0.61408969 | Z34: 5.6873388 | AA34: 1.3966209 | AB34: -5.0803337 | AC34: 1.0206164 | AD34: 3.870892 | AE34: 1.5747433 | AF34: -2.265677 | AG34: 1.0982366 | AH34: 3.7354538 | AI34: 1.6697816 | AJ34: -3.2025766 | AK34: 1.1127874 | AL34: -0.7869975 | AM34: 1.6188654 | AN34: -0.76622903 | AO34: 1.1229713 | AP34: -2.9258757 | AQ34: 1.4926347 | AR34: 0.068257354 | AS34: 1.0533431
A35: Ireland | B35: 16.809782 | C35: 0.96847871 | D35: 11.36235 | E35: 0.79463051 | F35: 16.415526 | G35: 1.2189213 | H35: 10.243706 | I35: 0.78479015 | J35: 20.813083 | K35: 0.97185117 | L35: 6.6573609 | M35: 0.64709525 | N35: 16.896697 | O35: 0.99181665 | P35: 10.653084 | Q35: 0.53798848 | R35: 14.977269 | S35: 0.88645402 | T35: 9.8150105 | U35: 0.57949915 | V35: 15.686936 | W35: 0.82230493 | X35: 8.2289893 | Y35: 0.66517309 | Z35: -1.1228462 | AA35: 1.5099136 | AB35: -3.1333609 | AC35: 1.1032208 | AD35: -0.72858977 | AE35: 1.7889047 | AF35: -2.0147164 | AG35: 1.1414523 | AH35: -5.1261473 | AI35: 1.7665416 | AJ35: 1.5716283 | AK35: 1.1124923 | AL35: -1.2097607 | AM35: 1.6980562 | AN35: -2.4240949 | AO35: 1.0158721 | AP35: 0.70966727 | AQ35: 1.3542222 | AR35: -1.5860212 | AS35: 0.91927576
A36: Israel | B36: m | C36: m | D36: m | E36: m | F36: 41.975233 | G36: 1.7216355 | H36: 6.0616823 | I36: 0.57653914 | J36: 39.453244 | K36: 1.3383615 | L36: 5.8701044 | M36: 0.66350726 | N36: 33.502175 | O36: 1.6807538 | P36: 9.3671157 | Q36: 0.98816699 | R36: 32.127197 | S36: 1.3694517 | T36: 8.9309541 | U36: 0.88891677 | V36: 34.095223 | W36: 1.3971128 | X36: 8.8067055 | Y36: 0.64611875 | Z36: m | AA36: m | AB36: m | AC36: m | AD36: -7.8800092 | AE36: 2.3549747 | AF36: 2.7450233 | AG36: 0.94247311 | AH36: -5.3580203 | AI36: 2.1795578 | AJ36: 2.9366012 | AK36: 1.0379707 | AL36: 0.59304875 | AM36: 2.3565087 | AN36: -0.56041014 | AO36: 1.2508038 | AP36: 1.9680266 | AQ36: 2.0007598 | AR36: -0.12424858 | AS36: 1.1158845
A37: Italy | B37: 31.934393 | C37: 1.4689852 | D37: 7.0265349 | E37: 0.471306 | F37: 32.823242 | G37: 0.89235014 | H37: 6.2224449 | I37: 0.51686047 | J37: 24.930274 | K37: 0.63281137 | L37: 8.9612019 | M37: 0.49618705 | N37: 24.668931 | O37: 0.76262696 | P37: 9.9231588 | Q37: 0.57483197 | R37: 23.251624 | S37: 1.0640424 | T37: 10.516271 | U37: 0.799535 | V37: 23.823296 | W37: 1.1121601 | X37: 9.5391763 | Y37: 0.82574091 | Z37: -8.1110973 | AA37: 2.0681615 | AB37: 2.5126414 | AC37: 1.0182829 | AD37: -8.9999466 | AE37: 1.8581212 | AF37: 3.3167315 | AG37: 1.0814674 | AH37: -1.1069782 | AI37: 1.9383949 | AJ37: 0.57797438 | AK37: 1.1271935 | AL37: -0.84563565 | AM37: 1.8787413 | AN37: -0.38398254 | AO37: 1.1309571 | AP37: 0.57167178 | AQ37: 1.6773777 | AR37: -0.97709429 | AS37: 1.1774572
A38: Japan | B38: 13.318968 | C38: 1.1730395 | D38: 24.287107 | E38: 1.5440815 | F38: 13.044947 | G38: 1.1345062 | H38: 18.298139 | I38: 1.0269907 | J38: 12.478242 | K38: 1.0265057 | L38: 20.880514 | M38: 1.2440781 | N38: 11.062302 | O38: 0.97794113 | P38: 23.67061 | Q38: 1.4561245 | R38: 10.692155 | S38: 0.80541024 | T38: 20.345101 | U38: 1.2585308 | V38: 11.454876 | W38: 0.75788837 | X38: 18.340743 | Y38: 1.0551093 | Z38: -1.8640926 | AA38: 1.4261166 | AB38: -5.9463639 | AC38: 2.0775499 | AD38: -1.5900717 | AE38: 1.4138089 | AF38: 0.042604111 | AG38: 1.8760178 | AH38: -1.0233661 | AI38: 1.3571959 | AJ38: -2.5397708 | AK38: 2.1709194 | AL38: 0.39257377 | AM38: 1.3037015 | AN38: -5.3298669 | AO38: 2.2049148 | AP38: 0.762721 | AQ38: 1.1250106 | AR38: -2.0043578 | AS38: 1.7595371
A39: Korea | B39: 9.5194727 | C39: 0.8179094 | D39: 24.771997 | E39: 1.4010885 | F39: 8.8550616 | G39: 1.0274157 | H39: 27.059479 | I39: 1.5479415 | J39: 8.1253626 | K39: 1.0150337 | L39: 25.56805 | M39: 1.5951565 | N39: 9.1331068 | O39: 0.94592172 | P39: 30.901404 | Q39: 1.8343777 | R39: 15.462885 | S39: 1.056351 | T39: 20.898614 | U39: 1.3343471 | V39: 14.998527 | W39: 0.89922257 | X39: 21.382558 | Y39: 1.1117426 | Z39: 5.479054 | AA39: 1.2607621 | AB39: -3.3894389 | AC39: 2.0469389 | AD39: 6.143465 | AE39: 1.4345964 | AF39: -5.6769209 | AG39: 2.281347 | AH39: 6.8731642 | AI39: 1.4662718 | AJ39: -4.1854925 | AK39: 2.4821169 | AL39: 5.8654199 | AM39: 1.39674 | AN39: -9.5188456 | AO39: 2.5465631 | AP39: -0.46435845 | AQ39: 1.4042468 | AR39: 0.48394382 | AS39: 1.8760672
A40: Latvia | B40: 23.729488 | C40: 1.4446326 | D40: 7.9707601 | E40: 0.83076845 | F40: 20.700048 | G40: 1.2087845 | H40: 6.5807183 | I40: 0.57193541 | J40: 22.559545 | K40: 1.4160651 | L40: 5.7028134 | M40: 0.56748446 | N40: 19.942837 | O40: 1.1283829 | P40: 7.9874131 | Q40: 0.77807301 | R40: 21.432931 | S40: 1.0106698 | T40: 5.1567849 | U40: 0.4236954 | V40: 17.316731 | W40: 1.0124456 | X40: 8.4875564 | Y40: 0.5883618 | Z40: -6.4127569 | AA40: 1.9253224 | AB40: 0.51679635 | AC40: 1.0888026 | AD40: -3.3833165 | AE40: 1.8625588 | AF40: 1.9068381 | AG40: 0.95385307 | AH40: -5.2428141 | AI40: 2.1318443 | AJ40: 2.7847431 | AK40: 1.0140162 | AL40: -2.626106 | AM40: 1.870608 | AN40: 0.50014335 | AO40: 1.1124995 | AP40: -4.1162 | AQ40: 1.5265599 | AR40: 3.3307714 | AS40: 0.77522916
A41: Lithuania | B41: m | C41: m | D41: m | E41: m | F41: 22.953315 | G41: 1.111578 | H41: 9.0865429 | I41: 0.88177556 | J41: 26.332611 | K41: 1.1935 | L41: 6.975828 | M41: 0.68641189 | N41: 26.018306 | O41: 1.1753886 | P41: 8.0610968 | Q41: 0.60297828 | R41: 25.409034 | S41: 1.0738144 | T41: 6.930806 | U41: 0.66458709 | V41: 25.63644 | W41: 0.92214726 | X41: 8.4321271 | Y41: 0.51017395 | Z41: m | AA41: m | AB41: m | AC41: m | AD41: 2.683125 | AE41: 1.9154155 | AF41: -0.65441579 | AG41: 1.0651779 | AH41: -0.69617164 | AI41: 2.1482346 | AJ41: 1.4562991 | AK41: 0.94356358 | AL41: -0.38186616 | AM41: 2.0322855 | AN41: 0.37103024 | AO41: 0.86347997 | AP41: 0.22740586 | AQ41: 1.5766895 | AR41: 1.5013211 | AS41: 0.85115099
A42: Luxembourg | B42: 21.713007 | C42: 0.59890578 | D42: 10.835589 | E42: 0.56460798 | F42: 22.791873 | G42: 0.61046444 | H42: 10.584252 | I42: 0.51972417 | J42: 23.922164 | K42: 0.61089046 | L42: 11.353405 | M42: 0.64840896 | N42: 24.331377 | O42: 0.54089545 | P42: 11.230688 | Q42: 0.42028476 | R42: 25.819452 | S42: 0.69213224 | T42: 9.9891179 | U42: 0.51718758 | V42: 27.217595 | W42: 0.70424002 | X42: 10.811993 | Y42: 0.55667353 | Z42: 5.5045881 | AA42: 1.2593839 | AB42: -0.023596294 | AC42: 0.85954356 | AD42: 4.4257221 | AE42: 1.4425594 | AF42: 0.22774075 | AG42: 0.87514883 | AH42: 3.2954304 | AI42: 1.6499673 | AJ42: -0.54141253 | AK42: 1.0096849 | AL42: 2.8862181 | AM42: 1.5050514 | AN42: -0.41869554 | AO42: 0.84354246 | AP42: 1.3981429 | AQ42: 1.1465062 | AR42: 0.82287461 | AS42: 0.79442728
A43: Mexico | B43: 65.922697 | C43: 1.7221334 | D43: 0.37731891 | E43: 0.098006492 | F43: 56.499585 | G43: 1.3419939 | H43: 0.83522503 | I43: 0.19884377 | J43: 50.796493 | K43: 0.9556453 | L43: 0.70755787 | M43: 0.12431546 | N43: 54.712199 | O43: 0.82015343 | P43: 0.62755481 | Q43: 0.077227727 | R43: 56.641376 | S43: 1.3079645 | T43: 0.3309889 | U43: 0.10403886 | V43: 56.246444 | W43: 1.3890613 | X43: 0.50773773 | Y43: 0.12795583 | Z43: -9.6762533 | AA43: 2.921109 | AB43: 0.13041882 | AC43: 0.16120289 | AD43: -0.25314081 | AE43: 3.1549206 | AF43: -0.32748729 | AG43: 0.2364855 | AH43: 5.4499516 | AI43: 3.5816092 | AJ43: -0.19982015 | AK43: 0.17846209 | AL43: 1.5342453 | AM43: 3.2233877 | AN43: -0.11981708 | AO43: 0.14951167 | AP43: -0.39493188 | AQ43: 2.3053122 | AR43: 0.17674884 | AS43: 0.16492653
A44: Netherlands* | B44: 10.906233 | C44: 1.1357993 | D44: 25.502659 | E44: 1.3304016 | F44: 11.528089 | G44: 1.020164 | H44: 21.141286 | I44: 1.0609094 | J44: 13.416185 | K44: 1.4405537 | L44: 19.855096 | M44: 1.5166825 | N44: 14.793547 | O44: 1.2772981 | P44: 19.250788 | Q44: 1.2059876 | R44: 16.731969 | S44: 0.88648481 | T44: 15.536497 | U44: 0.78325448 | V44: 15.750631 | W44: 1.0825935 | X44: 18.420596 | Y44: 0.9651271 | Z44: 4.844398 | AA44: 1.6062959 | AB44: -7.0820637 | AC44: 1.8339615 | AD44: 4.2225418 | AE44: 1.553924 | AF44: -2.7206905 | AG44: 1.7766137 | AH44: 2.334446 | AI44: 1.8887367 | AJ44: -1.4345003 | AK44: 2.2121778 | AL44: 0.95708364 | AM44: 1.7482601 | AN44: -0.83019209 | AO44: 1.9250154 | AP44: -0.98133862 | AQ44: 1.4177437 | AR44: 2.8840988 | AS44: 1.3686768
A45: New Zealand | B45: 15.069011 | C45: 0.83914935 | D45: 20.680318 | E45: 0.73553628 | F45: 14.035119 | G45: 0.84410083 | H45: 18.923654 | I45: 0.89376982 | J45: 15.409222 | K45: 0.8608573 | L45: 18.887212 | M45: 0.8828437 | N45: 22.644085 | O45: 0.80446326 | P45: 15.000811 | Q45: 0.87717147 | R45: 21.6328 | S45: 1.0189359 | T45: 11.390385 | U45: 0.71292498 | V45: 21.778843 | W45: 0.79672686 | X45: 11.551002 | Y45: 0.5237164 | Z45: 6.7098322 | AA45: 1.4635574 | AB45: -9.1293163 | AC45: 1.0365903 | AD45: 7.7437239 | AE45: 1.635686 | AF45: -7.3726516 | AG45: 1.2241347 | AH45: 6.3696208 | AI45: 1.8484385 | AJ45: -7.3362107 | AK45: 1.3063688 | AL45: -0.86524218 | AM45: 1.7033854 | AN45: -3.4498093 | AO45: 1.2498103 | AP45: 0.14604259 | AQ45: 1.4293935 | AR45: 0.16061729 | AS45: 0.95353234
A46: Norway | B46: 20.841055 | C46: 1.0089027 | D46: 11.389083 | E46: 0.64628428 | F46: 22.237733 | G46: 1.2062395 | H46: 10.422026 | I46: 0.74678037 | J46: 18.177775 | K46: 0.91933838 | L46: 10.21719 | M46: 0.70706247 | N46: 22.309037 | O46: 1.0630998 | P46: 9.3994874 | Q46: 0.67284754 | R46: 17.076525 | S46: 0.77060344 | T46: 10.643602 | U46: 0.66669766 | V46: 18.86593 | W46: 0.83585039 | X46: 12.183313 | Y46: 0.70897887 | Z46: -1.9751254 | AA46: 1.4236555 | AB46: 0.79423004 | AC46: 1.0671786 | AD46: -3.371803 | AE46: 1.6364737 | AF46: 1.7612875 | AG46: 1.1974063 | AH46: 0.68815511 | AI46: 1.53816 | AJ46: 1.9661231 | AK46: 1.2544413 | AL46: -3.4431074 | AM46: 1.572226 | AN46: 2.7838261 | AO46: 1.1864917 | AP46: 1.7894049 | AQ46: 1.1986316 | AR46: 1.5397111 | AS46: 1.0260768
A47: Poland | B47: 22.046647 | C47: 1.0675391 | D47: 10.070899 | E47: 0.56210727 | F47: 19.844338 | G47: 0.87610473 | H47: 10.62188 | I47: 0.77288208 | J47: 20.487395 | K47: 1.0568908 | L47: 10.388423 | M47: 0.87062728 | N47: 14.386605 | O47: 0.88675191 | P47: 16.735596 | Q47: 1.333028 | R47: 17.193981 | S47: 1.0038117 | T47: 12.193019 | U47: 0.87723877 | V47: 14.719671 | W47: 0.78481996 | X47: 15.783632 | Y47: 1.0093364 | Z47: -7.3269758 | AA47: 1.400898 | AB47: 5.7127333 | AC47: 1.3046751 | AD47: -5.1246672 | AE47: 1.3141447 | AF47: 5.1617517 | AG47: 1.4850266 | AH47: -5.767724 | AI47: 1.5059576 | AJ47: 5.3952084 | AK47: 1.6314385 | AL47: 0.33306652 | AM47: 1.3497134 | AN47: -0.95196456 | AO47: 1.8704147 | AP47: -2.4743094 | AQ47: 1.3125541 | AR47: 3.5906126 | AS47: 1.4039941
A48: Portugal* | B48: 30.067773 | C48: 1.7342402 | D48: 5.3744034 | E48: 0.46505351 | F48: 30.716229 | G48: 1.4814535 | H48: 5.6931666 | I48: 0.51204031 | J48: 23.717071 | K48: 1.1180803 | L48: 9.6319193 | M48: 0.83538983 | N48: 24.906079 | O48: 1.5201566 | P48: 10.633824 | Q48: 0.79204343 | R48: 23.76472 | S48: 0.95438211 | T48: 11.426756 | U48: 0.69893772 | V48: 23.281121 | W48: 1.0405706 | X48: 11.608692 | Y48: 0.74269502 | Z48: -6.7866516 | AA48: 2.1061831 | AB48: 6.2342887 | AC48: 0.95126969 | AD48: -7.4351082 | AE48: 1.9682739 | AF48: 5.9155254 | AG48: 1.0198781 | AH48: -0.43595055 | AI48: 1.8045235 | AJ48: 1.9767729 | AK48: 1.2704389 | AL48: -1.6249582 | AM48: 2.0303252 | AN48: 0.97486812 | AO48: 1.2078491 | AP48: -0.48359913 | AQ48: 1.4685558 | AR48: 0.18193585 | AS48: 1.0519929
A49: Slovak Republic | B49: 19.947128 | C49: 1.4086993 | D49: 12.685316 | E49: 0.8581583 | F49: 20.868848 | G49: 1.0408914 | H49: 10.967912 | I49: 0.93566004 | J49: 21.026224 | K49: 1.1649044 | L49: 12.699222 | M49: 0.98931441 | N49: 27.463861 | O49: 1.28206 | P49: 10.966643 | Q49: 0.93879303 | R49: 27.713555 | S49: 1.1919105 | T49: 7.8331881 | U49: 0.6441228 | V49: 25.088413 | W49: 1.0826185 | X49: 10.749997 | Y49: 0.68667846 | Z49: 5.1412845 | AA49: 1.9092506 | AB49: -1.9353187 | AC49: 1.1685264 | AD49: 4.2195644 | AE49: 1.7495215 | AF49: -0.21791483 | AG49: 1.2705848 | AH49: 4.0621891 | AI49: 1.9339799 | AJ49: -1.9492246 | AK49: 1.3661343 | AL49: -2.375448 | AM49: 1.9482279 | AN49: -0.21664619 | AO49: 1.2969191 | AP49: -2.6251419 | AQ49: 1.6852572 | AR49: 2.9168091 | AS49: 0.97827548
A50: Slovenia | B50: m | C50: m | D50: m | E50: m | F50: 17.664605 | G50: 0.74727091 | H50: 13.668729 | I50: 0.63552874 | J50: 20.345662 | K50: 0.54519945 | L50: 14.206699 | M50: 0.56734284 | N50: 20.08658 | O50: 0.6461592 | P50: 13.713468 | Q50: 0.55140687 | R50: 16.113778 | S50: 0.58344456 | T50: 13.470401 | U50: 0.67789572 | V50: 16.433806 | W50: 0.63889697 | X50: 13.602888 | Y50: 0.71858254 | Z50: m | AA50: m | AB50: m | AC50: m | AD50: -1.2307994 | AE50: 1.1267051 | AF50: -0.065840691 | AG50: 1.2108604 | AH50: -3.9118562 | AI50: 1.0928661 | AJ50: -0.60381097 | AK50: 1.2857066 | AL50: -3.6527748 | AM50: 1.0945801 | AN50: -0.11057994 | AO50: 1.2138225 | AP50: 0.32002759 | AQ50: 0.90841824 | AR50: 0.13248728 | AS50: 1.0617725
A51: Spain** | B51: 22.96656 | C51: 0.98501691 | D51: 7.9398464 | E51: 0.67163351 | F51: 24.692192 | G51: 1.0689873 | H51: 7.2303184 | I51: 0.51186522 | J51: 23.731479 | K51: 0.8283077 | L51: 8.04998 | M51: 0.46177497 | N51: 23.605404 | O51: 0.84842893 | P51: 8.0005381 | Q51: 0.42589081 | R51: 22.195366 | S51: 0.96991295 | T51: 7.2452469 | U51: 0.61899838 | V51: 24.695471 | W51: 0.61634627 | X51: 7.280107 | Y51: 0.40826726 | Z51: 1.7289114 | AA51: 1.5248336 | AB51: -0.65973943 | AC51: 0.83652812 | AD51: 0.0032792997 | AE51: 1.7703949 | AF51: 0.049788591 | AG51: 0.75014985 | AH51: 0.96399212 | AI51: 1.8743788 | AJ51: -0.76987302 | AK51: 0.76404303 | AL51: 1.090067 | AM51: 1.7445319 | AN51: -0.72043109 | AO51: 0.71461111 | AP51: 2.5001049 | AQ51: 1.334633 | AR51: 0.034860123 | AS51: 0.76834768
A52: Sweden | B52: 17.274288 | C52: 0.87380188 | D52: 15.78279 | E52: 0.83392784 | F52: 18.312901 | G52: 0.98385497 | H52: 12.616854 | I52: 0.6821811 | J52: 21.075498 | K52: 1.0398476 | L52: 11.38267 | M52: 0.83303734 | N52: 27.071916 | O52: 1.1209509 | P52: 8.010919 | Q52: 0.52237202 | R52: 20.837454 | S52: 1.2043688 | T52: 10.397151 | U52: 0.86233667 | V52: 18.807944 | W52: 1.0296123 | X52: 12.595902 | Y52: 0.77316136 | Z52: 1.5336556 | AA52: 1.4691998 | AB52: -3.1868877 | AC52: 1.2233328 | AD52: 0.49504316 | AE52: 1.6102375 | AF52: -0.020952133 | AG52: 1.1897556 | AH52: -2.2675538 | AI52: 1.7372113 | AJ52: 1.2132318 | AK52: 1.365461 | AL52: -8.2639723 | AM52: 1.7332114 | AN52: 4.5849833 | AO52: 1.1438886 | AP52: -2.0295105 | AQ52: 1.6313 | AR52: 2.1987514 | AS52: 1.1973579
A53: Switzerland | B53: 14.532495 | C53: 0.81640826 | D53: 21.213699 | E53: 1.4916078 | F53: 13.526021 | G53: 0.8666405 | H53: 22.639297 | I53: 1.1656745 | J53: 13.470622 | K53: 0.83837385 | L53: 24.121023 | M53: 1.3618689 | N53: 12.44278 | O53: 0.69843759 | P53: 21.368189 | Q53: 1.1860998 | R53: 15.780087 | S53: 1.027994 | T53: 19.246687 | U53: 1.0453971 | V53: 16.828023 | W53: 0.93774714 | X53: 16.958569 | Y53: 1.0333193 | Z53: 2.2955277 | AA53: 1.3430033 | AB53: -4.2551298 | AC53: 1.8855493 | AD53: 3.3020022 | AE53: 1.4368755 | AF53: -5.6807284 | AG53: 1.6968529 | AH53: 3.3574011 | AI53: 1.5065644 | AJ53: -7.1624546 | AK53: 1.9069792 | AL53: 4.3852425 | AM53: 1.379617 | AN53: -4.4096203 | AO53: 1.7414626 | AP53: 1.0479357 | AQ53: 1.4347873 | AR53: -2.2881184 | AS53: 1.5089548
A54: Turkey | B54: 52.226905 | C54: 2.565871 | D54: 5.4823494 | E54: 1.5718402 | F54: 52.093718 | G54: 1.7870734 | H54: 4.1823345 | I54: 1.1759177 | J54: 42.148382 | K54: 1.8205892 | L54: 5.6406949 | M54: 1.2151483 | N54: 41.980189 | O54: 1.9314301 | P54: 5.8696841 | Q54: 1.1295754 | R54: 51.382509 | S54: 2.170549 | T54: 1.1277408 | U54: 0.35969281 | V54: 36.659221 | W54: 1.0774924 | X54: 4.7657883 | Y54: 0.58980272 | Z54: -15.567684 | AA54: 3.3416512 | AB54: -0.71656114 | AC54: 1.6815808 | AD54: -15.434497 | AE54: 3.1363637 | AF54: 0.58345383 | AG54: 1.3215212 | AH54: -5.4891615 | AI54: 3.5647438 | AJ54: -0.87490666 | AK54: 1.3597819 | AL54: -5.3209686 | AM54: 3.3909857 | AN54: -1.1038958 | AO54: 1.2818871 | AP54: -14.723289 | AQ54: 2.7523158 | AR54: 3.6380475 | AS54: 0.69386184
A55: United Kingdom | B55: m | C55: m | D55: m | E55: m | F55: 19.753656 | G55: 0.83731738 | H55: 11.119312 | I55: 0.60344738 | J55: 20.183971 | K55: 0.90333093 | L55: 9.8497831 | M55: 0.70610396 | N55: 21.812783 | O55: 1.2983378 | P55: 11.831161 | Q55: 0.80911731 | R55: 21.867058 | S55: 1.0137066 | T55: 10.642209 | U55: 0.68905004 | V55: 19.229357 | W55: 0.89568036 | X55: 12.862375 | Y55: 0.79443393 | Z55: m | AA55: m | AB55: m | AC55: m | AD55: -0.52429807 | AE55: 1.5805811 | AF55: 1.7430629 | AG55: 1.1200889 | AH55: -0.95461321 | AI55: 1.7760882 | AJ55: 3.0125916 | AK55: 1.2477453 | AL55: -2.5834253 | AM55: 1.9225013 | AN55: 1.031214 | AO55: 1.2704949 | AP55: -2.6377001 | AQ55: 1.4565552 | AR55: 2.2201655 | AS55: 1.0802479
A56: United States* | B56: 25.711932 | C56: 1.1606603 | D56: 10.079841 | E56: 0.73759903 | F56: 28.13587 | G56: 1.7227131 | H56: 7.6203456 | I56: 0.79801883 | J56: 23.393884 | K56: 1.3446111 | L56: 9.9161517 | M56: 0.97267967 | N56: 25.845888 | O56: 1.3924426 | P56: 8.771702 | Q56: 0.78293844 | R56: 29.378824 | S56: 1.4411977 | T56: 5.9058217 | U56: 0.70338936 | V56: 27.108445 | W56: 1.3755495 | X56: 8.2620045 | Y56: 0.79878604 | Z56: 1.3965126 | AA56: 2.0829282 | AB56: -1.8178368 | AC56: 1.1254348 | AD56: -1.0274249 | AE56: 2.564255 | AF56: 0.64165896 | AG56: 1.1891984 | AH56: 3.7145612 | AI56: 2.5023682 | AJ56: -1.6541473 | AK56: 1.3392768 | AL56: 1.262557 | AM56: 2.4249899 | AN56: -0.50969744 | AO56: 1.1905435 | AP56: -2.2703786 | AQ56: 2.1289189 | AR56: 2.3561828 | AS56: 1.0850526
A57: OECD average-29a | B57: 21.703853 | C57: 0.22258134 | D57: 14.427679 | E57: 0.17076016 | F57: 21.359372 | G57: 0.2085781 | H57: 13.137627 | I57: 0.16020788 | J57: 20.828805 | K57: 0.2011462 | L57: 13.154944 | M57: 0.16981117 | N57: 22.277513 | O57: 0.19516306 | P57: 12.845499 | Q57: 0.16557095 | R57: 22.937589 | S57: 0.20273895 | T57: 10.783695 | U57: 0.13911023 | V57: 22.177223 | W57: 0.18041715 | X57: 11.408446 | Y57: 0.13772305 | Z57: 0.47336978 | AA57: 0.7840364 | AB57: -3.019233 | AC57: 0.4737657 | AD57: 0.81785047 | AE57: 0.98078692 | AF57: -1.7291815 | AG57: 0.581366 | AH57: 1.3484179 | AI57: 1.1996416 | AJ57: -1.7464981 | AK57: 0.70687091 | AL57: -0.10028967 | AM57: 1.0732816 | AN57: -1.4370534 | AO57: 0.63477331 | AP57: -0.76036632 | AQ57: 0.57328743 | AR57: 0.62475079 | AS57: 0.35122851
A58: OECD average-30 | B58: 21.606053 | C58: 0.21867692 | D58: 14.422839 | E58: 0.16825275 | F58: 21.31406 | G58: 0.20692206 | H58: 13.225985 | I58: 0.15826732 | J58: m | K58: m | L58: m | M58: m | N58: 22.15676 | O58: 0.19132922 | P58: 12.893592 | Q58: 0.16312247 | R58: 22.898049 | S58: 0.19927967 | T58: 10.83967 | U58: 0.13757243 | V58: 22.140611 | W58: 0.17880315 | X58: 11.446777 | Y58: 0.13591897 | Z58: 0.53455871 | AA58: 0.77989584 | AB58: -2.9760625 | AC58: 0.47486979 | AD58: 0.82655162 | AE58: 0.97725409 | AF58: -1.7792081 | AG58: 0.58416182 | AH58: m | AI58: m | AJ58: m | AK58: m | AL58: -0.016148377 | AM58: 1.0693203 | AN58: -1.446815 | AO58: 0.63801098 | AP58: -0.75743765 | AQ58: 0.56930453 | AR58: 0.60710609 | AS58: 0.35137072
A59: OECD average-36b | B59: m | C59: m | D59: m | E59: m | F59: 23.913179 | G59: 0.19777381 | H59: 12.092756 | I59: 0.13701501 | J59: 23.457247 | K59: 0.18573137 | L59: 11.997547 | M59: 0.14373164 | N59: 24.538099 | O59: 0.18335123 | P59: 11.999257 | Q59: 0.14162484 | R59: 24.65457 | S59: 0.1811149 | T59: 10.239017 | U59: 0.12155749 | V59: 24.056835 | W59: 0.16664041 | X59: 10.882689 | Y59: 0.11921736 | Z59: m | AA59: m | AB59: m | AC59: m | AD59: 0.14365572 | AE59: 1.0286113 | AF59: -1.210067 | AG59: 0.52400947 | AH59: 0.59958839 | AI59: 1.2590759 | AJ59: -1.1148582 | AK59: 0.63903314 | AL59: -0.481264 | AM59: 1.1263229 | AN59: -1.1165684 | AO59: 0.57314634 | AP59: -0.59773481 | AQ59: 0.5896638 | AR59: 0.64367151 | AS59: 0.31254804
A60: OECD average-37 | B60: m | C60: m | D60: m | E60: m | F60: 23.807417 | G60: 0.19609011 | H60: 12.192637 | I60: 0.13591146 | J60: m | K60: m | L60: m | M60: m | N60: 24.379094 | O60: 0.18025661 | P60: 12.061122 | Q60: 0.14014428 | R60: 24.576105 | S60: 0.17863544 | T60: 10.299124 | U60: 0.12059264 | V60: 23.97635 | W60: 0.16525723 | X60: 10.927977 | Y60: 0.11810083 | Z60: m | AA60: m | AB60: m | AC60: m | AD60: 0.16893221 | AE60: 1.0241947 | AF60: -1.2646593 | AG60: 0.52765155 | AH60: m | AI60: m | AJ60: m | AK60: m | AL60: -0.40274474 | AM60: 1.1215235 | AN60: -1.133145 | AO60: 0.57725662 | AP60: -0.5997557 | AQ60: 0.5857904 | AR60: 0.62885362 | AS60: 0.31354395
A61: Partners
A62: Albania | B62: m | C62: m | D62: m | E62: m | F62: m | G62: m | H62: m | I62: m | J62: 67.73459 | K62: 1.9103894 | L62: 0.40616332 | M62: 0.16112826 | N62: 60.664974 | O62: 0.95107491 | P62: 0.79717186 | Q62: 0.18639141 | R62: 53.282974 | S62: 1.9181219 | T62: 1.0985955 | U62: 0.24896378 | V62: 42.37285 | W62: 1.3843319 | X62: 2.2961618 | Y62: 0.2696603 | Z62: m | AA62: m | AB62: m | AC62: m | AD62: m | AE62: m | AF62: m | AG62: m | AH62: -25.36174 | AI62: 3.7888806 | AJ62: 1.8899984 | AK62: 0.31617895 | AL62: -18.292124 | AM62: 3.1466963 | AN62: 1.4989899 | AO62: 0.32929987 | AP62: -10.910124 | AQ62: 2.7189708 | AR62: 1.1975663 | AS62: 0.36726496
A63: Argentina | B63: m | C63: m | D63: m | E63: m | F63: 64.14348 | G63: 2.5348185 | H63: 1.0420988 | I63: 0.36635444 | J63: 63.554576 | K63: 1.9533975 | L63: 0.85904072 | M63: 0.29119901 | N63: 66.484931 | O63: 2.031339 | P63: 0.27288383 | Q63: 0.10036958 | R63: m | S63: m | T63: m | U63: m | V63: 68.967119 | W63: 1.3098872 | X63: 0.33764891 | Y63: 0.094852357 | Z63: m | AA63: m | AB63: m | AC63: m | AD63: 4.8236389 | AE63: 3.2505093 | AF63: -0.70444995 | AG63: 0.37843692 | AH63: 5.4125433 | AI63: 3.0561798 | AJ63: -0.52139181 | AK63: 0.30626303 | AL63: 2.482188 | AM63: 2.9673727 | AN63: 0.064765073 | AO63: 0.13810675 | AP63: m | AQ63: m | AR63: m | AS63: m
A64: Baku (Azerbaijan) | B64: m | C64: m | D64: m | E64: m | F64: m | G64: m | H64: m | I64: m | J64: m | K64: m | L64: m | M64: m | N64: m | O64: m | P64: m | Q64: m | R64: m | S64: m | T64: m | U64: m | V64: 50.734859 | W64: 1.3297309 | X64: 1.9704392 | Y64: 0.324348 | Z64: m | AA64: m | AB64: m | AC64: m | AD64: m | AE64: m | AF64: m | AG64: m | AH64: m | AI64: m | AJ64: m | AK64: m | AL64: m | AM64: m | AN64: m | AO64: m | AP64: m | AQ64: m | AR64: m | AS64: m
A65: Belarus | B65: m | C65: m | D65: m | E65: m | F65: m | G65: m | H65: m | I65: m | J65: m | K65: m | L65: m | M65: m | N65: m | O65: m | P65: m | Q65: m | R65: m | S65: m | T65: m | U65: m | V65: 29.362584 | W65: 1.0886072 | X65: 7.2975495 | Y65: 0.64183452 | Z65: m | AA65: m | AB65: m | AC65: m | AD65: m | AE65: m | AF65: m | AG65: m | AH65: m | AI65: m | AJ65: m | AK65: m | AL65: m | AM65: m | AN65: m | AO65: m | AP65: m | AQ65: m | AR65: m | AS65: m
A66: Bosnia and Herzegovina | B66: m | C66: m | D66: m | E66: m | F66: m | G66: m | H66: m | I66: m | J66: m | K66: m | L66: m | M66: m | N66: m | O66: m | P66: m | Q66: m | R66: m | S66: m | T66: m | U66: m | V66: 57.563411 | W66: 1.5756544 | X66: 0.79227794 | Y66: 0.19274211 | Z66: m | AA66: m | AB66: m | AC66: m | AD66: m | AE66: m | AF66: m | AG66: m | AH66: m | AI66: m | AJ66: m | AK66: m | AL66: m | AM66: m | AN66: m | AO66: m | AP66: m | AQ66: m | AR66: m | AS66: m
A67: Brazil | B67: 75.168596 | C67: 1.7241836 | D67: 1.189431 | E67: 0.41639311 | F67: 72.519929 | G67: 1.2383388 | H67: 1.0179792 | I67: 0.31868958 | J67: 69.119167 | K67: 1.2209429 | L67: 0.79890639 | M67: 0.21704457 | N67: 68.290283 | O67: 0.98056512 | P67: 0.71911171 | Q67: 0.19146421 | R67: 70.251368 | S67: 1.2214291 | T67: 0.89525535 | U67: 0.21269574 | V67: 68.093867 | W67: 0.95453304 | X67: 0.93926275 | Y67: 0.19343581 | Z67: -7.0747294 | AA67: 2.2332401 | AB67: -0.25016826 | AC67: 0.45918706 | AD67: -4.4260621 | AE67: 2.0784023 | AF67: -0.078716472 | AG67: 0.37292561 | AH67: -1.0253004 | AI67: 2.2978337 | AJ67: 0.14035636 | AK67: 0.29098189 | AL67: -0.19641626 | AM67: 2.0439866 | AN67: 0.22015104 | AO67: 0.27237508 | AP67: -2.1575017 | AQ67: 1.713168 | AR67: 0.044007398 | AS67: 0.28753656
A68: Brunei Darussalam | B68: m | C68: m | D68: m | E68: m | F68: m | G68: m | H68: m | I68: m | J68: m | K68: m | L68: m | M68: m | N68: m | O68: m | P68: m | Q68: m | R68: m | S68: m | T68: m | U68: m | V68: 47.868252 | W68: 0.66116598 | X68: 3.0320493 | Y68: 0.30016616 | Z68: m | AA68: m | AB68: m | AC68: m | AD68: m | AE68: m | AF68: m | AG68: m | AH68: m | AI68: m | AJ68: m | AK68: m | AL68: m | AM68: m | AN68: m | AO68: m | AP68: m | AQ68: m | AR68: m | AS68: m
A69: B-S-J-Z (China) | B69: m | C69: m | D69: m | E69: m | F69: m | G69: m | H69: m | I69: m | J69: m | K69: m | L69: m | M69: m | N69: m | O69: m | P69: m | Q69: m | R69: m | S69: m | T69: m | U69: m | V69: 2.4123511 | W69: 0.38488515 | X69: 44.301402 | Y69: 1.3445354 | Z69: m | AA69: m | AB69: m | AC69: m | AD69: m | AE69: m | AF69: m | AG69: m | AH69: m | AI69: m | AJ69: m | AK69: m | AL69: m | AM69: m | AN69: m | AO69: m | AP69: m | AQ69: m | AR69: m | AS69: m
A70: Bulgaria | B70: m | C70: m | D70: m | E70: m | F70: 53.277544 | G70: 2.4421794 | H70: 3.0821934 | I70: 0.79011711 | J70: 47.120774 | K70: 2.5090217 | L70: 3.780872 | M70: 0.98070872 | N70: 43.756577 | O70: 1.7819773 | P70: 4.0620942 | Q70: 0.61903345 | R70: 42.07346 | S70: 1.7958282 | T70: 4.4203635 | U70: 0.63050297 | V70: 44.412842 | W70: 1.671287 | X70: 4.213668 | Y70: 0.62908319 | Z70: m | AA70: m | AB70: m | AC70: m | AD70: -8.8647022 | AE70: 3.3369937 | AF70: 1.1314746 | AG70: 1.0149797 | AH70: -2.7079318 | AI70: 3.5807276 | AJ70: 0.43279597 | AK70: 1.171577 | AL70: 0.65626484 | AM70: 2.9839878 | AN70: 0.15157379 | AO70: 0.88960445 | AP70: 2.3393824 | AQ70: 2.5802941 | AR70: -0.2066956 | AS70: 0.89230871
A71: Costa Rica | B71: m | C71: m | D71: m | E71: m | F71: m | G71: m | H71: m | I71: m | J71: 56.693622 | K71: 1.8502269 | L71: 0.31553412 | M71: 0.15555104 | N71: 59.873203 | O71: 1.8671364 | P71: 0.56414863 | Q71: 0.18725598 | R71: 62.496802 | S71: 1.505604 | T71: 0.2653093 | U71: 0.11171888 | V71: 59.998088 | W71: 1.9093435 | X71: 0.3207475 | Y71: 0.11730764 | Z71: m | AA71: m | AB71: m | AC71: m | AD71: m | AE71: m | AF71: m | AG71: m | AH71: 3.304466 | AI71: 4.2800021 | AJ71: 0.005213378 | AK71: 0.19498125 | AL71: 0.12488487 | AM71: 4.0020013 | AN71: -0.24340114 | AO71: 0.22107814 | AP71: -2.4987144 | AQ71: 2.8462467 | AR71: 0.055438206 | AS71: 0.16203521
A72: Croatia | B72: m | C72: m | D72: m | E72: m | F72: 28.580662 | G72: 1.245261 | H72: 4.7076863 | I72: 0.48803953 | J72: 33.153425 | K72: 1.4410336 | L72: 4.9229248 | M72: 0.65703065 | N72: 29.869447 | O72: 1.3622599 | P72: 6.9843015 | Q72: 1.1466874 | R72: 32.03899 | S72: 1.3704212 | T72: 5.5609757 | U72: 0.54163149 | V72: 31.16074 | W72: 1.2671019 | X72: 5.1406411 | Y72: 0.52866401 | Z72: m | AA72: m | AB72: m | AC72: m | AD72: 2.5800776 | AE72: 2.5312088 | AF72: 0.43295479 | AG72: 0.75017005 | AH72: -1.9926858 | AI72: 2.9458582 | AJ72: 0.21771623 | AK72: 0.88291287 | AL72: 1.2912931 | AM72: 2.7199471 | AN72: -1.8436605 | AO72: 1.2840084 | AP72: -0.87824982 | AQ72: 2.1022811 | AR72: -0.42033461 | AS72: 0.76670295
A73: Cyprus | B73: m | C73: m | D73: m | E73: m | F73: m | G73: m | H73: m | I73: m | J73: m | K73: m | L73: m | M73: m | N73: 42.029516 | O73: 0.63353135 | P73: 3.7013264 | Q73: 0.27207094 | R73: 42.594556 | S73: 0.80702027 | T73: 3.2304683 | U73: 0.40838165 | V73: 36.855354 | W73: 0.71039104 | X73: 4.3816779 | Y73: 0.38578575 | Z73: m | AA73: m | AB73: m | AC73: m | AD73: m | AE73: m | AF73: m | AG73: m | AH73: m | AI73: m | AJ73: m | AK73: m | AL73: -5.1741619 | AM73: 1.9312571 | AN73: 0.6803515 | AO73: 0.514377 | AP73: -5.7392025 | AQ73: 1.3708683 | AR73: 1.1512096 | AS73: 0.57247001
A74: Dominican Republic | B74: m | C74: m | D74: m | E74: m | F74: m | G74: m | H74: m | I74: m | J74: m | K74: m | L74: m | M74: m | N74: m | O74: m | P74: m | Q74: m | R74: 90.548175 | S74: 1.0416087 | T74: 0.011228975 | U74: 0.017624956 | V74: 90.557907 | W74: 0.96582725 | X74: 0.02799979 | Y74: 0.032297657 | Z74: m | AA74: m | AB74: m | AC74: m | AD74: m | AE74: m | AF74: m | AG74: m | AH74: m | AI74: m | AJ74: m | AK74: m | AL74: m | AM74: m | AN74: m | AO74: m | AP74: 0.009732645 | AQ74: 1.4482874 | AR74: 0.016770815 | AS74: 0.036793731
A75: Georgia | B75: m | C75: m | D75: m | E75: m | F75: m | G75: m | H75: m | I75: m | J75: 68.714017 | K75: 1.242012 | L75: 0.5966896 | M75: 0.21003249 | N75: m | O75: m | P75: m | Q75: m | R75: 57.096048 | S75: 1.1807319 | T75: 1.557472 | U75: 0.39897161 | V75: 61.054488 | W75: 1.2901103 | X75: 1.023626 | Y75: 0.29157261 | Z75: m | AA75: m | AB75: m | AC75: m | AD75: m | AE75: m | AF75: m | AG75: m | AH75: -7.6595292 | AI75: 2.8606427 | AJ75: 0.42693636 | AK75: 0.35965833 | AL75: m | AM75: m | AN75: m | AO75: m | AP75: 3.9584398 | AQ75: 1.9756086 | AR75: -0.53384602 | AS75: 0.49421257
A76: Hong Kong (China)* | B76: 10.404368 | C76: 1.1796135 | D76: 30.685336 | E76: 1.477869 | F76: 9.5264538 | G76: 0.94344342 | H76: 27.71415 | I76: 1.1648634 | J76: 8.7641528 | K76: 0.70262994 | L76: 30.655357 | M76: 1.1774267 | N76: 8.5169786 | O76: 0.79156542 | P76: 33.705708 | Q76: 1.3502628 | R76: 8.9861094 | S76: 0.7711558 | T76: 26.544318 | U76: 1.1451788 | V76: 9.1700556 | W76: 0.80469451 | X76: 28.962889 | Y76: 1.0754721 | Z76: -1.2343122 | AA76: 1.4387324 | AB76: -1.7224472 | AC76: 2.0885212 | AD76: -0.35639814 | AE76: 1.2605224 | AF76: 1.2487384 | AG76: 2.0597954 | AH76: 0.40590283 | AI76: 1.1046993 | AJ76: -1.6924679 | AK76: 2.2965486 | AL76: 0.65307701 | AM76: 1.1560123 | AN76: -4.7428193 | AO76: 2.2640889 | AP76: 0.18394622 | AQ76: 1.1211938 | AR76: 2.4185705 | AS76: 1.7108823
A77: Indonesia | B77: 78.136661 | C77: 1.6905741 | D77: 0.24317484 | E77: 0.10050877 | F77: 65.76428 | G77: 3.1000372 | H77: 0.41253261 | I77: 0.16804575 | J77: 76.669675 | K77: 1.9113336 | L77: 0.075176187 | M77: 0.049525933 | N77: 75.693942 | O77: 2.0521894 | P77: 0.27568118 | Q77: 0.17482218 | R77: 68.649779 | S77: 1.558205 | T77: 0.66990228 | U77: 0.18572829 | V77: 71.863702 | W77: 1.5217256 | X77: 0.49274012 | Y77: 0.15981342 | Z77: -6.2729588 | AA77: 2.8477645 | AB77: 0.24956527 | AC77: 0.18880448 | AD77: 6.099422 | AE77: 4.0961661 | AF77: 0.080207504 | AG77: 0.23192346 | AH77: -4.8059726 | AI77: 3.640918 | AJ77: 0.41756392 | AK77: 0.16735955 | AL77: -3.8302395 | AM77: 3.5232437 | AN77: 0.21705894 | AO77: 0.23688611 | AP77: 3.2139232 | AQ77: 2.483129 | AR77: -0.17716217 | AS77: 0.24502569
A78: Jordan | B78: m | C78: m | D78: m | E78: m | F78: 66.35152 | G78: 1.5954472 | H78: 0.23686679 | I78: 0.13187101 | J78: 65.269055 | K78: 1.8882523 | L78: 0.26687202 | M78: 0.1663608 | N78: 68.562186 | O78: 1.5023887 | P78: 0.56258149 | Q78: 0.44260062 | R78: 67.529235 | S78: 1.3080475 | T78: 0.25027613 | U78: 0.097105566 | V78: 59.32569 | W78: 1.6083162 | X78: 0.66325312 | Y78: 0.21974617 | Z78: m | AA78: m | AB78: m | AC78: m | AD78: -7.0258307 | AE78: 3.3820262 | AF78: 0.42638633 | AG78: 0.2562879 | AH78: -5.9433656 | AI78: 3.9794993 | AJ78: 0.39638111 | AK78: 0.27563027 | AL78: -9.236496 | AM78: 3.5447824 | AN78: 0.10067163 | AO78: 0.4941557 | AP78: -8.2035446 | AQ78: 2.4730971 | AR78: 0.41297698 | AS78: 0.24024926
A79: Kazakhstan | B79: m | C79: m | D79: m | E79: m | F79: m | G79: m | H79: m | I79: m | J79: 59.137998 | K79: 1.4969186 | L79: 1.1580294 | M79: 0.4407137 | N79: 45.243587 | O79: 1.7035891 | P79: 0.93558682 | Q79: 0.29030674 | R79: m | S79: m | T79: m | U79: m | V79: 49.100023 | W79: 0.9466723 | X79: 1.9498999 | Y79: 0.19950681 | Z79: m | AA79: m | AB79: m | AC79: m | AD79: m | AE79: m | AF79: m | AG79: m | AH79: -10.037975 | AI79: 3.4222023 | AJ79: 0.79187047 | AK79: 0.48449931 | AL79: 3.8564363 | AM79: 3.2608402 | AN79: 1.0143131 | AO79: 0.35304433 | AP79: m | AQ79: m | AR79: m | AS79: m
A80: Kosovo | B80: m | C80: m | D80: m | E80: m | F80: m | G80: m | H80: m | I80: m | J80: m | K80: m | L80: m | M80: m | N80: m | O80: m | P80: m | Q80: m | R80: 77.677156 | S80: 1.0488811 | T80: 0.04275788 | U80: 0.047031731 | V80: 76.551296 | W80: 0.92591255 | X80: 0.14732397 | Y80: 0.087237625 | Z80: m | AA80: m | AB80: m | AC80: m | AD80: m | AE80: m | AF80: m | AG80: m | AH80: m | AI80: m | AJ80: m | AK80: m | AL80: m | AM80: m | AN80: m | AO80: m | AP80: -1.1258609 | AQ80: 1.7035177 | AR80: 0.10456608 | AS80: 0.099108033
A81: Lebanon | B81: m | C81: m | D81: m | E81: m | F81: m | G81: m | H81: m | I81: m | J81: m | K81: m | L81: m | M81: m | N81: m | O81: m | P81: m | Q81: m | R81: 60.243644 | S81: 1.5839546 | T81: 1.9831375 | U81: 0.32513866 | V81: 59.785033 | W81: 1.7456327 | X81: 2.0333969 | Y81: 0.2626769 | Z81: m | AA81: m | AB81: m | AC81: m | AD81: m | AE81: m | AF81: m | AG81: m | AH81: m | AI81: m | AJ81: m | AK81: m | AL81: m | AM81: m | AN81: m | AO81: m | AP81: -0.45861125 | AQ81: 2.420423 | AR81: 0.050259441 | AS81: 0.41807884
A82: Macao (China) | B82: 11.177437 | C82: 1.2017012 | D82: 18.652127 | E82: 1.4143313 | F82: 10.938558 | G82: 0.65045202 | H82: 17.41249 | I82: 0.70988802 | J82: 10.962627 | K82: 0.48709827 | L82: 17.13979 | M82: 0.45337841 | N82: 10.78142 | O82: 0.4949706 | P82: 24.337251 | Q82: 0.56433465 | R82: 6.646121 | S82: 0.51865204 | T82: 21.86105 | U82: 0.61849825 | V82: 5.0012807 | W82: 0.48756452 | X82: 27.649884 | Y82: 0.83185481 | Z82: -6.176156 | AA82: 1.3031969 | AB82: 8.9977579 | AC82: 2.5112569 | AD82: -5.9372768 | AE82: 0.82845044 | AF82: 10.237394 | AG82: 2.6757374 | AH82: -5.9613461 | AI82: 0.71641833 | AJ82: 10.510095 | AK82: 3.1393507 | AL82: -5.7801394 | AM82: 0.71643949 | AN82: 3.312633 | AO82: 2.8683991 | AP82: -1.6448402 | AQ82: 0.71825385 | AR82: 5.788835 | AS82: 1.6811911
A83: Malaysia | B83: m | C83: m | D83: m | E83: m | F83: m | G83: m | H83: m | I83: m | J83: 59.328019 | K83: 1.6042189 | L83: 0.37515526 | M83: 0.14239478 | N83: 51.75434 | O83: 1.6783202 | P83: 1.3434378 | Q83: 0.29790163 | R83: m | S83: m | T83: m | U83: m | V83: 41.497784 | W83: 1.4293951 | X83: 2.461103 | Y83: 0.44588594 | Z83: m | AA83: m | AB83: m | AC83: m | AD83: m | AE83: m | AF83: m | AG83: m | AH83: -17.830235 | AI83: 3.8379316 | AJ83: 2.0859478 | AK83: 0.46976435 | AL83: -10.256556 | AM83: 3.6023784 | AN83: 1.1176652 | AO83: 0.53736222 | AP83: m | AQ83: m | AR83: m | AS83: m
A84: Malta | B84: m | C84: m | D84: m | E84: m | F84: m | G84: m | H84: m | I84: m | J84: 33.712828 | K84: 0.76821188 | L84: 7.7240952 | M84: 0.44193579 | N84: m | O84: m | P84: m | Q84: m | R84: 29.137004 | S84: 0.80845915 | T84: 11.844101 | U84: 0.66825235 | V84: 30.247466 | W84: 0.97544795 | X84: 8.4928147 | Y84: 0.66087974 | Z84: m | AA84: m | AB84: m | AC84: m | AD84: m | AE84: m | AF84: m | AG84: m | AH84: -3.4653618 | AI84: 1.838444 | AJ84: 0.76871955 | AK84: 0.86993146 | AL84: m | AM84: m | AN84: m | AO84: m | AP84: 1.1104627 | AQ84: 1.390044 | AR84: -3.3512862 | AS84: 0.95241052
A85: Moldova | B85: m | C85: m | D85: m | E85: m | F85: m | G85: m | H85: m | I85: m | J85: 60.663544 | K85: 1.5892035 | L85: 0.67270116 | M85: 0.16653178 | N85: m | O85: m | P85: m | Q85: m | R85: 50.261428 | S85: 1.2488601 | T85: 1.7452419 | U85: 0.25451172 | V85: 50.333142 | W85: 1.1087386 | X85: 2.4358495 | Y85: 0.40328426 | Z85: m | AA85: m | AB85: m | AC85: m | AD85: m | AE85: m | AF85: m | AG85: m | AH85: -10.330402 | AI85: 2.7398729 | AJ85: 1.7631484 | AK85: 0.4391582 | AL85: m | AM85: m | AN85: m | AO85: m | AP85: 0.071714573 | AQ85: 1.8679321 | AR85: 0.69060767 | AS85: 0.47719944
A86: Montenegro | B86: m | C86: m | D86: m | E86: m | F86: 60.050299 | G86: 0.95020906 | H86: 0.84265141 | I86: 0.17800024 | J86: 58.41622 | K86: 1.0766522 | L86: 0.96022168 | M86: 0.20115214 | N86: 56.646661 | O86: 1.0189789 | P86: 1.0417475 | Q86: 0.19851028 | R86: 51.894361 | S86: 0.95061893 | T86: 1.5217769 | U86: 0.22018548 | V86: 46.160686 | W86: 0.760296 | X86: 1.7736142 | Y86: 0.21356442 | Z86: m | AA86: m | AB86: m | AC86: m | AD86: -13.889613 | AE86: 2.4786506 | AF86: 0.93096286 | AG86: 0.28147835 | AH86: -12.255533 | AI86: 3.00178 | AJ86: 0.81339258 | AK86: 0.2981196 | AL86: -10.485974 | AM86: 2.70909 | AN86: 0.73186678 | AO86: 0.29547089 | AP86: -5.733674 | AQ86: 1.6631097 | AR86: 0.25183737 | AS86: 0.30775288
A87: Morocco | B87: m | C87: m | D87: m | E87: m | F87: m | G87: m | H87: m | I87: m | J87: m | K87: m | L87: m | M87: m | N87: m | O87: m | P87: m | Q87: m | R87: m | S87: m | T87: m | U87: m | V87: 75.631938 | W87: 1.6000572 | X87: 0.13388355 | Y87: 0.059106314 | Z87: m | AA87: m | AB87: m | AC87: m | AD87: m | AE87: m | AF87: m | AG87: m | AH87: m | AI87: m | AJ87: m | AK87: m | AL87: m | AM87: m | AN87: m | AO87: m | AP87: m | AQ87: m | AR87: m | AS87: m
A88: North Macedonia | B88: m | C88: m | D88: m | E88: m | F88: m | G88: m | H88: m | I88: m | J88: m | K88: m | L88: m | M88: m | N88: m | O88: m | P88: m | Q88: m | R88: 70.226461 | S88: 0.77367911 | T88: 0.83731929 | U88: 0.18646374 | V88: 61.036075 | W88: 0.88871885 | X88: 1.0971017 | Y88: 0.20571711 | Z88: m | AA88: m | AB88: m | AC88: m | AD88: m | AE88: m | AF88: m | AG88: m | AH88: m | AI88: m | AJ88: m | AK88: m | AL88: m | AM88: m | AN88: m | AO88: m | AP88: -9.1903858 | AQ88: 1.5661544 | AR88: 0.25978237 | AS88: 0.2776894
A89: Panama | B89: m | C89: m | D89: m | E89: m | F89: m | G89: m | H89: m | I89: m | J89: 78.756471 | K89: 2.176615 | L89: 0.37838758 | M89: 0.22722857 | N89: m | O89: m | P89: m | Q89: m | R89: m | S89: m | T89: m | U89: m | V89: 81.180584 | W89: 1.3293108 | X89: 0.072511684 | Y89: 0.065053495 | Z89: m | AA89: m | AB89: m | AC89: m | AD89: m | AE89: m | AF89: m | AG89: m | AH89: 2.4241128 | AI89: 2.927695 | AJ89: -0.3058759 | AK89: 0.23635745 | AL89: m | AM89: m | AN89: m | AO89: m | AP89: m | AQ89: m | AR89: m | AS89: m
A90: Peru | B90: m | C90: m | D90: m | E90: m | F90: m | G90: m | H90: m | I90: m | J90: 73.53148 | K90: 1.8087589 | L90: 0.62538706 | M90: 0.20298926 | N90: 74.581397 | O90: 1.7520583 | P90: 0.57273847 | Q90: 0.2100593 | R90: 66.160514 | S90: 1.409928 | T90: 0.38758859 | U90: 0.11454817 | V90: 60.336478 | W90: 1.3072451 | X90: 0.86047542 | Y90: 0.20310839 | Z90: m | AA90: m | AB90: m | AC90: m | AD90: m | AE90: m | AF90: m | AG90: m | AH90: -13.195002 | AI90: 3.4868834 | AJ90: 0.23508836 | AK90: 0.2874774 | AL90: -14.244918 | AM90: 3.2386458 | AN90: 0.28773695 | AO90: 0.29245287 | AP90: -5.8240352 | AQ90: 2.2367978 | AR90: 0.47288683 | AS90: 0.23326178
A91: Philippines | B91: m | C91: m | D91: m | E91: m | F91: m | G91: m | H91: m | I91: m | J91: m | K91: m | L91: m | M91: m | N91: m | O91: m | P91: m | Q91: m | R91: m | S91: m | T91: m | U91: m | V91: 80.72056 | W91: 1.5642812 | X91: 0.079105225 | Y91: 0.053404278 | Z91: m | AA91: m | AB91: m | AC91: m | AD91: m | AE91: m | AF91: m | AG91: m | AH91: m | AI91: m | AJ91: m | AK91: m | AL91: m | AM91: m | AN91: m | AO91: m | AP91: m | AQ91: m | AR91: m | AS91: m
A92: Qatar | B92: m | C92: m | D92: m | E92: m | F92: 87.18232 | G92: 0.55980211 | H92: 0.62246091 | I92: 0.099068314 | J92: 73.763092 | K92: 0.4256592 | L92: 1.7770314 | M92: 0.15225202 | N92: 69.55501 | O92: 0.46032525 | P92: 2.0197825 | Q92: 0.20896691 | R92: 58.662043 | S92: 0.70306543 | T92: 2.2296872 | U92: 0.19505894 | V92: 53.660989 | W92: 0.63803658 | X92: 2.9450787 | Y92: 0.19669415 | Z92: m | AA92: m | AB92: m | AC92: m | AD92: -33.521332 | AE92: 1.8015683 | AF92: 2.3226178 | AG92: 0.22680888 | AH92: -20.102104 | AI92: 2.1065171 | AJ92: 1.1680473 | AK92: 0.25742063 | AL92: -15.894022 | AM92: 1.9149511 | AN92: 0.92529625 | AO92: 0.29312041 | AP92: -5.0010548 | AQ92: 1.2718418 | AR92: 0.71539158 | AS92: 0.27862892
A93: Romania | B93: m | C93: m | D93: m | E93: m | F93: 52.743776 | G93: 2.1799913 | H93: 1.2701111 | I93: 0.32681198 | J93: 47.018934 | K93: 1.9515673 | L93: 1.255423 | M93: 0.33775912 | N93: 40.824299 | O93: 1.9284979 | P93: 3.1775056 | Q93: 0.60634309 | R93: 39.94643 | S93: 1.839274 | T93: 3.2517935 | U93: 0.52711075 | V93: 46.551281 | W93: 2.2585021 | X93: 3.1503394 | Y93: 0.60092675 | Z93: m | AA93: m | AB93: m | AC93: m | AD93: -6.1924949 | AE93: 3.5056624 | AF93: 1.8802283 | AG93: 0.68596679 | AH93: -0.46765259 | AI93: 3.5580716 | AJ93: 1.8949164 | AK93: 0.69267929 | AL93: 5.7269821 | AM93: 3.4333999 | AN93: -0.027166232 | AO93: 0.85570794 | AP93: 6.6048517 | AQ93: 3.0357745 | AR93: -0.1014541 | AS93: 0.79971051
A94: Russia | B94: 30.223101 | C94: 1.8315118 | D94: 7.0323698 | E94: 0.78553708 | F94: 26.62933 | G94: 1.6461035 | H94: 7.4247336 | I94: 0.78771297 | J94: 28.574307 | K94: 1.5248989 | L94: 5.2357312 | M94: 0.76122256 | N94: 23.952244 | O94: 1.1343062 | P94: 7.790213 | Q94: 0.84907322 | R94: 18.93133 | S94: 1.1673938 | T94: 8.7961576 | U94: 0.74325729 | V94: 21.642831 | W94: 1.2559531 | X94: 8.0532639 | Y94: 0.70799232 | Z94: -8.5802698 | AA94: 2.4152305 | AB94: 1.0208941 | AC94: 1.0855716 | AD94: -4.9864988 | AE94: 2.4020967 | AF94: 0.62853026 | AG94: 1.1057137 | AH94: -6.9314756 | AI94: 2.4850655 | AJ94: 2.8175328 | AK94: 1.1124177 | AL94: -2.3094132 | AM94: 2.1604264 | AN94: 0.26305091 | AO94: 1.1598347 | AP94: 2.7115011 | AQ94: 1.8387146 | AR94: -0.7428937 | AS94: 1.0397496
A95: Saudi Arabia | B95: m | C95: m | D95: m | E95: m | F95: m | G95: m | H95: m | I95: m | J95: m | K95: m | L95: m | M95: m | N95: m | O95: m | P95: m | Q95: m | R95: m | S95: m | T95: m | U95: m | V95: 72.723816 | W95: 1.4771176 | X95: 0.17605068 | Y95: 0.085272304 | Z95: m | AA95: m | AB95: m | AC95: m | AD95: m | AE95: m | AF95: m | AG95: m | AH95: m | AI95: m | AJ95: m | AK95: m | AL95: m | AM95: m | AN95: m | AO95: m | AP95: m | AQ95: m | AR95: m | AS95: m
A96: Serbia | B96: m | C96: m | D96: m | E96: m | F96: 42.600005 | G96: 1.6727891 | H96: 2.8264544 | I96: 0.40695646 | J96: 40.582744 | K96: 1.3894217 | L96: 3.5377735 | M96: 0.52692225 | N96: 38.9099 | O96: 1.5430167 | P96: 4.5709012 | Q96: 0.70518767 | R96: m | S96: m | T96: m | U96: m | V96: 39.749727 | W96: 1.3992922 | X96: 5.2275098 | Y96: 0.44362652 | Z96: m | AA96: m | AB96: m | AC96: m | AD96: -2.8502779 | AE96: 2.5407012 | AF96: 2.4010553 | AG96: 0.62411851 | AH96: -0.83301693 | AI96: 2.5664985 | AJ96: 1.6897364 | AK96: 0.71824628 | AL96: 0.83982724 | AM96: 2.5342612 | AN96: 0.65660858 | AO96: 0.85258257 | AP96: m | AQ96: m | AR96: m | AS96: m
A97: Singapore | B97: m | C97: m | D97: m | E97: m | F97: m | G97: m | H97: m | I97: m | J97: 9.8197316 | K97: 0.57137 | L97: 35.612514 | M97: 0.77120691 | N97: 8.2545848 | O97: 0.47519397 | P97: 40.039309 | Q97: 0.70798846 | R97: 7.5582076 | S97: 0.3854006 | T97: 34.835117 | U97: 0.77156243 | V97: 7.1347046 | W97: 0.40336889 | X97: 36.945709 | Y97: 0.83689114 | Z97: m | AA97: m | AB97: m | AC97: m | AD97: m | AE97: m | AF97: m | AG97: m | AH97: -2.6850271 | AI97: 0.74309742 | AJ97: 1.3331951 | AK97: 2.6841886 | AL97: -1.1198802 | AM97: 0.6627835 | AN97: -3.0935998 | AO97: 2.4368606 | AP97: -0.42350298 | AQ97: 0.56894141 | AR97: 2.1105924 | AS97: 1.5750144
A98: Chinese Taipei | B98: m | C98: m | D98: m | E98: m | F98: 11.978 | G98: 1.1473384 | H98: 31.888932 | I98: 1.3740654 | J98: 12.807332 | K98: 0.76494593 | L98: 28.558055 | M98: 1.4621902 | N98: 12.84137 | O98: 0.83690933 | P98: 37.200504 | Q98: 1.2362802 | R98: 12.725216 | S98: 0.7251869 | T98: 28.141151 | U98: 1.2466484 | V98: 13.979085 | W98: 0.75319009 | X98: 23.192505 | Y98: 1.1319968 | Z98: m | AA98: m | AB98: m | AC98: m | AD98: 2.0010848 | AE98: 1.4074618 | AF98: -8.6964273 | AG98: 2.154911 | AH98: 1.1717526 | AI98: 1.1417732 | AJ98: -5.3655505 | AK98: 2.3768842 | AL98: 1.1377151 | AM98: 1.1776384 | AN98: -14.007999 | AO98: 2.1414645 | AP98: 1.2538686 | AQ98: 1.0569222 | AR98: -4.9486461 | AS98: 1.8068155
A99: Thailand | B99: 53.963516 | C99: 1.6632171 | D99: 1.6342695 | E99: 0.37142482 | F99: 52.997334 | G99: 1.2658043 | H99: 1.335947 | I99: 0.25573123 | J99: 52.527149 | K99: 1.6136259 | L99: 1.2584581 | M99: 0.43457206 | N99: 49.737393 | O99: 1.7409211 | P99: 2.5684917 | Q99: 0.50541334 | R99: 53.78012 | S99: 1.6214935 | T99: 1.4315319 | U99: 0.34746887 | V99: 52.699754 | W99: 1.6575133 | X99: 2.2681933 | Y99: 0.35921902 | Z99: -1.2637621 | AA99: 2.8386974 | AB99: 0.63392377 | AC99: 0.51700151 | AD99: -0.29758075 | AE99: 2.9309442 | AF99: 0.93224627 | AG99: 0.44150436 | AH99: 0.1726042 | AI99: 3.448853 | AJ99: 1.0097351 | AK99: 0.5644536 | AL99: 2.9623606 | AM99: 3.3117402 | AN99: -0.30029842 | AO99: 0.62053311 | AP99: -1.0803667 | AQ99: 2.5671818 | AR99: 0.83666134 | AS99: 0.49992719
A100: Ukraine | B100: m | C100: m | D100: m | E100: m | F100: m | G100: m | H100: m | I100: m | J100: m | K100: m | L100: m | M100: m | N100: m | O100: m | P100: m | Q100: m | R100: m | S100: m | T100: m | U100: m | V100: 35.92066 | W100: 1.6212377 | X100: 4.9882099 | Y100: 0.64907754 | Z100: m | AA100: m | AB100: m | AC100: m | AD100: m | AE100: m | AF100: m | AG100: m | AH100: m | AI100: m | AJ100: m | AK100: m | AL100: m | AM100: m | AN100: m | AO100: m | AP100: m | AQ100: m | AR100: m | AS100: m
A101: United Arab Emirates | B101: m | C101: m | D101: m | E101: m | F101: m | G101: m | H101: m | I101: m | J101: 51.298697 | K101: 1.0982557 | L101: 2.8656646 | M101: 0.28789717 | N101: 46.283466 | O101: 1.219065 | P101: 3.4750909 | Q101: 0.29281609 | R101: 48.729985 | S101: 1.2102865 | T101: 3.7137853 | U101: 0.33950233 | V101: 45.509686 | W101: 0.91700812 | X101: 5.4435116 | Y101: 0.34075572 | Z101: m | AA101: m | AB101: m | AC101: m | AD101: m | AE101: m | AF101: m | AG101: m | AH101: -5.789012 | AI101: 2.2632501 | AJ101: 2.577847 | AK101: 0.47039136 | AL101: -0.77378047 | AM101: 2.1790674 | AN101: 1.9684207 | AO101: 0.46857738 | AP101: -3.2202992 | AQ101: 1.6981878 | AR101: 1.7297263 | AS101: 0.4857806
A102: Uruguay | B102: 48.082817 | C102: 1.5440657 | D102: 2.8087434 | E102: 0.41972489 | F102: 46.113677 | G102: 1.2376946 | H102: 3.1833695 | I102: 0.45134489 | J102: 47.571133 | K102: 1.2642786 | L102: 2.4168363 | M102: 0.3564409 | N102: 55.784406 | O102: 1.3095715 | P102: 1.3723745 | Q102: 0.31565887 | R102: 52.428477 | S102: 1.2259126 | T102: 1.692665 | U102: 0.37324025 | V102: 50.705627 | W102: 1.5414906 | X102: 1.029635 | Y102: 0.26248125 | Z102: 2.6228101 | AA102: 2.6981506 | AB102: -1.7791084 | AC102: 0.49515322 | AD102: 4.5919504 | AE102: 2.8276403 | AF102: -2.1537347 | AG102: 0.52230966 | AH102: 3.1344938 | AI102: 3.1882641 | AJ102: -1.3872013 | AK102: 0.44302288 | AL102: -5.0787787 | AM102: 2.9970326 | AN102: -0.34273952 | AO102: 0.41084424 | AP102: -1.7228501 | AQ102: 2.2704694 | AR102: -0.66303003 | AS102: 0.45634308
A103: Viet Nam | B103: m | C103: m | D103: m | E103: m | F103: m | G103: m | H103: m | I103: m | J103: m | K103: m | L103: m | M103: m | N103: 14.248736 | O103: 1.7493688 | P103: 13.260477 | Q103: 1.4728608 | R103: 19.102985 | S103: 1.6728547 | T103: 9.3354473 | U103: 1.3428968 | V103: m | W103: m | X103: m | Y103: m | Z103: m | AA103: m | AB103: m | AC103: m | AD103: m | AE103: m | AF103: m | AG103: m | AH103: m | AI103: m | AJ103: m | AK103: m | AL103: m | AM103: m | AN103: m | AO103: m | AP103: m | AQ103: m | AR103: m | AS103: m
A107: Information on data for Cyprus: https://oe.cd/cyprus-disclaimer
A108: Notes: Values that are statistically significant are indicated in bold (see Annex A3).
A109: Costa Rica, Georgia, Malta and Moldova conducted the PISA 2009 assessment in 2010 as part of PISA 2009+.
...

Sheet Table I.B1.9
A1: PISA 2018 Results (Volume I) - © OECD 2019
A2: Annex B1 | B2: Annex B1 Results for countries and economies
A3: Version 3+1 - Last updated: 24-Jul-2020
A4: Disclaimer: http://oe.cd/disclaimer
A6: Annex B1 | B6: Annex B1 Results for countries and economies
A7: Version 3 - Last updated: 02-Dec-2019
A8: Disclaimer: http://oe.cd/disclaimer
A10: Table I.B1.9
A11: Percentage of low achievers and top performers in science, 2006 through 2018
B16: Proficiency level in PISA 2006 | F16: Proficiency level in PISA 2009 | J16: Proficiency level in PISA 2012 | N16: Proficiency level in PISA 2015 | R16: Proficiency level in PISA 2018 | V16: Change between 2006 and 2018 (PISA 2018 - PISA 2006) | Z16: Change between 2009 and 2018 (PISA 2018 - PISA 2009) | AD16: Change between 2012 and 2018 (PISA 2018 - PISA 2012) | AH16: Change between 2015 and 2018 (PISA 2018 - PISA 2015)
B17: Below Level 2 (less than 409.54 score points) | D17: Level 5 or above (at or above 633.33 score points) | F17: Below Level 2 (less than 409.54 score points) | H17: Level 5 or above (at or above 633.33 score points) | J17: Below Level 2 (less than 409.54 score points) | L17: Level 5 or above (at or above 633.33 score points) | N17: Below Level 2 (less than 409.54 score points) | P17: Level 5 or above (at or above 633.33 score points) | R17: Below Level 2 (less than 409.54 score points) | T17: Level 5 or above (at or above 633.33 score points) | V17: Below Level 2 (less than 409.54 score points) | X17: Level 5 or above (at or above 633.33 score points) | Z17: Below Level 2 (less than 409.54 score points) | AB17: Level 5 or above (at or above 633.33 score points) | AD17: Below Level 2 (less than 409.54 score points) | AF17: Level 5 or above (at or above 633.33 score points) | AH17: Below Level 2 (less than 409.54 score points) | AJ17: Level 5 or above (at or above 633.33 score points)
B18: % | C18: S.E. | D18: % | E18: S.E. | F18: % | G18: S.E. | H18: % | I18: S.E. | J18: % | K18: S.E. | L18: % | M18: S.E. | N18: % | O18: S.E. | P18: % | Q18: S.E. | R18: % | S18: S.E. | T18: % | U18: S.E. | V18: % dif. | W18: S.E. | X18: % dif. | Y18: S.E. | Z18: % dif. | AA18: S.E. | AB18: % dif. | AC18: S.E. | AD18: % dif. | AE18: S.E. | AF18: % dif. | AG18: S.E. | AH18: % dif. | AI18: S.E. | AJ18: % dif. | AK18: S.E.
A19: OECD
A20: Australia | B20: 12.854854 | C20: 0.58781227 | D20: 14.617876 | E20: 0.68082886 | F20: 12.552252 | G20: 0.62002108 | H20: 14.538316 | I20: 0.81626533 | J20: 13.645794 | K20: 0.48004328 | L20: 13.556594 | M20: 0.54915372 | N20: 17.645359 | O20: 0.55825206 | P20: 11.188073 | Q20: 0.4530498 | R20: 18.860021 | S20: 0.60768212 | T20: 9.4812025 | U20: 0.53675162 | V20: 6.005167 | W20: 1.2333192 | X20: -5.1366739 | Y20: 0.98784918 | Z20: 6.3077683 | AA20: 1.292152 | AB20: -5.0571132 | AC20: 1.101536 | AD20: 5.2142272 | AE20: 1.4209534 | AF20: -4.0753913 | AG20: 0.99482393 | AH20: 1.2146616 | AI20: 0.84156245 | AJ20: -1.7068708 | AK20: 0.7070564
A21: Austria | B21: 16.341434 | C21: 1.3929254 | D21: 9.971102 | E21: 0.751505 | F21: m | G21: m | H21: m | I21: m | J21: 15.784046 | K21: 1.0048215 | L21: 7.853931 | M21: 0.70303695 | N21: 20.826737 | O21: 0.95832837 | P21: 7.720178 | Q21: 0.54548471 | R21: 21.851209 | S21: 1.0422365 | T21: 6.2953673 | U21: 0.5724958 | V21: 5.5097756 | W21: 2.1189854 | X21: -3.6757348 | Y21: 1.0051683 | Z21: m | AA21: m | AB21: m | AC21: m | AD21: 6.067163 | AE21: 2.1729341 | AF21: -1.5585637 | AG21: 1.0116329 | AH21: 1.0244718 | AI21: 1.4329816 | AJ21: -1.4248108 | AK21: 0.79452211
