Workbook

Sheet TOC
A1: PISA 2018 Results (Volume III) - © OECD 2019
A2: Annex B1 | B2: Annex B1.2 Results (tables): Bullying
A3: Version 2 - Last updated: 02-Dec-2019
A4: Disclaimer: http://oe.cd/disclaimer
A6: TOC | B6: PISA 2018 Results - Volume III
A8: Chapter 2 | B8: Bullying
A9: Tables
A11: ='Table III.B1.2.1'!A6 -> Table III.B1.2.1 | B11: ='Table III.B1.2.1'!$A$7 -> Students' exposure to bullying
A12: ='Table III.B1.2.2'!A6 -> Table III.B1.2.2 | B12: ='Table III.B1.2.2'!$A$7 -> Change between 2015 and 2018 in students' exposure to bullying
A13: ='Table III.B1.2.3'!A6 -> Table III.B1.2.3 | B13: ='Table III.B1.2.3'!$A$7 -> Prevalence of exposure to bullying in schools
A14: ='Table III.B1.2.4'!A6 -> Table III.B1.2.4 | B14: ='Table III.B1.2.4'!$A$7 -> Students' exposure to bullying, by student characteristics
A15: ='Table III.B1.2.5'!A6 -> Table III.B1.2.5 | B15: ='Table III.B1.2.5'!$A$7 -> Students' exposure to bullying, by school characteristics
A16: ='Table III.B1.2.6'!A6 -> Table III.B1.2.6 | B16: ='Table III.B1.2.6'!$A$7 -> Students' exposure to bullying and reading performance
A17: ='Table III.B1.2.7'!A6 -> Table III.B1.2.7 | B17: ='Table III.B1.2.7'!$A$7 -> School-level students' exposure to bullying and reading performance
A18: ='Table III.B1.2.8'!A6 -> Table III.B1.2.8 | B18: ='Table III.B1.2.8'!$A$7 -> Bullying as obstacle to student learning, by prevalence of bullying at school
A19: ='Table III.B1.2.9'!A6 -> Table III.B1.2.9 | B19: ='Table III.B1.2.9'!$A$7 -> Students' exposure to bullying, by gender
A20: ='Table III.B1.2.10'!A6 -> Table III.B1.2.10 | B20: ='Table III.B1.2.10'!$A$7 -> Students' exposure to bullying, by socio-economic status
A21: ='Table III.B1.2.11'!A6 -> Table III.B1.2.11 | B21: ='Table III.B1.2.11'!$A$7 -> Being frequently bullied, by the gender composition at school
A22: ='Table III.B1.2.12'!A6 -> Table III.B1.2.12 | B22: ='Table III.B1.2.12'!$A$7 -> Change between 2015 and 2018 in students' exposure to bullying, by time spent on the Internet
A23: ='Table III.B1.2.13'!A6 -> Table III.B1.2.13 | B23: ='Table III.B1.2.13'!$A$7 -> Being frequently bullied and students' well-being
A24: ='Table III.B1.2.14'!A6 -> Table III.B1.2.14 | B24: ='Table III.B1.2.14'!$A$7 -> School climate, by prevalence of bullying at schools
A25: ='Table III.B1.2.15'!A6 -> Table III.B1.2.15 | B25: ='Table III.B1.2.15'!$A$7 -> Students' attitudes towards bullying
A26: ='Table III.B1.2.16'!A6 -> Table III.B1.2.16 | B26: ='Table III.B1.2.16'!$A$7 -> Students' attitudes towards bullying, by gender
A27: ='Table III.B1.2.17'!A6 -> Table III.B1.2.17 | B27: ='Table III.B1.2.17'!$A$7 -> Students' attitudes towards bullying, by socio-economic status
A28: ='Table III.B1.2.18'!A6 -> Table III.B1.2.18 | B28: ='Table III.B1.2.18'!$A$7 -> Being bullied, by students' attitudes towards bullying
A29: ='Table III.B1.2.19'!A6 -> Table III.B1.2.19 | B29: ='Table III.B1.2.19'!$A$7 -> Exposure to bullying and students' attitudes towards bullying at school
A30: ='Table III.B1.2.20'!A6 -> Table III.B1.2.20 | B30: ='Table III.B1.2.20'!$A$7 -> Rate of victimisation of "frequently bullied students"
A33: Symbols for missing data
A34: c: There were too few observations to provide reliable estimates (i.e. there were fewer than 30 students or fewer than 5 schools with valid data).
A35: m: Data are not available. There are no observations in the sample; these data were not collected by the country; or these data were collected but subsequently removed from the publication for technical reasons.
A36: w: Results were withdrawn at the request of the country concerned.

Sheet INFORMATION ON SCALED INDICES
A1: PISA 2018 Results (Volume III) - © OECD 2019
A2: Annex B1 | B2: Annex B1.2 Results (tables): Bullying
A3: Version 2 - Last updated: 02-Dec-2019
A4: Disclaimer: http://oe.cd/disclaimer
A6: Information on scaled indices used in PISA 2015 Results (Volume III): What School Life Means for Students’ Lives
A11: Full name of the index | B11: Name in dataset | C11: Questionnaire | D11: Item 1 | E11: Item 2 | F11: Item 3 | G11: Item 4 | H11: Item 5 | I11: Item 6 | J11: Item 7
A12: Adaptive instruction | B12: adaptivity | C12: Student | D12: ST212Q01HA | E12: ST212Q02HA | F12: ST212Q03HA
A13: Attitudes towards competition | B13: compete | C13: Student | D13: ST181Q02HA | E13: ST181Q03HA | F13: ST181Q04HA
A14: Enjoyment of reading | B14: joyread | C14: Student | D14: ST160Q01IR | E14: ST160Q02IA | F14: ST160Q03IA | G14: ST160Q04IR | H14: ST160Q05IR
A15: Exposure to bullying | B15: beingbullied | C15: Student | D15: ST038Q03NA | E15: ST038Q04NA | F15: ST038Q05NA
A16: Fear of failure | B16: gfofail | C16: Student | D16: ST183Q01HA | E16: ST183Q02HA | F16: ST183Q03HA
A17: Disciplinary climate | B17: disclima | C17: Student | D17: ST097Q01TA | E17: ST097Q02TA | F17: ST097Q03TA | G17: ST097Q04TA | H17: ST097Q05TA
A18: Learning goals | B18: mastgoal | C18: Student | D18: ST208Q01HA | E18: ST208Q02HA | F18: ST208Q04HA
A19: Meaning in life | B19: eudmo | C19: Student | D19: ST185Q01HA | E19: ST185Q02HA | F19: ST185Q03HA
A20: Motivation to master tasks | B20: workmast | C20: Student | D20: ST182Q03HA | E20: ST182Q04HA | F20: ST182Q05HA
A21: Parents’ emotional support | B21: emosups | C21: Student | D21: ST123Q02NA | E21: ST123Q03NA | F21: ST123Q04NA
A22: Parents’ perceived school quality | B22: pqschool | C22: Parent | D22: PA007Q01TR | E22: PA007Q02TR | F22: PA007Q03TR | G22: PA007Q04TR | H22: PA007Q05TR | I22: PA007Q06TR | J22: PA007Q07TR
A23: Positive feelings | B23: swbp | C23: Student | D23: ST186Q01HA | E23: ST186Q03HA | F23: ST186Q05HA
A24: School policies for parental involvement | B24: paschpol | C24: Parent | D24: PA007Q09NR | E24: PA007Q11NR | F24: PA007Q12NR | G24: PA007Q13NR | H24: PA007Q14NR | I24: PA007Q15NR
A25: Self-efficacy | B25: resilience | C25: Student | D25: ST188Q01HA | E25: ST188Q02HA | F25: ST188Q03HA | G25: ST188Q06HA | H25: ST188Q07HA
A26: Sense of belonging | B26: belong | C26: Student | D26: ST034Q01TA | E26: ST034Q02TR | F26: ST034Q03TR | G26: ST034Q04TA | H26: ST034Q05TR | I26: ST034Q06TA
A27: Shortage of educational staff | B27: staffshort | C27: School | D27: SC017Q01NA | E27: SC017Q02NA | F27: SC017Q03NA | G27: SC017Q04NA
A28: Student competition | B28: percomp | C28: Student | D28: ST205Q01HA | E28: ST205Q02HA | F28: ST205Q03HA
A29: Student co-operation | B29: percoop | C29: Student | D29: ST206Q01HA | E29: ST206Q02HA | F29: ST206Q03HA
A30: Teacher behaviour hindering learning | B30: teachbeha | C30: School | D30: SC061Q06TA | E30: SC061Q07TA | F30: SC061Q08TA | G30: SC061Q09TA | H30: SC061Q10TA
A31: Teacher enthusiasm | B31: teachint | C31: Student | D31: ST213Q01HA | E31: ST213Q02HA | F31: ST213Q03HA | G31: ST213Q04HA
A32: Teacher feedback | B32: perfeed | C32: Student | D32: ST104Q02NA | E32: ST104Q03NA | F32: ST104Q04NA
A33: Teacher support | B33: teachsup | C33: Student | D33: ST100Q01TR | E33: ST100Q02TR | F33: ST100Q03TR | G33: ST100Q04TR
A34: Teacher-directed instruction | B34: dirins | C34: Student | D34: ST102Q01TR | E34: ST102Q02TR | F34: ST102Q03TR | G34: ST102Q04TR
A35: Teachers' stimulation of reading engagement | B35: stimread | C35: Student | D35: ST152Q05IA | E35: ST152Q06IA | F35: ST152Q07IA | G35: ST152Q08IA
A36: Value of school | B36: attlnact | C36: Student | D36: ST036Q05TR | E36: ST036Q06TR | F36: ST036Q08TR

Sheet Table III.B1.2.1
A1: PISA 2018 Results (Volume III) - © OECD 2019
A2: Annex B1 | B2: Annex B1.2 Results (tables): Bullying
A3: Version 2 - Last updated: 02-Dec-2019
A4: Disclaimer: http://oe.cd/disclaimer
A6: Table III.B1.2.1
A7: Students' exposure to bullying
A8: Based on students' reports
B11: Index of exposure to bullying1 | H11: Variation in the index of exposure to bullying | R11: Percentage of frequently bullied students4 | U11: Any type of bullying act | AG11: Percentage of students who reported the following:
AG12: Other students left me out of things on purpose | AS12: Other students made fun of me | BE12: I was threatened by other students | BQ12: Other students took away or destroyed things that belong to me | CC12: I got hit or pushed around by other students | CO12: Other students spread nasty rumours about me
B13: Average | E13: Variability | H13: Total variation2 | K13: Variation between schools3 | N13: Variation within schools | Q13: Proportion of variation that lies between schools | U13: Never or almost never | X13: A few times a year | AA13: A few times a month | AD13: Once a week or more | AG13: Never or almost never | AJ13: A few times a year | AM13: A few times a month | AP13: Once a week or more | AS13: Never or almost never | AV13: A few times a year | AY13: A few times a month | BB13: Once a week or more | BE13: Never or almost never | BH13: A few times a year | BK13: A few times a month | BN13: Once a week or more | BQ13: Never or almost never | BT13: A few times a year | BW13: A few times a month | BZ13: Once a week or more | CC13: Never or almost never | CF13: A few times a year | CI13: A few times a month | CL13: Once a week or more | CO13: Never or almost never | CR13: A few times a year | CU13: A few times a month | CX13: Once a week or more
B14: Mean index | C14: S.E. | E14: S.D. | F14: S.E. | H14: Variance | I14: S.E. | K14: Variance | L14: S.E. | N14: Variance | O14: S.E. | Q14: % | R14: % | S14: S.E. | U14: % | V14: S.E. | X14: % | Y14: S.E. | AA14: % | AB14: S.E. | AD14: % | AE14: S.E. | AG14: % | AH14: S.E. | AJ14: % | AK14: S.E. | AM14: % | AN14: S.E. | AP14: % | AQ14: S.E. | AS14: % | AT14: S.E. | AV14: % | AW14: S.E. | AY14: % | AZ14: S.E. | BB14: % | BC14: S.E. | BE14: % | BF14: S.E. | BH14: % | BI14: S.E. | BK14: % | BL14: S.E. | BN14: % | BO14: S.E. | BQ14: % | BR14: S.E. | BT14: % | BU14: S.E. | BW14: % | BX14: S.E. | BZ14: % | CA14: S.E. | CC14: % | CD14: S.E. | CF14: % | CG14: S.E. | CI14: % | CJ14: S.E. | CL14: % | CM14: S.E. | CO14: % | CP14: S.E. | CR14: % | CS14: S.E. | CU14: % | CV14: S.E. | CX14: % | CY14: S.E.
A15: OECD
A16: Australia | B16: 0.32996933 | C16: 0.012060573 | E16: 1.1198612 | F16: 0.0093711397 | H16: 1.2326816 | I16: 0.027727587 | K16: 0.035849206 | L16: 0.0073729014 | N16: 1.1968324 | O16: 0.020354685 | Q16: 2.9082291 | R16: 13.049248 | S16: 0.39973772 | U16: 36.758097 | V16: 0.5017037 | X16: 33.693312 | Y16: 0.5473852 | AA16: 16.311218 | AB16: 0.39421842 | AD16: 13.237373 | AE16: 0.36778748 | AG16: 58.261641 | AH16: 0.48667484 | AJ16: 28.237576 | AK16: 0.4523816 | AM16: 8.764575 | AN16: 0.30305283 | AP16: 4.7362072 | AQ16: 0.22211672 | AS16: 50.082607 | AT16: 0.52351064 | AV16: 28.948818 | AW16: 0.5776165 | AY16: 11.977832 | AZ16: 0.36926884 | BB16: 8.990743 | BC16: 0.31544159 | BE16: 73.720989 | BF16: 0.51067101 | BH16: 17.147965 | BI16: 0.42851912 | BK16: 5.9339726 | BL16: 0.25078982 | BN16: 3.1970738 | BO16: 0.16778242 | BQ16: 78.643565 | BR16: 0.50138142 | BT16: 14.18199 | BU16: 0.44752047 | BW16: 4.5675604 | BX16: 0.22220479 | BZ16: 2.6068843 | CA16: 0.15252934 | CC16: 76.368539 | CD16: 0.46632352 | CF16: 14.459168 | CG16: 0.41796792 | CI16: 5.765514 | CJ16: 0.22208591 | CL16: 3.4067792 | CM16: 0.18782783 | CO16: 67.924886 | CP16: 0.54760806 | CR16: 19.547491 | CS16: 0.39644188 | CU16: 8.0791896 | CV16: 0.29278497 | CX16: 4.4484332 | CY16: 0.20249801
A17: Austria | B17: -0.023609453 | C17: 0.018621401 | E17: 0.97403083 | F17: 0.018196857 | H17: 0.90926886 | I17: 0.037815243 | K17: 0.033820168 | L17: 0.0069429406 | N17: 0.8754487 | O17: 0.030872302 | Q17: 3.7194903 | R17: 6.8246801 | S17: 0.50283809 | U17: 46.906132 | V17: 0.86827782 | X17: 29.923764 | Y17: 0.68155146 | AA17: 13.380811 | AB17: 0.56791304 | AD17: 9.7892924 | AE17: 0.53147186 | AG17: 80.135393 | AH17: 0.679282 | AJ17: 12.774113 | AK17: 0.50542918 | AM17: 4.3464772 | AN17: 0.29816346 | AP17: 2.7440163 | AQ17: 0.29947825 | AS17: 58.164071 | AT17: 0.90029797 | AV17: 27.400889 | AW17: 0.81317947 | AY17: 9.0312994 | AZ17: 0.43646102 | BB17: 5.4037411 | BC17: 0.4384542 | BE17: 86.228359 | BF17: 0.71018749 | BH17: 8.0581735 | BI17: 0.47956575 | BK17: 4.1283516 | BL17: 0.37915344 | BN17: 1.5851162 | BO17: 0.22687446 | BQ17: 77.620487 | BR17: 0.88042763 | BT17: 14.521967 | BU17: 0.64029476 | BW17: 5.4152191 | BX17: 0.42099838 | BZ17: 2.4423272 | CA17: 0.25951129 | CC17: 84.083836 | CD17: 0.7142759 | CF17: 8.6781768 | CG17: 0.46847457 | CI17: 4.5713511 | CJ17: 0.35629717 | CL17: 2.6666357 | CM17: 0.26699149 | CO17: 71.819228 | CP17: 0.74913998 | CR17: 17.288142 | CS17: 0.59080305 | CU17: 6.9985583 | CV17: 0.3634622 | CX17: 3.8940718 | CY17: 0.35775468
A18: Belgium | B18: -0.11024264 | C18: 0.011777944 | E18: 0.88851901 | F18: 0.0097276346 | H18: 0.77958614 | I18: 0.025400624 | K18: 0.018110971 | L18: 0.0039105938 | N18: 0.76147519 | O18: 0.021490031 | Q18: 2.3231521 | R18: 5.2543409 | S18: 0.24390081 | U18: 45.716535 | V18: 0.6467168 | X18: 35.65125 | Y18: 0.63435901 | AA18: 11.604962 | AB18: 0.36889346 | AD18: 7.0272531 | AE18: 0.32082269 | AG18: 81.358712 | AH18: 0.52278623 | AJ18: 13.072746 | AK18: 0.48988757 | AM18: 3.3468457 | AN18: 0.23947497 | AP18: 2.2216968 | AQ18: 0.16270035 | AS18: 62.382997 | AT18: 0.64643894 | AV18: 26.54715 | AW18: 0.53172302 | AY18: 6.9815971 | AZ18: 0.28878673 | BB18: 4.0882562 | BC18: 0.27677301 | BE18: 87.988538 | BF18: 0.42326303 | BH18: 8.784775 | BI18: 0.33498555 | BK18: 2.3307812 | BL18: 0.19463623 | BN18: 0.89590574 | BO18: 0.11710189 | BQ18: 86.634353 | BR18: 0.42305593 | BT18: 10.111806 | BU18: 0.35506226 | BW18: 2.4354448 | BX18: 0.19718305 | BZ18: 0.81839602 | CA18: 0.12749526 | CC18: 86.514429 | CD18: 0.47433566 | CF18: 9.2979889 | CG18: 0.36226911 | CI18: 2.7622084 | CJ18: 0.22238487 | CL18: 1.4253738 | CM18: 0.14590619 | CO18: 69.35591 | CP18: 0.659797 | CR18: 22.123257 | CS18: 0.56408216 | CU18: 5.94885 | CV18: 0.30718991 | CX18: 2.5719833 | CY18: 0.18346596
A19: Canada | B19: 0.13718011 | C19: 0.012549152 | E19: 1.0442537 | F19: 0.0086388408 | H19: 1.0822023 | I19: 0.025136875 | K19: 0.045348328 | L19: 0.0061943311 | N19: 1.036854 | O19: 0.018942544 | Q19: 4.1903744 | R19: 9.2792586 | S19: 0.33570717 | U19: 43.432962 | V19: 0.57220956 | X19: 31.360924 | Y19: 0.48832606 | AA19: 15.192076 | AB19: 0.39666453 | AD19: 10.014039 | AE19: 0.30730252 | AG19: 64.58874 | AH19: 0.56620958 | AJ19: 24.407901 | AK19: 0.42512351 | AM19: 7.5487203 | AN19: 0.26562788 | AP19: 3.4546379 | AQ19: 0.17238623 | AS19: 57.680994 | AT19: 0.526755 | AV19: 25.657224 | AW19: 0.47245424 | AY19: 10.135312 | AZ19: 0.33807478 | BB19: 6.52647 | BC19: 0.27324866 | BE19: 81.1941 | BF19: 0.52604985 | BH19: 12.60953 | BI19: 0.4415963 | BK19: 3.9726063 | BL19: 0.20399197 | BN19: 2.2237638 | BO19: 0.16592003 | BQ19: 84.256497 | BR19: 0.43636562 | BT19: 10.703503 | BU19: 0.33892789 | BW19: 3.4130118 | BX19: 0.1856084 | BZ19: 1.6269879 | CA19: 0.13975869 | CC19: 80.837758 | CD19: 0.46441017 | CF19: 11.956163 | CG19: 0.36755332 | CI19: 4.4786078 | CJ19: 0.20090633 | CL19: 2.7274717 | CM19: 0.17683345 | CO19: 73.527477 | CP19: 0.45412646 | CR19: 16.834106 | CS19: 0.38766763 | CU19: 6.2898188 | CV19: 0.26776832 | CX19: 3.3485981 | CY19: 0.2001896
A20: Chile | B20: 0.0034995231 | C20: 0.0158877 | D20: † | E20: 1.0017883 | F20: 0.017107387 | G20: † | H20: 0.96933973 | I20: 0.035064373 | J20: † | K20: 0.010413814 | L20: 0.0052874926 | M20: † | N20: 0.95892592 | O20: 0.029776882 | P20: † | Q20: 1.0743203 | R20: 7.8194261 | S20: 0.42522712 | T20: † | U20: 46.159643 | V20: 0.7132302 | W20: † | X20: 29.988965 | Y20: 0.64291498 | Z20: † | AA20: 15.52856 | AB20: 0.56223556 | AC20: † | AD20: 8.3228326 | AE20: 0.43546035 | AF20: † | AG20: 69.163231 | AH20: 0.68887072 | AI20: † | AJ20: 20.645937 | AK20: 0.66245243 | AL20: † | AM20: 7.7277779 | AN20: 0.44286289 | AO20: † | AP20: 2.4630544 | AQ20: 0.24242061 | AR20: † | AS20: 63.965971 | AT20: 0.73436907 | AU20: † | AV20: 22.612512 | AW20: 0.61340117 | AX20: † | AY20: 9.4066076 | AZ20: 0.44191835 | BA20: † | BB20: 4.0149095 | BC20: 0.35706138 | BD20: † | BE20: 84.081347 | BF20: 0.74229261 | BG20: † | BH20: 9.4913777 | BI20: 0.58789148 | BJ20: † | BK20: 4.5062807 | BL20: 0.33478986 | BM20: † | BN20: 1.9209944 | BO20: 0.28199564 | BP20: † | BQ20: 78.320801 | BR20: 0.64482615 | BS20: † | BT20: 13.36006 | BU20: 0.50914548 | BV20: † | BW20: 6.0704665 | BX20: 0.40683168 | BY20: † | BZ20: 2.2486726 | CA20: 0.25303493 | CB20: † | CC20: 83.180106 | CD20: 0.67974311 | CE20: † | CF20: 10.273546 | CG20: 0.45772349 | CH20: † | CI20: 4.7485194 | CJ20: 0.37894066 | CK20: † | CL20: 1.7978289 | CM20: 0.25658981 | CN20: † | CO20: 68.471046 | CP20: 0.84876504 | CQ20: † | CR20: 18.91437 | CS20: 0.64966424 | CT20: † | CU20: 8.3501297 | CV20: 0.42616275 | CW20: † | CX20: 4.2644546 | CY20: 0.34389895 | CZ20: †
A21: Colombia | B21: 0.1819149 | C21: 0.022002047 | D21: † | E21: 1.0874944 | F21: 0.014489453 | G21: † | H21: 1.1693001 | I21: 0.043497425 | J21: † | K21: 0.034595148 | L21: 0.011520438 | M21: † | N21: 1.1347049 | O21: 0.031976986 | P21: † | Q21: 2.9586201 | R21: 11.676818 | S21: 0.53561621 | T21: † | U21: 41.256476 | V21: 0.79002302 | W21: † | X21: 26.4347 | Y21: 0.75881112 | Z21: † | AA21: 20.135173 | AB21: 0.80696523 | AC21: † | AD21: 12.17365 | AE21: 0.55520733 | AF21: † | AG21: 63.884676 | AH21: 0.70624346 | AI21: † | AJ21: 20.229552 | AK21: 0.57471241 | AL21: † | AM21: 11.753094 | AN21: 0.58098099 | AO21: † | AP21: 4.1326777 | AQ21: 0.31295783 | AR21: † | AS21: 57.189398 | AT21: 1.0406265 | AU21: † | AV21: 24.718876 | AW21: 0.73206784 | AX21: † | AY21: 12.966982 | AZ21: 0.63963078 | BA21: † | BB21: 5.1247444 | BC21: 0.38026961 | BD21: † | BE21: 78.690757 | BF21: 0.85159642 | BG21: † | BH21: 10.728832 | BI21: 0.46654021 | BJ21: † | BK21: 8.0753433 | BL21: 0.55986896 | BM21: † | BN21: 2.5050669 | BO21: 0.25429993 | BP21: † | BQ21: 74.592079 | BR21: 0.86393507 | BS21: † | BT21: 13.158189 | BU21: 0.52095672 | BV21: † | BW21: 9.0313731 | BX21: 0.50648778 | BY21: † | BZ21: 3.2183591 | CA21: 0.30590829 | CB21: † | CC21: 77.310582 | CD21: 0.90795037 | CE21: † | CF21: 11.502293 | CG21: 0.55558195 | CH21: † | CI21: 7.9223488 | CJ21: 0.50292246 | CK21: † | CL21: 3.2647755 | CM21: 0.27604246 | CN21: † | CO21: 62.174849 | CP21: 0.82190685 | CQ21: † | CR21: 19.851229 | CS21: 0.65381362 | CT21: † | CU21: 11.705439 | CV21: 0.52011439 | CW21: † | CX21: 6.2684826 | CY21: 0.39811455 | CZ21: †
A22: Czech Republic | B22: 0.01948318 | C22: 0.020388047 | E22: 1.0251911 | F22: 0.016062416 | H22: 1.0152161 | I22: 0.03791824 | K22: 0.047257342 | L22: 0.009572599 | N22: 0.96795878 | O22: 0.028345642 | Q22: 4.6549048 | R22: 8.2388914 | S22: 0.42623339 | U22: 42.134378 | V22: 0.85253227 | X22: 28.166146 | Y22: 0.64649664 | AA22: 15.931689 | AB22: 0.57572965 | AD22: 13.767786 | AE22: 0.58854137 | AG22: 69.604434 | AH22: 0.78130343 | AJ22: 18.242857 | AK22: 0.60040718 | AM22: 7.5480357 | AN22: 0.36311832 | AP22: 4.6046726 | AQ22: 0.35227584 | AS22: 64.810702 | AT22: 0.92249708 | AV22: 21.504665 | AW22: 0.73497768 | AY22: 8.6126061 | AZ22: 0.48222815 | BB22: 5.072027 | BC22: 0.37044985 | BE22: 84.787484 | BF22: 0.68620034 | BH22: 8.192253 | BI22: 0.43717927 | BK22: 4.5806352 | BL22: 0.35943389 | BN22: 2.4396275 | BO22: 0.26276786 | BQ22: 73.845258 | BR22: 0.88700994 | BT22: 16.052434 | BU22: 0.60134137 | BW22: 5.9670074 | BX22: 0.37623962 | BZ22: 4.1353007 | CA22: 0.341791 | CC22: 75.723474 | CD22: 0.82164209 | CF22: 14.342832 | CG22: 0.512905 | CI22: 5.9255713 | CJ22: 0.38567565 | CL22: 4.0081228 | CM22: 0.30031131 | CO22: 64.092572 | CP22: 0.8885226 | CR22: 21.349441 | CS22: 0.61750118 | CU22: 8.5383807 | CV22: 0.50453622 | CX22: 6.0196063 | CY22: 0.45948292
A23: Denmark | B23: 0.02760859 | C23: 0.016926461 | E23: 0.8919608 | F23: 0.012278154 | H23: 0.79033583 | I23: 0.025885073 | K23: 0.02365825 | L23: 0.0058135684 | N23: 0.76667756 | O23: 0.020071506 | Q23: 2.9934428 | R23: 5.007056 | S23: 0.38102859 | U23: 38.706726 | V23: 0.95777892 | X23: 39.896762 | Y23: 0.76340489 | AA23: 13.813943 | AB23: 0.50107036 | AD23: 7.5825693 | AE23: 0.40639218 | AG23: 72.47841 | AH23: 0.73723861 | AJ23: 21.325317 | AK23: 0.66215943 | AM23: 4.487529 | AN23: 0.33973103 | AP23: 1.7087449 | AQ23: 0.19528528 | AS23: 55.415428 | AT23: 0.92039305 | AV23: 31.104674 | AW23: 0.77683174 | AY23: 9.221807 | AZ23: 0.42170958 | BB23: 4.2580907 | BC23: 0.30126535 | BE23: 88.867673 | BF23: 0.5938701 | BH23: 8.2483902 | BI23: 0.45215351 | BK23: 1.8848932 | BL23: 0.21559436 | BN23: 0.99904371 | BO23: 0.14240627 | BQ23: 77.51955 | BR23: 0.76344628 | BT23: 17.913854 | BU23: 0.62142547 | BW23: 3.283371 | BX23: 0.29413329 | BZ23: 1.283225 | CA23: 0.18436906 | CC23: 81.30843 | CD23: 0.74463814 | CF23: 12.671995 | CG23: 0.54462231 | CI23: 3.4352519 | CJ23: 0.31107107 | CL23: 2.5843231 | CM23: 0.26243583 | CO23: 70.970906 | CP23: 0.67173298 | CR23: 21.917745 | CS23: 0.49324969 | CU23: 5.4051122 | CV23: 0.41659132 | CX23: 1.7062363 | CY23: 0.20496326
A24: Estonia | B24: 0.077707735 | C24: 0.016121734 | E24: 0.98656959 | F24: 0.010233877 | H24: 0.96856081 | I24: 0.02977314 | K24: 0.022259855 | L24: 0.0068601724 | N24: 0.94630098 | O24: 0.022912968 | Q24: 2.2982404 | R24: 8.2603413 | S24: 0.40122335 | U24: 44.768888 | V24: 0.87905051 | X24: 29.79405 | Y24: 0.79421752 | AA24: 15.820365 | AB24: 0.65083909 | AD24: 9.6166971 | AE24: 0.49077611 | AG24: 72.279187 | AH24: 0.68724923 | AJ24: 19.365043 | AK24: 0.64237531 | AM24: 5.6401552 | AN24: 0.31328943 | AP24: 2.715615 | AQ24: 0.24612226 | AS24: 55.396377 | AT24: 0.91459809 | AV24: 27.120969 | AW24: 0.83601155 | AY24: 11.717846 | AZ24: 0.53548275 | BB24: 5.7648082 | BC24: 0.34740143 | BE24: 84.38303 | BF24: 0.60186265 | BH24: 9.8658487 | BI24: 0.52242465 | BK24: 4.0760588 | BL24: 0.3389395 | BN24: 1.6750623 | BO24: 0.21802696 | BQ24: 81.790122 | BR24: 0.74566606 | BT24: 11.839597 | BU24: 0.64848811 | BW24: 4.6316569 | BX24: 0.31858283 | BZ24: 1.7386242 | CA24: 0.18469741 | CC24: 81.668834 | CD24: 0.7016453 | CF24: 11.553747 | CG24: 0.54545463 | CI24: 4.6342962 | CJ24: 0.33389454 | CL24: 2.1431226 | CM24: 0.25406207 | CO24: 74.502506 | CP24: 0.7439104 | CR24: 16.61474 | CS24: 0.59305215 | CU24: 6.1805174 | CV24: 0.37805763 | CX24: 2.7022373 | CY24: 0.24856226
A25: Finland | B25: -0.030802344 | C25: 0.015794613 | E25: 0.96165464 | F25: 0.014678994 | H25: 0.92575514 | I25: 0.034459226 | K25: 0.019463643 | L25: 0.0052692754 | N25: 0.90629148 | O25: 0.02918995 | Q25: 2.1024613 | R25: 6.2019961 | S25: 0.37024829 | U25: 49.341088 | V25: 0.71213282 | X25: 32.934288 | Y25: 0.65743293 | AA25: 10.606248 | AB25: 0.40523219 | AD25: 7.1183756 | AE25: 0.4129579 | AG25: 74.073302 | AH25: 0.66374933 | AJ25: 18.97954 | AK25: 0.58539092 | AM25: 4.1795695 | AN25: 0.30489573 | AP25: 2.7675891 | AQ25: 0.25830255 | AS25: 61.808192 | AT25: 0.79347735 | AV25: 26.379604 | AW25: 0.6464923 | AY25: 7.563258 | AZ25: 0.37517234 | BB25: 4.2489462 | BC25: 0.30062076 | BE25: 84.947172 | BF25: 0.60786048 | BH25: 10.881544 | BI25: 0.50638045 | BK25: 2.5727375 | BL25: 0.23290586 | BN25: 1.5985461 | BO25: 0.21626046 | BQ25: 87.513371 | BR25: 0.45123145 | BT25: 9.2620215 | BU25: 0.39146757 | BW25: 2.0942956 | BX25: 0.21185481 | BZ25: 1.1303115 | CA25: 0.18592166 | CC25: 84.088566 | CD25: 0.63028286 | CF25: 10.77897 | CG25: 0.46556419 | CI25: 2.803402 | CJ25: 0.24636525 | CL25: 2.3290614 | CM25: 0.2507398 | CO25: 74.883118 | CP25: 0.65242819 | CR25: 17.792198 | CS25: 0.54919758 | CU25: 4.8987091 | CV25: 0.34942024 | CX25: 2.425975 | CY25: 0.24086261
A26: France | B26: -0.077417456 | C26: 0.015470527 | E26: 0.98194018 | F26: 0.013516596 | H26: w | I26: w | K26: w | L26: w | N26: w | O26: w | Q26: w | R26: 6.7896117 | S26: 0.32568104 | U26: 51.283856 | V26: 0.76548565 | X26: 28.926445 | Y26: 0.70478155 | AA26: 11.892486 | AB26: 0.50437195 | AD26: 7.8972118 | AE26: 0.4005188 | AG26: 78.452917 | AH26: 0.67472795 | AJ26: 13.868326 | AK26: 0.5404663 | AM26: 4.6420223 | AN26: 0.34592051 | AP26: 3.0367355 | AQ26: 0.26731247 | AS26: 64.113754 | AT26: 0.79955076 | AV26: 23.657433 | AW26: 0.68738039 | AY26: 7.5595608 | AZ26: 0.39234933 | BB26: 4.6692521 | BC26: 0.31890445 | BE26: 85.801823 | BF26: 0.57929185 | BH26: 8.5982535 | BI26: 0.39389955 | BK26: 3.6403208 | BL26: 0.32528325 | BN26: 1.9596032 | BO26: 0.19700868 | BQ26: 85.179541 | BR26: 0.61789455 | BT26: 9.2260441 | BU26: 0.44466341 | BW26: 3.7141477 | BX26: 0.29240422 | BZ26: 1.8802675 | CA26: 0.20630728 | CC26: 86.106679 | CD26: 0.58959528 | CF26: 8.447441 | CG26: 0.41658198 | CI26: 3.5570383 | CJ26: 0.29136542 | CL26: 1.8888416 | CM26: 0.22564705 | CO26: 74.072094 | CP26: 0.76389426 | CR26: 16.864977 | CS26: 0.5722705 | CU26: 5.9528479 | CV26: 0.37111191 | CX26: 3.1100809 | CY26: 0.29669777
A27: Germany | B27: -0.010656097 | C27: 0.021992191 | D27: ‡ | E27: 0.92660591 | F27: 0.015598932 | G27: ‡ | H27: 0.85065955 | I27: 0.040612832 | J27: ‡ | K27: 0.015590077 | L27: 0.0092485558 | M27: ‡ | N27: 0.83506945 | O27: 0.031364277 | P27: ‡ | Q27: 1.8327047 | R27: 6.2415389 | S27: 0.48647164 | T27: ‡ | U27: 42.705189 | V27: 1.14291 | W27: ‡ | X27: 34.617312 | Y27: 0.87590857 | Z27: ‡ | AA27: 14.431685 | AB27: 0.83069482 | AC27: ‡ | AD27: 8.2458137 | AE27: 0.56458011 | AF27: ‡ | AG27: 77.656951 | AH27: 1.1005666 | AI27: ‡ | AJ27: 15.658082 | AK27: 0.85883778 | AL27: ‡ | AM27: 4.378138 | AN27: 0.44028534 | AO27: ‡ | AP27: 2.3068297 | AQ27: 0.29941131 | AR27: ‡ | AS27: 56.745599 | AT27: 1.0832864 | AU27: ‡ | AV27: 29.982887 | AW27: 0.99440254 | AX27: ‡ | AY27: 8.1581357 | AZ27: 0.61053113 | BA27: ‡ | BB27: 5.1133785 | BC27: 0.46572891 | BD27: ‡ | BE27: 87.627456 | BF27: 0.73399624 | BG27: ‡ | BH27: 7.2287205 | BI27: 0.53117006 | BJ27: ‡ | BK27: 4.1785381 | BL27: 0.4419397 | BM27: ‡ | BN27: 0.96528523 | BO27: 0.17496599 | BP27: ‡ | BQ27: 78.138255 | BR27: 1.0017636 | BS27: ‡ | BT27: 14.835087 | BU27: 0.87260663 | BV27: ‡ | BW27: 5.2480907 | BX27: 0.57319453 | BY27: ‡ | BZ27: 1.778567 | CA27: 0.25538583 | CB27: ‡ | CC27: 87.006045 | CD27: 0.8056364 | CE27: ‡ | CF27: 8.0412883 | CG27: 0.61518281 | CH27: ‡ | CI27: 3.5408338 | CJ27: 0.38656566 | CK27: ‡ | CL27: 1.4118327 | CM27: 0.24812654 | CN27: ‡ | CO27: 70.444401 | CP27: 1.0196741 | CQ27: ‡ | CR27: 19.310264 | CS27: 0.85741085 | CT27: ‡ | CU27: 7.8090709 | CV27: 0.55032532 | CW27: ‡ | CX27: 2.4362637 | CY27: 0.32123209 | CZ27: ‡
A28: Greece | B28: 0.0059771257 | C28: 0.018447183 | E28: 1.0009066 | F28: 0.015073115 | H28: 0.9868719 | I28: 0.036153071 | K28: 0.02859852 | L28: 0.006692619 | N28: 0.95827338 | O28: 0.029460453 | Q28: 2.8978958 | R28: 7.614476 | S28: 0.43945951 | U28: 47.935342 | V28: 0.79857609 | X28: 25.126161 | Y28: 0.56899655 | AA28: 14.866233 | AB28: 0.54664812 | AD28: 12.072264 | AE28: 0.48168934 | AG28: 80.496979 | AH28: 0.66189915 | AJ28: 11.936193 | AK28: 0.48657066 | AM28: 4.4375562 | AN28: 0.33953778 | AP28: 3.129272 | AQ28: 0.24706081 | AS28: 57.81192 | AT28: 0.80196679 | AV28: 25.236803 | AW28: 0.59019316 | AY28: 10.660535 | AZ28: 0.46665207 | BB28: 6.2907414 | BC28: 0.3187574 | BE28: 84.665262 | BF28: 0.77114219 | BH28: 7.824505 | BI28: 0.42175038 | BK28: 5.3333246 | BL28: 0.45344935 | BN28: 2.1769085 | BO28: 0.23352912 | BQ28: 79.125429 | BR28: 0.74158762 | BT28: 11.637764 | BU28: 0.43603168 | BW28: 5.908532 | BX28: 0.37482637 | BZ28: 3.328275 | CA28: 0.31108257 | CC28: 81.812717 | CD28: 0.77956795 | CF28: 9.1004107 | CG28: 0.44541466 | CI28: 6.1216268 | CJ28: 0.44711865 | CL28: 2.9652456 | CM28: 0.2207856 | CO28: 73.876151 | CP28: 0.93467595 | CR28: 14.883808 | CS28: 0.61526813 | CU28: 7.1626114 | CV28: 0.4492533 | CX28: 4.0774294 | CY28: 0.29704507
A29: Hungary | B29: -0.10867046 | C29: 0.020324703 | E29: 0.99347065 | F29: 0.017822354 | H29: 0.93743521 | I29: 0.0475532 | K29: 0.055822743 | L29: 0.011343577 | N29: 0.88161244 | O29: 0.036209625 | Q29: 5.9548373 | R29: 7.4226411 | S29: 0.42352167 | U29: 52.552053 | V29: 0.98265167 | X29: 24.872841 | Y29: 0.80801801 | AA29: 12.762574 | AB29: 0.54609941 | AD29: 9.8125318 | AE29: 0.56992314 | AG29: 71.663977 | AH29: 0.77147164 | AJ29: 17.684919 | AK29: 0.60022763 | AM29: 6.8456682 | AN29: 0.39699628 | AP29: 3.8054355 | AQ29: 0.26573344 | AS29: 72.227984 | AT29: 0.8742856 | AV29: 16.628714 | AW29: 0.68262179 | AY29: 7.3089775 | AZ29: 0.45811312 | BB29: 3.8343252 | BC29: 0.31882636 | BE29: 85.19597 | BF29: 0.84608853 | BH29: 8.2435244 | BI29: 0.52453068 | BK29: 4.7161417 | BL29: 0.40418366 | BN29: 1.8443636 | BO29: 0.22259102 | BQ29: 82.792004 | BR29: 0.86593472 | BT29: 9.9188911 | BU29: 0.60222755 | BW29: 5.1184981 | BX29: 0.38530199 | BZ29: 2.1706067 | CA29: 0.25442292 | CC29: 84.920982 | CD29: 0.864946 | CF29: 7.8799798 | CG29: 0.47560833 | CI29: 4.6072584 | CJ29: 0.36939579 | CL29: 2.59178 | CM29: 0.3077342 | CO29: 69.131051 | CP29: 0.91381367 | CR29: 17.43079 | CS29: 0.636026 | CU29: 8.3456379 | CV29: 0.48506529 | CX29: 5.0925206 | CY29: 0.45106657
A30: Iceland | B30: -0.18852264 | C30: 0.018246701 | D30: † | E30: 0.92442515 | F30: 0.019958522 | G30: † | H30: 0.88365835 | I30: 0.057375036 | J30: † | K30: 0.011227844 | L30: 0.0053192776 | M30: † | N30: 0.87243053 | O30: 0.052055757 | P30: † | Q30: 1.2706093 | R30: 4.9387446 | S30: 0.43525492 | T30: † | U30: 62.582171 | V30: 0.93777432 | W30: † | X30: 20.20762 | Y30: 0.79720181 | Z30: † | AA30: 10.324717 | AB30: 0.6378755 | AC30: † | AD30: 6.8854921 | AE30: 0.44811323 | AF30: † | AG30: 84.376132 | AH30: 0.77856225 | AI30: † | AJ30: 10.003368 | AK30: 0.65397985 | AL30: † | AM30: 3.4675375 | AN30: 0.36548963 | AO30: † | AP30: 2.1529629 | AQ30: 0.31487508 | AR30: † | AS30: 70.541001 | AT30: 0.92170153 | AU30: † | AV30: 17.905452 | AW30: 0.79975969 | AX30: † | AY30: 7.288756 | AZ30: 0.52474495 | BA30: † | BB30: 4.2647914 | BC30: 0.39448574 | BD30: † | BE30: 86.229141 | BF30: 0.70023752 | BG30: † | BH30: 9.1409993 | BI30: 0.55142333 | BJ30: † | BK30: 3.3644773 | BL30: 0.39294459 | BM30: † | BN30: 1.2653825 | BO30: 0.25191714 | BP30: † | BQ30: 89.997965 | BR30: 0.55921732 | BS30: † | BT30: 6.8865351 | BU30: 0.47053408 | BV30: † | BW30: 1.9629943 | BX30: 0.28596788 | BY30: † | BZ30: 1.1525056 | CA30: 0.19663059 | CB30: † | CC30: 89.286155 | CD30: 0.64138595 | CE30: † | CF30: 6.9516694 | CG30: 0.52817654 | CH30: † | CI30: 2.7360167 | CJ30: 0.35053927 | CK30: † | CL30: 1.0261594 | CM30: 0.17809495 | CN30: † | CO30: 83.598618 | CP30: 0.70923066 | CQ30: † | CR30: 10.843283 | CS30: 0.64473975 | CT30: † | CU30: 3.8355552 | CV30: 0.42010956 | CW30: † | CX30: 1.722544 | CY30: 0.23814125 | CZ30: †
A31: Ireland | B31: 0.13336397 | C31: 0.015024697 | E31: 1.0133383 | F31: 0.012063864 | H31: 1.0260116 | I31: 0.033604175 | K31: 0.012691776 | L31: 0.0049288747 | N31: 1.0133198 | O31: 0.028675301 | Q31: 1.2370012 | R31: 8.7499547 | S31: 0.4141836 | U31: 41.124686 | V31: 0.81747584 | X31: 36.202085 | Y31: 0.76611844 | AA31: 12.795537 | AB31: 0.51926909 | AD31: 9.8776912 | AE31: 0.42297483 | AG31: 65.300564 | AH31: 0.7427811 | AJ31: 26.13801 | AK31: 0.7071947 | AM31: 5.5568987 | AN31: 0.35253129 | AP31: 3.0045272 | AQ31: 0.24077771 | AS31: 55.445101 | AT31: 0.72481066 | AV31: 28.715794 | AW31: 0.63959531 | AY31: 8.8975391 | AZ31: 0.46345667 | BB31: 6.9415658 | BC31: 0.35654311 | BE31: 81.352596 | BF31: 0.60211577 | BH31: 12.991964 | BI31: 0.52224221 | BK31: 3.7048466 | BL31: 0.3280844 | BN31: 1.9505934 | BO31: 0.20789802 | BQ31: 79.235036 | BR31: 0.59762249 | BT31: 15.343444 | BU31: 0.50860504 | BW31: 3.7989067 | BX31: 0.25535702 | BZ31: 1.6226131 | CA31: 0.19613824 | CC31: 81.785803 | CD31: 0.52978473 | CF31: 12.248775 | CG31: 0.4286432 | CI31: 3.608711 | CJ31: 0.28102925 | CL31: 2.3567104 | CM31: 0.18993995 | CO31: 73.907892 | CP31: 0.73133646 | CR31: 18.128202 | CS31: 0.57082594 | CU31: 5.0769276 | CV31: 0.40011737 | CX31: 2.8869783 | CY31: 0.26756335
A32: Israel | B32: m | C32: m | E32: m | F32: m | H32: m | I32: m | K32: m | L32: m | N32: m | O32: m | Q32: m | R32: m | S32: m | U32: m | V32: m | X32: m | Y32: m | AA32: m | AB32: m | AD32: m | AE32: m | AG32: m | AH32: m | AJ32: m | AK32: m | AM32: m | AN32: m | AP32: m | AQ32: m | AS32: m | AT32: m | AV32: m | AW32: m | AY32: m | AZ32: m | BB32: m | BC32: m | BE32: m | BF32: m | BH32: m | BI32: m | BK32: m | BL32: m | BN32: m | BO32: m | BQ32: m | BR32: m | BT32: m | BU32: m | BW32: m | BX32: m | BZ32: m | CA32: m | CC32: m | CD32: m | CF32: m | CG32: m | CI32: m | CJ32: m | CL32: m | CM32: m | CO32: m | CP32: m | CR32: m | CS32: m | CU32: m | CV32: m | CX32: m | CY32: m
A33: Italy | B33: -0.069152665 | C33: 0.017349977 | E33: 1.0168723 | F33: 0.016252183 | H33: 0.99171418 | I33: 0.042218778 | K33: 0.048563487 | L33: 0.01043258 | N33: 0.9431507 | O33: 0.031786199 | Q33: 4.8969235 | R33: 7.8779032 | S33: 0.42713115 | U33: 53.390741 | V33: 0.72487801 | X33: 22.906444 | Y33: 0.69380006 | AA33: 12.926454 | AB33: 0.55148512 | AD33: 10.776361 | AE33: 0.51021526 | AG33: 72.131775 | AH33: 0.64268184 | AJ33: 17.858068 | AK33: 0.57903022 | AM33: 6.5614869 | AN33: 0.41655147 | AP33: 3.4486703 | AQ33: 0.34847173 | AS33: 70.065886 | AT33: 0.77749918 | AV33: 18.453462 | AW33: 0.56563782 | AY33: 7.9041111 | AZ33: 0.41908065 | BB33: 3.5765407 | BC33: 0.29841898 | BE33: 81.85068 | BF33: 0.8041094 | BH33: 9.3999541 | BI33: 0.5517849 | BK33: 6.7044906 | BL33: 0.47189014 | BN33: 2.0448749 | BO33: 0.22140606 | BQ33: 76.297013 | BR33: 0.81495373 | BT33: 12.67592 | BU33: 0.54867733 | BW33: 7.2363203 | BX33: 0.44359588 | BZ33: 3.7907463 | CA33: 0.33243377 | CC33: 83.550205 | CD33: 0.85658093 | CF33: 7.7511434 | CG33: 0.5492389 | CI33: 6.200887 | CJ33: 0.45737346 | CL33: 2.4977642 | CM33: 0.28176519 | CO33: 73.000349 | CP33: 0.82082739 | CR33: 15.197168 | CS33: 0.57049512 | CU33: 7.3305406 | CV33: 0.41406012 | CX33: 4.4719422 | CY33: 0.39610921
A34: Japan | B34: -0.28281949 | C34: 0.014508945 | E34: 0.86591074 | F34: 0.013867817 | H34: 0.7484951 | I34: 0.031146953 | K34: 0.023264106 | L34: 0.0068564897 | N34: 0.72523101 | O34: 0.024290463 | Q34: 3.1081173 | R34: 4.3187924 | S34: 0.31577132 | U34: 65.342508 | V34: 0.88328705 | X34: 17.389914 | Y34: 0.58895521 | AA34: 8.6284446 | AB34: 0.40841848 | AD34: 8.6391339 | AE34: 0.46770783 | AG34: 89.036388 | AH34: 0.39581724 | AJ34: 7.4033119 | AK34: 0.35356955 | AM34: 1.9373393 | AN34: 0.16956864 | AP34: 1.6229605 | AQ34: 0.1741153 | AS34: 73.209483 | AT34: 0.75400821 | AV34: 12.974931 | AW34: 0.43505836 | AY34: 6.8593762 | AZ34: 0.3607211 | BB34: 6.9562093 | BC34: 0.40290152 | BE34: 94.658973 | BF34: 0.35346306 | BH34: 3.0036361 | BI34: 0.23785614 | BK34: 1.3353409 | BL34: 0.15445507 | BN34: 1.0020501 | BO34: 0.13830155 | BQ34: 91.127336 | BR34: 0.49231706 | BT34: 6.0871045 | BU34: 0.36539749 | BW34: 1.7468497 | BX34: 0.21101373 | BZ34: 1.0387098 | CA34: 0.13869932 | CC34: 86.679821 | CD34: 0.61219703 | CF34: 7.3750835 | CG34: 0.34449689 | CI34: 3.0638514 | CJ34: 0.26919291 | CL34: 2.881244 | CM34: 0.24836328 | CO34: 83.370418 | CP34: 0.66125825 | CR34: 11.374881 | CS34: 0.50748624 | CU34: 3.0130839 | CV34: 0.25374251 | CX34: 2.2416169 | CY34: 0.20765569
A35: Korea | B35: m | C35: m | E35: m | F35: m | H35: m | I35: m | K35: m | L35: m | N35: m | O35: m | Q35: m | R35: m | S35: m | U35: 80.13635 | V35: 0.67845586 | X35: 10.472438 | Y35: 0.4394105 | AA35: 4.1895251 | AB35: 0.26677063 | AD35: 5.201687 | AE35: 0.31179553 | AG35: 96.455562 | AH35: 0.29384244 | AJ35: 2.3305724 | AK35: 0.22795745 | AM35: 0.68428799 | AN35: 0.10703803 | AP35: 0.5295775 | AQ35: 0.091122007 | AS35: 85.204441 | AT35: 0.51925124 | AV35: 6.8149506 | AW35: 0.31683168 | AY35: 3.4091241 | AZ35: 0.25483098 | BB35: 4.5714842 | BC35: 0.29443513 | BE35: 97.407101 | BF35: 0.21645147 | BH35: 1.4504002 | BI35: 0.18907959 | BK35: 0.72043492 | BL35: 0.091090587 | BN35: 0.42206395 | BO35: 0.081736306 | BQ35: 95.638105 | BR35: 0.28307566 | BT35: 3.1580246 | BU35: 0.22220065 | BW35: 0.70334149 | BX35: 0.11614708 | BZ35: 0.50052937 | CA35: 0.099971131 | CC35: 98.033554 | CD35: 0.20620876 | CF35: 0.9847201 | CG35: 0.13182796 | CI35: 0.55151982 | CJ35: 0.11408125 | CL35: 0.43020575 | CM35: 0.10678068 | CO35: 91.39063 | CP35: 0.48107077 | CR35: 6.2981285 | CS35: 0.3493242 | CU35: 1.410912 | CV35: 0.15068522 | CX35: 0.90032915 | CY35: 0.16349841
A36: Latvia | B36: 0.37125195 | C36: 0.017759906 | E36: 1.0310338 | F36: 0.012615502 | H36: 1.056604 | I36: 0.034636054 | K36: 0.025484679 | L36: 0.007738201 | N36: 1.0311193 | O36: 0.026897853 | Q36: 2.4119422 | R36: 11.317449 | S36: 0.58735608 | U36: 28.807686 | V36: 0.62404374 | X36: 35.694837 | Y36: 0.65983443 | AA36: 21.685118 | AB36: 0.62960978 | AD36: 13.812359 | AE36: 0.59497727 | AG36: 53.828893 | AH36: 0.73977221 | AJ36: 30.032916 | AK36: 0.74645924 | AM36: 11.661946 | AN36: 0.50049831 | AP36: 4.4762449 | AQ36: 0.34231847 | AS36: 49.328818 | AT36: 0.77471475 | AV36: 32.939186 | AW36: 0.69348897 | AY36: 11.842766 | AZ36: 0.46796477 | BB36: 5.88923 | BC36: 0.39768638 | BE36: 72.626157 | BF36: 0.81513233 | BH36: 16.90084 | BI36: 0.63940767 | BK36: 7.7214317 | BL36: 0.45556818 | BN36: 2.751572 | BO36: 0.26588585 | BQ36: 70.320666 | BR36: 0.84175736 | BT36: 19.427381 | BU36: 0.6079926 | BW36: 7.283854 | BX36: 0.44364864 | BZ36: 2.9680998 | CA36: 0.28525907 | CC36: 66.757146 | CD36: 0.80583911 | CF36: 20.996767 | CG36: 0.64243079 | CI36: 8.6821267 | CJ36: 0.4355264 | CL36: 3.5639598 | CM36: 0.35181984 | CO36: 56.726866 | CP36: 0.82351233 | CR36: 27.173578 | CS36: 0.67634779 | CU36: 10.995166 | CV36: 0.47227621 | CX36: 5.1043896 | CY36: 0.38141288
A37: Lithuania | B37: 0.019515131 | C37: 0.01602953 | E37: 1.0686959 | F37: 0.012217794 | H37: 1.0922761 | I37: 0.042892549 | K37: 0.052502056 | L37: 0.0094540857 | N37: 1.039774 | O37: 0.033438464 | Q37: 4.8066654 | R37: 9.7060096 | S37: 0.41180819 | U37: 52.330084 | V37: 0.69424219 | X37: 25.03478 | Y37: 0.57503227 | AA37: 13.678042 | AB37: 0.52542822 | AD37: 8.9570939 | AE37: 0.46837832 | AG37: 72.426419 | AH37: 0.67436423 | AJ37: 17.544021 | AK37: 0.52414311 | AM37: 7.2614307 | AN37: 0.35044143 | AP37: 2.7681284 | AQ37: 0.21522542 | AS37: 63.364631 | AT37: 0.69405471 | AV37: 23.343083 | AW37: 0.58899441 | AY37: 9.1981148 | AZ37: 0.39525493 | BB37: 4.0941707 | BC37: 0.27038283 | BE37: 76.497688 | BF37: 0.56030792 | BH37: 13.4194 | BI37: 0.47456229 | BK37: 7.8188695 | BL37: 0.37829112 | BN37: 2.264042 | BO37: 0.18462306 | BQ37: 79.676428 | BR37: 0.59861209 | BT37: 10.807838 | BU37: 0.39797291 | BW37: 6.5251283 | BX37: 0.34324946 | BZ37: 2.9906061 | CA37: 0.24826557 | CC37: 77.607632 | CD37: 0.557159 | CF37: 11.428503 | CG37: 0.43129784 | CI37: 7.9544769 | CJ37: 0.37139527 | CL37: 3.0093876 | CM37: 0.22498352 | CO37: 71.126874 | CP37: 0.62684685 | CR37: 16.349622 | CS37: 0.49221773 | CU37: 8.3236905 | CV37: 0.38483836 | CX37: 4.1998136 | CY37: 0.29956868
A38: Luxembourg | B38: -0.04421341 | C38: 0.013412081 | E38: 0.97388491 | F38: 0.013699884 | H38: 0.95835549 | I38: 0.046682823 | K38: 0.01163238 | L38: 0.0039945607 | N38: 0.94672312 | O38: 0.042688262 | Q38: 1.2137854 | R38: 6.933977 | S38: 0.38412694 | U38: 47.628696 | V38: 0.74822378 | X38: 31.734535 | Y38: 0.73827553 | AA38: 12.740313 | AB38: 0.50230584 | AD38: 7.8964553 | AE38: 0.42366938 | AG38: 76.653633 | AH38: 0.57843525 | AJ38: 15.684777 | AK38: 0.54866047 | AM38: 4.9419143 | AN38: 0.38866976 | AP38: 2.719676 | AQ38: 0.22283565 | AS38: 61.370082 | AT38: 0.69865078 | AV38: 26.531737 | AW38: 0.73884452 | AY38: 8.0369011 | AZ38: 0.3506839 | BB38: 4.06128 | BC38: 0.30009059 | BE38: 84.886627 | BF38: 0.54908813 | BH38: 9.0801227 | BI38: 0.48718215 | BK38: 4.3393324 | BL38: 0.32962513 | BN38: 1.6939184 | BO38: 0.18931677 | BQ38: 81.647263 | BR38: 0.54843221 | BT38: 11.85822 | BU38: 0.47349944 | BW38: 4.6563307 | BX38: 0.25450815 | BZ38: 1.8381865 | CA38: 0.20480666 | CC38: 85.839472 | CD38: 0.5749885 | CF38: 7.8442013 | CG38: 0.39407317 | CI38: 4.418674 | CJ38: 0.32664606 | CL38: 1.8976527 | CM38: 0.22958495 | CO38: 70.510383 | CP38: 0.71196019 | CR38: 18.652202 | CS38: 0.5984296 | CU38: 7.0732498 | CV38: 0.37975663 | CX38: 3.7641657 | CY38: 0.29591242
A39: Mexico | B39: -0.0017078854 | C39: 0.020333237 | D39: ‡ | E39: 1.0113061 | F39: 0.015230966 | G39: ‡ | H39: 1.0029235 | I39: 0.035615988 | J39: ‡ | K39: 0.014914322 | L39: 0.0068121153 | M39: ‡ | N39: 0.98800921 | O39: 0.028803873 | P39: ‡ | Q39: 1.4870847 | R39: 8.8048093 | S39: 0.52645666 | T39: ‡ | U39: 49.217153 | V39: 0.91845373 | W39: † | X39: 27.785393 | Y39: 0.6930807 | Z39: † | AA39: 14.178224 | AB39: 0.58558888 | AC39: † | AD39: 8.8192305 | AE39: 0.58649913 | AF39: † | AG39: 71.479292 | AH39: 0.87420798 | AI39: † | AJ39: 17.077133 | AK39: 0.68107378 | AL39: † | AM39: 8.389105 | AN39: 0.44473729 | AO39: † | AP39: 3.0544699 | AQ39: 0.30109436 | AR39: † | AS39: 62.655717 | AT39: 0.8997145 | AU39: † | AV39: 23.279631 | AW39: 0.69360319 | AX39: † | AY39: 9.8639414 | AZ39: 0.55728381 | BA39: † | BB39: 4.2007102 | BC39: 0.43166994 | BD39: † | BE39: 84.067531 | BF39: 0.78544786 | BG39: † | BH39: 9.0958683 | BI39: 0.53523523 | BJ39: † | BK39: 5.1973223 | BL39: 0.40228113 | BM39: † | BN39: 1.6392785 | BO39: 0.298691 | BP39: † | BQ39: 82.55891 | BR39: 0.78256212 | BS39: † | BT39: 9.9649588 | BU39: 0.54454834 | BV39: † | BW39: 5.5310026 | BX39: 0.3956605 | BY39: † | BZ39: 1.9451288 | CA39: 0.2592785 | CB39: † | CC39: 80.8999 | CD39: 0.84763197 | CE39: ‡ | CF39: 10.836147 | CG39: 0.56023992 | CH39: ‡ | CI39: 6.3310857 | CJ39: 0.47190697 | CK39: ‡ | CL39: 1.9328669 | CM39: 0.24386033 | CN39: ‡ | CO39: 70.494667 | CP39: 0.93826646 | CQ39: ‡ | CR39: 16.263101 | CS39: 0.65142885 | CT39: ‡ | CU39: 9.4205962 | CV39: 0.54847057 | CW39: ‡ | CX39: 3.8216359 | CY39: 0.45151531 | CZ39: ‡
A40: Netherlands* | B40: -0.29753219 | C40: 0.01435891 | E40: 0.74353212 | F40: 0.015557166 | H40: 0.55501902 | I40: 0.025999483 | K40: 0.004155167 | L40: 0.0037367807 | N40: 0.55086388 | O40: 0.022262703 | Q40: 0.74865305 | R40: 2.2844642 | S40: 0.27628491 | U40: 53.756467 | V40: 1.0258697 | X40: 34.052269 | Y40: 1.0124025 | AA40: 8.2085611 | AB40: 0.46111595 | AD40: 3.9827027 | AE40: 0.3101607 | AG40: 88.506782 | AH40: 0.58725409 | AJ40: 9.0664085 | AK40: 0.51940613 | AM40: 1.4835215 | AN40: 0.22458841 | AP40: 0.94328795 | AQ40: 0.17492692 | AS40: 69.682179 | AT40: 0.84764706 | AV40: 23.787983 | AW40: 0.78949109 | AY40: 4.8976698 | AZ40: 0.33181929 | BB40: 1.6321677 | BC40: 0.21512007 | BE40: 93.071365 | BF40: 0.52956687 | BH40: 5.4267812 | BI40: 0.4574336 | BK40: 0.9433798 | BL40: 0.17509922 | BN40: 0.55847361 | BO40: 0.13226877 | BQ40: 84.433667 | BR40: 0.64852939 | BT40: 12.768081 | BU40: 0.56042138 | BW40: 1.9278399 | BX40: 0.25436388 | BZ40: 0.87041217 | CA40: 0.17756392 | CC40: 91.596606 | CD40: 0.4837119 | CF40: 5.899726 | CG40: 0.37788088 | CI40: 1.4764278 | CJ40: 0.24506507 | CL40: 1.0272401 | CM40: 0.1346493 | CO40: 75.991817 | CP40: 0.88487207 | CR40: 17.748797 | CS40: 0.83436737 | CU40: 4.4372072 | CV40: 0.34949157 | CX40: 1.8221797 | CY40: 0.22394041
A41: New Zealand | B41: 0.40193278 | C41: 0.017192171 | E41: 1.1202772 | F41: 0.011214818 | H41: 1.2427545 | I41: 0.034317043 | K41: 0.027858086 | L41: 0.007636771 | N41: 1.2148964 | O41: 0.026680273 | Q41: 2.2416403 | R41: 14.958814 | S41: 0.58965094 | U41: 32.964503 | V41: 0.67047309 | X41: 35.458034 | Y41: 0.68083268 | AA41: 17.497837 | AB41: 0.60428267 | AD41: 14.079626 | AE41: 0.51881063 | AG41: 56.398637 | AH41: 0.75519669 | AJ41: 29.722054 | AK41: 0.70638197 | AM41: 9.1532598 | AN41: 0.40386012 | AP41: 4.7260487 | AQ41: 0.30319743 | AS41: 46.434866 | AT41: 0.81152167 | AV41: 30.21548 | AW41: 0.69623666 | AY41: 13.314667 | AZ41: 0.60238194 | BB41: 10.034988 | BC41: 0.4527491 | BE41: 71.674338 | BF41: 0.7829124 | BH41: 18.428821 | BI41: 0.63532118 | BK41: 6.5020877 | BL41: 0.35671611 | BN41: 3.3947528 | BO41: 0.25776588 | BQ41: 77.73585 | BR41: 0.6870554 | BT41: 15.048242 | BU41: 0.61063096 | BW41: 4.8880463 | BX41: 0.32887405 | BZ41: 2.3278616 | CA41: 0.20314869 | CC41: 75.548228 | CD41: 0.69882258 | CF41: 15.500372 | CG41: 0.58514802 | CI41: 6.0701015 | CJ41: 0.32609665 | CL41: 2.8812991 | CM41: 0.25107171 | CO41: 65.688159 | CP41: 0.75278435 | CR41: 21.085487 | CS41: 0.67729385 | CU41: 8.2461197 | CV41: 0.34160958 | CX41: 4.9802342 | CY41: 0.30812668
A42: Norway | B42: -0.12977306 | C42: 0.015606827 | E42: 0.92615469 | F42: 0.014628723 | H42: 0.86284471 | I42: 0.032631945 | K42: 0.012700395 | L42: 0.0056841139 | N42: 0.85014428 | O42: 0.026947832 | Q42: 1.4719213 | R42: 5.0352136 | S42: 0.32884275 | U42: 50.999918 | V42: 0.83457513 | X42: 30.181671 | Y42: 0.69443545 | AA42: 11.531297 | AB42: 0.46373252 | AD42: 7.2871135 | AE42: 0.39529068 | AG42: 81.782176 | AH42: 0.53071976 | AJ42: 13.018687 | AK42: 0.41433553 | AM42: 2.9718125 | AN42: 0.25324881 | AP42: 2.2273252 | AQ42: 0.21859163 | AS42: 65.46853 | AT42: 0.79369095 | AV42: 22.627376 | AW42: 0.60575917 | AY42: 7.6740194 | AZ42: 0.40883346 | BB42: 4.230074 | BC42: 0.24988014 | BE42: 87.66666 | BF42: 0.58300625 | BH42: 8.5604655 | BI42: 0.47618548 | BK42: 2.2705156 | BL42: 0.23043949 | BN42: 1.5023587 | BO42: 0.18412217 | BQ42: 80.028974 | BR42: 0.7091599 | BT42: 15.180476 | BU42: 0.61083385 | BW42: 3.2627412 | BX42: 0.28152511 | BZ42: 1.5278088 | CA42: 0.18287172 | CC42: 84.538623 | CD42: 0.62289177 | CF42: 10.101478 | CG42: 0.43900771 | CI42: 2.7571553 | CJ42: 0.22148751 | CL42: 2.602744 | CM42: 0.23745462 | CO42: 76.512385 | CP42: 0.66153929 | CR42: 16.226683 | CS42: 0.55727955 | CU42: 4.7369801 | CV42: 0.31901776 | CX42: 2.523952 | CY42: 0.25480268
A43: Poland | B43: 0.07050888 | C43: 0.01910182 | E43: 1.0272611 | F43: 0.013189677 | H43: 1.062629 | I43: 0.037912969 | K43: 0.031130293 | L43: 0.0092619319 | N43: 1.0314987 | O43: 0.028651038 | Q43: 2.9295542 | R43: 8.2838284 | S43: 0.43370809 | U43: 42.641604 | V43: 0.85552086 | X43: 30.9988 | Y43: 0.73469038 | AA43: 15.540843 | AB43: 0.61139255 | AD43: 10.818753 | AE43: 0.49827516 | AG43: 69.203734 | AH43: 0.69419132 | AJ43: 22.189708 | AK43: 0.58055897 | AM43: 5.6208574 | AN43: 0.36873642 | AP43: 2.9857002 | AQ43: 0.24219476 | AS43: 59.287383 | AT43: 0.92036813 | AV43: 26.482714 | AW43: 0.71948021 | AY43: 8.9026911 | AZ43: 0.47866378 | BB43: 5.3272122 | BC43: 0.32974132 | BE43: 80.705751 | BF43: 0.74769435 | BH43: 11.806893 | BI43: 0.48775184 | BK43: 5.4008142 | BL43: 0.37125475 | BN43: 2.086542 | BO43: 0.21768259 | BQ43: 77.795702 | BR43: 0.84209359 | BT43: 13.399248 | BU43: 0.59857797 | BW43: 6.2033406 | BX43: 0.3920002 | BZ43: 2.6017096 | CA43: 0.25383308 | CC43: 79.535488 | CD43: 0.73477649 | CF43: 12.28373 | CG43: 0.46905534 | CI43: 5.771533 | CJ43: 0.37053042 | CL43: 2.4092489 | CM43: 0.2242778 | CO43: 59.027434 | CP43: 0.93973799 | CR43: 25.437576 | CS43: 0.73553716 | CU43: 10.356912 | CV43: 0.49653636 | CX43: 5.1780779 | CY43: 0.33585961
A44: Portugal* | B44: -0.25352193 | C44: 0.014004575 | E44: 0.87439596 | F44: 0.014451328 | H44: 0.73950744 | I44: 0.033873755 | K44: 0.020342958 | L44: 0.0057481617 | N44: 0.71916449 | O44: 0.028125593 | Q44: 2.7508793 | R44: 5.2681474 | S44: 0.34299698 | U44: 61.35126 | V44: 0.86851871 | X44: 24.9762 | Y44: 0.73045995 | AA44: 8.2470376 | AB44: 0.50145312 | AD44: 5.4255025 | AE44: 0.33157225 | AG44: 82.705165 | AH44: 0.58835977 | AJ44: 11.629976 | AK44: 0.51346229 | AM44: 3.9519547 | AN44: 0.30436728 | AP44: 1.7129041 | AQ44: 0.21948936 | AS44: 73.387905 | AT44: 0.70770215 | AV44: 17.980787 | AW44: 0.5900824 | AY44: 5.5803617 | AZ44: 0.42082001 | BB44: 3.0509457 | BC44: 0.26841908 | BE44: 88.676373 | BF44: 0.49152364 | BH44: 7.3029882 | BI44: 0.33025268 | BK44: 3.1227126 | BL44: 0.31303584 | BN44: 0.8979263 | BO44: 0.14716507 | BQ44: 87.043923 | BR44: 0.56803026 | BT44: 8.4112339 | BU44: 0.44575084 | BW44: 3.2883909 | BX44: 0.28467151 | BZ44: 1.256452 | CA44: 0.18364211 | CC44: 90.964324 | CD44: 0.46585658 | CF44: 5.1670982 | CG44: 0.34374036 | CI44: 2.9664681 | CJ44: 0.30702766 | CL44: 0.90210979 | CM44: 0.16225211 | CO44: 79.377629 | CP44: 0.67007669 | CR44: 13.79265 | CS44: 0.59447274 | CU44: 4.6632659 | CV44: 0.33694236 | CX44: 2.1664548 | CY44: 0.19789013
A45: Slovak Republic | B45: 0.07971951 | C45: 0.019188488 | E45: 1.0533767 | F45: 0.015348917 | H45: 1.0587523 | I45: 0.041053131 | K45: 0.053239039 | L45: 0.0098125725 | N45: 1.0055132 | O45: 0.031240559 | Q45: 5.0284696 | R45: 9.1771191 | S45: 0.46734701 | U45: 44.266965 | V45: 0.77640532 | X45: 27.463477 | Y45: 0.68399887 | AA45: 15.759461 | AB45: 0.59446992 | AD45: 12.510097 | AE45: 0.52787726 | AG45: 65.729606 | AH45: 0.76098658 | AJ45: 22.617795 | AK45: 0.65622174 | AM45: 7.2485257 | AN45: 0.40582146 | AP45: 4.4040732 | AQ45: 0.31529342 | AS45: 62.821226 | AT45: 0.72534953 | AV45: 24.124795 | AW45: 0.56037141 | AY45: 8.5252621 | AZ45: 0.43317386 | BB45: 4.5287171 | BC45: 0.34107504 | BE45: 77.269006 | BF45: 0.86939 | BH45: 13.223928 | BI45: 0.55767969 | BK45: 7.466494 | BL45: 0.55042786 | BN45: 2.0405724 | BO45: 0.24092711 | BQ45: 72.104644 | BR45: 0.97433427 | BT45: 17.026136 | BU45: 0.73682779 | BW45: 7.3865385 | BX45: 0.50527485 | BZ45: 3.4826815 | CA45: 0.30759474 | CC45: 77.409476 | CD45: 0.88462833 | CF45: 11.826394 | CG45: 0.55470225 | CI45: 7.6286859 | CJ45: 0.46304687 | CL45: 3.1354446 | CM45: 0.30259379 | CO45: 60.911689 | CP45: 0.8920135 | CR45: 22.904777 | CS45: 0.62552457 | CU45: 9.8486314 | CV45: 0.50718731 | CX45: 6.3349031 | CY45: 0.37858342
A46: Slovenia | B46: -0.10609358 | C46: 0.017119727 | E46: 0.97502504 | F46: 0.014026519 | H46: 0.94307017 | I46: 0.043077033 | K46: 0.037474528 | L46: 0.0082396017 | N46: 0.90559564 | O46: 0.03483743 | Q46: 3.9736733 | R46: 6.6065832 | S46: 0.39726059 | U46: 52.427925 | V46: 0.83677885 | X46: 26.697633 | Y46: 0.74393474 | AA46: 12.595839 | AB46: 0.58981005 | AD46: 8.2786033 | AE46: 0.46676712 | AG46: 76.552717 | AH46: 0.73984582 | AJ46: 15.610645 | AK46: 0.58908211 | AM46: 5.2111577 | AN46: 0.40718495 | AP46: 2.6254802 | AQ46: 0.28836595 | AS46: 67.611229 | AT46: 0.90018237 | AV46: 21.369197 | AW46: 0.81575004 | AY46: 7.5149586 | AZ46: 0.47372666 | BB46: 3.5046157 | BC46: 0.32731628 | BE46: 83.87916 | BF46: 0.58448817 | BH46: 9.8680078 | BI46: 0.49387169 | BK46: 4.7844639 | BL46: 0.36391999 | BN46: 1.4683688 | BO46: 0.1880366 | BQ46: 81.228395 | BR46: 0.64548704 | BT46: 11.565174 | BU46: 0.511218 | BW46: 5.1691114 | BX46: 0.38412996 | BZ46: 2.0373198 | CA46: 0.22344914 | CC46: 78.499311 | CD46: 0.62438046 | CF46: 12.738047 | CG46: 0.52806132 | CI46: 6.2189896 | CJ46: 0.32491151 | CL46: 2.5436526 | CM46: 0.2245441 | CO46: 69.715421 | CP46: 0.70629285 | CR46: 19.117988 | CS46: 0.61291641 | CU46: 7.2502544 | CV46: 0.41178545 | CX46: 3.9163369 | CY46: 0.32025886
A47: Spain | B47: -0.20721391 | C47: 0.0098469938 | D47: † | E47: 0.90815142 | F47: 0.009727844 | G47: † | H47: 0.81784981 | I47: 0.021206707 | J47: † | K47: 0.015896114 | L47: 0.0027445346 | M47: † | N47: 0.8019537 | O47: 0.018462173 | P47: † | Q47: 1.943647 | R47: 5.2607026 | S47: 0.21940113 | T47: † | U47: 56.153837 | V47: 0.56858922 | W47: † | X47: 26.55034 | Y47: 0.44283411 | Z47: † | AA47: 10.125359 | AB47: 0.31128289 | AC47: † | AD47: 7.170463 | AE47: 0.22240541 | AF47: † | AG47: 83.434434 | AH47: 0.37663881 | AI47: † | AJ47: 11.037316 | AK47: 0.28052796 | AL47: † | AM47: 3.3324899 | AN47: 0.19790288 | AO47: † | AP47: 2.1957605 | AQ47: 0.1214868 | AR47: † | AS47: 70.167319 | AT47: 0.48390443 | AU47: † | AV47: 20.768334 | AW47: 0.37171089 | AX47: † | AY47: 5.9537433 | AZ47: 0.26615322 | BA47: † | BB47: 3.1106046 | BC47: 0.1571661 | BD47: † | BE47: 86.513161 | BF47: 0.31882996 | BG47: † | BH47: 8.5991955 | BI47: 0.26376715 | BJ47: † | BK47: 3.4846155 | BL47: 0.22095594 | BM47: † | BN47: 1.4030276 | BO47: 0.119149 | BP47: † | BQ47: 81.194424 | BR47: 0.42369593 | BS47: † | BT47: 12.36955 | BU47: 0.30649581 | BV47: † | BW47: 4.4323254 | BX47: 0.25166707 | BY47: † | BZ47: 2.0037008 | CA47: 0.12723778 | CB47: † | CC47: 85.858197 | CD47: 0.38989158 | CE47: † | CF47: 8.7452361 | CG47: 0.24999054 | CH47: † | CI47: 3.5071879 | CJ47: 0.22674057 | CK47: † | CL47: 1.8893786 | CM47: 0.11927563 | CN47: † | CO47: 75.887787 | CP47: 0.45075513 | CQ47: † | CR47: 15.1159 | CS47: 0.30405483 | CT47: † | CU47: 5.8403833 | CV47: 0.22352335 | CW47: † | CX47: 3.1559301 | CY47: 0.15295259 | CZ47: †
A48: Sweden | B48: -0.12003195 | C48: 0.016553085 | E48: 0.92527018 | F48: 0.016814181 | H48: 0.84778231 | I48: 0.038608462 | K48: 0.032865556 | L48: 0.0074703685 | N48: 0.81491673 | O48: 0.031138093 | Q48: 3.8766503 | R48: 5.5871202 | S48: 0.34088635 | U48: 49.745196 | V48: 0.93151816 | X48: 30.986769 | Y48: 0.81264952 | AA48: 11.248603 | AB48: 0.48384236 | AD48: 8.0194329 | AE48: 0.41676821 | AG48: 79.426816 | AH48: 0.62836609 | AJ48: 14.191161 | AK48: 0.54744435 | AM48: 3.503777 | AN48: 0.28209802 | AP48: 2.8782464 | AQ48: 0.26141054 | AS48: 67.194484 | AT48: 0.81322146 | AV48: 21.029543 | AW48: 0.68507595 | AY48: 7.4142388 | AZ48: 0.37729101 | BB48: 4.3617341 | BC48: 0.31972899 | BE48: 87.750939 | BF48: 0.52085692 | BH48: 8.1155958 | BI48: 0.46914665 | BK48: 2.6306666 | BL48: 0.21155211 | BN48: 1.5027985 | BO48: 0.23538959 | BQ48: 81.959987 | BR48: 0.65855876 | BT48: 13.408094 | BU48: 0.56864849 | BW48: 2.8839035 | BX48: 0.24938907 | BZ48: 1.7480154 | CA48: 0.21971334 | CC48: 80.636653 | CD48: 0.65505166 | CF48: 12.784163 | CG48: 0.56732001 | CI48: 3.9744801 | CJ48: 0.28818862 | CL48: 2.6047042 | CM48: 0.28947149 | CO48: 75.462546 | CP48: 0.72369895 | CR48: 16.95341 | CS48: 0.67331461 | CU48: 4.8117894 | CV48: 0.36157375 | CX48: 2.772255 | CY48: 0.3198966
A49: Switzerland | B49: 0.0047519999 | C49: 0.021727726 | D49: † | E49: 0.97481264 | F49: 0.020133213 | G49: † | H49: 0.96149385 | I49: 0.048322 | J49: † | K49: 0.027876066 | L49: 0.0074142563 | M49: † | N49: 0.93361781 | O49: 0.040907744 | P49: † | Q49: 2.8992453 | R49: 6.7314052 | S49: 0.54432966 | T49: † | U49: 43.589941 | V49: 1.0572419 | W49: † | X49: 34.006296 | Y49: 0.98100997 | Z49: † | AA49: 14.38799 | AB49: 0.75962022 | AC49: † | AD49: 8.0157728 | AE49: 0.53151946 | AF49: † | AG49: 77.358915 | AH49: 0.86854354 | AI49: † | AJ49: 15.341603 | AK49: 0.71511948 | AL49: † | AM49: 4.6442504 | AN49: 0.34742889 | AO49: † | AP49: 2.6552314 | AQ49: 0.3333982 | AR49: † | AS49: 56.591702 | AT49: 1.0155226 | AU49: † | AV49: 30.659378 | AW49: 0.98327543 | AX49: † | AY49: 9.0065266 | AZ49: 0.67263499 | BA49: † | BB49: 3.7423935 | BC49: 0.35369928 | BD49: † | BE49: 83.690406 | BF49: 0.88351852 | BG49: † | BH49: 10.017333 | BI49: 0.67092497 | BJ49: † | BK49: 4.4872328 | BL49: 0.39438115 | BM49: † | BN49: 1.8050283 | BO49: 0.27944964 | BP49: † | BQ49: 76.380637 | BR49: 0.96637896 | BS49: † | BT49: 15.4062 | BU49: 0.83081901 | BV49: † | BW49: 5.6624668 | BX49: 0.49276315 | BY49: † | BZ49: 2.5506962 | CA49: 0.28062107 | CB49: † | CC49: 81.826137 | CD49: 0.86025608 | CE49: † | CF49: 10.828833 | CG49: 0.58434619 | CH49: † | CI49: 5.3712063 | CJ49: 0.48672511 | CK49: † | CL49: 1.973824 | CM49: 0.24632278 | CN49: † | CO49: 68.896473 | CP49: 1.110217 | CQ49: † | CR49: 19.43704 | CS49: 0.92249336 | CT49: † | CU49: 8.2839839 | CV49: 0.5945407 | CW49: † | CX49: 3.3825035 | CY49: 0.35851388 | CZ49: †
A50: Turkey | B50: -0.047951936 | C50: 0.018563857 | E50: 1.0509759 | F50: 0.011245382 | H50: 1.0891216 | I50: 0.044892799 | K50: 0.069511808 | L50: 0.012608277 | N50: 1.0196098 | O50: 0.032284521 | Q50: 6.3823733 | R50: 8.8508637 | S50: 0.37210996 | U50: 55.072035 | V50: 0.89076333 | X50: 20.781382 | Y50: 0.53901608 | AA50: 14.233365 | AB50: 0.42142429 | AD50: 9.9132186 | AE50: 0.50086302 | AG50: 72.870352 | AH50: 0.56702766 | AJ50: 16.456358 | AK50: 0.46583531 | AM50: 6.8371458 | AN50: 0.28547847 | AP50: 3.8361442 | AQ50: 0.24945846 | AS50: 69.712893 | AT50: 0.86749555 | AV50: 17.478881 | AW50: 0.60916293 | AY50: 8.532211 | AZ50: 0.36994873 | BB50: 4.2760151 | BC50: 0.26919344 | BE50: 79.955117 | BF50: 0.76976777 | BH50: 11.47359 | BI50: 0.49688475 | BK50: 6.3043141 | BL50: 0.37411629 | BN50: 2.266979 | BO50: 0.14478302 | BQ50: 80.882209 | BR50: 0.7892674 | BT50: 10.438105 | BU50: 0.46524761 | BW50: 5.7802284 | BX50: 0.3561748 | BZ50: 2.8994578 | CA50: 0.25603395 | CC50: 81.976045 | CD50: 0.78400705 | CF50: 9.5639764 | CG50: 0.45361858 | CI50: 5.6939891 | CJ50: 0.3693391 | CL50: 2.7659894 | CM50: 0.20717227 | CO50: 71.415608 | CP50: 0.76752168 | CR50: 15.951874 | CS50: 0.49537197 | CU50: 8.0099957 | CV50: 0.39196905 | CX50: 4.6225219 | CY50: 0.27918729
A51: United Kingdom | B51: 0.24086995 | C51: 0.017444032 | E51: 1.0566506 | F51: 0.012175879 | H51: 1.1221249 | I51: 0.034385562 | K51: 0.03861832 | L51: 0.0071752079 | N51: 1.0835066 | O51: 0.027210353 | Q51: 3.441535 | R51: 10.862971 | S51: 0.46943927 | U51: 37.902018 | V51: 0.68688957 | X51: 35.069691 | Y51: 0.64378383 | AA51: 15.373614 | AB51: 0.44366656 | AD51: 11.654677 | AE51: 0.48675577 | AG51: 64.416636 | AH51: 0.7520838 | AJ51: 24.778138 | AK51: 0.6522269 | AM51: 7.0954445 | AN51: 0.30381652 | AP51: 3.7097815 | AQ51: 0.27895403 | AS51: 50.67382 | AT51: 0.77196056 | AV51: 29.408309 | AW51: 0.65385324 | AY51: 11.594428 | AZ51: 0.45133803 | BB51: 8.3234435 | BC51: 0.43139748 | BE51: 79.600706 | BF51: 0.58506694 | BH51: 13.393863 | BI51: 0.46664218 | BK51: 4.3971747 | BL51: 0.30167612 | BN51: 2.6082563 | BO51: 0.21862431 | BQ51: 85.343879 | BR51: 0.57798063 | BT51: 9.8456554 | BU51: 0.36921988 | BW51: 3.0717217 | BX51: 0.26975335 | BZ51: 1.7387441 | CA51: 0.19583271 | CC51: 81.621375 | CD51: 0.6510481 | CF51: 11.876087 | CG51: 0.46889448 | CI51: 3.9081383 | CJ51: 0.29342826 | CL51: 2.5943998 | CM51: 0.23047384 | CO51: 69.272349 | CP51: 0.62207222 | CR51: 20.442268 | CS51: 0.49897819 | CU51: 6.3262525 | CV51: 0.35262963 | CX51: 3.9591303 | CY51: 0.26986703
A52: United States* | B52: 0.15337256 | C52: 0.020124972 | E52: 1.0451893 | F52: 0.012301556 | H52: 1.0917497 | I52: 0.033698965 | K52: 0.022675142 | L52: 0.0066045697 | N52: 1.0690745 | O52: 0.027094394 | Q52: 2.0769544 | R52: 10.31537 | S52: 0.51305578 | U52: 43.10329 | V52: 0.88285549 | X52: 30.947836 | Y52: 0.71659745 | AA52: 15.062733 | AB52: 0.62634406 | AD52: 10.88614 | AE52: 0.52064784 | AG52: 61.811469 | AH52: 0.83685783 | AJ52: 25.63759 | AK52: 0.71152488 | AM52: 8.8206865 | AN52: 0.41745517 | AP52: 3.7302541 | AQ52: 0.27026712 | AS52: 57.907151 | AT52: 0.9781355 | AV52: 24.939779 | AW52: 0.75485137 | AY52: 10.418513 | AZ52: 0.64636574 | BB52: 6.7345568 | BC52: 0.42493305 | BE52: 81.654948 | BF52: 0.65987594 | BH52: 11.82616 | BI52: 0.5254402 | BK52: 4.4658774 | BL52: 0.37405948 | BN52: 2.053015 | BO52: 0.22383618 | BQ52: 85.008567 | BR52: 0.708827 | BT52: 10.383299 | BU52: 0.52649373 | BW52: 3.4174845 | BX52: 0.25393031 | BZ52: 1.1906502 | CA52: 0.17744003 | CC52: 84.878118 | CD52: 0.71270911 | CF52: 9.6930635 | CG52: 0.53547484 | CI52: 3.6694537 | CJ52: 0.31351528 | CL52: 1.7593644 | CM52: 0.18818799 | CO52: 72.681601 | CP52: 0.84425451 | CR52: 16.983448 | CS52: 0.60258059 | CU52: 6.7486601 | CV52: 0.44483958 | CX52: 3.5862902 | CY52: 0.3150402
A53: OECD average | B53: 0.004248404 | C53: 0.0029015643 | E53: 0.98487963 | F53: 0.002411659 | H53: 0.9638809 | I53: 0.0063973642 | K53: 0.028982711 | L53: 0.0013008533 | N53: 0.9348982 | O53: 0.005153805 | Q53: 2.944294 | R53: 7.7585876 | S53: 0.071553804 | U53: 48.172011 | V53: 0.13674257 | X53: 29.082927 | Y53: 0.11731456 | AA53: 13.423248 | AB53: 0.090994868 | AD53: 9.3218137 | AE53: 0.077408174 | AG53: 73.777351 | AH53: 0.11445271 | AJ53: 17.549937 | AK53: 0.097123273 | AM53: 5.7217498 | AN53: 0.058828262 | AP53: 2.9509622 | AQ53: 0.043232129 | AS53: 62.386718 | AT53: 0.1358192 | AV53: 23.870333 | AW53: 0.11360173 | AY53: 8.720341 | AZ53: 0.07593615 | BB53: 5.0226079 | BC53: 0.057019672 | BE53: 83.885122 | BF53: 0.10922243 | BH53: 9.9564027 | BI53: 0.080760607 | BK53: 4.3638022 | BL53: 0.058047162 | BN53: 1.7946732 | BO53: 0.034920426 | BQ53: 81.211414 | BR53: 0.11722404 | BT53: 12.171726 | BU53: 0.089524573 | BW53: 4.5477095 | BX53: 0.057328089 | BZ53: 2.0691511 | CA53: 0.037979286 | CC53: 82.673868 | CD53: 0.11346702 | CF53: 10.3447 | CG53: 0.079729265 | CI53: 4.650972 | CJ53: 0.057357575 | CL53: 2.3304596 | CM53: 0.03925151 | CO53: 71.672605 | CP53: 0.12835388 | CR53: 17.838906 | CS53: 0.10114218 | CU53: 6.8806953 | CV53: 0.06778974 | CX53: 3.6077933 | CY53: 0.050987152
A54: Partners
A55: Albania | B55: -0.060339669 | C55: 0.019032174 | E55: 0.99481655 | F55: 0.017279364 | H55: 0.99340332 | I55: 0.048403163 | K55: 0.05411538 | L55: 0.0094989663 | N55: 0.93928793 | O55: 0.038904196 | Q55: 5.4474735 | R55: 7.1409147 | S55: 0.41917003 | U55: 50.52988 | V55: 0.89405217 | X55: 24.010016 | Y55: 0.65342012 | AA55: 14.620071 | AB55: 0.50981254 | AD55: 10.840032 | AE55: 0.45578472 | AG55: 62.548498 | AH55: 0.82067905 | AJ55: 20.481769 | AK55: 0.67679433 | AM55: 11.086504 | AN55: 0.44679094 | AP55: 5.8832293 | AQ55: 0.35187607 | AS55: 80.418417 | AT55: 0.75628884 | AV55: 10.952589 | AW55: 0.47852232 | AY55: 5.7047446 | AZ55: 0.33734812 | BB55: 2.9242491 | BC55: 0.27643616 | BE55: 85.926593 | BF55: 0.68078842 | BH55: 6.5774948 | BI55: 0.38930279 | BK55: 5.0530869 | BL55: 0.33109342 | BN55: 2.4428252 | BO55: 0.22092494 | BQ55: 80.164668 | BR55: 0.69072422 | BT55: 10.876741 | BU55: 0.43179167 | BW55: 5.9363768 | BX55: 0.33390216 | BZ55: 3.0222144 | CA55: 0.23225683 | CC55: 82.849978 | CD55: 0.77093697 | CF55: 8.6522841 | CG55: 0.44380532 | CI55: 5.4473616 | CJ55: 0.37830419 | CL55: 3.0503767 | CM55: 0.21916438 | CO55: 78.116311 | CP55: 0.67018363 | CR55: 11.364933 | CS55: 0.43408594 | CU55: 6.2468786 | CV55: 0.38201814 | CX55: 4.2718765 | CY55: 0.31117568
A56: Argentina | B56: 0.17239749 | C56: 0.016680751 | D56: † | E56: 1.0846322 | F56: 0.014491353 | G56: † | H56: 1.1484563 | I56: 0.040468767 | J56: † | K56: 0.044182062 | L56: 0.0097176254 | M56: † | N56: 1.1042743 | O56: 0.03075114 | P56: † | Q56: 3.8470824 | R56: 11.302799 | S56: 0.46403423 | T56: † | U56: 37.544715 | V56: 0.79849416 | W56: † | X56: 30.037726 | Y56: 0.7191608 | Z56: † | AA56: 16.012114 | AB56: 0.53464112 | AC56: † | AD56: 16.405445 | AE56: 0.60460506 | AF56: † | AG56: 65.411154 | AH56: 0.68996149 | AI56: † | AJ56: 21.459015 | AK56: 0.61513384 | AL56: † | AM56: 7.2560777 | AN56: 0.38508829 | AO56: † | AP56: 5.8737535 | AQ56: 0.34143707 | AR56: † | AS56: 57.60606 | AT56: 0.76984252 | AU56: † | AV56: 25.11983 | AW56: 0.82964309 | AX56: † | AY56: 10.006697 | AZ56: 0.47577463 | BA56: † | BB56: 7.2674129 | BC56: 0.44703684 | BD56: † | BE56: 79.655633 | BF56: 0.63956834 | BG56: † | BH56: 11.120766 | BI56: 0.4853975 | BJ56: † | BK56: 5.865696 | BL56: 0.43323802 | BM56: † | BN56: 3.3579048 | BO56: 0.2928973 | BP56: † | BQ56: 67.518108 | BR56: 0.94057626 | BS56: † | BT56: 17.299385 | BU56: 0.57796493 | BV56: † | BW56: 9.1277225 | BX56: 0.52278823 | BY56: † | BZ56: 6.0547849 | CA56: 0.38620498 | CB56: † | CC56: 83.541567 | CD56: 0.60332754 | CE56: † | CF56: 8.4921507 | CG56: 0.45241599 | CH56: † | CI56: 5.1653237 | CJ56: 0.41668047 | CK56: † | CL56: 2.8009583 | CM56: 0.28971053 | CN56: † | CO56: 67.004886 | CP56: 0.88527422 | CQ56: † | CR56: 17.962853 | CS56: 0.58091439 | CT56: † | CU56: 8.080049 | CV56: 0.43360602 | CW56: † | CX56: 6.9522119 | CY56: 0.39212916 | CZ56: †
A57: Baku (Azerbaijan) | B57: 0.237887 | C57: 0.024954139 | D57: † | E57: 1.3036646 | F57: 0.01831234 | G57: † | H57: 1.6940073 | I57: 0.068428203 | J57: † | K57: 0.059786492 | L57: 0.017220795 | M57: † | N57: 1.6342208 | O57: 0.051207406 | P57: † | Q57: 3.5292938 | R57: 17.994958 | S57: 0.78283688 | T57: † | U57: 48.961005 | V57: 0.97646092 | W57: † | X57: 15.252629 | Y57: 0.66318596 | Z57: † | AA57: 20.502369 | AB57: 0.7776553 | AC57: † | AD57: 15.283997 | AE57: 0.66910499 | AF57: † | AG57: 61.184689 | AH57: 0.88832116 | AI57: † | AJ57: 18.054834 | AK57: 0.70161348 | AL57: † | AM57: 14.115821 | AN57: 0.60580773 | AO57: † | AP57: 6.6446559 | AQ57: 0.46484632 | AR57: † | AS57: 61.16237 | AT57: 0.97872487 | AU57: † | AV57: 18.115102 | AW57: 0.71490235 | AX57: † | AY57: 14.8475 | AZ57: 0.63496565 | BA57: † | BB57: 5.8750276 | BC57: 0.38407447 | BD57: † | BE57: 65.540859 | BF57: 1.0113285 | BG57: † | BH57: 14.042557 | BI57: 0.64372788 | BJ57: † | BK57: 14.614901 | BL57: 0.7230119 | BM57: † | BN57: 5.8016826 | BO57: 0.46182358 | BP57: † | BQ57: 63.618542 | BR57: 1.112507 | BS57: † | BT57: 15.536181 | BU57: 0.65242649 | BV57: † | BW57: 14.545015 | BX57: 0.63624698 | BY57: † | BZ57: 6.3002615 | CA57: 0.48615571 | CB57: † | CC57: 65.834999 | CD57: 1.0986284 | CE57: † | CF57: 12.567574 | CG57: 0.54274783 | CH57: † | CI57: 14.779552 | CJ57: 0.72019804 | CK57: † | CL57: 6.8178748 | CM57: 0.44748034 | CN57: † | CO57: 62.597332 | CP57: 1.0287048 | CQ57: † | CR57: 14.597248 | CS57: 0.65649986 | CT57: † | CU57: 14.382688 | CV57: 0.65701449 | CW57: † | CX57: 8.4227325 | CY57: 0.50527879 | CZ57: †
A58: Belarus | B58: -0.16478323 | C58: 0.01389177 | E58: 0.93094668 | F58: 0.011899339 | H58: 0.85162479 | I58: 0.028417684 | K58: 0.01099304 | L58: 0.0048075473 | N58: 0.84063178 | O58: 0.023610136 | Q58: 1.2908313 | R58: 5.5768465 | S58: 0.37280624 | U58: 57.561663 | V58: 0.77855782 | X58: 23.916916 | Y58: 0.66529078 | AA58: 12.787819 | AB58: 0.46432503 | AD58: 5.7336012 | AE58: 0.38101928 | AG58: 76.765731 | AH58: 0.60280966 | AJ58: 16.267709 | AK58: 0.5842813 | AM58: 5.0180111 | AN58: 0.30946561 | AP58: 1.9485486 | AQ58: 0.18258799 | AS58: 70.716531 | AT58: 0.71207192 | AV58: 18.620033 | AW58: 0.58008352 | AY58: 8.1343356 | AZ58: 0.41267833 | BB58: 2.5291005 | BC58: 0.24363221 | BE58: 85.021363 | BF58: 0.58730585 | BH58: 9.6092607 | BI58: 0.4766785 | BK58: 4.1739336 | BL58: 0.31756796 | BN58: 1.1954431 | BO58: 0.15059335 | BQ58: 83.763241 | BR58: 0.57600894 | BT58: 10.753058 | BU58: 0.47119081 | BW58: 4.2506178 | BX58: 0.30478692 | BZ58: 1.2330837 | CA58: 0.15686909 | CC58: 85.857992 | CD58: 0.62774764 | CF58: 8.8558618 | CG58: 0.49543322 | CI58: 4.1340378 | CJ58: 0.32200531 | CL58: 1.1521083 | CM58: 0.15619888 | CO58: 73.075718 | CP58: 0.70559007 | CR58: 17.421685 | CS58: 0.54439611 | CU58: 6.9864118 | CV58: 0.36295595 | CX58: 2.5161844 | CY58: 0.25067478
A59: Bosnia and Herzegovina | B59: -0.065649433 | C59: 0.020653714 | E59: 1.0629008 | F59: 0.015900827 | H59: 1.1138519 | I59: 0.047614552 | K59: 0.049013364 | L59: 0.0086748957 | N59: 1.0648385 | O59: 0.038939656 | Q59: 4.4003482 | R59: 9.356581 | S59: 0.46563245 | U59: 55.340523 | V59: 0.86511141 | X59: 19.367272 | Y59: 0.45544369 | AA59: 13.65982 | AB59: 0.5206325 | AD59: 11.632384 | AE59: 0.5216256 | AG59: 76.307707 | AH59: 0.73045709 | AJ59: 13.334005 | AK59: 0.45142907 | AM59: 6.8454427 | AN59: 0.39847448 | AP59: 3.5128449 | AQ59: 0.25414342 | AS59: 70.990068 | AT59: 0.7301032 | AV59: 16.8997 | AW59: 0.55807935 | AY59: 8.2787352 | AZ59: 0.39663545 | BB59: 3.831497 | BC59: 0.25990841 | BE59: 77.07409 | BF59: 0.86105919 | BH59: 11.012889 | BI59: 0.50749472 | BK59: 8.3019108 | BL59: 0.44779143 | BN59: 3.6111096 | BO59: 0.32939336 | BQ59: 78.183526 | BR59: 0.79213677 | BT59: 10.815713 | BU59: 0.47181893 | BW59: 7.7347467 | BX59: 0.38565233 | BZ59: 3.2660147 | CA59: 0.28958821 | CC59: 83.252786 | CD59: 0.72179304 | CF59: 7.043589 | CG59: 0.43796917 | CI59: 6.7113166 | CJ59: 0.37638307 | CL59: 2.9923084 | CM59: 0.26251276 | CO59: 68.906124 | CP59: 0.84601605 | CR59: 15.682235 | CS59: 0.54899999 | CU59: 9.7013378 | CV59: 0.39624755 | CX59: 5.7103028 | CY59: 0.33988947
A60: Brazil | B60: 0.15090233 | C60: 0.016268245 | D60: † | E60: 1.1058609 | F60: 0.012747438 | G60: † | H60: 1.2076753 | I60: 0.038666263 | J60: † | K60: 0.020020288 | L60: 0.0073369404 | M60: † | N60: 1.1876551 | O60: 0.031329323 | P60: † | Q60: 1.6577542 | R60: 11.784295 | S60: 0.51288762 | T60: † | U60: 43.797421 | V60: 0.69688579 | W60: † | X60: 27.255996 | Y60: 0.61231271 | Z60: † | AA60: 15.484677 | AB60: 0.48473175 | AC60: † | AD60: 13.461906 | AE60: 0.48930622 | AF60: † | AG60: 63.659316 | AH60: 0.67726478 | AI60: † | AJ60: 22.707929 | AK60: 0.5295239 | AL60: † | AM60: 8.4205793 | AN60: 0.39375774 | AO60: † | AP60: 5.2121753 | AQ60: 0.31699696 | AR60: † | AS60: 59.780817 | AT60: 0.62254566 | AU60: † | AV60: 23.762347 | AW60: 0.52887235 | AX60: † | AY60: 9.6621224 | AZ60: 0.42234503 | BA60: † | BB60: 6.7947128 | BC60: 0.36175945 | BD60: † | BE60: 77.582166 | BF60: 0.69214127 | BG60: † | BH60: 12.316619 | BI60: 0.49502977 | BJ60: † | BK60: 7.1945563 | BL60: 0.41498677 | BM60: † | BN60: 2.9066581 | BO60: 0.23574266 | BP60: † | BQ60: 73.638191 | BR60: 0.6548596 | BS60: † | BT60: 14.662695 | BU60: 0.51546567 | BV60: † | BW60: 8.0797891 | BX60: 0.38671717 | BY60: † | BZ60: 3.6193247 | CA60: 0.30519931 | CB60: † | CC60: 80.884318 | CD60: 0.62348601 | CE60: † | CF60: 10.085392 | CG60: 0.4087362 | CH60: † | CI60: 6.4087079 | CJ60: 0.35861348 | CK60: † | CL60: 2.6215812 | CM60: 0.22980618 | CN60: † | CO60: 67.315469 | CP60: 0.64652523 | CQ60: † | CR60: 18.185638 | CS60: 0.52830003 | CT60: † | CU60: 8.9802465 | CV60: 0.45522839 | CW60: † | CX60: 5.5186471 | CY60: 0.35717862 | CZ60: †
A61: Brunei Darussalam | B61: 0.82299881 | C61: 0.014374778 | D61: † | E61: 1.1123855 | F61: 0.0094482342 | G61: † | H61: 1.2333386 | I61: 0.049009494 | J61: † | K61: 0.077228706 | L61: 0.014216311 | M61: † | N61: 1.1561099 | O61: 0.034793182 | P61: † | Q61: 6.2617602 | R61: 26.255278 | S61: 0.57905911 | T61: † | U61: 19.28175 | V61: 0.54721241 | W61: † | X61: 30.584604 | Y61: 0.58118907 | Z61: † | AA61: 23.743033 | AB61: 0.62239951 | AC61: † | AD61: 26.390614 | AE61: 0.58297639 | AF61: † | AG61: 46.651714 | AH61: 0.71758385 | AI61: † | AJ61: 34.464327 | AK61: 0.68865202 | AL61: † | AM61: 13.175356 | AN61: 0.46398021 | AO61: † | AP61: 5.7086038 | AQ61: 0.33670373 | AR61: † | AS61: 30.784246 | AT61: 0.58943792 | AU61: † | AV61: 30.554054 | AW61: 0.66143418 | AX61: † | AY61: 18.60787 | AZ61: 0.50326716 | BA61: † | BB61: 20.053829 | BC61: 0.60200343 | BD61: † | BE61: 59.82817 | BF61: 0.6104161 | BG61: † | BH61: 20.404789 | BI61: 0.55677866 | BJ61: † | BK61: 13.101377 | BL61: 0.45596899 | BM61: † | BN61: 6.6656644 | BO61: 0.36534153 | BP61: † | BQ61: 69.658335 | BR61: 0.58583486 | BS61: † | BT61: 17.958766 | BU61: 0.59012608 | BV61: † | BW61: 8.6997711 | BX61: 0.37268819 | BY61: † | BZ61: 3.6831286 | CA61: 0.23556006 | CB61: † | CC61: 65.843777 | CD61: 0.64264721 | CE61: † | CF61: 19.327522 | CG61: 0.61924881 | CH61: † | CI61: 10.269835 | CJ61: 0.44485973 | CK61: † | CL61: 4.558866 | CM61: 0.26717547 | CN61: † | CO61: 58.634535 | CP61: 0.78145181 | CQ61: † | CR61: 24.191618 | CS61: 0.65655038 | CT61: † | CU61: 11.295705 | CV61: 0.48930703 | CW61: † | CX61: 5.8781418 | CY61: 0.31909535 | CZ61: †
A62: B-S-J-Z (China) | B62: -0.20162545 | C62: 0.014597271 | E62: 0.88682776 | F62: 0.012672296 | H62: 0.78571266 | I62: 0.024744099 | K62: 0.015329906 | L62: 0.0035268165 | N62: 0.77038277 | O62: 0.021217283 | Q62: 1.9510829 | R62: 3.9760583 | S62: 0.25307613 | U62: 51.672364 | V62: 0.90031163 | X62: 30.606041 | Y62: 0.55844062 | AA62: 11.414843 | AB62: 0.54484339 | AD62: 6.3067515 | AE62: 0.30736811 | AG62: 79.945201 | AH62: 0.56681319 | AJ62: 14.672141 | AK62: 0.50852695 | AM62: 3.4828156 | AN62: 0.24914982 | AP62: 1.8998432 | AQ62: 0.18716823 | AS62: 70.116678 | AT62: 0.7967284 | AV62: 20.31365 | AW62: 0.58676522 | AY62: 6.4312075 | AZ62: 0.38126151 | BB62: 3.1384643 | BC62: 0.25719613 | BE62: 89.891307 | BF62: 0.41744516 | BH62: 7.1655233 | BI62: 0.31986159 | BK62: 1.6765509 | BL62: 0.17973403 | BN62: 1.2666185 | BO62: 0.15197701 | BQ62: 65.09021 | BR62: 0.81828211 | BT62: 24.683428 | BU62: 0.60035149 | BW62: 7.4217463 | BX62: 0.39441671 | BZ62: 2.8046156 | CA62: 0.23674097 | CC62: 89.30128 | CD62: 0.50136535 | CF62: 7.3358376 | CG62: 0.35275098 | CI62: 2.0226478 | CJ62: 0.20437843 | CL62: 1.3402343 | CM62: 0.15319376 | CO62: 82.194349 | CP62: 0.6005624 | CR62: 12.744899 | CS62: 0.53991959 | CU62: 3.2570725 | CV62: 0.20064247 | CX62: 1.8036792 | CY62: 0.17279934
A63: Bulgaria | B63: 0.19420273 | C63: 0.022691772 | D63: † | E63: 1.1982062 | F63: 0.01590837 | G63: † | H63: 1.424621 | I63: 0.053845432 | J63: † | K63: 0.051740432 | L63: 0.012238006 | M63: † | N63: 1.3728806 | O63: 0.041607424 | P63: † | Q63: 3.6318736 | R63: 13.520206 | S63: 0.56311095 | T63: † | U63: 43.58381 | V63: 1.0015154 | X63: 22.52577 | Y63: 0.71071525 | AA63: 17.623513 | AB63: 0.78796233 | AD63: 16.266907 | AE63: 0.68391219 | AG63: 69.432654 | AH63: 1.0211299 | AI63: † | AJ63: 16.258542 | AK63: 0.72107482 | AL63: † | AM63: 8.6491911 | AN63: 0.47369101 | AO63: † | AP63: 5.6596127 | AQ63: 0.35334016 | AR63: † | AS63: 58.202861 | AT63: 0.88199167 | AU63: † | AV63: 24.854562 | AW63: 0.79649977 | AX63: † | AY63: 10.669699 | AZ63: 0.59478341 | BA63: † | BB63: 6.2728781 | BC63: 0.42757343 | BD63: † | BE63: 67.355221 | BF63: 1.1167154 | BG63: † | BH63: 16.598973 | BI63: 0.82931991 | BJ63: † | BK63: 11.951135 | BL63: 0.69282203 | BM63: † | BN63: 4.0946715 | BO63: 0.32304775 | BP63: † | BQ63: 64.172433 | BR63: 1.0472817 | BS63: † | BT63: 18.570193 | BU63: 0.73208557 | BV63: † | BW63: 11.169201 | BX63: 0.61234828 | BY63: † | BZ63: 6.0881733 | CA63: 0.47257942 | CB63: † | CC63: 63.490702 | CD63: 1.0356653 | CE63: † | CF63: 17.847768 | CG63: 0.78655463 | CH63: † | CI63: 12.482999 | CJ63: 0.67095404 | CK63: † | CL63: 6.1785318 | CM63: 0.40475091 | CN63: † | CO63: 58.966654 | CP63: 1.162364 | CQ63: † | CR63: 21.12924 | CS63: 0.72852215 | CT63: † | CU63: 12.246355 | CV63: 0.62687324 | CW63: † | CX63: 7.6577504 | CY63: 0.48155331 | CZ63: †
A64: Costa Rica | B64: -0.018390687 | C64: 0.01607697 | E64: 1.0552816 | F64: 0.013785735 | H64: 1.0989736 | I64: 0.034150437 | K64: 0.016210138 | L64: 0.0049599388 | N64: 1.0827635 | O64: 0.029190497 | Q64: 1.4750252 | R64: 8.8001837 | S64: 0.42030201 | U64: 47.989507 | V64: 0.7019994 | X64: 27.741185 | Y64: 0.74272755 | AA64: 13.078273 | AB64: 0.47287811 | AD64: 11.191035 | AE64: 0.49069262 | AG64: 73.157623 | AH64: 0.64633001 | AJ64: 16.99288 | AK64: 0.49499358 | AM64: 5.6982692 | AN64: 0.31774309 | AP64: 4.1512281 | AQ64: 0.29997653 | AS64: 65.907277 | AT64: 0.66861842 | AV64: 21.043561 | AW64: 0.54667067 | AY64: 8.204121 | AZ64: 0.46043356 | BB64: 4.8450416 | BC64: 0.31322932 | BE64: 80.800504 | BF64: 0.63398361 | BH64: 11.081408 | BI64: 0.4668303 | BK64: 5.3678366 | BL64: 0.29205114 | BN64: 2.7502515 | BO64: 0.22063839 | BQ64: 87.233462 | BR64: 0.4784327 | BT64: 7.8409338 | BU64: 0.34754554 | BW64: 3.2524407 | BX64: 0.25679522 | BZ64: 1.6731635 | CA64: 0.22905275 | CC64: 86.810744 | CD64: 0.56020356 | CF64: 7.7938816 | CG64: 0.3909517 | CI64: 3.2352599 | CJ64: 0.25829505 | CL64: 2.1601144 | CM64: 0.21833843 | CO64: 63.614915 | CP64: 0.71846306 | CR64: 21.545185 | CS64: 0.55333535 | CU64: 8.9836458 | CV64: 0.38786339 | CX64: 5.8562541 | CY64: 0.35825793
A65: Croatia | B65: -0.19891137 | C65: 0.015438303 | E65: 0.959059 | F65: 0.015633196 | H65: 0.91271156 | I65: 0.039805401 | K65: 0.028141575 | L65: 0.0075161074 | N65: 0.88457 | O65: 0.032289293 | Q65: 3.0832934 | R65: 5.9405128 | S65: 0.33802345 | U65: 58.389057 | V65: 0.78289683 | X65: 23.415051 | Y65: 0.60049542 | AA65: 10.259583 | AB65: 0.43394007 | AD65: 7.936309 | AE65: 0.36741729 | AG65: 82.680189 | AH65: 0.55574936 | AJ65: 11.035162 | AK65: 0.43975013 | AM65: 3.5087862 | AN65: 0.25561506 | AP65: 2.7758626 | AQ65: 0.23864901 | AS65: 72.471619 | AT65: 0.66944163 | AV65: 18.392502 | AW65: 0.54416583 | AY65: 5.8528003 | AZ65: 0.38854256 | BB65: 3.2830782 | BC65: 0.23504934 | BE65: 83.974747 | BF65: 0.59975038 | BH65: 9.8237698 | BI65: 0.41974743 | BK65: 3.8462518 | BL65: 0.29821025 | BN65: 2.3552316 | BO65: 0.2140543 | BQ65: 84.340089 | BR65: 0.64546558 | BT65: 9.3991361 | BU65: 0.44169762 | BW65: 4.0215563 | BX65: 0.28603525 | BZ65: 2.2392189 | CA65: 0.24308052 | CC65: 83.943018 | CD65: 0.57071106 | CF65: 9.256072 | CG65: 0.386381 | CI65: 4.4263334 | CJ65: 0.28773819 | CL65: 2.3745769 | CM65: 0.20146347 | CO65: 73.028727 | CP65: 0.66483296 | CR65: 16.098461 | CS65: 0.55238518 | CU65: 6.9314523 | CV65: 0.34620119 | CX65: 3.9413588 | CY65: 0.23947799
A66: Cyprus | B66: 0.26269069 | C66: 0.018754632 | D66: † | E66: 1.199057 | F66: 0.01543874 | G66: † | H66: 1.4261364 | I66: 0.070835017 | J66: † | K66: 0.071812651 | L66: 0.01933907 | M66: † | N66: 1.3543238 | O66: 0.051495949 | P66: † | Q66: 5.0354686 | R66: 14.57076 | S66: 0.60726234 | T66: † | U66: 41.243062 | V66: 0.68703293 | W66: † | X66: 24.750751 | Y66: 0.70613113 | Z66: † | AA66: 16.683681 | AB66: 0.59176904 | AC66: † | AD66: 17.322507 | AE66: 0.61709519 | AF66: † | AG66: 65.478302 | AH66: 0.72655504 | AI66: † | AJ66: 19.557814 | AK66: 0.63003933 | AL66: † | AM66: 9.4193094 | AN66: 0.47607052 | AO66: † | AP66: 5.5445749 | AQ66: 0.38680616 | AR66: † | AS66: 54.159522 | AT66: 0.82381511 | AU66: † | AV66: 26.622417 | AW66: 0.84965474 | AX66: † | AY66: 12.730894 | AZ66: 0.54436369 | BA66: † | BB66: 6.4871672 | BC66: 0.4416619 | BD66: † | BE66: 69.649824 | BF66: 0.71054213 | BG66: † | BH66: 14.041325 | BI66: 0.57305251 | BJ66: † | BK66: 11.803537 | BL66: 0.51177511 | BM66: † | BN66: 4.505314 | BO66: 0.33901139 | BP66: † | BQ66: 70.3692 | BR66: 0.69746737 | BS66: † | BT66: 12.731988 | BU66: 0.54296643 | BV66: † | BW66: 10.224811 | BX66: 0.52163179 | BY66: † | BZ66: 6.6740009 | CA66: 0.39886236 | CB66: † | CC66: 68.823451 | CD66: 0.69561612 | CE66: † | CF66: 13.274415 | CG66: 0.65220573 | CH66: † | CI66: 11.324768 | CJ66: 0.44194699 | CK66: † | CL66: 6.5773659 | CM66: 0.40061972 | CN66: † | CO66: 59.268957 | CP66: 0.66755302 | CQ66: † | CR66: 20.220075 | CS66: 0.61634651 | CT66: † | CU66: 11.540263 | CV66: 0.51578425 | CW66: † | CX66: 8.970705 | CY66: 0.45320962 | CZ66: †
A67: Dominican Republic | B67: 0.51924629 | C67: 0.046205884 | D67: ‡ | E67: 1.2873553 | F67: 0.027091688 | G67: ‡ | H67: 1.6662388 | I67: 0.10350801 | J67: ‡ | K67: 0.14459869 | L67: 0.030179889 | M67: ‡ | N67: 1.5216401 | O67: 0.073328124 | P67: ‡ | Q67: 8.6781492 | R67: 22.039343 | S67: 1.3862682 | T67: ‡ | U67: 34.021958 | V67: 1.4905835 | W67: ‡ | X67: 22.117055 | Y67: 1.1042948 | Z67: ‡ | AA67: 23.934786 | AB67: 1.0844482 | AC67: ‡ | AD67: 19.926202 | AE67: 1.2180379 | AF67: ‡ | AG67: 54.317403 | AH67: 1.4254214 | AI67: ‡ | AJ67: 21.659466 | AK67: 1.1726663 | AL67: ‡ | AM67: 15.978568 | AN67: 1.0792032 | AO67: ‡ | AP67: 8.0445636 | AQ67: 0.78597959 | AR67: ‡ | AS67: 49.872408 | AT67: 1.7707722 | AU67: ‡ | AV67: 24.370553 | AW67: 1.2265948 | AX67: ‡ | AY67: 17.38364 | AZ67: 1.2017152 | BA67: ‡ | BB67: 8.373398 | BC67: 0.83843715 | BD67: ‡ | BE67: 59.325818 | BF67: 1.8260127 | BG67: ‡ | BH67: 18.136246 | BI67: 1.2532221 | BJ67: ‡ | BK67: 15.862611 | BL67: 1.322456 | BM67: ‡ | BN67: 6.6753247 | BO67: 0.78659855 | BP67: ‡ | BQ67: 56.412413 | BR67: 1.8337921 | BS67: ‡ | BT67: 18.745299 | BU67: 1.0860926 | BV67: ‡ | BW67: 16.934126 | BX67: 1.1935512 | BY67: ‡ | BZ67: 7.908162 | CA67: 0.80664315 | CB67: ‡ | CC67: 64.344477 | CD67: 1.9037776 | CE67: ‡ | CF67: 14.890889 | CG67: 1.0467074 | CH67: ‡ | CI67: 14.69821 | CJ67: 1.0390262 | CK67: ‡ | CL67: 6.0664247 | CM67: 0.8516486 | CN67: ‡ | CO67: 50.992847 | CP67: 1.6953633 | CQ67: ‡ | CR67: 19.457827 | CS67: 1.0866737 | CT67: ‡ | CU67: 17.906844 | CV67: 1.2025084 | CW67: ‡ | CX67: 11.642482 | CY67: 1.0740401 | CZ67: ‡
A68: Georgia | B68: -0.20646176 | C68: 0.022520817 | E68: 1.0079669 | F68: 0.019909879 | H68: 1.0321729 | I68: 0.060341123 | K68: 0.07159887 | L68: 0.016549013 | N68: 0.96057401 | O68: 0.043792109 | Q68: 6.9367127 | R68: 8.3549476 | S68: 0.49089794 | U68: 58.107388 | V68: 1.0379852 | X68: 18.320487 | Y68: 0.56684161 | AA68: 12.276391 | AB68: 0.63552939 | AD68: 11.295734 | AE68: 0.57058288 | AG68: 80.069555 | AH68: 0.7884369 | AJ68: 10.32484 | AK68: 0.48835845 | AM68: 6.027211 | AN68: 0.43363081 | AP68: 3.578394 | AQ68: 0.29041972 | AS68: 73.767434 | AT68: 0.97052302 | AV68: 14.93876 | AW68: 0.67920123 | AY68: 7.5115749 | AZ68: 0.52892114 | BB68: 3.7822307 | BC68: 0.31310128 | BE68: 83.27277 | BF68: 0.79249413 | BH68: 8.1843356 | BI68: 0.46848444 | BK68: 6.2984466 | BL68: 0.42566162 | BN68: 2.2444474 | BO68: 0.25669578 | BQ68: 77.78826 | BR68: 0.89756034 | BT68: 11.313321 | BU68: 0.47637965 | BW68: 7.8908044 | BX68: 0.55499787 | BZ68: 3.0076143 | CA68: 0.25828941 | CC68: 78.774551 | CD68: 0.91808014 | CF68: 9.9286731 | CG68: 0.61614941 | CI68: 7.4754608 | CJ68: 0.43940938 | CL68: 3.8213147 | CM68: 0.30291549 | CO68: 72.748488 | CP68: 0.8000183 | CR68: 13.363881 | CS68: 0.46283884 | CU68: 8.159932 | CV68: 0.54178827 | CX68: 5.727699 | CY68: 0.382924
A69: Hong Kong (China)* | B69: 0.11193345 | C69: 0.017462737 | E69: 1.0494574 | F69: 0.012030828 | H69: 1.1042806 | I69: 0.038385898 | K69: 0.031874673 | L69: 0.007324786 | N69: 1.0724059 | O69: 0.031061112 | Q69: 2.8864651 | R69: 9.0520476 | S69: 0.43173638 | U69: 45.527714 | V69: 0.77796502 | X69: 25.169252 | Y69: 0.64135079 | AA69: 15.470132 | AB69: 0.55103288 | AD69: 13.832902 | AE69: 0.51708498 | AG69: 78.022581 | AH69: 0.73544012 | AJ69: 13.84469 | AK69: 0.69244979 | AM69: 4.9338408 | AN69: 0.22516005 | AP69: 3.1988875 | AQ69: 0.23859597 | AS69: 54.010198 | AT69: 0.76544539 | AV69: 22.779126 | AW69: 0.60071245 | AY69: 13.086774 | AZ69: 0.57841661 | BB69: 10.123902 | BC69: 0.48534569 | BE69: 86.027195 | BF69: 0.60462763 | BH69: 7.8249289 | BI69: 0.40659147 | BK69: 3.7685078 | BL69: 0.29142809 | BN69: 2.3793682 | BO69: 0.22186235 | BQ69: 77.813012 | BR69: 0.64911138 | BT69: 13.165475 | BU69: 0.47337232 | BW69: 5.6305764 | BX69: 0.34176303 | BZ69: 3.3909357 | CA69: 0.25520806 | CC69: 80.89773 | CD69: 0.60405818 | CF69: 9.714973 | CG69: 0.43992297 | CI69: 5.2653145 | CJ69: 0.31992112 | CL69: 4.1219822 | CM69: 0.26336093 | CO69: 73.279351 | CP69: 0.57440035 | CR69: 16.09518 | CS69: 0.47866195 | CU69: 6.4125238 | CV69: 0.37181728 | CX69: 4.2129453 | CY69: 0.25616848
A70: Indonesia | B70: 0.39295456 | C70: 0.022806261 | E70: 1.1589202 | F70: 0.012551222 | H70: 1.3384546 | I70: 0.0441112 | K70: 0.048791016 | L70: 0.01069591 | N70: 1.2896636 | O70: 0.03341529 | Q70: 3.6453247 | R70: 15.204569 | S70: 0.68497124 | U70: 34.056127 | V70: 0.88451665 | X70: 24.814865 | Y70: 0.78091868 | AA70: 22.771934 | AB70: 0.75189074 | AD70: 18.357075 | AE70: 0.68088556 | AG70: 54.394586 | AH70: 0.94959974 | AJ70: 26.608082 | AK70: 0.78358362 | AM70: 12.888214 | AN70: 0.66147399 | AP70: 6.1091178 | AQ70: 0.35190044 | AS70: 53.987642 | AT70: 0.97176829 | AV70: 23.591091 | AW70: 0.6935495 | AY70: 14.13408 | AZ70: 0.72893462 | BB70: 8.2871878 | BC70: 0.46445751 | BE70: 69.661634 | BF70: 1.0541789 | BH70: 16.345189 | BI70: 0.63709036 | BK70: 9.6648426 | BL70: 0.62170745 | BN70: 4.3283344 | BO70: 0.33195224 | BQ70: 56.819791 | BR70: 1.0926771 | BT70: 21.303915 | BU70: 0.7084656 | BW70: 14.676074 | BX70: 0.64986439 | BZ70: 7.2002196 | CA70: 0.37072819 | CC70: 64.590039 | CD70: 1.0418195 | CF70: 17.540226 | CG70: 0.65773004 | CI70: 11.641885 | CJ70: 0.58982151 | CL70: 6.2278499 | CM70: 0.39172701 | CO70: 58.91223 | CP70: 0.93785599 | CR70: 20.867203 | CS70: 0.61719006 | CU70: 12.633413 | CV70: 0.71662382 | CX70: 7.5871545 | CY70: 0.40936464
A71: Jordan | B71: 0.27877106 | C71: 0.021932893 | E71: 1.1563118 | F71: 0.015153609 | H71: 1.3344885 | I71: 0.051939476 | K71: 0.13119552 | L71: 0.017930184 | N71: 1.203293 | O71: 0.034009292 | Q71: 9.8311462 | R71: 12.936236 | S71: 0.6578353 | U71: 38.45492 | V71: 0.78619318 | X71: 23.582621 | Y71: 0.6944827 | AA71: 18.89498 | AB71: 0.56651343 | AD71: 19.067479 | AE71: 0.70878938 | AG71: 61.297935 | AH71: 0.69302476 | AJ71: 22.537793 | AK71: 0.51455688 | AM71: 10.233636 | AN71: 0.48984449 | AP71: 5.9306364 | AQ71: 0.36048089 | AS71: 60.504049 | AT71: 0.89861147 | AV71: 23.236588 | AW71: 0.68377914 | AY71: 11.020914 | AZ71: 0.50129588 | BB71: 5.2384489 | BC71: 0.31791594 | BE71: 66.357921 | BF71: 0.99591952 | BH71: 15.444665 | BI71: 0.46887438 | BK71: 14.10978 | BL71: 0.70471437 | BN71: 4.0876347 | BO71: 0.3376596 | BQ71: 62.033872 | BR71: 0.99278637 | BT71: 17.31739 | BU71: 0.60818507 | BW71: 13.446912 | BX71: 0.54244517 | BZ71: 7.2018262 | CA71: 0.44711616 | CC71: 66.743591 | CD71: 1.0469023 | CF71: 14.535401 | CG71: 0.52054393 | CI71: 12.622808 | CJ71: 0.68668128 | CL71: 6.0982009 | CM71: 0.41707792 | CO71: 62.214607 | CP71: 0.98164664 | CR71: 16.635337 | CS71: 0.57500997 | CU71: 12.350119 | CV71: 0.48350399 | CX71: 8.7999365 | CY71: 0.52178551
A72: Kazakhstan | B72: 0.11645833 | C72: 0.015377597 | E72: 1.1512906 | F72: 0.010586148 | H72: 1.3227241 | I72: 0.036477897 | K72: 0.060185335 | L72: 0.0093966272 | N72: 1.2625388 | O72: 0.027081272 | Q72: 4.5501051 | R72: 12.630052 | S72: 0.41360107 | U72: 50.97763 | V72: 0.62829783 | X72: 16.939623 | Y72: 0.40299576 | AA72: 19.665556 | AB72: 0.46125148 | AD72: 12.417191 | AE72: 0.36622754 | AG72: 60.76455 | AH72: 0.54553342 | AJ72: 17.513772 | AK72: 0.36831456 | AM72: 15.343356 | AN72: 0.36912375 | AP72: 6.3783224 | AQ72: 0.23886742 | AS72: 71.254408 | AT72: 0.62474669 | AV72: 14.383859 | AW72: 0.44862661 | AY72: 10.368383 | AZ72: 0.31542068 | BB72: 3.9933501 | BC72: 0.19342715 | BE72: 75.316318 | BF72: 0.67093817 | BH72: 10.916567 | BI72: 0.42592297 | BK72: 10.260689 | BL72: 0.41814882 | BN72: 3.5064252 | BO72: 0.20023502 | BQ72: 74.324833 | BR72: 0.66663019 | BT72: 11.285843 | BU72: 0.41886682 | BW72: 10.085254 | BX72: 0.35258632 | BZ72: 4.304069 | CA72: 0.23536793 | CC72: 75.993449 | CD72: 0.70073341 | CF72: 9.7772462 | CG72: 0.37748319 | CI72: 10.254957 | CJ72: 0.40001737 | CL72: 3.9743479 | CM72: 0.19928556 | CO72: 70.802446 | CP72: 0.71192307 | CR72: 12.95435 | CS72: 0.4420929 | CU72: 10.86266 | CV72: 0.37348805 | CX72: 5.3805444 | CY72: 0.25124559
A73: Kosovo | B73: 0.11646072 | C73: 0.017029722 | E73: 1.0059734 | F73: 0.012918685 | H73: 1.0115014 | I73: 0.046888601 | K73: 0.061821233 | L73: 0.010474237 | N73: 0.94968016 | O73: 0.036414365 | Q73: 6.1118288 | R73: 8.4715176 | S73: 0.50251042 | U73: 40.668953 | V73: 0.81169577 | X73: 27.444797 | Y73: 0.70496993 | AA73: 19.017759 | AB73: 0.72682827 | AD73: 12.868491 | AE73: 0.56435492 | AG73: 56.27314 | AH73: 0.82642097 | AJ73: 25.906476 | AK73: 0.66301301 | AM73: 12.8587 | AN73: 0.59348846 | AP73: 4.9616838 | AQ73: 0.33618649 | AS73: 72.027966 | AT73: 0.74121005 | AV73: 16.786189 | AW73: 0.57707571 | AY73: 7.5521028 | AZ73: 0.44300595 | BB73: 3.6337426 | BC73: 0.28457598 | BE73: 77.037436 | BF73: 0.69913216 | BH73: 12.923313 | BI73: 0.53564056 | BK73: 7.771612 | BL73: 0.47103684 | BN73: 2.267639 | BO73: 0.25223553 | BQ73: 74.412447 | BR73: 0.77079508 | BT73: 14.241769 | BU73: 0.62754538 | BW73: 7.9159381 | BX73: 0.48752597 | BZ73: 3.429846 | CA73: 0.3241285 | CC73: 74.773063 | CD73: 0.69854182 | CF73: 13.78887 | CG73: 0.57215255 | CI73: 8.0798581 | CJ73: 0.43885878 | CL73: 3.3582091 | CM73: 0.30252678 | CO73: 69.628457 | CP73: 0.72418072 | CR73: 16.009694 | CS73: 0.64304777 | CU73: 8.9782111 | CV73: 0.46958245 | CX73: 5.3836384 | CY73: 0.39336627
A74: Lebanon | B74: m | C74: m | E74: m | F74: m | H74: m | I74: m | K74: m | L74: m | N74: m | O74: m | Q74: m | R74: m | S74: m | U74: m | V74: m | X74: m | Y74: m | AA74: m | AB74: m | AD74: m | AE74: m | AG74: m | AH74: m | AJ74: m | AK74: m | AM74: m | AN74: m | AP74: m | AQ74: m | AS74: m | AT74: m | AV74: m | AW74: m | AY74: m | AZ74: m | BB74: m | BC74: m | BE74: m | BF74: m | BH74: m | BI74: m | BK74: m | BL74: m | BN74: m | BO74: m | BQ74: m | BR74: m | BT74: m | BU74: m | BW74: m | BX74: m | BZ74: m | CA74: m | CC74: m | CD74: m | CF74: m | CG74: m | CI74: m | CJ74: m | CL74: m | CM74: m | CO74: m | CP74: m | CR74: m | CS74: m | CU74: m | CV74: m | CX74: m | CY74: m
A75: Macao (China) | B75: 0.13687432 | C75: 0.017415292 | E75: 1.0252849 | F75: 0.011786345 | H75: 1.0210583 | I75: 0.075169094 | K75: 0.10873171 | L75: 0.046150838 | N75: 0.91232665 | O75: 0.029018256 | Q75: 10.648922 | R75: 10.279335 | S75: 0.50152422 | U75: 42.062251 | V75: 0.81640556 | X75: 30.890318 | Y75: 0.64829596 | AA75: 13.928292 | AB75: 0.52421809 | AD75: 13.11914 | AE75: 0.55344162 | AG75: 72.560676 | AH75: 0.66159391 | AJ75: 20.314494 | AK75: 0.66872249 | AM75: 5.2394256 | AN75: 0.31660835 | AP75: 1.8854041 | AQ75: 0.2036086 | AS75: 52.699567 | AT75: 0.85530097 | AV75: 26.633497 | AW75: 0.70122491 | AY75: 10.826893 | AZ75: 0.49611143 | BB75: 9.8400429 | BC75: 0.50027658 | BE75: 81.93524 | BF75: 0.641632 | BH75: 11.34815 | BI75: 0.52888178 | BK75: 4.5061658 | BL75: 0.33297183 | BN75: 2.2104443 | BO75: 0.25555463 | BQ75: 73.754322 | BR75: 0.65604967 | BT75: 17.733083 | BU75: 0.57323496 | BW75: 5.6925671 | BX75: 0.3794235 | BZ75: 2.8200282 | CA75: 0.25810619 | CC75: 84.826113 | CD75: 0.57236449 | CF75: 9.2418476 | CG75: 0.4724768 | CI75: 3.6984309 | CJ75: 0.33695421 | CL75: 2.2336087 | CM75: 0.24088286 | CO75: 68.587255 | CP75: 0.73159408 | CR75: 20.764136 | CS75: 0.59930212 | CU75: 6.9805589 | CV75: 0.40800865 | CX75: 3.6680496 | CY75: 0.29284204
A76: Malaysia | B76: 0.36487076 | C76: 0.019544804 | E76: 1.0874549 | F76: 0.0096640544 | H76: 1.1806316 | I76: 0.03293084 | K76: 0.050201964 | L76: 0.010417296 | N76: 1.1304296 | O76: 0.022513542 | Q76: 4.2521276 | R76: 13.651455 | S76: 0.512596 | U76: 33.969754 | V76: 0.69224827 | X76: 30.29369 | Y76: 0.6381246 | AA76: 20.569522 | AB76: 0.63302855 | AD76: 15.167033 | AE76: 0.55222595 | AG76: 56.082417 | AH76: 0.79713492 | AJ76: 28.63991 | AK76: 0.58848563 | AM76: 10.882255 | AN76: 0.49643317 | AP76: 4.3954182 | AQ76: 0.2655905 | AS76: 47.209587 | AT76: 0.81522319 | AV76: 29.246316 | AW76: 0.59068234 | AY76: 14.621178 | AZ76: 0.52226408 | BB76: 8.9229184 | BC76: 0.48412826 | BE76: 75.49278 | BF76: 0.88229941 | BH76: 15.10232 | BI76: 0.62553586 | BK76: 7.0549717 | BL76: 0.45471764 | BN76: 2.3499287 | BO76: 0.22786019 | BQ76: 69.884113 | BR76: 0.92484683 | BT76: 18.416094 | BU76: 0.64764583 | BW76: 8.510744 | BX76: 0.45501925 | BZ76: 3.189049 | CA76: 0.25520212 | CC76: 76.799653 | CD76: 0.93594754 | CF76: 13.007517 | CG76: 0.56446511 | CI76: 7.5100118 | CJ76: 0.51307741 | CL76: 2.6828181 | CM76: 0.23311558 | CO76: 58.651049 | CP76: 0.73012472 | CR76: 24.811172 | CS76: 0.61952364 | CU76: 11.791271 | CV76: 0.56070103 | CX76: 4.7465086 | CY76: 0.32525914
A77: Malta | B77: 0.33206254 | C77: 0.020081796 | E77: 1.1310147 | F77: 0.015971291 | H77: 1.2620327 | I77: 0.094503723 | K77: 0.10509946 | L77: 0.026826828 | N77: 1.1569332 | O77: 0.067676899 | Q77: 8.3277922 | R77: 13.857333 | S77: 0.61651132 | U77: 37.17284 | V77: 0.81377172 | X77: 31.016516 | Y77: 0.84328789 | AA77: 17.861372 | AB77: 0.64776811 | AD77: 13.949272 | AE77: 0.59154554 | AG77: 59.311842 | AH77: 0.91892145 | AJ77: 25.166241 | AK77: 0.76813018 | AM77: 10.383939 | AN77: 0.63256655 | AP77: 5.137977 | AQ77: 0.41012595 | AS77: 50.603926 | AT77: 0.82545864 | AV77: 29.498607 | AW77: 0.75792864 | AY77: 12.707246 | AZ77: 0.61226589 | BB77: 7.1902206 | BC77: 0.44147072 | BE77: 71.769925 | BF77: 0.69586717 | BH77: 15.568172 | BI77: 0.58057859 | BK77: 9.2883921 | BL77: 0.5260867 | BN77: 3.3735112 | BO77: 0.37415944 | BQ77: 73.32645 | BR77: 0.69226551 | BT77: 15.265007 | BU77: 0.66873227 | BW77: 7.062297 | BX77: 0.46826906 | BZ77: 4.3462458 | CA77: 0.39600286 | CC77: 71.397197 | CD77: 0.80115373 | CF77: 16.049552 | CG77: 0.650228 | CI77: 8.3944686 | CJ77: 0.42131849 | CL77: 4.1587823 | CM77: 0.4203271 | CO77: 64.858779 | CP77: 0.97130566 | CR77: 19.846868 | CS77: 0.79617113 | CU77: 10.118614 | CV77: 0.55821062 | CX77: 5.1757394 | CY77: 0.40397537
A78: Moldova | B78: 0.0099020505 | C78: 0.016761549 | E78: 0.94423716 | F78: 0.0099033781 | H78: 0.89179981 | I78: 0.02895298 | K78: 0.026816334 | L78: 0.0063788859 | N78: 0.86498349 | O78: 0.022574094 | Q78: 3.0069904 | R78: 6.4351367 | S78: 0.34851459 | U78: 40.294924 | V78: 0.95829786 | X78: 35.795899 | Y78: 0.72798166 | AA78: 14.910424 | AB78: 0.59925966 | AD78: 8.998753 | AE78: 0.41315273 | AG78: 72.152754 | AH78: 0.87799895 | AJ78: 21.175598 | AK78: 0.77198712 | AM78: 4.5291841 | AN78: 0.31383109 | AP78: 2.1424634 | AQ78: 0.23014604 | AS78: 62.688517 | AT78: 0.79967844 | AV78: 25.661577 | AW78: 0.70756252 | AY78: 8.1154341 | AZ78: 0.37060294 | BB78: 3.5344714 | BC78: 0.28707165 | BE78: 79.051721 | BF78: 0.63565443 | BH78: 14.42688 | BI78: 0.58024302 | BK78: 4.8165495 | BL78: 0.31358536 | BN78: 1.7048491 | BO78: 0.16615293 | BQ78: 76.529957 | BR78: 0.7085189 | BT78: 17.066304 | BU78: 0.62944761 | BW78: 4.7288136 | BX78: 0.36128833 | BZ78: 1.6749248 | CA78: 0.20222524 | CC78: 77.786132 | CD78: 0.69910498 | CF78: 15.328939 | CG78: 0.60260215 | CI78: 4.8770668 | CJ78: 0.34282889 | CL78: 2.0078616 | CM78: 0.24762719 | CO78: 61.288312 | CP78: 0.86558884 | CR78: 25.666263 | CS78: 0.66724176 | CU78: 8.6787289 | CV78: 0.41975495 | CX78: 4.3666962 | CY78: 0.30573931
A79: Montenegro | B79: -0.06779318 | C79: 0.014431147 | E79: 1.0766354 | F79: 0.013231649 | H79: 1.140511 | I79: 0.058084451 | K79: 0.024986272 | L79: 0.0071439298 | N79: 1.1155248 | O79: 0.050940522 | Q79: 2.1907961 | R79: 9.0829393 | S79: 0.38630724 | U79: 54.941611 | V79: 0.65675923 | X79: 19.986499 | Y79: 0.61081737 | AA79: 12.841989 | AB79: 0.47598902 | AD79: 12.229902 | AE79: 0.45369828 | AG79: 76.167614 | AH79: 0.62274104 | AJ79: 13.951432 | AK79: 0.54062171 | AM79: 5.9929153 | AN79: 0.28306841 | AP79: 3.8880381 | AQ79: 0.26361201 | AS79: 70.976299 | AT79: 0.58430847 | AV79: 18.005567 | AW79: 0.5772553 | AY79: 6.9032824 | AZ79: 0.32215889 | BB79: 4.1148517 | BC79: 0.33472374 | BE79: 76.31568 | BF79: 0.59091313 | BH79: 12.138092 | BI79: 0.50988343 | BK79: 7.7436807 | BL79: 0.35989838 | BN79: 3.8025477 | BO79: 0.23917524 | BQ79: 78.275538 | BR79: 0.67993119 | BT79: 11.304766 | BU79: 0.57276456 | BW79: 6.7379519 | BX79: 0.37464663 | BZ79: 3.6817447 | CA79: 0.30366596 | CC79: 80.541411 | CD79: 0.62732901 | CF79: 9.3385504 | CG79: 0.39675175 | CI79: 6.7527946 | CJ79: 0.32464496 | CL79: 3.367244 | CM79: 0.24473792 | CO79: 67.039649 | CP79: 0.70266976 | CR79: 17.917139 | CS79: 0.61324868 | CU79: 9.0047191 | CV79: 0.41925798 | CX79: 6.0384927 | CY79: 0.34946073
A80: Morocco | B80: 0.38819653 | C80: 0.028229576 | D80: ‡ | E80: 1.0908135 | F80: 0.016077555 | G80: ‡ | H80: 1.192379 | I80: 0.051050454 | J80: ‡ | K80: 0.048096437 | L80: 0.015131719 | M80: ‡ | N80: 1.1442825 | O80: 0.035918735 | P80: ‡ | Q80: 4.0336533 | R80: 14.130853 | S80: 0.82241234 | T80: ‡ | U80: 28.513442 | V80: 0.9776977 | W80: ‡ | X80: 27.657995 | Y80: 0.79151382 | Z80: ‡ | AA80: 25.2037 | AB80: 1.0552738 | AC80: ‡ | AD80: 18.624862 | AE80: 0.88274863 | AF80: ‡ | AG80: 56.072045 | AH80: 0.90399747 | AI80: ‡ | AJ80: 26.221522 | AK80: 0.7995101 | AL80: ‡ | AM80: 12.772089 | AN80: 0.56318035 | AO80: ‡ | AP80: 4.9343437 | AQ80: 0.51994673 | AR80: ‡ | AS80: 51.65089 | AT80: 1.2870664 | AU80: ‡ | AV80: 29.930339 | AW80: 0.99481877 | AX80: ‡ | AY80: 14.248519 | AZ80: 0.78071675 | BA80: ‡ | BB80: 4.1702523 | BC80: 0.46318231 | BD80: ‡ | BE80: 60.235069 | BF80: 1.5391322 | BG80: ‡ | BH80: 20.800633 | BI80: 0.91722374 | BJ80: ‡ | BK80: 15.245334 | BL80: 1.0281614 | BM80: ‡ | BN80: 3.7189638 | BO80: 0.38354545 | BP80: ‡ | BQ80: 58.33651 | BR80: 1.6176484 | BS80: ‡ | BT80: 21.458958 | BU80: 0.81257564 | BV80: ‡ | BW80: 14.463984 | BX80: 0.8779975 | BY80: ‡ | BZ80: 5.7405482 | CA80: 0.49276092 | CB80: ‡ | CC80: 60.803038 | CD80: 1.6707247 | CE80: ‡ | CF80: 20.135485 | CG80: 0.98323099 | CH80: ‡ | CI80: 14.236872 | CJ80: 0.89002759 | CK80: ‡ | CL80: 4.8246061 | CM80: 0.50406114 | CN80: ‡ | CO80: 50.603455 | CP80: 1.2433714 | CQ80: ‡ | CR80: 24.543081 | CS80: 0.88320051 | CT80: ‡ | CU80: 15.308123 | CV80: 0.92403717 | CW80: ‡ | CX80: 9.5453416 | CY80: 0.52488637 | CZ80: ‡
A81: North Macedonia | B81: m | C81: m | E81: m | F81: m | H81: m | I81: m | K81: m | L81: m | N81: m | O81: m | Q81: m | R81: m | S81: m | U81: m | V81: m | X81: m | Y81: m | AA81: m | AB81: m | AD81: m | AE81: m | AG81: m | AH81: m | AJ81: m | AK81: m | AM81: m | AN81: m | AP81: m | AQ81: m | AS81: m | AT81: m | AV81: m | AW81: m | AY81: m | AZ81: m | BB81: m | BC81: m | BE81: m | BF81: m | BH81: m | BI81: m | BK81: m | BL81: m | BN81: m | BO81: m | BQ81: m | BR81: m | BT81: m | BU81: m | BW81: m | BX81: m | BZ81: m | CA81: m | CC81: m | CD81: m | CF81: m | CG81: m | CI81: m | CJ81: m | CL81: m | CM81: m | CO81: m | CP81: m | CR81: m | CS81: m | CU81: m | CV81: m | CX81: m | CY81: m
A82: Panama | B82: 0.15732783 | C82: 0.027087943 | D82: ‡ | E82: 1.1201374 | F82: 0.023849125 | G82: ‡ | H82: 1.1992573 | I82: 0.072826378 | J82: ‡ | K82: 0.035925054 | L82: 0.020503371 | M82: ‡ | N82: 1.1633322 | O82: 0.052323009 | P82: ‡ | Q82: 2.9956086 | R82: 13.103807 | S82: 0.91505933 | T82: ‡ | U82: 42.914851 | V82: 1.2494917 | W82: ‡ | X82: 23.954193 | Y82: 1.2593917 | Z82: ‡ | AA82: 18.678997 | AB82: 1.0351146 | AC82: ‡ | AD82: 14.451959 | AE82: 0.90727409 | AF82: ‡ | AG82: 66.739911 | AH82: 1.1285093 | AI82: ‡ | AJ82: 18.749347 | AK82: 0.9323394 | AL82: ‡ | AM82: 10.100428 | AN82: 0.89448676 | AO82: ‡ | AP82: 4.4103138 | AQ82: 0.57710348 | AR82: ‡ | AS82: 58.696767 | AT82: 1.2895332 | AU82: ‡ | AV82: 21.912098 | AW82: 0.93422792 | AX82: ‡ | AY82: 13.226508 | AZ82: 0.84878676 | BA82: ‡ | BB82: 6.1646264 | BC82: 0.61324377 | BD82: ‡ | BE82: 76.169102 | BF82: 1.0293082 | BG82: ‡ | BH82: 10.814336 | BI82: 0.93101097 | BJ82: ‡ | BK82: 9.1692201 | BL82: 0.62003852 | BM82: ‡ | BN82: 3.8473421 | BO82: 0.40721819 | BP82: ‡ | BQ82: 73.77125 | BR82: 1.1314345 | BS82: ‡ | BT82: 12.867465 | BU82: 0.9637679 | BV82: ‡ | BW82: 9.1242895 | BX82: 0.77358773 | BY82: ‡ | BZ82: 4.2369954 | CA82: 0.51559075 | CB82: ‡ | CC82: 77.048073 | CD82: 1.1834445 | CE82: ‡ | CF82: 10.623462 | CG82: 1.0157315 | CH82: ‡ | CI82: 8.4855432 | CJ82: 0.72975612 | CK82: ‡ | CL82: 3.8429221 | CM82: 0.50140707 | CN82: ‡ | CO82: 63.807189 | CP82: 1.1076895 | CQ82: ‡ | CR82: 18.114413 | CS82: 1.0156903 | CT82: ‡ | CU82: 10.744285 | CV82: 0.85194979 | CW82: ‡ | CX82: 7.3341133 | CY82: 0.57240123 | CZ82: ‡
A83: Peru | B83: -0.098374613 | C83: 0.022726776 | D83: ‡ | E83: 0.96094097 | F83: 0.02105957 | G83: ‡ | H83: 0.91297674 | I83: 0.052284624 | J83: ‡ | K83: 0.026894881 | L83: 0.013231117 | M83: ‡ | N83: 0.88608185 | O83: 0.039053509 | P83: ‡ | Q83: 2.9458451 | R83: 5.9979756 | S83: 0.5494228 | T83: ‡ | U83: 48.078456 | V83: 1.2316307 | W83: ‡ | X83: 29.424716 | Y83: 1.0434925 | Z83: ‡ | AA83: 13.744309 | AB83: 0.85621238 | AC83: ‡ | AD83: 8.7525199 | AE83: 0.56206686 | AF83: ‡ | AG83: 72.817869 | AH83: 1.0575854 | AI83: ‡ | AJ83: 17.894536 | AK83: 0.89748995 | AL83: ‡ | AM83: 6.9935074 | AN83: 0.65742557 | AO83: ‡ | AP83: 2.2940878 | AQ83: 0.34479138 | AR83: ‡ | AS83: 68.914665 | AT83: 1.0089058 | AU83: ‡ | AV83: 20.015414 | AW83: 0.78460351 | AX83: ‡ | AY83: 7.7671098 | AZ83: 0.66169391 | BA83: ‡ | BB83: 3.302811 | BC83: 0.41332013 | BD83: ‡ | BE83: 86.523271 | BF83: 0.81808952 | BG83: ‡ | BH83: 7.6894116 | BI83: 0.59316015 | BJ83: ‡ | BK83: 4.1958295 | BL83: 0.5099161 | BM83: ‡ | BN83: 1.5914877 | BO83: 0.27051604 | BP83: ‡ | BQ83: 76.529249 | BR83: 0.85861749 | BS83: ‡ | BT83: 14.682964 | BU83: 0.6349263 | BV83: ‡ | BW83: 5.8001488 | BX83: 0.57662439 | BY83: ‡ | BZ83: 2.9876378 | CA83: 0.36498469 | CB83: ‡ | CC83: 82.429572 | CD83: 0.77302601 | CE83: ‡ | CF83: 10.115279 | CG83: 0.51261602 | CH83: ‡ | CI83: 5.3612539 | CJ83: 0.50090788 | CK83: ‡ | CL83: 2.0938951 | CM83: 0.29294184 | CN83: ‡ | CO83: 67.813228 | CP83: 1.1544052 | CQ83: ‡ | CR83: 20.216114 | CS83: 1.1101558 | CT83: ‡ | CU83: 7.7841188 | CV83: 0.71932364 | CW83: ‡ | CX83: 4.1865394 | CY83: 0.40388014 | CZ83: ‡
A84: Philippines | B84: 1.2696589 | C84: 0.022240935 | E84: 1.1631131 | F84: 0.0099082631 | H84: 1.3548324 | I84: 0.039253887 | K84: 0.06461514 | L84: 0.012222527 | N84: 1.2902172 | O84: 0.027031361 | Q84: 4.7692351 | R84: 40.133622 | S84: 0.78429601 | U84: 12.302612 | V84: 0.49212222 | X84: 22.823573 | Y84: 0.59933926 | AA84: 29.798848 | AB84: 0.55429506 | AD84: 35.074968 | AE84: 0.77544969 | AG84: 33.4052 | AH84: 0.72510755 | AJ84: 33.941738 | AK84: 0.66840077 | AM84: 21.844933 | AN84: 0.53936841 | AP84: 10.808128 | AQ84: 0.47242143 | AS84: 20.747739 | AT84: 0.65197147 | AV84: 29.563219 | AW84: 0.63370079 | AY84: 23.962621 | AZ84: 0.57919299 | BB84: 25.726421 | BC84: 0.64840768 | BE84: 38.286582 | BF84: 1.0500932 | BH84: 27.155043 | BI84: 0.62647595 | BK84: 22.364109 | BL84: 0.66756396 | BN84: 12.194267 | BO84: 0.52518772 | BQ84: 42.076628 | BR84: 0.98725088 | BT84: 27.120141 | BU84: 0.65298885 | BW84: 20.958475 | BX84: 0.54240958 | BZ84: 9.8447568 | CA84: 0.46559767 | CC84: 39.779068 | CD84: 0.96289474 | CF84: 27.982162 | CG84: 0.68965015 | CI84: 21.145812 | CJ84: 0.63375278 | CL84: 11.092957 | CM84: 0.45830438 | CO84: 40.441388 | CP84: 0.90612583 | CR84: 27.135403 | CS84: 0.69916232 | CU84: 21.299184 | CV84: 0.58086014 | CX84: 11.124026 | CY84: 0.51973162
A85: Qatar | B85: 0.29016723 | C85: 0.01048776 | E85: 1.1152858 | F85: 0.0073829884 | H85: 1.186852 | I85: 0.046457026 | K85: 0.093507882 | L85: 0.01199681 | N85: 1.0933441 | O85: 0.034460216 | Q85: 7.8786473 | R85: 12.951928 | S85: 0.32903602 | U85: 36.305846 | V85: 0.39304844 | X85: 30.397292 | Y85: 0.38571264 | AA85: 19.07288 | AB85: 0.31751948 | AD85: 14.223982 | AE85: 0.29284344 | AG85: 60.812973 | AH85: 0.42020007 | AJ85: 25.415152 | AK85: 0.37233414 | AM85: 9.2071058 | AN85: 0.25916878 | AP85: 4.5647685 | AQ85: 0.18379744 | AS85: 51.906953 | AT85: 0.39561688 | AV85: 28.806095 | AW85: 0.37634224 | AY85: 12.693894 | AZ85: 0.31999418 | BB85: 6.5930584 | BC85: 0.24011163 | BE85: 71.462571 | BF85: 0.39472558 | BH85: 16.223152 | BI85: 0.29961441 | BK85: 8.9014887 | BL85: 0.25949905 | BN85: 3.4127883 | BO85: 0.16428883 | BQ85: 68.614739 | BR85: 0.42199392 | BT85: 17.507911 | BU85: 0.3455686 | BW85: 9.5102539 | BX85: 0.27905917 | BZ85: 4.3670961 | CA85: 0.18520975 | CC85: 70.722469 | CD85: 0.42316592 | CF85: 15.608189 | CG85: 0.34294136 | CI85: 9.6450111 | CJ85: 0.24817666 | CL85: 4.0243308 | CM85: 0.17244206 | CO85: 61.26809 | CP85: 0.51040945 | CR85: 21.475671 | CS85: 0.43158111 | CU85: 11.134074 | CV85: 0.27128905 | CX85: 6.1221663 | CY85: 0.21690643
A86: Romania | B86: 0.30462255 | C86: 0.025865136 | E86: 1.0702106 | F86: 0.014353799 | H86: 1.1346437 | I86: 0.041147776 | K86: 0.063684272 | L86: 0.013388183 | N86: 1.0709594 | O86: 0.027759594 | Q86: 5.612711 | R86: 11.513162 | S86: 0.63496105 | U86: 33.205237 | V86: 0.89327061 | X86: 33.004012 | Y86: 0.77981015 | AA86: 19.109791 | AB86: 0.68751355 | AD86: 14.68096 | AE86: 0.65706077 | AG86: 58.590379 | AH86: 1.0761042 | AJ86: 27.968339 | AK86: 0.82188243 | AM86: 9.0015695 | AN86: 0.47179025 | AP86: 4.4397132 | AQ86: 0.35253475 | AS86: 51.809548 | AT86: 0.96325662 | AV86: 30.692512 | AW86: 0.68594771 | AY86: 11.761337 | AZ86: 0.51427175 | BB86: 5.7366029 | BC86: 0.40767336 | BE86: 71.508269 | BF86: 1.149029 | BH86: 16.995938 | BI86: 0.71772678 | BK86: 8.0808564 | BL86: 0.54977916 | BN86: 3.4149365 | BO86: 0.31629714 | BQ86: 63.662907 | BR86: 1.1086905 | BT86: 22.643061 | BU86: 0.89687115 | BW86: 9.1295824 | BX86: 0.50987106 | BZ86: 4.5644493 | CA86: 0.3575569 | CC86: 71.540188 | CD86: 1.1122416 | CF86: 16.137819 | CG86: 0.62302761 | CI86: 8.6802675 | CJ86: 0.59285782 | CL86: 3.6417254 | CM86: 0.31559601 | CO86: 60.666242 | CP86: 1.1159577 | CR86: 23.435897 | CS86: 0.79184324 | CU86: 9.6988718 | CV86: 0.58447538 | CX86: 6.1989887 | CY86: 0.42604722
A87: Russia | B87: 0.32615695 | C87: 0.020944007 | E87: 1.1136397 | F87: 0.010874407 | H87: 1.235339 | I87: 0.034278844 | K87: 0.028564726 | L87: 0.0068177262 | N87: 1.2067743 | O87: 0.027461116 | Q87: 2.3122985 | R87: 12.355001 | S87: 0.4884337 | U87: 37.211298 | V87: 0.84308527 | X87: 26.207431 | Y87: 0.59844318 | AA87: 20.508786 | AB87: 0.53691341 | AD87: 16.072485 | AE87: 0.55101783 | AG87: 51.071372 | AH87: 0.94240347 | AJ87: 25.569642 | AK87: 0.70394454 | AM87: 13.78251 | AN87: 0.4223586 | AP87: 9.5764758 | AQ87: 0.42299832 | AS87: 59.950738 | AT87: 0.79985342 | AV87: 23.773875 | AW87: 0.54765187 | AY87: 10.531472 | AZ87: 0.38508309 | BB87: 5.7439147 | BC87: 0.2905106 | BE87: 76.117963 | BF87: 0.79942584 | BH87: 12.493082 | BI87: 0.55211426 | BK87: 8.2652509 | BL87: 0.39736752 | BN87: 3.123704 | BO87: 0.24300185 | BQ87: 73.808331 | BR87: 0.58398115 | BT87: 13.738965 | BU87: 0.42689206 | BW87: 8.275058 | BX87: 0.34382211 | BZ87: 4.1776464 | CA87: 0.29338059 | CC87: 78.936394 | CD87: 0.67085226 | CF87: 9.8427088 | CG87: 0.41157172 | CI87: 7.8032221 | CJ87: 0.37426673 | CL87: 3.4176755 | CM87: 0.23777073 | CO87: 68.520998 | CP87: 0.84954173 | CR87: 17.142008 | CS87: 0.67398896 | CU87: 9.2410832 | CV87: 0.38895078 | CX87: 5.0959116 | CY87: 0.31103844
A88: Saudi Arabia | B88: 0.028664616 | C88: 0.018579393 | E88: 1.0200677 | F88: 0.014673654 | H88: 1.0155767 | I88: 0.039494753 | K88: 0.080692408 | L88: 0.010430814 | N88: 0.93488427 | O88: 0.029063937 | Q88: 7.9454765 | R88: 7.468868 | S88: 0.3823673 | U88: 46.042789 | V88: 0.81360651 | X88: 24.092238 | Y88: 0.65354801 | AA88: 15.988804 | AB88: 0.50414319 | AD88: 13.876169 | AE88: 0.53358368 | AG88: 77.571006 | AH88: 0.70098129 | AJ88: 14.832345 | AK88: 0.47935835 | AM88: 4.7885832 | AN88: 0.31398049 | AP88: 2.8080658 | AQ88: 0.26283909 | AS88: 62.445337 | AT88: 0.8308817 | AV88: 24.830432 | AW88: 0.66870917 | AY88: 8.4744626 | AZ88: 0.34625898 | BB88: 4.2497685 | BC88: 0.25437058 | BE88: 76.024638 | BF88: 0.79587309 | BH88: 12.384236 | BI88: 0.54013447 | BK88: 8.7838061 | BL88: 0.40795752 | BN88: 2.8073195 | BO88: 0.26936154 | BQ88: 71.556599 | BR88: 0.84331354 | BT88: 15.123801 | BU88: 0.48665047 | BW88: 8.0683847 | BX88: 0.47522505 | BZ88: 5.251215 | CA88: 0.35505495 | CC88: 79.20668 | CD88: 0.83980477 | CF88: 9.9440911 | CG88: 0.45829261 | CI88: 7.394733 | CJ88: 0.45446073 | CL88: 3.4544955 | CM88: 0.28236315 | CO88: 67.782672 | CP88: 0.80600886 | CR88: 17.368662 | CS88: 0.63623059 | CU88: 8.6529998 | CV88: 0.42770461 | CX88: 6.1956656 | CY88: 0.36552268
A89: Serbia | B89: -0.097756548 | C89: 0.02373556 | D89: † | E89: 1.0693727 | F89: 0.01962026 | G89: † | H89: 1.1443675 | I89: 0.051407311 | J89: † | K89: 0.057956582 | L89: 0.013300388 | M89: † | N89: 1.0864108 | O89: 0.038106922 | P89: † | Q89: 5.064508 | R89: 9.7024209 | S89: 0.61116497 | T89: † | U89: 56.861488 | V89: 0.9019743 | X89: 17.553371 | Y89: 0.53672194 | AA89: 14.00551 | AB89: 0.60382645 | AD89: 11.579631 | AE89: 0.61823802 | AG89: 74.583877 | AH89: 0.86213965 | AI89: † | AJ89: 13.346811 | AK89: 0.47438318 | AL89: † | AM89: 7.4983004 | AN89: 0.48917362 | AO89: † | AP89: 4.5710115 | AQ89: 0.36724559 | AR89: † | AS89: 73.331308 | AT89: 0.8891153 | AU89: † | AV89: 14.847151 | AW89: 0.63673827 | AX89: † | AY89: 8.4395821 | AZ89: 0.51532013 | BA89: † | BB89: 3.3819589 | BC89: 0.30163392 | BD89: † | BE89: 78.609259 | BF89: 1.0605445 | BG89: † | BH89: 10.492683 | BI89: 0.54033297 | BJ89: † | BK89: 7.9546451 | BL89: 0.6156287 | BM89: † | BN89: 2.9434136 | BO89: 0.26696027 | BP89: † | BQ89: 79.595568 | BR89: 1.0025942 | BS89: † | BT89: 9.7150565 | BU89: 0.54922175 | BV89: † | BW89: 6.9423411 | BX89: 0.51618998 | BY89: † | BZ89: 3.7470343 | CA89: 0.32224938 | CB89: † | CC89: 80.708763 | CD89: 0.97207874 | CE89: † | CF89: 8.4499284 | CG89: 0.55982455 | CH89: † | CI89: 7.8123754 | CJ89: 0.50816849 | CK89: † | CL89: 3.0289335 | CM89: 0.26780413 | CN89: † | CO89: 67.964318 | CP89: 0.91963591 | CQ89: † | CR89: 16.581747 | CS89: 0.5319746 | CT89: † | CU89: 9.867543 | CV89: 0.47824974 | CW89: † | CX89: 5.586392 | CY89: 0.36245075 | CZ89: †
A90: Singapore | B90: 0.26019001 | C90: 0.01401443 | E90: 1.0234099 | F90: 0.010548741 | H90: 1.0383973 | I90: 0.035992898 | K90: 0.04691186 | L90: 0.0091897316 | N90: 0.99148549 | O90: 0.026803167 | Q90: 4.5177178 | R90: 9.8469325 | S90: 0.37451079 | U90: 35.994757 | V90: 0.70057357 | X90: 38.019254 | Y90: 0.68082805 | AA90: 14.739635 | AB90: 0.4445115 | AD90: 11.246354 | AE90: 0.38183728 | AG90: 60.532066 | AH90: 0.63820633 | AJ90: 29.438233 | AK90: 0.64374963 | AM90: 6.6169929 | AN90: 0.31617222 | AP90: 3.4127077 | AQ90: 0.22269135 | AS90: 47.798631 | AT90: 0.73876498 | AV90: 32.03664 | AW90: 0.61087305 | AY90: 11.636299 | AZ90: 0.39391652 | BB90: 8.5284307 | BC90: 0.34139698 | BE90: 82.830838 | BF90: 0.43042556 | BH90: 12.064429 | BI90: 0.38714491 | BK90: 3.1234294 | BL90: 0.21146517 | BN90: 1.9813033 | BO90: 0.19454329 | BQ90: 80.269358 | BR90: 0.55521098 | BT90: 14.470599 | BU90: 0.50158685 | BW90: 3.3968001 | BX90: 0.19756173 | BZ90: 1.863243 | CA90: 0.17378035 | CC90: 80.753914 | CD90: 0.49804611 | CF90: 13.080087 | CG90: 0.43986159 | CI90: 3.8226737 | CJ90: 0.24520514 | CL90: 2.3433258 | CM90: 0.20363597 | CO90: 69.901518 | CP90: 0.62493463 | CR90: 21.59046 | CS90: 0.51764987 | CU90: 5.5462055 | CV90: 0.31856318 | CX90: 2.9618168 | CY90: 0.24991874
A91: Chinese Taipei | B91: -0.36268134 | C91: 0.011838461 | E91: 0.79513976 | F91: 0.013073339 | H91: 0.62701446 | I91: 0.027624805 | K91: 0.016592968 | L91: 0.0035392524 | N91: 0.61042151 | O91: 0.024085553 | Q91: 2.6463454 | R91: 3.1369627 | S91: 0.2579361 | U91: 68.058095 | V91: 0.75429817 | X91: 18.663395 | Y91: 0.56784628 | AA91: 8.4317588 | AB91: 0.37198447 | AD91: 4.8467516 | AE91: 0.31038813 | AG91: 87.436536 | AH91: 0.43613225 | AJ91: 8.8416439 | AK91: 0.33904355 | AM91: 2.6994131 | AN91: 0.20487085 | AP91: 1.0224074 | AQ91: 0.14136781 | AS91: 77.237092 | AT91: 0.61621881 | AV91: 13.524835 | AW91: 0.44120361 | AY91: 5.7895201 | AZ91: 0.3718464 | BB91: 3.4485521 | BC91: 0.22592074 | BE91: 94.485479 | BF91: 0.31968812 | BH91: 3.7822899 | BI91: 0.27335712 | BK91: 1.0925438 | BL91: 0.14175457 | BN91: 0.63968768 | BO91: 0.10327109 | BQ91: 83.102898 | BR91: 0.59537255 | BT91: 11.834052 | BU91: 0.48926742 | BW91: 3.669311 | BX91: 0.23766729 | BZ91: 1.3937382 | CA91: 0.14260934 | CC91: 96.528404 | CD91: 0.23795629 | CF91: 2.0844073 | CG91: 0.1740689 | CI91: 0.82075777 | CJ91: 0.12167291 | CL91: 0.56643103 | CM91: 0.08795586 | CO91: 85.875248 | CP91: 0.47215822 | CR91: 9.5678973 | CS91: 0.3738301 | CU91: 3.194655 | CV91: 0.20337634 | CX91: 1.3621993 | CY91: 0.15376875
A92: Thailand | B92: 0.16169058 | C92: 0.020961 | E92: 1.1357859 | F92: 0.013246661 | H92: 1.2592815 | I92: 0.042769101 | K92: 0.074561596 | L92: 0.011890561 | N92: 1.1847199 | O92: 0.030878539 | Q92: 5.9209633 | R92: 12.61129 | S92: 0.52258344 | U92: 49.809017 | V92: 0.92088123 | X92: 23.101995 | Y92: 0.61255189 | AA92: 16.175778 | AB92: 0.56590982 | AD92: 10.91321 | AE92: 0.42579116 | AG92: 67.148011 | AH92: 0.85928475 | AJ92: 20.894846 | AK92: 0.5786396 | AM92: 8.9252392 | AN92: 0.3937459 | AP92: 3.0319038 | AQ92: 0.2427155 | AS92: 58.479412 | AT92: 0.82807675 | AV92: 22.537753 | AW92: 0.5469307 | AY92: 12.235957 | AZ92: 0.54574998 | BB92: 6.7468779 | BC92: 0.30985902 | BE92: 72.336134 | BF92: 0.82277322 | BH92: 15.755327 | BI92: 0.54622933 | BK92: 8.8798402 | BL92: 0.39704643 | BN92: 3.0286987 | BO92: 0.25638174 | BQ92: 69.951158 | BR92: 0.90772188 | BT92: 16.89643 | BU92: 0.53711048 | BW92: 9.8838183 | BX92: 0.4849005 | BZ92: 3.2685943 | CA92: 0.23120689 | CC92: 76.346758 | CD92: 0.95762497 | CF92: 12.893862 | CG92: 0.52916467 | CI92: 8.0436204 | CJ92: 0.48319235 | CL92: 2.7157596 | CM92: 0.23240538 | CO92: 69.028617 | CP92: 0.89106706 | CR92: 17.257281 | CS92: 0.55107296 | CU92: 9.7834339 | CV92: 0.45243078 | CX92: 3.9306672 | CY92: 0.27902624
A93: Ukraine | B93: -0.031354225 | C93: 0.016252758 | E93: 0.97781393 | F93: 0.013796869 | H93: 0.95988047 | I93: 0.034393754 | K93: 0.026475613 | L93: 0.0084131437 | N93: 0.93340489 | O93: 0.02598061 | Q93: 2.7582197 | R93: 7.605625 | S93: 0.39435543 | U93: 48.252852 | V93: 0.78992617 | X93: 29.456599 | Y93: 0.72468843 | AA93: 13.396247 | AB93: 0.51782718 | AD93: 8.894302 | AE93: 0.42280271 | AG93: 66.173349 | AH93: 0.71846094 | AJ93: 24.392596 | AK93: 0.64716973 | AM93: 6.6833523 | AN93: 0.34878825 | AP93: 2.7507022 | AQ93: 0.26255875 | AS93: 70.859865 | AT93: 0.74772507 | AV93: 18.428061 | AW93: 0.59455263 | AY93: 7.1822765 | AZ93: 0.3760183 | BB93: 3.5297971 | BC93: 0.2806728 | BE93: 80.527313 | BF93: 0.83381279 | BH93: 12.183159 | BI93: 0.53214293 | BK93: 5.5960665 | BL93: 0.45042342 | BN93: 1.6934616 | BO93: 0.1859684 | BQ93: 81.352056 | BR93: 0.79930935 | BT93: 10.999872 | BU93: 0.52851333 | BW93: 5.1342516 | BX93: 0.3811406 | BZ93: 2.5138206 | CA93: 0.25748801 | CC93: 82.45859 | CD93: 0.81128143 | CF93: 10.589553 | CG93: 0.55358636 | CI93: 5.0473324 | CJ93: 0.45269579 | CL93: 1.9045249 | CM93: 0.21151493 | CO93: 70.7584 | CP93: 0.75737718 | CR93: 18.005909 | CS93: 0.57616182 | CU93: 7.5792778 | CV93: 0.40166569 | CX93: 3.6564133 | CY93: 0.28720051
A94: United Arab Emirates | B94: 0.23802598 | C94: 0.013891664 | E94: 1.1367383 | F94: 0.009623156 | H94: 1.2853007 | I94: 0.034998734 | K94: 0.1158356 | L94: 0.010077366 | N94: 1.1694651 | O94: 0.024921368 | Q94: 9.0123348 | R94: 12.61067 | S94: 0.35372583 | U94: 40.67094 | V94: 0.65296532 | X94: 28.194659 | Y94: 0.42648776 | AA94: 17.046331 | AB94: 0.41729756 | AD94: 14.08807 | AE94: 0.34666259 | AG94: 64.313006 | AH94: 0.49482024 | AJ94: 22.896695 | AK94: 0.45100843 | AM94: 8.343576 | AN94: 0.2366216 | AP94: 4.4467227 | AQ94: 0.21260438 | AS94: 54.211023 | AT94: 0.54400072 | AV94: 26.966977 | AW94: 0.40052243 | AY94: 11.504521 | AZ94: 0.35236611 | BB94: 7.3174793 | BC94: 0.29621531 | BE94: 73.762576 | BF94: 0.49746926 | BH94: 14.225466 | BI94: 0.36146709 | BK94: 8.4130515 | BL94: 0.25589142 | BN94: 3.5989063 | BO94: 0.17711238 | BQ94: 71.869296 | BR94: 0.62160525 | BT94: 15.39149 | BU94: 0.39271526 | BW94: 8.2094114 | BX94: 0.32279915 | BZ94: 4.5298017 | CA94: 0.20106884 | CC94: 73.865688 | CD94: 0.66251874 | CF94: 13.324323 | CG94: 0.46702054 | CI94: 8.6008762 | CJ94: 0.28645582 | CL94: 4.2091132 | CM94: 0.20589365 | CO94: 65.024022 | CP94: 0.78371167 | CR94: 18.973007 | CS94: 0.48974938 | CU94: 9.9697158 | CV94: 0.32348745 | CX94: 6.0332548 | CY94: 0.26306434
A95: Uruguay | B95: 0.046462539 | C95: 0.023694032 | D95: † | E95: 1.0214032 | F95: 0.017816664 | G95: † | H95: 1.0358202 | I95: 0.048739519 | J95: † | K95: 0.035522359 | L95: 0.012478075 | M95: † | N95: 1.0002979 | O95: 0.036261443 | P95: † | Q95: 3.4293942 | R95: 8.457945 | S95: 0.54904073 | T95: † | U95: 45.495858 | V95: 1.0034294 | W95: † | X95: 28.850408 | Y95: 0.8928374 | Z95: † | AA95: 15.605122 | AB95: 0.76789253 | AC95: † | AD95: 10.048613 | AE95: 0.64761918 | AF95: † | AG95: 67.33892 | AH95: 0.93993124 | AI95: † | AJ95: 20.561155 | AK95: 0.82048037 | AL95: † | AM95: 8.3686016 | AN95: 0.59532866 | AO95: † | AP95: 3.7313228 | AQ95: 0.43391519 | AR95: † | AS95: 61.515315 | AT95: 1.117915 | AU95: † | AV95: 25.373866 | AW95: 0.90537375 | AX95: † | AY95: 8.1686495 | AZ95: 0.56876416 | BA95: † | BB95: 4.9421697 | BC95: 0.42364477 | BD95: † | BE95: 80.80863 | BF95: 0.78572211 | BG95: † | BH95: 11.165617 | BI95: 0.6621286 | BJ95: † | BK95: 6.4713919 | BL95: 0.46649072 | BM95: † | BN95: 1.554361 | BO95: 0.22902907 | BP95: † | BQ95: 76.992888 | BR95: 0.9434831 | BS95: † | BT95: 13.618401 | BU95: 0.65766934 | BV95: † | BW95: 6.8152636 | BX95: 0.48962105 | BY95: † | BZ95: 2.5734466 | CA95: 0.31817716 | CB95: † | CC95: 79.972 | CD95: 0.90204638 | CE95: † | CF95: 11.115807 | CG95: 0.68159287 | CH95: † | CI95: 6.8326624 | CJ95: 0.56204029 | CK95: † | CL95: 2.0795308 | CM95: 0.23779464 | CN95: † | CO95: 68.931799 | CP95: 0.97828961 | CQ95: † | CR95: 17.960119 | CS95: 0.7151127 | CT95: † | CU95: 8.9087725 | CV95: 0.54257516 | CW95: † | CX95: 4.1993099 | CY95: 0.41706871 | CZ95: †
A96: Viet Nam | B96: 0.081458015 | C96: 0.018711461 | E96: 0.95322579 | F96: 0.012712143 | H96: 0.9049139 | I96: 0.030908192 | K96: 0.029313812 | L96: 0.007764941 | N96: 0.87560006 | O96: 0.02314325 | Q96: 3.2394035 | R96: 6.8918159 | S96: 0.46567855 | U96: 37.905138 | V96: 0.95310098 | X96: 35.200449 | Y96: 0.80400661 | AA96: 16.936695 | AB96: 0.65430867 | AD96: 9.9577182 | AE96: 0.5413904 | AG96: 69.711491 | AH96: 0.80985067 | AJ96: 21.711893 | AK96: 0.69796771 | AM96: 6.3168603 | AN96: 0.3859921 | AP96: 2.2597551 | AQ96: 0.2024625 | AS96: 57.416038 | AT96: 0.88157627 | AV96: 28.751806 | AW96: 0.7597082 | AY96: 9.8838996 | AZ96: 0.52992898 | BB96: 3.948257 | BC96: 0.34161924 | BE96: 80.299305 | BF96: 0.8406483 | BH96: 13.968599 | BI96: 0.65172218 | BK96: 4.3656915 | BL96: 0.42073072 | BN96: 1.3664047 | BO96: 0.19308646 | BQ96: 61.336107 | BR96: 1.0701645 | BT96: 24.418856 | BU96: 0.78150018 | BW96: 9.8706141 | BX96: 0.51454227 | BZ96: 4.3744236 | CA96: 0.32003492 | CC96: 81.537179 | CD96: 0.85958606 | CF96: 11.949633 | CG96: 0.57799358 | CI96: 4.9747462 | CJ96: 0.38589835 | CL96: 1.5384418 | CM96: 0.2332246 | CO96: 76.219555 | CP96: 0.73562341 | CR96: 15.130378 | CS96: 0.57366275 | CU96: 5.4981504 | CV96: 0.32529509 | CX96: 3.1519166 | CY96: 0.3074429
A101: Information on data for Cyprus: https://oe.cd/cyprus-disclaimer
A102: *Data did not meet the PISA technical standards but were accepted as largely comparable (see Annexes A2 and A4).
A104: 1. The index of exposure to bullying includes the following statements: “Other students left me out of things on purpose”; “Other students made fun of me”; and “I was threatened by other students”. Higher values in the index indicate more exposure to bullying.
A105: 2. The total variation in the index of exposure to bullying is equal to the square of the standard deviation of the index within each country/economy. Due to the unbalanced, clustered nature of the data, the sum of the between- and within-school variation components, as an estimate from a sample, does not necessarily add up to the total.
A106: 3. In some countries/economies, sub-units within schools were sampled instead of schools; this may affect the estimation of between-school variation components (see Annex A2).
A107: 4. A student is frequently bullied if he or she is in the top 10% of the index of exposure to bullying across all countries/economies.
A108: Note: Information regarding the proportion of the sample covered is shown next to the standard error. No symbol means at least 75% of the population was covered; one dagger (†) means at least 50% but less than 75%; and one double-dagger (‡) means less than 50% was covered. For comparisons across cycles, the coverage information corresponds to the cycle with the lowest sample coverage.

Sheet Table III.B1.2.2
A1: PISA 2018 Results (Volume III) - © OECD 2019
A2: Annex B1 | B2: Annex B1.2 Results (tables): Bullying
A3: Version 2 - Last updated: 02-Dec-2019
A4: Disclaimer: http://oe.cd/disclaimer
A6: Table III.B1.2.2
A7: Change between 2015 and 2018 in students' exposure to bullying
A8: Based on students' reports
B11: Change between 2015 and 2018 (PISA 2018 - PISA 2015)1
B12: Percentage of students who reported being bullied at school at least a few times a month:
B13: Any type of bullying act | E13: Other students left me out of things on purpose | H13: Other students made fun of me | K13: I was threatened by other students | N13: Other students took away or destroyed things that belong to me | Q13: I got hit or pushed around by other students | T13: Other students spread nasty rumours about me
B14: % dif. | C14: S.E. | E14: % dif. | F14: S.E. | H14: % dif. | I14: S.E. | K14: % dif. | L14: S.E. | N14: % dif. | O14: S.E. | Q14: % dif. | R14: S.E. | T14: % dif. | U14: S.E.
A15: OECD
A16: Australia | B16: 5.3372092 | C16: 0.72934735 | E16: 0.70971817 | F16: 0.56797367 | H16: 5.8534026 | I16: 0.60706609 | K16: 1.9595313 | L16: 0.41819313 | N16: 1.4565136 | O16: 0.3582544 | Q16: 3.4344449 | R16: 0.38502371 | T16: 1.294687 | U16: 0.51236397
A17: Austria | B17: 4.022182 | C17: 0.93947011 | E17: 1.4120175 | F17: 0.53784651 | H17: 2.5164342 | I17: 0.75483358 | K17: 2.7888803 | L17: 0.54530346 | N17: 2.5132194 | O17: 0.59959376 | Q17: 3.0114095 | R17: 0.5758087 | T17: 3.1586766 | U17: 0.6471349
A18: Belgium | B18: 0.12188468 | C18: 0.68039596 | E18: -0.3780995 | F18: 0.39559159 | H18: 0.0036473533 | I18: 0.55129749 | K18: 0.53198093 | L18: 0.31200659 | N18: 0.29707038 | O18: 0.32056478 | Q18: 1.1360584 | R18: 0.34024605 | T18: -0.23903291 | U18: 0.49555814
A19: Canada | B19: 4.8682547 | C19: 0.65262043 | E19: 1.4635959 | F19: 0.44993579 | H19: 3.2612197 | I19: 0.57479531 | K19: 1.5425203 | L19: 0.37450951 | N19: 1.0613514 | O19: 0.3256653 | Q19: 2.1747332 | R19: 0.39204499 | T19: 1.8210399 | U19: 0.46456671
A20: Chile | B20: 5.8302393 | C20: 0.8427459 | D20: † | E20: 2.7760382 | F20: 0.65702808 | G20: † | H20: 3.846127 | I20: 0.68524873 | J20: † | K20: 3.5198333 | L20: 0.55421817 | M20: † | N20: 3.7681148 | O20: 0.57531816 | P20: † | Q20: 3.3484359 | R20: 0.55128092 | S20: † | T20: 2.9768817 | U20: 0.68350053 | V20: †
A21: Colombia | B21: 10.203026 | C21: 1.1020476 | D21: † | E21: 7.5850577 | F21: 0.72583163 | G21: † | H21: 6.5920439 | I21: 0.84075701 | J21: † | K21: 7.2416 | L21: 0.69402468 | M21: † | N21: 7.7523484 | O21: 0.67742169 | P21: † | Q21: 7.1438222 | R21: 0.70077962 | S21: † | T21: 7.0912671 | U21: 0.69738275 | V21: †
A22: Czech Republic | B22: 4.2694349 | C22: 1.0510136 | E22: 2.3257096 | F22: 0.6866551 | H22: 2.5888212 | I22: 0.79289466 | K22: 2.55212 | L22: 0.51970404 | N22: 2.7936814 | O22: 0.65535003 | Q22: 2.4780607 | R22: 0.64545888 | T22: 1.2165825 | U22: 0.84075445
A23: Denmark | B23: 1.2535348 | C23: 0.87944138 | E23: 0.22985639 | F23: 0.51573253 | H23: 2.2302766 | I23: 0.70495665 | K23: 1.020054 | L23: 0.35047066 | N23: 0.35683453 | O23: 0.48382252 | Q23: 2.537972 | R23: 0.51311803 | T23: -0.59965795 | U23: 0.59673786
A24: Estonia | B24: 5.259129 | C24: 0.94592148 | E24: 1.7376869 | F24: 0.51220208 | H24: 3.8032613 | I24: 0.79478633 | K24: 2.7606936 | L24: 0.47252926 | N24: 2.500088 | O24: 0.4928028 | Q24: 2.0828815 | R24: 0.54524165 | T24: 2.0100582 | U24: 0.54910707
A25: Finland | B25: 0.82367802 | C25: 0.73818725 | E25: -0.20560774 | F25: 0.54050779 | H25: 1.3007021 | I25: 0.66819048 | K25: 1.0936445 | L25: 0.44338828 | N25: 0.49028975 | O25: 0.37369344 | Q25: 0.5055238 | R25: 0.48639774 | T25: 0.52833265 | U25: 0.53683043
A26: France | B26: 1.8581591 | C26: 0.85991472 | E26: 0.9521389 | F26: 0.53156728 | H26: 0.54245025 | I26: 0.66364574 | K26: 2.5594442 | L26: 0.44781172 | N26: 2.6181943 | O26: 0.44965455 | Q26: 2.3893983 | R26: 0.45431447 | T26: 1.3469913 | U26: 0.60184884
A27: Germany | B27: 6.986701 | C27: 1.0787807 | D27: ‡ | E27: 1.2554835 | F27: 0.66170365 | G27: ‡ | H27: 4.0448828 | I27: 0.89327717 | J27: ‡ | K27: 3.4055295 | L27: 0.5264886 | M27: ‡ | N27: 3.2385881 | O27: 0.68308014 | P27: ‡ | Q27: 2.6890981 | R27: 0.53874248 | S27: ‡ | T27: 2.9597235 | U27: 0.68452746 | V27: ‡
A28: Greece | B28: 10.203736 | C28: 1.0530361 | E28: 2.6925046 | F28: 0.54332161 | H28: 6.9103146 | I28: 0.7386868 | K28: 4.2643471 | L28: 0.64025015 | N28: 4.6624265 | O28: 0.64005917 | Q28: 4.7770162 | R28: 0.64872128 | T28: 3.899617 | U28: 0.68376899
A29: Hungary | B29: 2.2310855 | C29: 0.98627567 | E29: 1.2829207 | F29: 0.63460815 | H29: 1.5211184 | I29: 0.72091037 | K29: 2.7090061 | L29: 0.61062342 | N29: 2.3327372 | O29: 0.63317537 | Q29: 3.2650774 | R29: 0.63420331 | T29: 1.6089762 | U29: 0.86365807
A30: Iceland | B30: 5.2749143 | C30: 0.97049069 | D30: † | E30: 1.0272655 | F30: 0.56572068 | G30: † | H30: 4.8373499 | I30: 0.74378508 | J30: † | K30: 1.6933031 | L30: 0.52392471 | M30: † | N30: 1.2891654 | O30: 0.4094401 | P30: † | Q30: 1.3184394 | R30: 0.47373432 | S30: † | T30: 0.66345412 | U30: 0.57443446 | V30: †
A31: Ireland | B31: 7.9691024 | C31: 0.89931905 | E31: 2.685853 | F31: 0.49752915 | H31: 7.3275557 | I31: 0.69758749 | K31: 2.7447739 | L31: 0.4934276 | N31: 2.037704 | O31: 0.43688205 | Q31: 2.8723102 | R31: 0.41918752 | T31: 1.97864 | U31: 0.58576792
A32: Israel | B32: m | C32: m | E32: m | F32: m | H32: m | I32: m | K32: m | L32: m | N32: m | O32: m | Q32: m | R32: m | T32: m | U32: m
A33: Italy | B33: m | C33: m | E33: m | F33: m | H33: m | I33: m | K33: m | L33: m | N33: m | O33: m | Q33: m | R33: m | T33: m | U33: m
A34: Japan | B34: -4.6556029 | C34: 0.89308995 | E34: -1.1649525 | F34: 0.40953156 | H34: -3.1634092 | I34: 0.78489429 | K34: -0.20966716 | L34: 0.31499791 | N34: -0.034032758 | O34: 0.32393414 | Q34: -2.9685767 | R34: 0.55159235 | T34: -0.86914927 | U34: 0.48842627
A35: Korea | B35: -2.539144 | C35: 0.70385772 | E35: -0.23035415 | F35: 0.20617822 | H35: -2.2056453 | I35: 0.67330664 | K35: 0.24073601 | L35: 0.17656401 | N35: -0.42834753 | O35: 0.23397313 | Q35: 0.12916183 | R35: 0.20714989 | T35: -0.48886767 | U35: 0.34382594
A36: Latvia | B36: 4.9125986 | C36: 1.1339084 | E36: 3.4084904 | F36: 0.81672633 | H36: 2.7605369 | I36: 0.85748208 | K36: 3.9744604 | L36: 0.71874893 | N36: 3.0495548 | O36: 0.76141047 | Q36: 3.8856947 | R36: 0.76913577 | T36: 2.8740931 | U36: 0.84484768
A37: Lithuania | B37: 6.210897 | C37: 0.9484157 | E37: 3.2260735 | F37: 0.62079501 | H37: 4.0975156 | I37: 0.68981534 | K37: 5.2869816 | L37: 0.55206102 | N37: 5.309289 | O37: 0.50077528 | Q37: 6.5226297 | R37: 0.55862975 | T37: 4.622663 | U37: 0.65945345
A38: Luxembourg | B38: 4.9684982 | C38: 0.77283579 | E38: 2.0057302 | F38: 0.54436302 | H38: 3.5338709 | I38: 0.5607807 | K38: 2.6681981 | L38: 0.44482148 | N38: 2.2718027 | O38: 0.41567007 | Q38: 2.7744439 | R38: 0.45078743 | T38: 2.8907528 | U38: 0.62112594
A39: Mexico | B39: 2.847167 | C39: 0.9523353 | D39: † | E39: 2.4788234 | F39: 0.64434254 | G39: † | H39: 1.1126059 | I39: 0.79081815 | J39: † | K39: 2.7297544 | L39: 0.56925255 | M39: † | N39: 2.9161851 | O39: 0.57383543 | P39: † | Q39: 2.9332824 | R39: 0.63419211 | S39: ‡ | T39: 3.9536448 | U39: 0.73956829 | V39: ‡
A40: Netherlands* | B40: 2.9339533 | C40: 0.7531597 | E40: -0.050911374 | F40: 0.40437675 | H40: 2.181057 | I40: 0.52996349 | K40: 0.24296206 | L40: 0.32235008 | N40: 0.56724256 | O40: 0.36760402 | Q40: 0.71445715 | R40: 0.37693155 | T40: 1.3886248 | U40: 0.54916096
A41: New Zealand | B41: 5.5009975 | C41: 0.94447368 | E41: 1.0611433 | F41: 0.74897349 | H41: 5.9611917 | I41: 0.90819561 | K41: 1.6225655 | L41: 0.64006376 | N41: 0.92921609 | O41: 0.52202898 | Q41: 2.284193 | R41: 0.59773237 | T41: 0.44510764 | U41: 0.70924389
A42: Norway | B42: 1.1208971 | C42: 0.91067809 | E42: -1.8292648 | F42: 0.54315114 | H42: 2.501054 | I42: 0.70215875 | K42: -0.070802681 | L42: 0.42898476 | N42: -0.22165297 | O42: 0.46621823 | Q42: 0.7758736 | R42: 0.46256262 | T42: -1.1784772 | U42: 0.63318276
A43: Poland | B43: 5.2748914 | C43: 1.0467124 | E43: 0.31488758 | F43: 0.6375947 | H43: 2.5430341 | I43: 0.73688018 | K43: 3.63642 | L43: 0.56667978 | N43: 4.6073179 | O43: 0.5905984 | Q43: 4.0803475 | R43: 0.57044554 | T43: 2.5710678 | U43: 0.86865175
A44: Portugal* | B44: 1.8481455 | C44: 0.70952201 | E44: 1.008716 | F44: 0.4978835 | H44: 1.9556807 | I44: 0.55233502 | K44: 0.81564951 | L44: 0.43080682 | N44: 1.5945133 | O44: 0.37359196 | Q44: 1.5502009 | R44: 0.38509691 | T44: 1.2023253 | U44: 0.55023807
A45: Slovak Republic | B45: 5.7431979 | C45: 1.1022708 | E45: 1.337243 | F45: 0.70599073 | H45: 2.6104217 | I45: 0.71553975 | K45: 4.6254406 | L45: 0.69646966 | N45: 4.6389341 | O45: 0.75028884 | Q45: 5.8287044 | R45: 0.70247191 | T45: 3.7780042 | U45: 0.83180392
A46: Slovenia | B46: 4.4784088 | C46: 0.83090401 | E46: 2.4405532 | F46: 0.60871494 | H46: 2.2252574 | I46: 0.68597853 | K46: 3.5904696 | L46: 0.46499002 | N46: 3.8153267 | O46: 0.52946734 | Q46: 4.6559196 | R46: 0.48503953 | T46: 2.9572489 | U46: 0.61783999
A47: Spain | B47: 3.3088038 | C47: 0.60707796 | D47: † | E47: 0.99810791 | F47: 0.37216645 | G47: † | H47: 1.051309 | I47: 0.4785279 | J47: † | K47: 2.3142216 | L47: 0.34391499 | M47: † | N47: 2.6054378 | O47: 0.42756984 | P47: † | Q47: 2.5448756 | R47: 0.35501471 | S47: † | T47: 2.9632492 | U47: 0.38903514 | V47: †
A48: Sweden | B48: 1.3493685 | C48: 0.91852665 | E48: -0.066385858 | F48: 0.56010425 | H48: 2.3443325 | I48: 0.69561106 | K48: 0.20422292 | L48: 0.40554121 | N48: 0.11233296 | O48: 0.50241071 | Q48: 1.1695848 | R48: 0.51417679 | T48: 0.50087833 | U48: 0.57593369
A49: Switzerland | B49: 5.5567117 | C49: 1.1814514 | D49: † | E49: 1.7194629 | F49: 0.63931906 | G49: † | H49: 2.0395818 | I49: 0.92192936 | J49: † | K49: 3.8583832 | L49: 0.57131922 | M49: † | N49: 3.6549125 | O49: 0.71138418 | P49: † | Q49: 4.524056 | R49: 0.59850127 | S49: † | T49: 4.6759109 | U49: 0.87627667 | V49: †
A50: Turkey | B50: 5.5705123 | C50: 1.0691195 | E50: 2.0387764 | F50: 0.66182959 | H50: 3.6474073 | I50: 0.70912552 | K50: 2.5913565 | L50: 0.61786318 | N50: 3.2253182 | O50: 0.67686319 | Q50: 3.9313345 | R50: 0.62846267 | T50: 3.6331685 | U50: 0.77598202
A51: United Kingdom | B51: 3.0951214 | C51: 0.96220595 | E51: -0.6175378 | F51: 0.62221432 | H51: 4.7817235 | I51: 0.85194474 | K51: 0.51919526 | L51: 0.53633457 | N51: 0.095680103 | O51: 0.48033425 | Q51: 1.1206241 | R51: 0.50607359 | T51: -0.8141669 | U51: 0.66028219
A52: United States* | B52: 6.9994097 | C52: 1.1285139 | E52: 2.5393734 | F52: 0.73012954 | H52: 5.768569 | I52: 0.93202168 | K52: 1.6410209 | L52: 0.58927047 | N52: 1.1025261 | O52: 0.45377481 | Q52: 1.5940069 | R52: 0.51464939 | T52: 2.4266026 | U52: 0.75073677
A53: OECD average | B53: 4.0296316 | C53: 0.15651128 | E53: 1.376289 | F53: 0.098740883 | H53: 2.9407344 | I53: 0.12324302 | K53: 2.3619666 | L53: 0.086165741 | N53: 2.2565682 | O53: 0.08878094 | Q53: 2.6632998 | R53: 0.089963347 | T53: 1.9785405 | U53: 0.11100106
A54: Partners
A55: Albania | B55: m | C55: m | E55: m | F55: m | H55: m | I55: m | K55: m | L55: m | N55: m | O55: m | Q55: m | R55: m | T55: m | U55: m
A56: Argentina | B56: m | C56: m | E56: m | F56: m | H56: m | I56: m | K56: m | L56: m | N56: m | O56: m | Q56: m | R56: m | T56: m | U56: m
A57: Baku (Azerbaijan) | B57: m | C57: m | E57: m | F57: m | H57: m | I57: m | K57: m | L57: m | N57: m | O57: m | Q57: m | R57: m | T57: m | U57: m
A58: Belarus | B58: m | C58: m | E58: m | F58: m | H58: m | I58: m | K58: m | L58: m | N58: m | O58: m | Q58: m | R58: m | T58: m | U58: m
A59: Bosnia and Herzegovina | B59: m | C59: m | E59: m | F59: m | H59: m | I59: m | K59: m | L59: m | N59: m | O59: m | Q59: m | R59: m | T59: m | U59: m
A60: Brazil | B60: 11.482178 | C60: 0.79713261 | D60: † | E60: 5.8417177 | F60: 0.62158251 | G60: † | H60: 7.1386666 | I60: 0.65649307 | J60: † | K60: 6.0277019 | L60: 0.53350431 | M60: † | N60: 6.3695769 | O60: 0.54926318 | P60: † | Q60: 5.7903185 | R60: 0.48109776 | S60: † | T60: 6.5663671 | U60: 0.60779023 | V60: †
A61: Brunei Darussalam | B61: m | C61: m | E61: m | F61: m | H61: m | I61: m | K61: m | L61: m | N61: m | O61: m | Q61: m | R61: m | T61: m | U61: m
A62: B-S-J-Z (China) | B62: m | C62: m | E62: m | F62: m | H62: m | I62: m | K62: m | L62: m | N62: m | O62: m | Q62: m | R62: m | T62: m | U62: m
A63: Bulgaria | B63: 9.1678066 | C63: 1.1960608 | E63: 6.2261758 | F63: 0.72469103 | G63: † | H63: 4.5258656 | I63: 0.83800191 | J63: † | K63: 10.117177 | L63: 0.84556425 | M63: † | N63: 9.8615398 | O63: 0.86723524 | P63: † | Q63: 9.5591002 | R63: 0.99790418 | S63: † | T63: 7.4848609 | U63: 0.99169767 | V63: †
A64: Costa Rica | B64: 3.4901989 | C64: 0.9085592 | E64: 1.7456466 | F64: 0.61225623 | H64: 1.2944319 | I64: 0.73351645 | K64: 3.4990888 | L64: 0.52943766 | N64: 2.901345 | O64: 0.42681381 | Q64: 2.6894121 | R64: 0.46370673 | T64: 2.6863832 | U64: 0.73349822
A65: Croatia | B65: 1.1282623 | C65: 0.79745966 | E65: 1.1960943 | F65: 0.50086933 | H65: 1.1459985 | I65: 0.58997142 | K65: 2.2703702 | L65: 0.45796749 | N65: 2.741432 | O65: 0.50281978 | Q65: 2.9303124 | R65: 0.4796913 | T65: 1.3612818 | U65: 0.57127643
A66: Cyprus | B66: 15.872584 | C66: 0.78223211 | D66: † | E66: 7.0766773 | F66: 0.69636309 | G66: † | H66: 8.0311985 | I66: 0.78472966 | J66: † | K66: 10.169772 | L66: 0.68111557 | M66: † | N66: 11.570846 | O66: 0.63144648 | P66: † | Q66: 11.386188 | R66: 0.68096316 | S66: † | T66: 11.127797 | U66: 0.69788897 | V66: †
A67: Dominican Republic | B67: 13.764585 | C67: 1.7312726 | D67: ‡ | E67: 7.8408661 | F67: 1.4524807 | G67: ‡ | H67: 10.455583 | I67: 1.5734211 | J67: ‡ | K67: 14.25354 | L67: 1.569999 | M67: ‡ | N67: 13.449429 | O67: 1.56467 | P67: ‡ | Q67: 15.986519 | R67: 1.5054382 | S67: ‡ | T67: 16.399342 | U67: 1.6713576 | V67: ‡
A68: Georgia | B68: m | C68: m | E68: m | F68: m | H68: m | I68: m | K68: m | L68: m | N68: m | O68: m | Q68: m | R68: m | T68: m | U68: m
A69: Hong Kong (China)* | B69: -3.0414648 | C69: 1.2012963 | E69: -0.39708179 | F69: 0.6078229 | H69: -2.88223 | I69: 1.1073139 | K69: -0.96410978 | L69: 0.57820922 | N69: -1.4305323 | O69: 0.64198077 | Q69: -0.088935368 | R69: 0.69426852 | T69: 1.2382408 | U69: 0.63628554
A70: Indonesia | B70: m | C70: m | E70: m | F70: m | H70: m | I70: m | K70: m | L70: m | N70: m | O70: m | Q70: m | R70: m | T70: m | U70: m
A71: Jordan | B71: m | C71: m | E71: m | F71: m | H71: m | I71: m | K71: m | L71: m | N71: m | O71: m | Q71: m | R71: m | T71: m | U71: m
A72: Kazakhstan | B72: m | C72: m | E72: m | F72: m | H72: m | I72: m | K72: m | L72: m | N72: m | O72: m | Q72: m | R72: m | T72: m | U72: m
A73: Kosovo | B73: m | C73: m | E73: m | F73: m | H73: m | I73: m | K73: m | L73: m | N73: m | O73: m | Q73: m | R73: m | T73: m | U73: m
A74: Lebanon | B74: m | C74: m | E74: m | F74: m | H74: m | I74: m | K74: m | L74: m | N74: m | O74: m | Q74: m | R74: m | T74: m | U74: m
A75: Macao (China) | B75: -0.22052969 | C75: 0.9568249 | E75: -2.391423 | F75: 0.61687291 | H75: 0.718548 | I75: 0.89487398 | K75: 0.51098609 | L75: 0.53204197 | N75: 0.011776855 | O75: 0.60415399 | Q75: 1.69734 | R75: 0.48782152 | T75: 1.34488 | U75: 0.65537465
A76: Malaysia | B76: 5.1003752 | C76: 1.2612097 | E76: 1.5207703 | F76: 0.83227938 | H76: 4.2995272 | I76: 1.0692658 | K76: 3.2061491 | L76: 0.72511989 | N76: 3.1198008 | O76: 0.70099688 | Q76: 3.918684 | R76: 0.68593526 | T76: 2.9982457 | U76: 0.81594247
A77: Malta | B77: m | C77: m | E77: m | F77: m | H77: m | I77: m | K77: m | L77: m | N77: m | O77: m | Q77: m | R77: m | T77: m | U77: m
A78: Moldova | B78: m | C78: m | E78: m | F78: m | H78: m | I78: m | K78: m | L78: m | N78: m | O78: m | Q78: m | R78: m | T78: m | U78: m
A79: Montenegro | B79: 8.7168198 | C79: 0.8028267 | E79: 4.9644494 | F79: 0.48364022 | H79: 4.1891642 | I79: 0.5603385 | K79: 5.3604121 | L79: 0.5585652 | N79: 6.4010882 | O79: 0.53655666 | Q79: 6.5808716 | R79: 0.48833066 | T79: 5.1263533 | U79: 0.69389021
A80: Morocco | B80: m | C80: m | E80: m | F80: m | H80: m | I80: m | K80: m | L80: m | N80: m | O80: m | Q80: m | R80: m | T80: m | U80: m
A81: North Macedonia | B81: m | C81: m | E81: m | F81: m | H81: m | I81: m | K81: m | L81: m | N81: m | O81: m | Q81: m | R81: m | T81: m | U81: m
A82: Panama | B82: m | C82: m | E82: m | F82: m | H82: m | I82: m | K82: m | L82: m | N82: m | O82: m | Q82: m | R82: m | T82: m | U82: m
A83: Peru | B83: 4.0668063 | C83: 1.0987563 | D83: ‡ | E83: 3.088536 | F83: 0.80072999 | G83: ‡ | H83: 3.3292224 | I83: 0.80903447 | J83: ‡ | K83: 3.1326637 | L83: 0.634821 | M83: ‡ | N83: 3.4317062 | O83: 0.80852658 | P83: ‡ | Q83: 3.9041057 | R83: 0.58309442 | S83: ‡ | T83: 2.4132569 | U83: 0.86827099 | V83: ‡
A84: Philippines | B84: m | C84: m | E84: m | F84: m | H84: m | I84: m | K84: m | L84: m | N84: m | O84: m | Q84: m | R84: m | T84: m | U84: m
A85: Qatar | B85: 8.2837658 | C85: 0.50271642 | E85: 1.6138512 | F85: 0.40012872 | H85: 4.6427116 | I85: 0.44768566 | K85: 3.5664434 | L85: 0.38336545 | N85: 4.7441072 | O85: 0.41575789 | Q85: 4.9129295 | R85: 0.39940235 | T85: 4.9482369 | U85: 0.43805155
A86: Romania | B86: m | C86: m | E86: m | F86: m | H86: m | I86: m | K86: m | L86: m | N86: m | O86: m | Q86: m | R86: m | T86: m | U86: m
A87: Russia | B87: 9.0986729 | C87: 1.4345011 | E87: 5.2320967 | F87: 1.1964999 | H87: 4.4791608 | I87: 0.98793381 | K87: 6.3856521 | L87: 0.66819769 | N87: 6.8383813 | O87: 0.80484939 | Q87: 8.1055336 | R87: 0.57989556 | T87: 5.3592539 | U87: 0.72494709
A88: Saudi Arabia | B88: m | C88: m | E88: m | F88: m | H88: m | I88: m | K88: m | L88: m | N88: m | O88: m | Q88: m | R88: m | T88: m | U88: m
A89: Serbia | B89: m | C89: m | E89: m | F89: m | H89: m | I89: m | K89: m | L89: m | N89: m | O89: m | Q89: m | R89: m | T89: m | U89: m
A90: Singapore | B90: 0.90409487 | C90: 0.82981759 | E90: -1.9101329 | F90: 0.57359189 | H90: 1.8158358 | I90: 0.73514837 | K90: 0.71753526 | L90: 0.39197028 | N90: 0.20276225 | O90: 0.38135052 | Q90: 1.0664566 | R90: 0.4445582 | T90: -0.23041075 | U90: 0.56609362
A91: Chinese Taipei | B91: 2.5891137 | C91: 0.61564279 | E91: 0.3826305 | F91: 0.32111445 | H91: 2.4065013 | I91: 0.56074995 | K91: 0.75772846 | L91: 0.19681278 | N91: 1.585399 | O91: 0.37436274 | Q91: 0.57933456 | R91: 0.17338605 | T91: 1.077338 | U91: 0.31969517
A92: Thailand | B92: -0.1324707 | C92: 1.1475224 | E92: -0.38594076 | F92: 0.78333664 | H92: -0.92464691 | I92: 0.94888979 | K92: 3.3424482 | L92: 0.74286014 | N92: 3.5407102 | O92: 0.78497535 | Q92: 3.6536102 | R92: 0.77701288 | T92: 2.5748665 | U92: 0.76569426
A93: Ukraine | B93: m | C93: m | E93: m | F93: m | H93: m | I93: m | K93: m | L93: m | N93: m | O93: m | Q93: m | R93: m | T93: m | U93: m
A94: United Arab Emirates | B94: 4.0929995 | C94: 0.80841506 | E94: 0.40598831 | F94: 0.49990776 | H94: 2.9688873 | I94: 0.67727208 | K94: 3.8240771 | L94: 0.49540681 | N94: 3.2929094 | O94: 0.55504227 | Q94: 4.7748847 | R94: 0.52922219 | T94: 3.2671862 | U94: 0.60326368
A95: Uruguay | B95: 8.7176237 | C95: 1.0731214 | D95: † | E95: 3.2909598 | F95: 0.77996039 | G95: † | H95: 2.8141351 | I95: 0.82797366 | J95: † | K95: 3.8298645 | L95: 0.62667841 | M95: † | N95: 5.330512 | O95: 0.69181371 | P95: † | Q95: 4.9257445 | R95: 0.68525094 | S95: † | T95: 5.3085513 | U95: 0.81725019 | V95: †
A96: Viet Nam | B96: m | C96: m | E96: m | F96: m | H96: m | I96: m | K96: m | L96: m | N96: m | O96: m | Q96: m | R96: m | T96: m | U96: m
A101: Information on data for Cyprus: https://oe.cd/cyprus-disclaimer
A102: *PISA 2018 data did not meet the PISA technical standards but were accepted as largely comparable (see Annexes A2 and A4).
A104: 1. The changes in values should be interpreted with some caution due to the slight modification of the questionnaire design from 2015 to 2018. The PISA 2018 questionnaire included an additional instruction stating that bullying experiences can also happen in social media. This instruction was missing from the PISA 2015 questionnaire.
A105: Notes: Values that are statistically significant are indicated in bold (see Annex A3).
A106: Information regarding the proportion of the sample covered is shown next to the standard error. No symbol means at least 75% of the population was covered; one dagger (†) means at least 50% but less than 75%; and one double-dagger (‡) means less than 50% was covered. For comparisons across cycles, the coverage information corresponds to the cycle with the lowest sample coverage.

Sheet Table III.B1.2.3
A1: PISA 2018 Results (Volume III) - © OECD 2019
A2: Annex B1 | B2: Annex B1.2 Results (tables): Bullying
A3: Version 2 - Last updated: 02-Dec-2019
A4: Disclaimer: http://oe.cd/disclaimer
A6: Table III.B1.2.3
A7: Prevalence of exposure to bullying in schools
A8: Based on students' reports
B11: Any type of bullying act | E11: Percentage of students who are in schools where…
E12: Over 50% of students reported being bullied at least a few times a month | H12: Between 25% and 50% of students reported being bullied at least a few times a month | K12: Between 10% and 25% of students reported being bullied at least a few times a month | N12: 10% of students or less reported students reported being bullied at least a few times a month
B14: % | C14: S.E. | E14: % | F14: S.E. | H14: % | I14: S.E. | K14: % | L14: S.E. | N14: % | O14: S.E.
A15: OECD
A16: Australia | B16: 29.548591 | C16: 0.52510725 | E16: 8.8812066 | F16: 1.0218073 | H16: 52.979648 | I16: 2.0127443 | K16: 29.721205 | L16: 1.7684631 | N16: 8.4179405 | O16: 1.0040468
A17: Austria | B17: 23.170104 | C17: 0.79568241 | E17: 2.9709946 | F17: 0.98760583 | H17: 33.581893 | I17: 3.2212496 | K17: 52.721022 | L17: 3.5874127 | N17: 10.726091 | O17: 2.2269002
A18: Belgium | B18: 18.632215 | C18: 0.50730102 | E18: 0.49560871 | F18: 0.30475056 | H18: 25.032686 | I18: 2.5552278 | K18: 54.070157 | L18: 3.1873562 | N18: 20.401548 | O18: 2.2047475
A19: Canada | B19: 25.206115 | C19: 0.45287583 | E19: 2.4602381 | F19: 0.72612287 | H19: 47.387325 | I19: 2.442979 | K19: 42.095113 | L19: 2.2692726 | N19: 8.0573242 | O19: 1.1767481
A20: Chile | B20: 23.851393 | C20: 0.64535224 | D20: † | E20: 3.0955662 | F20: 1.1216545 | H20: 34.724258 | I20: 3.4016013 | K20: 55.524157 | L20: 3.566148 | N20: 6.656019 | O20: 1.62843
A21: Colombia | B21: 32.308823 | C21: 0.91172448 | D21: † | E21: 11.645386 | F21: 2.336007 | H21: 61.060648 | I21: 3.7453119 | K21: 22.865452 | L21: 3.2011786 | N21: 4.4285131 | O21: 1.5153458
A22: Czech Republic | B22: 29.699476 | C22: 0.82013199 | E22: 10.939749 | F22: 1.8975298 | H22: 47.701886 | I22: 2.4969264 | K22: 35.962833 | L22: 2.9594854 | N22: 5.3955323 | O22: 1.0547198
A23: Denmark | B23: 21.396512 | C23: 0.71144018 | E23: 2.6510576 | F23: 0.99032713 | H23: 31.957033 | I23: 3.0427114 | K23: 49.379484 | L23: 2.9811282 | N23: 16.012425 | O23: 2.2406202
A24: Estonia | B24: 25.437062 | C24: 0.73290297 | E24: 2.6614373 | F24: 0.87379093 | H24: 47.710887 | I24: 1.8516597 | K24: 42.699769 | L24: 1.7369545 | N24: 6.9279071 | O24: 1.0821226
A25: Finland | B25: 17.724624 | C25: 0.50421462 | E25: 0.063395051 | F25: 0.063692865 | H25: 16.025109 | I25: 2.6783527 | K25: 68.955701 | L25: 3.3150029 | N25: 14.955796 | O25: 2.1578457
A26: France | B26: 19.789698 | C26: 0.65102365 | E26: 2.6950408 | F26: 0.70108722 | H26: 26.581967 | I26: 2.8174336 | K26: 53.342924 | L26: 3.366701 | N26: 17.380069 | O26: 2.4253364
A27: Germany | B27: 22.677499 | C27: 0.92986504 | D27: ‡ | E27: 5.3115057 | F27: 1.6803576 | H27: 38.144092 | I27: 3.5275931 | K27: 37.6121 | L27: 3.539928 | N27: 18.932303 | O27: 2.6514883
A28: Greece | B28: 26.938497 | C28: 0.82740518 | E28: 3.8254931 | F28: 1.2969727 | H28: 45.197853 | I28: 4.0545225 | K28: 45.84218 | L28: 4.0636665 | N28: 5.1344744 | O28: 1.4588023
A29: Hungary | B29: 22.575106 | C29: 0.7668999 | E29: 4.856065 | F29: 1.1255159 | H29: 32.368103 | I29: 3.0639977 | K29: 43.960318 | L29: 3.7220624 | N29: 18.815514 | O29: 2.7546831
A30: Iceland | B30: 17.210209 | C30: 0.7980373 | D30: † | E30: 1.3023035 | F30: 0.092947252 | H30: 10.581793 | I30: 0.17113939 | K30: 69.498216 | L30: 0.22890396 | N30: 18.617687 | O30: 0.23261003
A31: Ireland | B31: 22.673229 | C31: 0.67729562 | E31: 0 | F31: c | H31: 36.281853 | I31: 3.7677292 | K31: 54.227251 | L31: 4.0316299 | N31: 9.4908953 | O31: 2.1222656
A32: Israel | B32: m | C32: m | E32: m | F32: m | H32: m | I32: m | K32: m | L32: m | N32: m | O32: m
A33: Italy | B33: 23.702815 | C33: 0.68751382 | E33: 5.8199019 | F33: 1.3597527 | H33: 37.651218 | I33: 2.9796187 | K33: 40.651989 | L33: 2.8766907 | N33: 15.876891 | O33: 2.3614073
A34: Japan | B34: 17.267579 | C34: 0.62579235 | E34: 1.2708051 | F34: 0.79194173 | H34: 11.972997 | I34: 2.2852776 | K34: 65.399567 | L34: 3.7181705 | N34: 21.356631 | O34: 3.0460801
A35: Korea | B35: 9.3912121 | C35: 0.46076143 | E35: 0.068857524 | F35: 0.063209481 | H35: 2.1663714 | I35: 1.0869317 | K35: 44.132119 | L35: 3.7204758 | N35: 53.632652 | O35: 3.763676
A36: Latvia | B36: 35.497477 | C36: 0.82084956 | E36: 15.335536 | F36: 1.5773856 | H36: 59.708069 | I36: 1.9730231 | K36: 20.886097 | L36: 1.5491525 | N36: 4.0702973 | O36: 0.79203891
A37: Lithuania | B37: 22.635136 | C37: 0.68228929 | E37: 5.4455662 | F37: 0.84724321 | H37: 31.426101 | I37: 1.627707 | K37: 46.731337 | L37: 1.5611008 | N37: 16.396996 | O37: 1.1933772
A38: Luxembourg | B38: 20.636768 | C38: 0.57094785 | E38: 0 | F38: c | H38: 19.484336 | I38: 0.08933761 | K38: 79.920962 | L38: 0.098992173 | N38: 0.59470279 | O38: 0.040703411
A39: Mexico | B39: 22.997454 | C39: 0.82049352 | D39: † | E39: 5.2710535 | F39: 1.4475812 | H39: 31.47742 | I39: 3.4131217 | K39: 47.292016 | L39: 3.3940986 | N39: 15.95951 | O39: 2.2365472
A40: Netherlands* | B40: 12.191264 | C40: 0.6216645 | E40: 0 | F40: c | H40: 6.8067519 | I40: 2.2204808 | K40: 55.504157 | L40: 4.5207276 | N40: 37.689091 | O40: 4.2625549
A41: New Zealand | B41: 31.577463 | C41: 0.67492225 | E41: 6.201043 | F41: 1.8270908 | H41: 68.05117 | I41: 3.1679358 | K41: 23.699623 | L41: 2.6309494 | N41: 2.0481646 | O41: 1.0947494
A42: Norway | B42: 18.818411 | C42: 0.69773592 | E42: 1.0762617 | F42: 0.64243365 | H42: 21.144161 | I42: 2.8580114 | K42: 58.443774 | L42: 2.7708684 | N42: 19.335803 | O42: 2.7365034
A43: Poland | B43: 26.359596 | C43: 0.83252431 | E43: 4.4459256 | F43: 1.3565628 | H43: 46.161799 | I43: 3.6255967 | K43: 42.61346 | L43: 3.4594799 | N43: 6.7788154 | O43: 1.3671801
A44: Portugal* | B44: 13.67254 | C44: 0.59166158 | E44: 0.91361256 | F44: 0.53941468 | H44: 11.212225 | I44: 1.9562705 | K44: 49.485816 | L44: 2.7816852 | N44: 38.388346 | O44: 2.8501535
A45: Slovak Republic | B45: 28.269557 | C45: 0.83128601 | E45: 10.994077 | F45: 1.557381 | H45: 41.62817 | I45: 3.2645387 | K45: 34.863445 | L45: 2.7674378 | N45: 12.514308 | O45: 1.8929139
A46: Slovenia | B46: 20.874442 | C46: 0.65444562 | E46: 3.2610677 | F46: 0.51910306 | H46: 27.779758 | I46: 0.47627392 | K46: 49.010932 | L46: 0.53892532 | N46: 19.948242 | O46: 0.41294411
A47: Spain | B47: 17.295822 | C47: 0.41829682 | D47: † | E47: 2.946096 | F47: 0.94266037 | H47: 18.903369 | I47: 1.7663141 | K47: 54.590497 | L47: 2.0089127 | N47: 23.560038 | O47: 1.712051
A48: Sweden | B48: 19.268036 | C48: 0.67645373 | E48: 0.48366669 | F48: 0.44021032 | H48: 25.868976 | I48: 2.7295517 | K48: 53.955372 | L48: 3.3547095 | N48: 19.691985 | O48: 2.7965731
A49: Switzerland | B49: 22.403763 | C49: 0.98210901 | D49: † | E49: 3.9183528 | F49: 1.4682149 | H49: 36.849059 | I49: 3.6415606 | K49: 41.407345 | L49: 4.0419405 | N49: 17.825244 | O49: 2.6866582
A50: Turkey | B50: 24.146583 | C50: 0.72010695 | E50: 3.2844451 | F50: 1.5733509 | H50: 36.72494 | I50: 3.3350343 | K50: 52.809813 | L50: 3.6386606 | N50: 7.1808012 | O50: 2.1281614
A51: United Kingdom | B51: 27.028291 | C51: 0.70788839 | E51: 0.88238858 | F51: 0.75073098 | H51: 58.686927 | I51: 2.9079854 | K51: 35.25105 | L51: 2.6657742 | N51: 5.1796349 | O51: 1.5340646
A52: United States* | B52: 25.948873 | C52: 0.89967115 | E52: 0.9960054 | F52: 0.6137131 | H52: 51.543505 | I52: 4.1461436 | K52: 45.165733 | L52: 4.0974348 | N52: 2.2947572 | O52: 1.0756338
A53: OECD average | B53: 22.745062 | C53: 0.11908393 | E53: 3.7908253 | F53: 0.18423313 | H53: 34.237899 | I53: 0.46822257 | K53: 47.230361 | L53: 0.51236601 | N53: 14.740915 | O53: 0.35025951
A54: Partners
A55: Albania | B55: 25.460104 | C55: 0.65976715 | E55: 2.5984122 | F55: 0.71810646 | H55: 44.409593 | I55: 2.9539212 | K55: 44.248366 | L55: 2.8494903 | N55: 8.7436287 | O55: 1.1532339
A56: Argentina | B56: 32.417559 | C56: 0.86420369 | D56: † | E56: 14.34193 | F56: 2.0317924 | H56: 54.842128 | I56: 2.6877266 | K56: 25.9016 | L56: 2.7290385 | N56: 4.9143412 | O56: 1.3533242
A57: Baku (Azerbaijan) | B57: 35.786366 | C57: 0.84082386 | D57: † | E57: 20.644408 | F57: 2.4932868 | H57: 60.444359 | I57: 3.2936474 | K57: 18.656298 | L57: 2.6675981 | N57: 0.25493364 | O57: 0.2428772
A58: Belarus | B58: 18.52142 | C58: 0.57107081 | E58: 0.65763702 | F58: 0.33759373 | H58: 19.912206 | I58: 2.6647411 | K58: 60.805614 | L58: 3.4229656 | N58: 18.624542 | O58: 2.7431165
A59: Bosnia and Herzegovina | B59: 25.292204 | C59: 0.76637473 | E59: 2.9753205 | F59: 1.17619 | H59: 44.85983 | I59: 3.5277463 | K59: 44.13289 | L59: 3.5023768 | N59: 8.0319589 | O59: 1.4496602
A60: Brazil | B60: 28.946583 | C60: 0.67494084 | D60: † | E60: 9.9338866 | F60: 1.1373388 | H60: 49.442192 | I60: 2.038145 | K60: 30.531971 | L60: 2.1786372 | N60: 10.091951 | O60: 1.3494297
A61: Brunei Darussalam | B61: 50.133646 | C61: 0.67225933 | D61: † | E61: 58.239288 | F61: 0.064728764 | H61: 41.135621 | I61: 0.062451998 | K61: 0.62509066 | L61: 0.017117229 | N61: 0 | O61: c
A62: B-S-J-Z (China) | B62: 17.721595 | C62: 0.65691721 | E62: 0 | F62: c | H62: 19.533897 | I62: 3.5577086 | K62: 63.005484 | L62: 3.776234 | N62: 17.460619 | O62: 2.8888367
A63: Bulgaria | B63: 33.890421 | C63: 0.95259934 | E63: 17.405707 | F63: 2.74394 | H63: 51.510233 | I63: 4.2934856 | K63: 28.919904 | L63: 3.1939428 | N63: 2.1641555 | O63: 1.0216793
A64: Costa Rica | B64: 24.269308 | C64: 0.68320183 | E64: 0.22135236 | F64: 0.2297732 | H64: 40.350039 | I64: 3.3009677 | K64: 57.31723 | L64: 3.3153612 | N64: 2.1113788 | O64: 1.1745971
A65: Croatia | B65: 18.195892 | C65: 0.58510535 | E65: 0.069511757 | F65: 0.068858386 | H65: 22.605758 | I65: 2.8276989 | K65: 62.733095 | L65: 3.4375633 | N65: 14.591636 | O65: 2.5031717
A66: Cyprus | B66: 34.006188 | C66: 0.67009124 | D66: † | E66: 14.926392 | F66: 0.81233508 | H66: 66.219273 | I66: 0.81675306 | K66: 17.334843 | L66: 0.095216825 | N66: 1.5194917 | O66: 0.15592722
A67: Dominican Republic | B67: 43.860987 | C67: 1.5321001 | D67: ‡ | E67: 37.911691 | F67: 3.4084617 | H67: 37.800334 | I67: 3.8623455 | K67: 10.686699 | L67: 2.731707 | N67: 13.601277 | O67: 2.3652812
A68: Georgia | B68: 23.572125 | C68: 0.95361196 | E68: 7.6705568 | F68: 1.4048389 | H68: 30.260279 | I68: 3.1119964 | K68: 45.425585 | L68: 3.0353206 | N68: 16.643579 | O68: 2.4052299
A69: Hong Kong (China)* | B69: 29.303034 | C69: 0.76576725 | E69: 1.9830812 | F69: 1.1716643 | H69: 65.683722 | I69: 3.7958519 | K69: 27.055615 | L69: 3.66788 | N69: 5.2775814 | O69: 1.7313315
A70: Indonesia | B70: 41.129009 | C70: 0.95621558 | E70: 24.183482 | F70: 3.643777 | H70: 68.422048 | I70: 3.6906617 | K70: 7.3103454 | L70: 1.9838322 | N70: 0.084124682 | O70: 0.064233663
A71: Jordan | B71: 37.962459 | C71: 0.95336931 | E71: 25.768245 | F71: 2.4811762 | H71: 49.082711 | I71: 3.1670808 | K71: 21.675317 | L71: 2.5654113 | N71: 3.4737267 | O71: 1.0839979
A72: Kazakhstan | B72: 32.082748 | C72: 0.58939222 | E72: 8.6192326 | F72: 1.6384069 | H72: 60.404657 | I72: 2.2550952 | K72: 26.936325 | L72: 2.1195145 | N72: 4.039785 | O72: 0.7881104
A73: Kosovo | B73: 31.88625 | C73: 0.77272374 | E73: 5.6124686 | F73: 0.93233075 | H73: 67.872658 | I73: 1.3266154 | K73: 22.418598 | L73: 1.212075 | N73: 4.0962757 | O73: 0.6575342
A74: Lebanon | B74: m | C74: m | E74: m | F74: m | H74: m | I74: m | K74: m | L74: m | N74: m | O74: m
A75: Macao (China) | B75: 27.047432 | C75: 0.7349955 | E75: 5.0981169 | F75: 0.010197472 | H75: 39.598822 | I75: 0.069325594 | K75: 54.197507 | L75: 0.066521789 | N75: 1.1055541 | O75: 0.0009868356
A76: Malaysia | B76: 35.736555 | C76: 0.90913174 | E76: 11.231407 | F76: 2.6141337 | H76: 69.441765 | I76: 3.2772689 | K76: 19.326827 | L76: 2.6218741 | N76: 0 | O76: c
A77: Malta | B77: 31.810645 | C77: 0.82166375 | E77: 14.514961 | F77: 0.11827053 | H77: 51.680508 | I77: 0.14707103 | K77: 32.044323 | L77: 0.12925677 | N77: 1.7602079 | O77: 0.026167608
A78: Moldova | B78: 23.909177 | C78: 0.73691445 | E78: 2.2297417 | F78: 0.97403954 | H78: 38.685677 | I78: 3.512174 | K78: 49.126649 | L78: 3.5937101 | N78: 9.9579323 | O78: 1.9740427
A79: Montenegro | B79: 25.071891 | C79: 0.60307547 | E79: 0.51292056 | F79: 0.029506234 | H79: 47.930523 | I79: 0.62438872 | K79: 49.932971 | L79: 0.50824018 | N79: 1.6235847 | O79: 0.34938598
A80: Morocco | B80: 43.828562 | C80: 1.2655703 | D80: ‡ | E80: 34.392721 | F80: 3.660295 | H80: 52.062064 | I80: 3.7178245 | K80: 9.8582989 | L80: 2.3020074 | N80: 3.6869166 | O80: 1.4600741
A81: North Macedonia | B81: m | C81: m | E81: m | F81: m | H81: m | I81: m | K81: m | L81: m | N81: m | O81: m
A82: Panama | B82: 33.130956 | C82: 1.2389397 | D82: ‡ | E82: 18.954601 | F82: 2.4383634 | H82: 39.233204 | I82: 2.8670645 | K82: 27.194685 | L82: 2.1478855 | N82: 14.61751 | O82: 1.7172239
A83: Peru | B83: 22.496828 | C83: 0.90538064 | D83: ‡ | E83: 8.1877359 | F83: 1.7636422 | H83: 34.044453 | I83: 2.8316769 | K83: 31.145689 | L83: 2.7439366 | N83: 26.622122 | O83: 2.6123835
A84: Philippines | B84: 64.873815 | C84: 0.81071008 | E84: 89.58453 | F84: 2.0330698 | H84: 10.296557 | I84: 2.0633799 | K84: 0 | L84: c | N84: 0.11891261 | O84: 0.11757345
A85: Qatar | B85: 33.296862 | C85: 0.36924727 | E85: 8.4498488 | F85: 0.05589884 | H85: 64.974684 | I85: 0.082755079 | K85: 25.42855 | L85: 0.062135348 | N85: 1.1469166 | O85: 0.023565434
A86: Romania | B86: 33.790751 | C86: 1.0660344 | E86: 12.629186 | F86: 2.4805122 | H86: 59.035106 | I86: 4.0746297 | K86: 25.111966 | L86: 3.4478248 | N86: 3.2237423 | O86: 1.3884763
A87: Russia | B87: 36.58127 | C87: 0.68630448 | E87: 13.2116 | F87: 2.1358497 | H87: 71.99899 | I87: 3.7012767 | K87: 12.333995 | L87: 2.574928 | N87: 2.4554147 | O87: 0.52740667
A88: Saudi Arabia | B88: 29.864973 | C88: 0.71447384 | E88: 7.5335323 | F88: 1.811511 | H88: 53.054682 | I88: 2.8718439 | K88: 32.463826 | L88: 2.885846 | N88: 6.9479589 | O88: 1.4241685
A89: Serbia | B89: 25.58514 | C89: 0.96110208 | E89: 4.6299273 | F89: 1.5418962 | H89: 46.017889 | I89: 3.7985616 | K89: 43.216144 | L89: 3.5778945 | N89: 6.1360401 | O89: 1.5977857
A90: Singapore | B90: 25.985989 | C90: 0.60788843 | E90: 0.7935712 | F90: 0.12040286 | H90: 53.881714 | I90: 1.1469052 | K90: 39.795186 | L90: 1.2400267 | N90: 5.5295293 | O90: 0.06364498
A91: Chinese Taipei | B91: 13.27851 | C91: 0.49153244 | E91: 0 | F91: c | H91: 7.5291906 | I91: 1.8421322 | K91: 58.107227 | L91: 3.5261318 | N91: 34.363583 | O91: 3.3058206
A92: Thailand | B92: 27.088988 | C92: 0.84240776 | E92: 3.8110367 | F92: 1.0936904 | H92: 48.769722 | I92: 3.2929721 | K92: 40.679891 | L92: 3.6705354 | N92: 6.73935 | O92: 1.968625
A93: Ukraine | B93: 22.290549 | C93: 0.66978563 | E93: 2.7772496 | F93: 0.9179404 | H93: 35.014942 | I93: 3.5799506 | K93: 50.205319 | L93: 3.5685148 | N93: 12.002489 | O93: 2.009797
A94: United Arab Emirates | B94: 31.134401 | C94: 0.59446912 | E94: 12.315609 | F94: 0.75063519 | H94: 53.036028 | I94: 1.6639944 | K94: 29.011261 | L94: 1.799413 | N94: 5.6371014 | O94: 0.4893723
A95: Uruguay | B95: 25.653734 | C95: 0.98324869 | D95: † | E95: 11.575032 | F95: 2.2919262 | H95: 35.003572 | I95: 3.5947764 | K95: 43.421379 | L95: 3.7291601 | N95: 10.000018 | O95: 2.2099639
A96: Viet Nam | B96: 26.894413 | C96: 0.8810803 | E96: 3.5094551 | F96: 1.5158051 | H96: 50.953759 | I96: 4.3534821 | K96: 42.700624 | L96: 4.296367 | N96: 2.8361616 | O96: 1.3998316
A101: Information on data for Cyprus: https://oe.cd/cyprus-disclaimer
A102: *Data did not meet the PISA technical standards but were accepted as largely comparable (see Annexes A2 and A4).
A104: 1. A student is classified as "not satisfied" with life if he or she reported between 0 and 4 on the life-satisfaction scale. The life-satisfaction scale ranges from 0 to 10.
A105: Note: Information regarding the proportion of the sample covered is shown next to the standard error. No symbol means at least 75% of the population was covered; one dagger (†) means at least 50% but less than 75%; and one double-dagger (‡) means less than 50% was covered. For comparisons across cycles, the coverage information corresponds to the cycle with the lowest sample coverage.

Sheet Table III.B1.2.4
A1: PISA 2018 Results (Volume III) - © OECD 2019
A2: Annex B1 | B2: Annex B1.2 Results (tables): Bullying
A3: Version 2 - Last updated: 02-Dec-2019
A4: Disclaimer: http://oe.cd/disclaimer
A6: Table III.B1.2.4
A7: Students' exposure to bullying, by student characteristics
A8: Based on students' reports
B11: Percentage of students who reported being bullied at least a few times a month, by the following student characteristics:
B12: Gender | K12: Socio-economic status1 | T12: Education level | AC12: Immigrant background | AL12: Performance in reading2
B13: Boys | E13: Girls | H13: Girls - boys | K13: Disadvantaged students | N13: Advantaged students | Q13: Advantaged -disadvantaged | T13: Lower secondary (ISCED 2) | W13: Upper secondary (ISCED 3) | Z13: ISCED 3 - ISCED 2 | AC13: Non-immigrant students | AF13: Immigrant students | AI13: Immigrant - non-immigrant | AL13: Low-achieving students | AO13: High-achieving students | AR13: High - low-achieving students
B14: % | C14: S.E. | E14: % | F14: S.E. | H14: % dif. | I14: S.E. | K14: % | L14: S.E. | N14: % | O14: S.E. | Q14: % dif. | R14: S.E. | T14: % | U14: S.E. | W14: % | X14: S.E. | Z14: % dif. | AA14: S.E. | AC14: % | AD14: S.E. | AF14: % | AG14: S.E. | AI14: % dif. | AJ14: S.E. | AL14: % | AM14: S.E. | AO14: % | AP14: S.E. | AR14: % dif. | AS14: S.E.
A15: OECD
A16: Australia | B16: 32.282496 | C16: 0.70715798 | E16: 26.647902 | F16: 0.63620157 | H16: -5.6345938 | I16: 0.84916302 | K16: 33.161692 | L16: 1.2281414 | N16: 27.552259 | O16: 0.95048326 | Q16: -5.6094336 | R16: 1.6676234 | T16: 30.105938 | U16: 0.50942119 | W16: 22.953214 | X16: 1.9539155 | Z16: -7.1527242 | AA16: 1.9241723 | AC16: 31.029074 | AD16: 0.60581808 | AF16: 25.753216 | AG16: 0.95109762 | AI16: -5.275858 | AJ16: 1.0823953 | AL16: 35.528768 | AM16: 1.2146145 | AN16: † | AO16: 24.999089 | AP16: 0.99944989 | AR16: -10.529679 | AS16: 1.546855 | AT16: †
A17: Austria | B17: 27.082824 | C17: 1.1618363 | E17: 19.394268 | F17: 0.94459901 | H17: -7.6885563 | I17: 1.4407736 | K17: 27.03655 | L17: 1.5062388 | N17: 21.357747 | O17: 1.2641533 | Q17: -5.6788032 | R17: 1.9471133 | T17: m | U17: m | W17: m | X17: m | Z17: m | AA17: m | AC17: 22.345889 | AD17: 0.88486749 | AF17: 25.593006 | AG17: 1.7295524 | AI17: 3.2471172 | AJ17: 1.8707377 | AL17: 32.320471 | AM17: 1.8629572 | AN17: † | AO17: 18.392111 | AP17: 1.0186202 | AR17: -13.92836 | AS17: 2.1417658 | AT17: †
A18: Belgium | B18: 19.258507 | C18: 0.68420221 | E18: 18.024586 | F18: 0.68857596 | H18: -1.2339216 | I18: 0.9291424 | K18: 20.625724 | L18: 0.98489023 | N18: 16.812568 | O18: 0.92112906 | Q18: -3.8131557 | R18: 1.3162025 | T18: 26.772044 | U18: 2.5717339 | V18: ‡ | W18: 18.220982 | X18: 0.49969046 | Z18: -8.5510622 | AA18: 2.5897626 | AB18: ‡ | AC18: 18.22526 | AD18: 0.58279031 | AF18: 19.938418 | AG18: 1.2980904 | AI18: 1.7131587 | AJ18: 1.5012414 | AL18: 25.648927 | AM18: 1.2707306 | AN18: † | AO18: 13.956161 | AP18: 0.93649853 | AR18: -11.692766 | AS18: 1.662259 | AT18: †
A19: Canada | B19: 26.50852 | C19: 0.65405812 | E19: 23.952884 | F19: 0.65601291 | H19: -2.5556359 | I19: 0.94933983 | K19: 28.583059 | L19: 0.85240541 | N19: 24.068207 | O19: 0.87438592 | Q19: -4.5148516 | R19: 1.2347036 | T19: 23.605567 | U19: 1.2434097 | V19: † | W19: 25.377249 | X19: 0.48464352 | Z19: 1.7716822 | AA19: 1.3388402 | AB19: † | AC19: 25.809245 | AD19: 0.55988649 | AF19: 23.842323 | AG19: 0.88510502 | AI19: -1.9669222 | AJ19: 1.0906979 | AL19: 31.976604 | AM19: 0.94949948 | AN19: † | AO19: 22.750748 | AP19: 0.93079381 | AR19: -9.2258559 | AS19: 1.3496375 | AT19: †
A20: Chile | B20: 26.861707 | C20: 1.044584 | D20: † | E20: 20.763564 | F20: 0.92140501 | G20: † | H20: -6.0981429 | I20: 1.5038511 | J20: † | K20: 23.45741 | L20: 1.2865228 | M20: † | N20: 24.710611 | O20: 1.3221696 | P20: † | Q20: 1.2532009 | R20: 1.8777016 | S20: † | T20: 38.041218 | U20: 4.0288648 | V20: † | W20: 23.231537 | X20: 0.65921531 | Y20: † | Z20: -14.80968 | AA20: 4.0914247 | AB20: † | AC20: 23.559455 | AD20: 0.65988056 | AE20: † | AF20: 24.849695 | AG20: 3.6822418 | AH20: † | AI20: 1.2902399 | AJ20: 3.7217966 | AK20: † | AL20: 31.388392 | AM20: 1.8701422 | AN20: † | AO20: 18.488729 | AP20: 1.228713 | AQ20: † | AR20: -12.899663 | AS20: 2.2234926 | AT20: †
A21: Colombia | B21: 36.66182 | C21: 1.1636126 | D21: † | E21: 28.002911 | F21: 1.2213078 | G21: † | H21: -8.6589095 | I21: 1.535189 | J21: † | K21: 32.138474 | L21: 2.1138095 | M21: † | N21: 30.424608 | O21: 1.238126 | Q21: -1.7138667 | R21: 2.3829126 | S21: † | T21: 39.171021 | U21: 1.37996 | V21: † | W21: 28.704522 | X21: 0.95484163 | Y21: † | Z21: -10.466499 | AA21: 1.4685082 | AB21: † | AC21: 32.03911 | AD21: 0.91285868 | AE21: † | AF21: c | AG21: c | AI21: c | AJ21: c | AL21: 45.973134 | AM21: 1.9711987 | AN21: † | AO21: 24.6624 | AP21: 1.2164142 | AR21: -21.310733 | AS21: 2.3240735 | AT21: †
A22: Czech Republic | B22: 31.480267 | C22: 1.0536669 | E22: 27.854866 | F22: 1.0716073 | H22: -3.6254004 | I22: 1.3463832 | K22: 33.763734 | L22: 1.5801153 | N22: 26.763847 | O22: 1.374825 | Q22: -6.9998873 | R22: 2.1456758 | T22: 33.710401 | U22: 1.1949581 | W22: 25.445609 | X22: 0.92092376 | Z22: -8.2647925 | AA22: 1.4125719 | AC22: 29.291402 | AD22: 0.80512024 | AF22: 38.643208 | AG22: 4.0102751 | AI22: 9.3518058 | AJ22: 4.0132705 | AL22: 39.437045 | AM22: 1.6621358 | AO22: 21.681058 | AP22: 1.4070739 | AR22: -17.755987 | AS22: 2.1605184
A23: Denmark | B23: 23.141482 | C23: 1.0190182 | E23: 19.676988 | F23: 0.95298028 | H23: -3.4644938 | I23: 1.3780081 | K23: 23.527158 | L23: 1.5738315 | N23: 22.140774 | O23: 1.4058526 | Q23: -1.3863843 | R23: 2.2120795 | T23: 21.516169 | U23: 0.69785835 | W23: c | X23: c | Z23: c | AA23: c | AC23: 21.237857 | AD23: 0.77706362 | AF23: 22.590805 | AG23: 1.4022808 | AI23: 1.3529477 | AJ23: 1.6726856 | AL23: 26.564139 | AM23: 1.6574853 | AN23: † | AO23: 20.244266 | AP23: 1.3833956 | AR23: -6.3198735 | AS23: 2.1988018 | AT23: †
A24: Estonia | B24: 29.147944 | C24: 1.0022201 | E24: 21.789257 | F24: 1.0251174 | H24: -7.3586864 | I24: 1.390462 | K24: 26.594605 | L24: 1.3418266 | N24: 24.554973 | O24: 1.5478217 | Q24: -2.0396321 | R24: 2.112842 | T24: 25.399237 | U24: 0.75101063 | W24: 28.210755 | X24: 7.4034072 | Z24: 2.8115178 | AA24: 7.5473419 | AC24: 24.786878 | AD24: 0.7561769 | AF24: 30.756644 | AG24: 2.1578921 | AI24: 5.9697658 | AJ24: 2.2250136 | AL24: 31.723212 | AM24: 1.7253122 | AO24: 23.578832 | AP24: 1.7859873 | AR24: -8.1443799 | AS24: 2.5031319
A25: Finland | B25: 18.443013 | C25: 0.79809881 | E25: 17.003989 | F25: 0.71823179 | H25: -1.4390242 | I25: 1.1343081 | K25: 18.414517 | L25: 1.1270184 | N25: 17.710617 | O25: 0.88588789 | Q25: -0.7039001 | R25: 1.463888 | T25: 17.678088 | U25: 0.50037835 | W25: c | X25: c | Z25: c | AA25: c | AC25: 17.243261 | AD25: 0.54947367 | AF25: 25.027702 | AG25: 2.9065724 | AI25: 7.7844412 | AJ25: 3.0538837 | AL25: 19.366565 | AM25: 1.3315716 | AO25: 17.233814 | AP25: 1.1163895 | AR25: -2.1327518 | AS25: 1.7291491
A26: France | B26: 19.487608 | C26: 0.97640331 | E26: 20.092594 | F26: 0.86243984 | H26: 0.6049857 | I26: 1.300699 | K26: 25.115332 | L26: 1.3500087 | M26: † | N26: 16.659372 | O26: 1.1432803 | Q26: -8.4559597 | R26: 1.6451401 | S26: † | T26: 31.61798 | U26: 1.860442 | V26: † | W26: 17.744933 | X26: 0.68152443 | Z26: -13.873046 | AA26: 1.9847431 | AB26: † | AC26: 18.718881 | AD26: 0.61861289 | AF26: 25.671594 | AG26: 2.1364938 | AH26: † | AI26: 6.952713 | AJ26: 2.1201582 | AK26: † | AL26: 29.140452 | AM26: 1.5886776 | AN26: † | AO26: 14.679549 | AP26: 1.1979149 | AR26: -14.460903 | AS26: 1.960595 | AT26: †
A27: Germany | B27: 24.924869 | C27: 1.2478734 | D27: ‡ | E27: 20.125879 | F27: 1.2690444 | G27: ‡ | H27: -4.7989894 | I27: 1.7212297 | J27: ‡ | K27: 25.624736 | L27: 1.7783368 | M27: ‡ | N27: 19.27239 | O27: 1.2829786 | P27: † | Q27: -6.352346 | R27: 2.0435407 | S27: ‡ | T27: 22.904216 | U27: 0.97518255 | V27: ‡ | W27: 17.888344 | X27: 2.8273581 | Y27: † | Z27: -5.0158725 | AA27: 3.0657163 | AB27: ‡ | AC27: 22.316766 | AD27: 1.0261387 | AE27: † | AF27: 23.03793 | AG27: 2.1863166 | AH27: ‡ | AI27: 0.72116373 | AJ27: 2.3737895 | AK27: ‡ | AL27: 31.518188 | AM27: 2.7251866 | AN27: ‡ | AO27: 16.544051 | AP27: 1.6929336 | AQ27: † | AR27: -14.974137 | AS27: 3.2796199 | AT27: ‡
A28: Greece | B28: 32.101912 | C28: 1.1153089 | E28: 21.852032 | F28: 0.8550534 | H28: -10.24988 | I28: 1.1048759 | K28: 28.885749 | L28: 1.5270391 | N28: 22.981897 | O28: 1.3736889 | Q28: -5.9038524 | R28: 1.8068514 | T28: 33.654275 | U28: 3.7261986 | V28: † | W28: 26.683103 | X28: 0.85671424 | Z28: -6.9711722 | AA28: 3.8809146 | AB28: † | AC28: 26.197445 | AD28: 0.77224985 | AF28: 31.992332 | AG28: 2.324523 | AI28: 5.7948866 | AJ28: 2.202146 | AL28: 39.344545 | AM28: 1.7648354 | AO28: 19.87199 | AP28: 1.2359118 | AR28: -19.472555 | AS28: 2.210037
A29: Hungary | B29: 25.537667 | C29: 1.061413 | E29: 19.735317 | F29: 0.91910706 | H29: -5.8023495 | I29: 1.2846774 | K29: 26.376067 | L29: 1.2583201 | N29: 16.969262 | O29: 1.2767353 | Q29: -9.4068054 | R29: 1.7459646 | T29: 38.730986 | U29: 3.2276402 | V29: † | W29: 21.091708 | X29: 0.82472359 | Z29: -17.639278 | AA29: 3.4719007 | AB29: † | AC29: 22.543431 | AD29: 0.7599721 | AF29: 19.867794 | AG29: 5.0360652 | AI29: -2.6756369 | AJ29: 4.9920961 | AL29: 35.769979 | AM29: 1.634195 | AO29: 15.495425 | AP29: 1.2572789 | AR29: -20.274554 | AS29: 2.1816587
A30: Iceland | B30: 17.791961 | C30: 1.0682587 | D30: † | E30: 16.639947 | F30: 1.1084163 | G30: † | H30: -1.1520138 | I30: 1.4820292 | J30: † | K30: 18.659704 | L30: 1.7641894 | M30: † | N30: 16.670322 | O30: 1.5848147 | Q30: -1.9893816 | R30: 2.4887167 | S30: † | T30: 17.172878 | U30: 0.81378873 | V30: † | W30: c | X30: c | Z30: c | AA30: c | AC30: 16.773887 | AD30: 0.80137977 | AF30: 22.290323 | AG30: 3.7445459 | AI30: 5.5164357 | AJ30: 3.803994 | AL30: 22.584771 | AM30: 1.8838628 | AN30: † | AO30: 15.171142 | AP30: 1.5240109 | AR30: -7.4136292 | AS30: 2.5173439 | AT30: †
A31: Ireland | B31: 25.304401 | C31: 0.9440807 | E31: 20.102007 | F31: 1.0351946 | H31: -5.2023939 | I31: 1.4551304 | K31: 22.130886 | L31: 1.4163467 | N31: 22.196596 | O31: 1.2774848 | Q31: 0.065709827 | R31: 1.8821182 | T31: 23.278872 | U31: 0.89974914 | W31: 21.692866 | X31: 1.0660145 | Z31: -1.5860059 | AA31: 1.413537 | AC31: 22.075066 | AD31: 0.77360713 | AF31: 24.837558 | AG31: 1.7295382 | AI31: 2.7624923 | AJ31: 2.0014307 | AL31: 26.964419 | AM31: 1.561286 | AO31: 21.266325 | AP31: 1.4094024 | AR31: -5.6980944 | AS31: 2.2836946
A32: Israel | B32: m | C32: m | E32: m | F32: m | H32: m | I32: m | K32: m | L32: m | N32: m | O32: m | Q32: m | R32: m | T32: m | U32: m | W32: m | X32: m | Z32: m | AA32: m | AC32: m | AD32: m | AF32: m | AG32: m | AI32: m | AJ32: m | AL32: m | AM32: m | AO32: m | AP32: m | AR32: m | AS32: m
A33: Italy | B33: 28.135683 | C33: 1.1061228 | E33: 19.005291 | F33: 0.78898235 | H33: -9.1303921 | I33: 1.3647779 | K33: 26.928708 | L33: 1.5658635 | N33: 21.760832 | O33: 1.1201453 | Q33: -5.1678763 | R33: 1.8512247 | T33: 30.876824 | U33: 8.7177407 | V33: † | W33: 23.640876 | X33: 0.68547859 | Z33: -7.2359481 | AA33: 8.7198686 | AB33: † | AC33: 23.115589 | AD33: 0.72234769 | AF33: 26.937658 | AG33: 2.2700963 | AI33: 3.8220697 | AJ33: 2.3876475 | AL33: 37.935368 | AM33: 1.9500939 | AN33: † | AO33: 14.259791 | AP33: 1.1977796 | AR33: -23.675576 | AS33: 2.257486 | AT33: †
A34: Japan | B34: 21.566601 | C34: 0.93798652 | E34: 13.135611 | F34: 0.60528773 | H34: -8.4309902 | I34: 1.0381095 | K34: 15.654436 | L34: 0.94025077 | N34: 20.935866 | O34: 1.3966637 | Q34: 5.2814305 | R34: 1.608643 | T34: m | U34: m | W34: 17.267579 | X34: 0.62579235 | Z34: m | AA34: m | AC34: w | AD34: w | AF34: w | AG34: w | AI34: w | AJ34: w | AL34: 14.298592 | AM34: 0.96604573 | AO34: 21.106688 | AP34: 1.395013 | AR34: 6.8080953 | AS34: 1.6449716
A35: Korea | B35: 11.505035 | C35: 0.68364069 | E35: 7.0781035 | F35: 0.5117457 | H35: -4.4269314 | I35: 0.76910492 | K35: 9.4313906 | L35: 0.74246948 | N35: 9.3201947 | O35: 0.90676666 | Q35: -0.11119589 | R35: 1.098367 | T35: 12.470105 | U35: 1.5394377 | W35: 8.8054583 | X35: 0.45998874 | Z35: -3.6646472 | AA35: 1.5977014 | AC35: 9.2903397 | AD35: 0.45036066 | AF35: c | AG35: c | AI35: c | AJ35: c | AL35: 8.3448268 | AM35: 0.91653937 | AO35: 11.422286 | AP35: 0.92989809 | AR35: 3.0774594 | AS35: 1.1773926
A36: Latvia | B36: 38.743978 | C36: 1.1444486 | E36: 32.455348 | F36: 1.1757499 | H36: -6.2886299 | I36: 1.6481241 | K36: 41.373248 | L36: 1.660518 | N36: 29.046183 | O36: 1.673524 | Q36: -12.327065 | R36: 2.1372113 | T36: 35.508351 | U36: 0.8465831 | W36: 35.21341 | X36: 3.4781725 | Z36: -0.29494086 | AA36: 3.6113677 | AC36: 35.559351 | AD36: 0.83103074 | AF36: 33.483369 | AG36: 3.4613519 | AI36: -2.0759814 | AJ36: 3.5231147 | AL36: 50.379815 | AM36: 1.7612773 | AO36: 25.493091 | AP36: 1.6478111 | AR36: -24.886724 | AS36: 2.3507939
A37: Lithuania | B37: 27.242506 | C37: 1.017133 | E37: 17.889375 | F37: 0.8685857 | H37: -9.353131 | I37: 1.3281776 | K37: 27.490983 | L37: 1.3617929 | N37: 17.597951 | O37: 1.1627343 | Q37: -9.8930313 | R37: 1.67181 | T37: 22.635136 | U37: 0.68228929 | W37: m | X37: m | Z37: m | AA37: m | AC37: 22.362098 | AD37: 0.67969844 | AF37: 30.170791 | AG37: 5.7980681 | AI37: 7.8086924 | AJ37: 5.7311359 | AL37: 38.239757 | AM37: 1.7745818 | AO37: 12.709296 | AP37: 1.1236214 | AR37: -25.530461 | AS37: 2.0516847
A38: Luxembourg | B38: 22.858302 | C38: 0.81286032 | E38: 18.31658 | F38: 0.81123913 | H38: -4.541722 | I38: 1.1555938 | K38: 23.366814 | L38: 1.2717758 | N38: 16.917274 | O38: 1.1935935 | Q38: -6.4495406 | R38: 1.7226979 | T38: 25.363655 | U38: 0.81153598 | W38: 15.072524 | X38: 0.80768273 | Z38: -10.291131 | AA38: 1.1574006 | AC38: 17.191742 | AD38: 0.75732528 | AF38: 23.286019 | AG38: 0.9356639 | AI38: 6.0942773 | AJ38: 1.2611282 | AL38: 34.139771 | AM38: 1.5689881 | AO38: 14.180734 | AP38: 1.0813682 | AR38: -19.959037 | AS38: 1.9105081
A39: Mexico | B39: 24.096253 | C39: 1.0478244 | D39: † | E39: 21.936851 | F39: 1.0591414 | G39: ‡ | H39: -2.1594019 | I39: 1.323474 | J39: ‡ | K39: 25.457853 | L39: 1.8331438 | M39: ‡ | N39: 23.142713 | O39: 1.2160896 | P39: † | Q39: -2.3151402 | R39: 2.0531484 | S39: ‡ | T39: 29.473451 | U39: 3.0597641 | V39: ‡ | W39: 22.024698 | X39: 0.80304944 | Y39: † | Z39: -7.4487527 | AA39: 3.1842627 | AB39: ‡ | AC39: 22.756517 | AD39: 0.78355776 | AE39: † | AF39: 35.121956 | AG39: 10.077113 | AH39: ‡ | AI39: 12.365439 | AJ39: 9.9807583 | AK39: ‡ | AL39: 32.751914 | AM39: 2.2273001 | AN39: ‡ | AO39: 16.404884 | AP39: 1.4941507 | AQ39: † | AR39: -16.34703 | AS39: 2.5526572 | AT39: ‡
A40: Netherlands* | B40: 13.319694 | C40: 0.9372722 | E40: 11.095214 | F40: 0.75252944 | H40: -2.2244806 | I40: 1.1588778 | K40: 12.308064 | L40: 1.3028019 | M40: † | N40: 12.336331 | O40: 0.94875841 | Q40: 0.028266382 | R40: 1.6227286 | S40: † | T40: 13.719862 | U40: 0.86534836 | V40: † | W40: 9.8914289 | X40: 0.94987472 | Z40: -3.8284328 | AA40: 1.3316773 | AB40: † | AC40: 12.263916 | AD40: 0.67582363 | AF40: 10.932165 | AG40: 1.5537932 | AH40: † | AI40: -1.3317517 | AJ40: 1.7169109 | AK40: † | AL40: 13.702376 | AM40: 1.4629525 | AN40: † | AO40: 10.409553 | AP40: 0.98705095 | AR40: -3.2928231 | AS40: 1.6694992 | AT40: †
A41: New Zealand | B41: 34.911416 | C41: 1.0759746 | E41: 28.379017 | F41: 0.78937083 | H41: -6.532399 | I41: 1.3084121 | K41: 33.335607 | L41: 1.2862837 | N41: 27.844487 | O41: 1.2385988 | Q41: -5.4911197 | R41: 1.731445 | T41: 33.437542 | U41: 4.0553676 | V41: † | W41: 31.460121 | X41: 0.63910173 | Z41: -1.9774217 | AA41: 4.0274689 | AB41: † | AC41: 33.102445 | AD41: 0.76921181 | AF41: 26.982282 | AG41: 1.3725917 | AI41: -6.1201629 | AJ41: 1.5827661 | AL41: 37.431152 | AM41: 1.5905742 | AN41: † | AO41: 27.302094 | AP41: 1.2527901 | AR41: -10.129058 | AS41: 1.9283323 | AT41: †
A42: Norway | B42: 19.940567 | C42: 0.92613753 | E42: 17.732545 | F42: 0.85196 | H42: -2.2080219 | I42: 1.1044051 | K42: 19.678342 | L42: 1.2269635 | N42: 19.429908 | O42: 1.2257988 | Q42: -0.24843354 | R42: 1.646526 | T42: 18.849585 | U42: 0.6979329 | W42: c | X42: c | Z42: c | AA42: c | AC42: 18.719974 | AD42: 0.75672984 | AF42: 18.824471 | AG42: 1.7102272 | AI42: 0.10449721 | AJ42: 1.7991834 | AL42: 24.702856 | AM42: 1.2200971 | AO42: 16.255789 | AP42: 1.1682416 | AR42: -8.447067 | AS42: 1.5552645
A43: Poland | B43: 29.500367 | C43: 1.1124438 | E43: 23.290873 | F43: 0.99059854 | H43: -6.2094935 | I43: 1.2950759 | K43: 27.513181 | L43: 1.5391914 | N43: 26.198237 | O43: 1.4577544 | Q43: -1.3149449 | R43: 2.162896 | T43: 26.438259 | U43: 0.83800533 | W43: c | X43: c | Z43: c | AA43: c | AC43: 26.199938 | AD43: 0.82934959 | AF43: c | AG43: c | AI43: c | AJ43: c | AL43: 36.286433 | AM43: 1.9184076 | AO43: 21.216617 | AP43: 1.3756244 | AR43: -15.069815 | AS43: 2.3138983
A44: Portugal* | B44: 14.713594 | C44: 0.88002737 | E44: 12.616325 | F44: 0.76183337 | H44: -2.0972686 | I44: 1.1466921 | K44: 15.722512 | L44: 1.1116177 | N44: 9.6902846 | O44: 0.93314 | Q44: -6.0322271 | R44: 1.344079 | T44: 22.432897 | U44: 1.298533 | W44: 10.144903 | X44: 0.57980863 | Z44: -12.287994 | AA44: 1.3796731 | AC44: 13.301464 | AD44: 0.62726935 | AF44: 18.905665 | AG44: 2.2218642 | AI44: 5.6042004 | AJ44: 2.3473114 | AL44: 23.79853 | AM44: 1.4990751 | AO44: 8.0471054 | AP44: 1.0031188 | AR44: -15.751425 | AS44: 1.7549156
A45: Slovak Republic | B45: 30.720866 | C45: 1.0976016 | E45: 25.874833 | F45: 1.1256935 | H45: -4.8460329 | I45: 1.4986638 | K45: 31.778987 | L45: 1.6931557 | N45: 25.355016 | O45: 1.2271141 | Q45: -6.423971 | R45: 1.9970652 | T45: 34.127285 | U45: 1.141553 | W45: 23.588648 | X45: 1.1365644 | Z45: -10.538637 | AA45: 1.5780278 | AC45: 27.954125 | AD45: 0.84319527 | AF45: 32.619284 | AG45: 7.4382971 | AI45: 4.6651583 | AJ45: 7.3168309 | AL45: 39.816038 | AM45: 1.7113657 | AN45: † | AO45: 18.645533 | AP45: 1.4952352 | AR45: -21.170505 | AS45: 2.1997814 | AT45: †
A46: Slovenia | B46: 25.116535 | C46: 0.92428509 | E46: 16.58595 | F46: 0.96665352 | H46: -8.5305853 | I46: 1.368994 | K46: 22.247361 | L46: 1.3243708 | N46: 17.665644 | O46: 1.3699016 | Q46: -4.5817171 | R46: 1.9315319 | T46: 34.841347 | U46: 4.5113455 | V46: † | W46: 20.006226 | X46: 0.63761164 | Z46: -14.83512 | AA46: 4.5567055 | AB46: † | AC46: 20.29802 | AD46: 0.67309813 | AF46: 26.887641 | AG46: 2.4462211 | AI46: 6.5896202 | AJ46: 2.5165763 | AL46: 32.783834 | AM46: 1.743399 | AO46: 14.180027 | AP46: 1.3692312 | AR46: -18.603807 | AS46: 2.2431025
A47: Spain | B47: 19.298247 | C47: 0.58450483 | D47: † | E47: 15.214899 | F47: 0.41136599 | G47: † | H47: -4.0833483 | I47: 0.57844183 | J47: † | K47: 20.379496 | L47: 0.89935441 | M47: † | N47: 14.274352 | O47: 0.62457319 | P47: † | Q47: -6.1051437 | R47: 1.0902118 | S47: † | T47: 17.308547 | U47: 0.41783755 | V47: † | W47: c | X47: c | Z47: c | AA47: c | AC47: 16.50102 | AD47: 0.44718648 | AE47: † | AF47: 22.434646 | AG47: 1.0709334 | AH47: † | AI47: 5.9336255 | AJ47: 1.1716232 | AK47: † | AL47: 26.677804 | AM47: 1.080735 | AN47: † | AO47: 11.461358 | AP47: 0.57798726 | AR47: -15.216447 | AS47: 1.2993968 | AT47: †
A48: Sweden | B48: 20.433872 | C48: 0.89114244 | E48: 18.143409 | F48: 0.88277896 | H48: -2.2904624 | I48: 1.1477183 | K48: 19.155209 | L48: 1.042119 | N48: 19.480062 | O48: 1.3116576 | Q48: 0.32485204 | R48: 1.4681011 | T48: 19.42186 | U48: 0.67918702 | W48: 10.525892 | X48: 4.5407538 | Z48: -8.8959675 | AA48: 4.5603692 | AC48: 19.029736 | AD48: 0.7525559 | AF48: 20.283704 | AG48: 1.5774351 | AI48: 1.2539681 | AJ48: 1.7764633 | AL48: 24.191195 | AM48: 1.2856469 | AO48: 15.896156 | AP48: 1.1527944 | AR48: -8.2950392 | AS48: 1.8488078
A49: Switzerland | B49: 24.436758 | C49: 1.3146545 | D49: † | E49: 20.082963 | F49: 1.2474808 | G49: † | H49: -4.3537953 | I49: 1.6651011 | J49: † | K49: 26.596321 | L49: 1.6513116 | M49: † | N49: 17.525921 | O49: 1.5769611 | P49: † | Q49: -9.0704002 | R49: 2.2039298 | S49: † | T49: 25.122613 | U49: 1.1238501 | V49: † | W49: 16.002082 | X49: 1.5982453 | Y49: † | Z49: -9.1205316 | AA49: 1.8606139 | AB49: † | AC49: 21.122534 | AD49: 1.1126644 | AE49: † | AF49: 24.894692 | AG49: 1.4600463 | AH49: † | AI49: 3.7721582 | AJ49: 1.683857 | AK49: † | AL49: 33.675611 | AM49: 1.9551521 | AN49: † | AO49: 14.772082 | AP49: 1.4870339 | AQ49: † | AR49: -18.903529 | AS49: 2.2456436 | AT49: †
A50: Turkey | B50: 31.084057 | C50: 1.0639024 | E50: 17.196975 | F50: 0.71305974 | H50: -13.887083 | I50: 1.256277 | K50: 24.440345 | L50: 1.2319685 | N50: 22.853716 | O50: 1.2320075 | Q50: -1.5866287 | R50: 1.8052086 | T50: c | U50: c | W50: 24.088444 | X50: 0.7245929 | Z50: c | AA50: c | AC50: 23.743213 | AD50: 0.73833038 | AF50: 36.126466 | AG50: 6.8525669 | AI50: 12.383254 | AJ50: 6.8198244 | AL50: 34.445028 | AM50: 1.824354 | AO50: 17.996227 | AP50: 0.99025817 | AR50: -16.448801 | AS50: 2.1261511
A51: United Kingdom | B51: 28.739948 | C51: 1.0076039 | E51: 25.456028 | F51: 0.94516368 | H51: -3.2839203 | I51: 1.3546678 | K51: 27.356646 | L51: 1.0500988 | N51: 26.516033 | O51: 1.4438344 | Q51: -0.8406131 | R51: 1.7159704 | T51: c | U51: c | W51: 27.027857 | X51: 0.70838472 | Z51: c | AA51: c | AC51: 28.275542 | AD51: 0.75108535 | AF51: 21.626205 | AG51: 1.2307524 | AI51: -6.6493373 | AJ51: 1.3186626 | AL51: 29.679892 | AM51: 1.3682888 | AO51: 26.570139 | AP51: 1.4024751 | AR51: -3.1097522 | AS51: 1.8318587
A52: United States* | B52: 26.407831 | C52: 1.2123012 | E52: 25.482817 | F52: 1.1655429 | H52: -0.92501408 | I52: 1.5505355 | K52: 28.166358 | L52: 1.2632869 | N52: 23.813028 | O52: 1.5239766 | Q52: -4.3533307 | R52: 1.7447252 | T52: 35.091622 | U52: 2.8081811 | W52: 25.238027 | X52: 0.9395822 | Z52: -9.8535945 | AA52: 2.9381166 | AC52: 26.956017 | AD52: 0.9592171 | AF52: 22.443349 | AG52: 1.794953 | AI52: -4.5126687 | AJ52: 1.8532421 | AL52: 33.453956 | AM52: 1.7337759 | AO52: 20.655774 | AP52: 1.6842363 | AR52: -12.798182 | AS52: 2.22603
A53: OECD average | B53: 25.244142 | C53: 0.16669934 | E53: 20.239667 | F53: 0.15342462 | H53: -5.0044753 | I53: 0.21637969 | K53: 24.791035 | L53: 0.23083608 | N53: 20.904169 | O53: 0.20967672 | Q53: -3.8868661 | R53: 0.30407545 | T53: 26.889932 | U53: 0.44255275 | W53: 21.330107 | X53: 0.38334565 | Z53: -7.6008021 | AA53: 0.70615537 | AC53: 22.626757 | AD53: 0.12781588 | AF53: 25.520403 | AG53: 0.61896177 | AI53: 2.8826815 | AJ53: 0.62406602 | AL53: 30.888454 | AM53: 0.27635997 | AO53: 18.000025 | AP53: 0.21339863 | AR53: -12.888429 | AS53: 0.34668178
A54: Partners
A55: Albania | B55: 30.409982 | C55: 0.88349824 | E55: 20.507817 | F55: 0.87581436 | H55: -9.9021659 | I55: 1.1790961 | K55: 25.339197 | L55: 1.3137237 | N55: 23.89279 | O55: 1.3446802 | Q55: -1.4464073 | R55: 1.9112281 | T55: 25.701072 | U55: 0.9806284 | W55: 25.314373 | X55: 0.8881365 | Z55: -0.38669967 | AA55: 1.333964 | AC55: 25.179709 | AD55: 0.65801973 | AF55: 47.607239 | AG55: 7.7173592 | AI55: 22.42753 | AJ55: 7.7768304 | AL55: 38.918171 | AM55: 1.8886038 | AO55: 15.159227 | AP55: 1.3007199 | AR55: -23.758944 | AS55: 2.3409771
A56: Argentina | B56: 35.26802 | C56: 1.1444837 | D56: † | E56: 29.61088 | F56: 1.0095175 | G56: † | H56: -5.6571403 | I56: 1.3341218 | J56: † | K56: 34.84858 | L56: 1.6089461 | M56: † | N56: 29.818151 | O56: 1.2588917 | P56: † | Q56: -5.0304297 | R56: 1.972988 | S56: † | T56: 36.308466 | U56: 1.6847152 | V56: † | W56: 30.798214 | X56: 0.90317076 | Y56: † | Z56: -5.5102517 | AA56: 1.815349 | AB56: † | AC56: 32.644785 | AD56: 0.9000829 | AE56: † | AF56: 25.872544 | AG56: 2.9688694 | AH56: † | AI56: -6.7722405 | AJ56: 3.1244898 | AK56: † | AL56: 41.692071 | AM56: 1.9506791 | AN56: † | AO56: 27.072866 | AP56: 1.3849731 | AQ56: † | AR56: -14.619206 | AS56: 2.3333051 | AT56: †
A57: Baku (Azerbaijan) | B57: 43.027668 | C57: 1.306912 | D57: † | E57: 28.74737 | F57: 0.92006234 | G57: † | H57: -14.280298 | I57: 1.5175632 | J57: † | K57: 37.906756 | L57: 1.5100279 | M57: † | N57: 31.649013 | O57: 1.79958 | P57: † | Q57: -6.257743 | R57: 2.561856 | S57: † | T57: 39.31445 | U57: 1.2959424 | V57: † | W57: 33.792532 | X57: 1.2614743 | Y57: † | Z57: -5.5219184 | AA57: 1.9915299 | AB57: † | AC57: 35.271333 | AD57: 0.86224188 | AE57: † | AF57: 39.421096 | AG57: 3.7609931 | AH57: † | AI57: 4.1497631 | AJ57: 3.9641527 | AK57: † | AL57: 55.226458 | AM57: 2.2010028 | AN57: ‡ | AO57: 23.346272 | AP57: 1.5671364 | AQ57: † | AR57: -31.880186 | AS57: 2.6433813 | AT57: ‡
A58: Belarus | B58: 20.696497 | C58: 0.85160669 | E58: 16.206298 | F58: 0.71451786 | H58: -4.4901989 | I58: 1.1064459 | K58: 21.706704 | L58: 1.3384247 | N58: 14.686776 | O58: 0.99574558 | Q58: -7.0199274 | R58: 1.6886555 | T58: 21.395361 | U58: 0.93519253 | W58: 16.329361 | X58: 0.75106452 | Z58: -5.0660006 | AA58: 1.2353625 | AC58: 17.972741 | AD58: 0.54603095 | AF58: 28.748142 | AG58: 3.4703476 | AI58: 10.775401 | AJ58: 3.4324678 | AL58: 26.641061 | AM58: 1.4661214 | AO58: 14.873354 | AP58: 1.0412957 | AR58: -11.767707 | AS58: 1.8158654
A59: Bosnia and Herzegovina | B59: 28.283531 | C59: 1.1372473 | E59: 22.283293 | F59: 0.92968924 | H59: -6.0002377 | I59: 1.4192422 | K59: 28.568487 | L59: 1.4709607 | N59: 23.019373 | O59: 1.1271522 | Q59: -5.5491137 | R59: 1.812772 | T59: 28.506135 | U59: 2.4210833 | W59: 24.67265 | X59: 0.80862094 | Z59: -3.833485 | AA59: 2.5860677 | AC59: 25.120828 | AD59: 0.77372747 | AF59: 29.271388 | AG59: 3.4679274 | AI59: 4.1505595 | AJ59: 3.436321 | AL59: 38.299632 | AM59: 1.8723777 | AN59: † | AO59: 16.801639 | AP59: 1.0499746 | AR59: -21.497993 | AS59: 2.0804939 | AT59: †
A60: Brazil | B60: 33.762696 | C60: 0.96179237 | D60: † | E60: 24.238773 | F60: 0.97607502 | G60: † | H60: -9.5239235 | I60: 1.4118201 | J60: † | K60: 28.429437 | L60: 1.3515336 | M60: † | N60: 27.765086 | O60: 1.1781233 | Q60: -0.66435113 | R60: 1.8205675 | S60: † | T60: 37.107223 | U60: 1.4480783 | V60: † | W60: 26.713171 | X60: 0.6983404 | Y60: † | Z60: -10.394052 | AA60: 1.5469062 | AB60: † | AC60: 28.418639 | AD60: 0.69969353 | AE60: † | AF60: c | AG60: c | AI60: c | AJ60: c | AL60: 38.513865 | AM60: 1.7749588 | AN60: † | AO60: 23.394622 | AP60: 1.1972106 | AQ60: † | AR60: -15.119244 | AS60: 2.0430405 | AT60: †
A61: Brunei Darussalam | B61: 58.248105 | C61: 1.0140273 | D61: † | E61: 41.850422 | F61: 0.89260684 | G61: † | H61: -16.397683 | I61: 1.3457673 | J61: † | K61: 56.392711 | L61: 1.5697646 | M61: † | N61: 42.902246 | O61: 1.2976651 | Q61: -13.490465 | R61: 2.1476534 | S61: † | T61: c | U61: c | W61: 49.956737 | X61: 0.67788387 | Y61: † | Z61: c | AA61: c | AC61: 50.818008 | AD61: 0.69372709 | AE61: † | AF61: 42.461607 | AG61: 2.5024766 | AI61: -8.3564007 | AJ61: 2.512972 | AK61: † | AL61: 70.427146 | AM61: 1.402642 | AN61: † | AO61: 33.845709 | AP61: 1.3612724 | AR61: -36.581437 | AS61: 1.9878986 | AT61: †
A62: B-S-J-Z (China) | B62: 22.228094 | C62: 0.95808573 | E62: 12.824618 | F62: 0.60772362 | H62: -9.4034758 | I62: 0.96221898 | K62: 20.006747 | L62: 1.0692318 | N62: 15.946325 | O62: 0.93063322 | Q62: -4.0604226 | R62: 1.4108831 | T62: 18.281329 | U62: 1.1905395 | W62: 17.343752 | X62: 0.74203015 | Z62: -0.93757642 | AA62: 1.4030484 | AC62: 17.728744 | AD62: 0.64186171 | AF62: c | AG62: c | AI62: c | AJ62: c | AL62: 18.637376 | AM62: 1.1666597 | AO62: 17.063542 | AP62: 1.1628673 | AR62: -1.573834 | AS62: 1.6763071
A63: Bulgaria | B63: 39.271871 | C63: 1.3398209 | D63: † | E63: 28.160087 | F63: 1.2313087 | H63: -11.111784 | I63: 1.7711652 | J63: † | K63: 36.151715 | L63: 2.0049343 | N63: 29.192182 | O63: 1.5220026 | Q63: -6.9595329 | R63: 2.4863569 | T63: c | U63: c | W63: 33.902963 | X63: 0.94355656 | Z63: c | AA63: c | AC63: 33.233603 | AD63: 0.95294244 | AF63: 48.812545 | AG63: 8.0353992 | AH63: † | AI63: 15.578941 | AJ63: 8.1654895 | AK63: † | AL63: 45.409948 | AM63: 2.1665425 | AN63: † | AO63: 23.211065 | AP63: 1.3083189 | AR63: -22.198883 | AS63: 2.5571331 | AT63: †
A64: Costa Rica | B64: 24.159403 | C64: 0.92356995 | E64: 24.372996 | F64: 0.84808633 | H64: 0.21359364 | I64: 1.1260529 | K64: 22.416431 | L64: 1.0736734 | N64: 22.938568 | O64: 1.3373127 | Q64: 0.52213717 | R64: 1.6492553 | T64: 26.516264 | U64: 0.81347915 | W64: 21.668563 | X64: 1.0026721 | Z64: -4.8477018 | AA64: 1.2168545 | AC64: 24.188791 | AD64: 0.73561029 | AF64: 25.141529 | AG64: 1.9028139 | AI64: 0.95273815 | AJ64: 2.0347122 | AL64: 30.357787 | AM64: 1.7079774 | AO64: 22.56462 | AP64: 1.3859826 | AR64: -7.7931676 | AS64: 2.3235471
A65: Croatia | B65: 20.007351 | C65: 0.91596942 | E65: 16.448308 | F65: 0.69767403 | H65: -3.5590433 | I65: 1.1401935 | K65: 18.998181 | L65: 0.94567539 | N65: 17.279844 | O65: 1.060444 | Q65: -1.7183367 | R65: 1.3993384 | T65: c | U65: c | W65: 18.183489 | X65: 0.57621031 | Z65: c | AA65: c | AC65: 18.062595 | AD65: 0.59470486 | AF65: 19.049388 | AG65: 1.827815 | AI65: 0.9867926 | AJ65: 1.8837154 | AL65: 25.751142 | AM65: 1.4449652 | AO65: 13.803492 | AP65: 1.0483819 | AR65: -11.947649 | AS65: 1.7241188
A66: Cyprus | B66: 40.862279 | C66: 0.95494419 | D66: † | E66: 27.192273 | F66: 1.0874609 | G66: † | H66: -13.670006 | I66: 1.5414058 | J66: † | K66: 38.844224 | L66: 1.4983679 | M66: † | N66: 30.738196 | O66: 1.5152121 | Q66: -8.1060277 | R66: 2.4190693 | S66: † | T66: 43.26432 | U66: 7.2537013 | V66: † | W66: 33.57645 | X66: 0.69745436 | Y66: † | Z66: -9.6878696 | AA66: 7.4513455 | AB66: † | AC66: 33.655654 | AD66: 0.75446687 | AE66: † | AF66: 34.915577 | AG66: 2.320258 | AH66: † | AI66: 1.2599232 | AJ66: 2.5632619 | AK66: † | AL66: 54.613506 | AM66: 1.8456339 | AN66: † | AO66: 21.126541 | AP66: 1.4168559 | AR66: -33.486964 | AS66: 2.2397475 | AT66: †
A67: Dominican Republic | B67: 47.48722 | C67: 1.9775998 | D67: ‡ | E67: 39.793581 | F67: 1.9561833 | G67: ‡ | H67: -7.693639 | I67: 2.5058083 | J67: ‡ | K67: 51.907451 | L67: 3.062571 | M67: ‡ | N67: 38.998203 | O67: 2.5179194 | P67: ‡ | Q67: -12.909247 | R67: 4.0081514 | S67: ‡ | T67: 51.883251 | U67: 2.082866 | V67: ‡ | W67: 39.232923 | X67: 1.917139 | Y67: ‡ | Z67: -12.650328 | AA67: 2.8732183 | AB67: ‡ | AC67: 43.540945 | AD67: 1.5810061 | AE67: ‡ | AF67: 51.901657 | AG67: 8.3041542 | AH67: ‡ | AI67: 8.3607127 | AJ67: 8.0912801 | AK67: ‡ | AL67: 55.4248 | AM67: 2.8491762 | AN67: ‡ | AO67: 30.672142 | AP67: 2.2842238 | AQ67: ‡ | AR67: -24.752658 | AS67: 3.5263899 | AT67: ‡
A68: Georgia | B68: 28.391653 | C68: 1.1985869 | E68: 18.853284 | F68: 1.0522227 | H68: -9.5383692 | I68: 1.1915123 | K68: 26.012355 | L68: 1.651265 | N68: 20.242719 | O68: 1.2573709 | Q68: -5.7696359 | R68: 1.7325322 | T68: 29.419127 | U68: 2.0376422 | W68: 22.609332 | X68: 0.95326015 | Z68: -6.8097947 | AA68: 1.9429037 | AC68: 22.691629 | AD68: 0.94762309 | AF68: 43.969686 | AG68: 6.9695519 | AI68: 21.278057 | AJ68: 7.1309195 | AL68: 39.981073 | AM68: 2.1126542 | AN68: † | AO68: 14.171508 | AP68: 1.1809807 | AR68: -25.809565 | AS68: 2.2868527 | AT68: †
A69: Hong Kong (China)* | B69: 36.466426 | C69: 0.83601547 | E69: 21.872378 | F69: 1.1826526 | H69: -14.594047 | I69: 1.375939 | K69: 30.601868 | L69: 1.3278618 | N69: 28.456701 | O69: 1.6186909 | Q69: -2.1451676 | R69: 2.2033295 | T69: 29.810375 | U69: 1.1630146 | W69: 29.056073 | X69: 0.9245572 | Z69: -0.75430257 | AA69: 1.4027236 | AC69: 29.228229 | AD69: 0.87939242 | AF69: 29.314891 | AG69: 1.1438681 | AI69: 0.086662503 | AJ69: 1.3046385 | AL69: 32.068408 | AM69: 1.6706956 | AO69: 27.248997 | AP69: 1.4996634 | AR69: -4.8194108 | AS69: 2.2964894
A70: Indonesia | B70: 45.552268 | C70: 1.4319367 | E70: 36.858942 | F70: 1.2015203 | H70: -8.6933258 | I70: 1.848908 | K70: 36.744602 | L70: 1.7238685 | N70: 45.716751 | O70: 1.5874102 | Q70: 8.9721486 | R70: 2.1842774 | T70: 44.317502 | U70: 1.4033188 | W70: 38.445281 | X70: 1.2964823 | Z70: -5.8722208 | AA70: 1.8967642 | AC70: 40.93894 | AD70: 0.95255899 | AF70: 55.981876 | AG70: 19.999819 | AI70: 15.042936 | AJ70: 19.987566 | AL70: 49.41877 | AM70: 1.9764182 | AO70: 35.215723 | AP70: 1.4586315 | AR70: -14.203047 | AS70: 2.4512103
A71: Jordan | B71: 48.047986 | C71: 1.4898697 | E71: 28.151318 | F71: 1.1540894 | H71: -19.896669 | I71: 1.8416991 | K71: 43.590481 | L71: 1.5674101 | N71: 34.295274 | O71: 1.7717855 | Q71: -9.2952073 | R71: 2.167576 | T71: 37.962459 | U71: 0.95336931 | W71: m | X71: m | Z71: m | AA71: m | AC71: 37.382083 | AD71: 0.9921879 | AF71: 37.627282 | AG71: 1.913742 | AI71: 0.24519877 | AJ71: 1.970866 | AL71: 55.181108 | AM71: 1.8629422 | AO71: 25.255226 | AP71: 1.594542 | AR71: -29.925882 | AS71: 2.511919
A72: Kazakhstan | B72: 37.75781 | C72: 0.79230102 | E72: 26.173632 | F72: 0.66763013 | H72: -11.584178 | I72: 0.90435183 | K72: 34.371904 | L72: 1.1466907 | N72: 29.101567 | O72: 0.88543651 | Q72: -5.2703378 | R72: 1.4204907 | T72: 34.69767 | U72: 0.91404795 | W72: 27.902877 | X72: 0.7996363 | Z72: -6.794793 | AA72: 1.0242152 | AC72: 31.6368 | AD72: 0.60463889 | AF72: 35.800523 | AG72: 2.4604837 | AI72: 4.1637227 | AJ72: 2.5183401 | AL72: 46.973707 | AM72: 1.2684164 | AN72: † | AO72: 20.526376 | AP72: 0.80235728 | AR72: -26.447331 | AS72: 1.4018389 | AT72: †
A73: Kosovo | B73: 36.286766 | C73: 1.280579 | E73: 27.664078 | F73: 0.9586257 | H73: -8.6226887 | I73: 1.6451211 | K73: 32.218421 | L73: 1.5221164 | N73: 27.586491 | O73: 1.3227457 | Q73: -4.6319304 | R73: 1.9153373 | T73: 34.231652 | U73: 1.7460864 | W73: 31.191325 | X73: 0.81688698 | Z73: -3.0403269 | AA73: 1.867191 | AC73: 31.760126 | AD73: 0.77371942 | AF73: 37.363873 | AG73: 7.4315924 | AI73: 5.6037472 | AJ73: 7.4344667 | AL73: 44.334666 | AM73: 1.7727822 | AO73: 19.962768 | AP73: 1.317721 | AR73: -24.371897 | AS73: 2.2903954
A74: Lebanon | B74: m | C74: m | E74: m | F74: m | H74: m | I74: m | K74: m | L74: m | N74: m | O74: m | Q74: m | R74: m | T74: m | U74: m | W74: m | X74: m | Z74: m | AA74: m | AC74: m | AD74: m | AF74: m | AG74: m | AI74: m | AJ74: m | AL74: m | AM74: m | AO74: m | AP74: m | AR74: m | AS74: m
A75: Macao (China) | B75: 34.04004 | C75: 1.0964912 | E75: 19.875537 | F75: 0.92025299 | H75: -14.164503 | I75: 1.4031629 | K75: 27.339937 | L75: 1.5231824 | N75: 29.498821 | O75: 1.3671914 | Q75: 2.158884 | R75: 1.831649 | T75: 28.812224 | U75: 1.1560122 | W75: 25.824706 | X75: 0.86839023 | Z75: -2.9875185 | AA75: 1.3672559 | AC75: 29.465088 | AD75: 1.4154009 | AF75: 25.443791 | AG75: 0.78787157 | AI75: -4.0212972 | AJ75: 1.5992254 | AL75: 36.235387 | AM75: 1.6344912 | AO75: 18.17496 | AP75: 1.3428395 | AR75: -18.060427 | AS75: 2.0735993
A76: Malaysia | B76: 42.549461 | C76: 1.2460517 | E76: 29.2036 | F76: 1.0568995 | H76: -13.345861 | I76: 1.4168166 | K76: 36.719383 | L76: 1.4635559 | N76: 32.856443 | O76: 1.6510459 | Q76: -3.8629402 | R76: 2.1169027 | T76: 50.711309 | U76: 3.7570444 | W76: 34.86067 | X76: 0.86407322 | Z76: -15.850639 | AA76: 3.6535069 | AC76: 35.344445 | AD76: 0.90718162 | AF76: 46.658778 | AG76: 5.2357186 | AI76: 11.314332 | AJ76: 5.2510166 | AL76: 48.773203 | AM76: 1.7966804 | AO76: 27.942929 | AP76: 1.3489317 | AR76: -20.830275 | AS76: 2.1036515
A77: Malta | B77: 41.151111 | C77: 1.1625597 | E77: 22.887961 | F77: 1.2225049 | H77: -18.263151 | I77: 1.7237241 | K77: 28.00466 | L77: 1.8397477 | N77: 35.527524 | O77: 1.6833632 | Q77: 7.5228641 | R77: 2.5791541 | T77: c | U77: c | W77: 31.844141 | X77: 0.82207915 | Z77: c | AA77: c | AC77: 31.358564 | AD77: 0.89320869 | AF77: 34.285782 | AG77: 3.3718027 | AI77: 2.9272179 | AJ77: 3.6122789 | AL77: 47.267143 | AM77: 2.1838114 | AN77: † | AO77: 25.498715 | AP77: 1.6934138 | AR77: -21.768428 | AS77: 3.07475 | AT77: †
A78: Moldova | B78: 23.528909 | C78: 0.96133748 | E78: 24.291836 | F78: 1.0065924 | H78: 0.76292611 | I78: 1.3002577 | K78: 27.855609 | L78: 1.5371671 | N78: 20.999292 | O78: 1.125837 | Q78: -6.856317 | R78: 1.9263523 | T78: 24.504391 | U78: 0.73433052 | W78: 18.929877 | X78: 1.7815845 | Z78: -5.5745139 | AA78: 1.7563743 | AC78: 23.514187 | AD78: 0.74668912 | AF78: 33.552813 | AG78: 6.1826243 | AI78: 10.038626 | AJ78: 6.3598863 | AL78: 32.802049 | AM78: 1.6060015 | AO78: 20.185002 | AP78: 1.2201423 | AR78: -12.617047 | AS78: 1.9830079
A79: Montenegro | B79: 29.250238 | C79: 0.89250923 | E79: 20.83931 | F79: 0.90125972 | H79: -8.4109287 | I79: 1.3263402 | K79: 24.819658 | L79: 1.1911362 | N79: 25.767591 | O79: 1.1999509 | Q79: 0.94793335 | R79: 1.7320405 | T79: 31.032668 | U79: 6.1694376 | W79: 24.888659 | X79: 0.60484381 | Z79: -6.1440095 | AA79: 6.241973 | AC79: 24.764916 | AD79: 0.62256067 | AF79: 27.507615 | AG79: 2.0274022 | AI79: 2.7426994 | AJ79: 2.1193572 | AL79: 38.049193 | AM79: 1.521992 | AN79: † | AO79: 17.519603 | AP79: 0.95512709 | AR79: -20.52959 | AS79: 1.6550952 | AT79: †
A80: Morocco | B80: 49.753834 | C80: 1.6256063 | D80: ‡ | E80: 36.346915 | F80: 1.538341 | G80: ‡ | H80: -13.406919 | I80: 2.1147363 | J80: ‡ | K80: 39.935807 | L80: 2.3761528 | M80: ‡ | N80: 44.180984 | O80: 1.9606066 | P80: † | Q80: 4.2451774 | R80: 3.1932558 | S80: ‡ | T80: 52.248357 | U80: 1.6316179 | V80: ‡ | W80: 36.728408 | X80: 1.5138911 | Y80: ‡ | Z80: -15.519949 | AA80: 2.3690958 | AB80: ‡ | AC80: 43.726312 | AD80: 1.3177473 | AE80: ‡ | AF80: 50.367091 | AG80: 9.0758364 | AH80: † | AI80: 6.6407798 | AJ80: 8.9803203 | AK80: ‡ | AL80: 58.639204 | AM80: 2.3010415 | AN80: ‡ | AO80: 32.218396 | AP80: 1.8760077 | AQ80: † | AR80: -26.420808 | AS80: 2.7288517 | AT80: ‡
A81: North Macedonia | B81: m | C81: m | E81: m | F81: m | H81: m | I81: m | K81: m | L81: m | N81: m | O81: m | Q81: m | R81: m | T81: m | U81: m | W81: m | X81: m | Z81: m | AA81: m | AC81: m | AD81: m | AF81: m | AG81: m | AI81: m | AJ81: m | AL81: m | AM81: m | AO81: m | AP81: m | AR81: m | AS81: m
A82: Panama | B82: 35.812152 | C82: 1.6387721 | D82: ‡ | E82: 30.278913 | F82: 1.5628067 | G82: ‡ | H82: -5.5332391 | I82: 2.028742 | J82: ‡ | K82: 33.415148 | L82: 3.0556089 | M82: ‡ | N82: 32.166165 | O82: 2.1154907 | P82: ‡ | Q82: -1.2489835 | R82: 3.8034327 | S82: ‡ | T82: 43.920525 | U82: 3.1340442 | V82: ‡ | W82: 28.983936 | X82: 1.2741295 | Y82: ‡ | Z82: -14.936589 | AA82: 3.5102831 | AB82: ‡ | AC82: 32.319751 | AD82: 1.3264742 | AE82: ‡ | AF82: 39.081089 | AG82: 5.1992205 | AH82: ‡ | AI82: 6.7613371 | AJ82: 5.2716719 | AK82: ‡ | AL82: 47.411925 | AM82: 3.0282185 | AN82: ‡ | AO82: 23.970386 | AP82: 2.5917127 | AQ82: ‡ | AR82: -23.441539 | AS82: 4.1933918 | AT82: ‡
A83: Peru | B83: 25.250853 | C83: 1.3355879 | D83: ‡ | E83: 19.111963 | F83: 1.2272315 | G83: ‡ | H83: -6.1388906 | I83: 1.8384773 | J83: ‡ | K83: 26.923787 | L83: 2.9055357 | M83: ‡ | N83: 21.589261 | O83: 1.5181029 | P83: † | Q83: -5.3345266 | R83: 3.362775 | S83: ‡ | T83: 32.228584 | U83: 3.1087821 | V83: ‡ | W83: 21.20207 | X83: 1.0304058 | Y83: ‡ | Z83: -11.026514 | AA83: 3.4476833 | AB83: ‡ | AC83: 22.174611 | AD83: 0.91962326 | AE83: ‡ | AF83: c | AG83: c | AI83: c | AJ83: c | AL83: 34.510056 | AM83: 3.0447815 | AN83: ‡ | AO83: 17.12835 | AP83: 1.3447983 | AQ83: † | AR83: -17.381706 | AS83: 3.3015984 | AT83: ‡
A84: Philippines | B84: 68.79702 | C84: 0.99281071 | E84: 61.314186 | F84: 1.0326194 | H84: -7.482834 | I84: 1.2438392 | K84: 67.35982 | L84: 1.2272335 | N84: 58.65613 | O84: 1.435838 | Q84: -8.7036902 | R84: 1.9137991 | T84: 64.93043 | U84: 0.820266 | W84: 57.495189 | X84: 6.6914522 | Z84: -7.4352412 | AA84: 6.7815927 | AC84: 64.722613 | AD84: 0.82026618 | AF84: 78.78249 | AG84: 6.232624 | AH84: † | AI84: 14.059877 | AJ84: 6.1422786 | AK84: † | AL84: 72.527128 | AM84: 1.465872 | AO84: 47.999059 | AP84: 1.3867541 | AR84: -24.528069 | AS84: 1.9423742
A85: Qatar | B85: 42.704851 | C85: 0.64469019 | E85: 24.780941 | F85: 0.48175919 | H85: -17.92391 | I85: 0.85997873 | K85: 37.976405 | L85: 0.89607464 | N85: 28.206873 | O85: 0.84492899 | Q85: -9.7695317 | R85: 1.3169289 | T85: 41.131808 | U85: 0.88333219 | W85: 30.929107 | X85: 0.4240794 | Z85: -10.202701 | AA85: 1.0116859 | AC85: 33.367043 | AD85: 0.59222032 | AF85: 32.794263 | AG85: 0.55405336 | AI85: -0.57278064 | AJ85: 0.86515413 | AL85: 49.22924 | AM85: 1.1018997 | AN85: † | AO85: 24.692581 | AP85: 0.8177623 | AR85: -24.53666 | AS85: 1.4462375 | AT85: †
A86: Romania | B86: 39.651079 | C86: 1.2812633 | E86: 27.565331 | F86: 1.2323455 | H86: -12.085747 | I86: 1.4707444 | K86: 39.04553 | L86: 1.438857 | N86: 26.888562 | O86: 1.5334183 | Q86: -12.156968 | R86: 2.1126045 | T86: 42.808201 | U86: 4.4547414 | W86: 33.120772 | X86: 1.1092245 | Z86: -9.6874298 | AA86: 4.7124303 | AC86: 33.056562 | AD86: 1.1766748 | AF86: c | AG86: c | AI86: c | AJ86: c | AL86: 47.204232 | AM86: 2.0403514 | AO86: 22.605264 | AP86: 1.4332853 | AR86: -24.598968 | AS86: 2.3897608
A87: Russia | B87: 40.421504 | C87: 0.85703812 | E87: 32.943026 | F87: 0.84916739 | H87: -7.4784783 | I87: 1.015165 | K87: 33.799556 | L87: 1.4260929 | N87: 34.206274 | O87: 0.92956901 | Q87: 0.40671802 | R87: 1.6324741 | T87: 37.284063 | U87: 0.65123074 | W87: 31.309058 | X87: 1.8549709 | Z87: -5.9750048 | AA87: 1.6887915 | AC87: 36.443717 | AD87: 0.676579 | AF87: 36.541377 | AG87: 3.2711559 | AI87: 0.09766026 | AJ87: 3.2510613 | AL87: 43.512279 | AM87: 1.394146 | AO87: 31.600881 | AP87: 1.3802566 | AR87: -11.911398 | AS87: 2.0412711
A88: Saudi Arabia | B88: 39.484481 | C88: 1.080003 | E88: 20.032674 | F88: 0.87613652 | H88: -19.451807 | I88: 1.397334 | K88: 29.888245 | L88: 1.3489892 | N88: 29.2304 | O88: 1.5457232 | Q88: -0.65784506 | R88: 2.1475964 | T88: 33.153999 | U88: 2.1925626 | W88: 29.106833 | X88: 0.8135385 | Z88: -4.0471663 | AA88: 2.5183685 | AC88: 28.699935 | AD88: 0.75040152 | AF88: 30.363445 | AG88: 2.125165 | AI88: 1.66351 | AJ88: 2.2726916 | AL88: 40.918501 | AM88: 1.8473806 | AO88: 19.83919 | AP88: 1.1925109 | AR88: -21.079311 | AS88: 2.312228
A89: Serbia | B89: 30.023314 | C89: 1.3658135 | D89: † | E89: 21.227995 | F89: 0.93303067 | H89: -8.7953193 | I89: 1.4203741 | J89: † | K89: 29.960045 | L89: 1.7961643 | M89: † | N89: 23.839148 | O89: 1.439523 | Q89: -6.1208968 | R89: 2.0196436 | S89: † | T89: c | U89: c | W89: 25.31169 | X89: 0.92347255 | Z89: c | AA89: c | AC89: 25.079729 | AD89: 0.98136512 | AF89: 28.302983 | AG89: 2.3033509 | AI89: 3.2232541 | AJ89: 2.41519 | AL89: 41.299428 | AM89: 1.9531028 | AN89: † | AO89: 17.685161 | AP89: 1.1730435 | AR89: -23.614267 | AS89: 2.2805363 | AT89: †
A90: Singapore | B90: 33.374797 | C90: 0.91803908 | E90: 18.216748 | F90: 0.67359106 | H90: -15.158049 | I90: 1.0565331 | K90: 30.926292 | L90: 1.1214877 | N90: 22.312073 | O90: 1.120754 | Q90: -8.6142188 | R90: 1.6717509 | T90: 21.588562 | U90: 4.1461736 | W90: 25.982984 | X90: 0.61108031 | Z90: 4.3944218 | AA90: 4.2340225 | AC90: 26.235079 | AD90: 0.69761473 | AF90: 25.226366 | AG90: 1.0908982 | AI90: -1.0087131 | AJ90: 1.2381093 | AL90: 33.350133 | AM90: 1.4244581 | AO90: 20.042985 | AP90: 1.2787283 | AR90: -13.307148 | AS90: 2.0020343
A91: Chinese Taipei | B91: 16.832581 | C91: 0.63860854 | E91: 9.7212189 | F91: 0.54844934 | H91: -7.1113622 | I91: 0.77246618 | K91: 13.923662 | L91: 0.79111062 | N91: 12.251007 | O91: 0.75778143 | Q91: -1.6726551 | R91: 1.0372448 | T91: 17.511755 | U91: 0.99157177 | W91: 10.924122 | X91: 0.51276863 | Z91: -6.5876337 | AA91: 1.1306987 | AC91: 13.162597 | AD91: 0.49245557 | AF91: 23.048979 | AG91: 6.0927305 | AI91: 9.886382 | AJ91: 6.0757338 | AL91: 14.640934 | AM91: 1.0282746 | AO91: 12.265504 | AP91: 1.080058 | AR91: -2.3754296 | AS91: 1.5449134
A92: Thailand | B92: 34.335276 | C92: 1.0684619 | E92: 20.749712 | F92: 0.86947147 | H92: -13.585564 | I92: 1.0639733 | K92: 28.703967 | L92: 1.3168395 | N92: 21.710811 | O92: 1.2800477 | Q92: -6.9931564 | R92: 1.8205323 | T92: 34.880562 | U92: 1.599653 | W92: 25.028137 | X92: 0.84471537 | Z92: -9.8524254 | AA92: 1.630358 | AC92: 26.723423 | AD92: 0.80546076 | AF92: 40.335977 | AG92: 5.2726212 | AI92: 13.612555 | AJ92: 5.213035 | AL92: 43.260895 | AM92: 1.6865856 | AO92: 14.228777 | AP92: 1.0390864 | AR92: -29.032118 | AS92: 2.061407
A93: Ukraine | B93: 25.837502 | C93: 1.0202552 | E93: 18.534038 | F93: 0.88173201 | H93: -7.3034644 | I93: 1.3873029 | K93: 26.744597 | L93: 1.3881823 | N93: 19.13921 | O93: 1.2404112 | Q93: -7.6053869 | R93: 1.8285191 | T93: m | U93: m | W93: 22.290549 | X93: 0.66978563 | Z93: m | AA93: m | AC93: 21.772029 | AD93: 0.63702578 | AF93: 31.311927 | AG93: 3.8941019 | AI93: 9.539898 | AJ93: 3.8053378 | AL93: 34.821457 | AM93: 1.5660722 | AO93: 17.095363 | AP93: 1.2176021 | AR93: -17.726094 | AS93: 1.9971906
A94: United Arab Emirates | B94: 41.108075 | C94: 0.79125925 | E94: 22.238996 | F94: 0.74217458 | H94: -18.869079 | I94: 1.1260563 | K94: 33.039282 | L94: 0.88636818 | N94: 28.070331 | O94: 1.0705775 | Q94: -4.9689503 | R94: 1.3600962 | T94: 37.415971 | U94: 1.5528806 | W94: 30.366934 | X94: 0.55134516 | Z94: -7.0490373 | AA94: 1.4169124 | AC94: 32.63231 | AD94: 0.67311417 | AF94: 29.358789 | AG94: 0.92262078 | AI94: -3.27352 | AJ94: 1.1617527 | AL94: 47.357477 | AM94: 1.0027843 | AO94: 23.462668 | AP94: 0.87309 | AR94: -23.894809 | AS94: 1.4786304
