Workbook

Sheet TOC
A1: PISA 2018 Results (Volume III) - © OECD 2019
A2: Annex B1 | B2: Annex B1.4 Results (tables): Student truancy and lateness
A3: Version 2 - Last updated: 02-Dec-2019
A4: Disclaimer: http://oe.cd/disclaimer
A6: TOC | B6: PISA 2018 Results - Volume III
A8: Chapter 4 | B8: Truancy and lateness
A9: Tables
A11: ='Table III.B1.4.1'!A6 -> Table III.B1.4.1 | B11: ='Table III.B1.4.1'!$A$7 -> Student truancy and lateness
A12: ='Table III.B1.4.2'!A6 -> Table III.B1.4.2 | B12: ='Table III.B1.4.2'!$A$7 -> Change between 2015 and 2018 in student truancy and lateness
A13: ='Table III.B1.4.3'!A6 -> Table III.B1.4.3 | B13: ='Table III.B1.4.3'!$A$7 -> Prevalence of student truancy in schools
A14: ='Table III.B1.4.4'!A6 -> Table III.B1.4.4 | B14: ='Table III.B1.4.4'!$A$7 -> Prevalence of student lateness in schools
A15: ='Table III.B1.4.5'!A6 -> Table III.B1.4.5 | B15: ='Table III.B1.4.5'!$A$7 -> Student truancy, by student characteristics
A16: ='Table III.B1.4.6'!A6 -> Table III.B1.4.6 | B16: ='Table III.B1.4.6'!$A$7 -> Student lateness, by student characteristics
A17: ='Table III.B1.4.7'!A6 -> Table III.B1.4.7 | B17: ='Table III.B1.4.7'!$A$7 -> Student truancy, by school characteristics
A18: ='Table III.B1.4.8'!A6 -> Table III.B1.4.8 | B18: ='Table III.B1.4.8'!$A$7 -> Student lateness, by school characteristics
A19: ='Table III.B1.4.9'!A6 -> Table III.B1.4.9 | B19: ='Table III.B1.4.9'!$A$7 -> Student truancy and lateness, and reading performance
A20: ='Table III.B1.4.10'!A6 -> Table III.B1.4.10 | B20: ='Table III.B1.4.10'!$A$7 -> School-level truancy and reading performance
A21: ='Table III.B1.4.11'!A6 -> Table III.B1.4.11 | B21: ='Table III.B1.4.11'!$A$7 -> School-level lateness and reading performance
A22: ='Table III.B1.4.12'!A6 -> Table III.B1.4.12 | B22: ='Table III.B1.4.12'!$A$7 -> Repeated student truancy and lateness, and reading performance
A23: ='Table III.B1.4.13'!A6 -> Table III.B1.4.13 | B23: ='Table III.B1.4.13'!$A$7 -> Predictors of student truancy
A26: Symbols for missing data
A27: c: There were too few observations to provide reliable estimates (i.e. there were fewer than 30 students or fewer than 5 schools with valid data).
A28: m: Data are not available. There are no observations in the sample; these data were not collected by the country; or these data were collected but subsequently removed from the publication for technical reasons.
A29: w: Results were withdrawn at the request of the country concerned.

Sheet INOFRMATION ON SCALED INDICES
A1: PISA 2018 Results (Volume III) - © OECD 2019
A2: Annex B1 | B2: Annex B1.4 Results (tables): Student truancy and lateness
A3: Version 2 - Last updated: 02-Dec-2019
A4: Disclaimer: http://oe.cd/disclaimer
A6: Information on scaled indices used in PISA 2015 Results (Volume III): What School Life Means for Students’ Lives
A11: Full name of the index | B11: Name in dataset | C11: Questionnaire | D11: Item 1 | E11: Item 2 | F11: Item 3 | G11: Item 4 | H11: Item 5 | I11: Item 6 | J11: Item 7
A12: Adaptive instruction | B12: adaptivity | C12: Student | D12: ST212Q01HA | E12: ST212Q02HA | F12: ST212Q03HA
A13: Attitudes towards competition | B13: compete | C13: Student | D13: ST181Q02HA | E13: ST181Q03HA | F13: ST181Q04HA
A14: Enjoyment of reading | B14: joyread | C14: Student | D14: ST160Q01IR | E14: ST160Q02IA | F14: ST160Q03IA | G14: ST160Q04IR | H14: ST160Q05IR
A15: Exposure to bullying | B15: beingbullied | C15: Student | D15: ST038Q03NA | E15: ST038Q04NA | F15: ST038Q05NA
A16: Fear of failure | B16: gfofail | C16: Student | D16: ST183Q01HA | E16: ST183Q02HA | F16: ST183Q03HA
A17: Disciplinary climate | B17: disclima | C17: Student | D17: ST097Q01TA | E17: ST097Q02TA | F17: ST097Q03TA | G17: ST097Q04TA | H17: ST097Q05TA
A18: Learning goals | B18: mastgoal | C18: Student | D18: ST208Q01HA | E18: ST208Q02HA | F18: ST208Q04HA
A19: Meaning in life | B19: eudmo | C19: Student | D19: ST185Q01HA | E19: ST185Q02HA | F19: ST185Q03HA
A20: Motivation to master tasks | B20: workmast | C20: Student | D20: ST182Q03HA | E20: ST182Q04HA | F20: ST182Q05HA
A21: Parents’ emotional support | B21: emosups | C21: Student | D21: ST123Q02NA | E21: ST123Q03NA | F21: ST123Q04NA
A22: Parents’ perceived school quality | B22: pqschool | C22: Parent | D22: PA007Q01TR | E22: PA007Q02TR | F22: PA007Q03TR | G22: PA007Q04TR | H22: PA007Q05TR | I22: PA007Q06TR | J22: PA007Q07TR
A23: Positive feelings | B23: swbp | C23: Student | D23: ST186Q01HA | E23: ST186Q03HA | F23: ST186Q05HA
A24: School policies for parental involvement | B24: paschpol | C24: Parent | D24: PA007Q09NR | E24: PA007Q11NR | F24: PA007Q12NR | G24: PA007Q13NR | H24: PA007Q14NR | I24: PA007Q15NR
A25: Self-efficacy | B25: resilience | C25: Student | D25: ST188Q01HA | E25: ST188Q02HA | F25: ST188Q03HA | G25: ST188Q06HA | H25: ST188Q07HA
A26: Sense of belonging | B26: belong | C26: Student | D26: ST034Q01TA | E26: ST034Q02TR | F26: ST034Q03TR | G26: ST034Q04TA | H26: ST034Q05TR | I26: ST034Q06TA
A27: Shortage of educational staff | B27: staffshort | C27: School | D27: SC017Q01NA | E27: SC017Q02NA | F27: SC017Q03NA | G27: SC017Q04NA
A28: Student competition | B28: percomp | C28: Student | D28: ST205Q01HA | E28: ST205Q02HA | F28: ST205Q03HA
A29: Student co-operation | B29: percoop | C29: Student | D29: ST206Q01HA | E29: ST206Q02HA | F29: ST206Q03HA
A30: Teacher behaviour hindering learning | B30: teachbeha | C30: School | D30: SC061Q06TA | E30: SC061Q07TA | F30: SC061Q08TA | G30: SC061Q09TA | H30: SC061Q10TA
A31: Teacher enthusiasm | B31: teachint | C31: Student | D31: ST213Q01HA | E31: ST213Q02HA | F31: ST213Q03HA | G31: ST213Q04HA
A32: Teacher feedback | B32: perfeed | C32: Student | D32: ST104Q02NA | E32: ST104Q03NA | F32: ST104Q04NA
A33: Teacher support | B33: teachsup | C33: Student | D33: ST100Q01TR | E33: ST100Q02TR | F33: ST100Q03TR | G33: ST100Q04TR
A34: Teacher-directed instruction | B34: dirins | C34: Student | D34: ST102Q01TR | E34: ST102Q02TR | F34: ST102Q03TR | G34: ST102Q04TR
A35: Teachers' stimulation of reading engagement | B35: stimread | C35: Student | D35: ST152Q05IA | E35: ST152Q06IA | F35: ST152Q07IA | G35: ST152Q08IA
A36: Value of school | B36: attlnact | C36: Student | D36: ST036Q05TR | E36: ST036Q06TR | F36: ST036Q08TR

Sheet Table III.B1.4.1
A1: PISA 2018 Results (Volume III) - © OECD 2019
A2: Annex B1 | B2: Annex B1.4 Results (tables): Student truancy and lateness
A3: Version 2 - Last updated: 02-Dec-2019
A4: Disclaimer: http://oe.cd/disclaimer
A6: Table III.B1.4.1
A7: Student truancy and lateness
A8: Based on students' reports
B11: Percentage of students who reported that the following happened in the two weeks prior to the PISA test:
B12: I skipped a whole day of school | N12: I skipped some classes | Z12: I arrived late for school
B13: Never | E13: Once or twice | H13: Three or four times | K13: Five or more times | N13: Never | Q13: Once or twice | T13: Three or four times | W13: Five or more times | Z13: Never | AC13: Once or twice | AF13: Three or four times | AI13: Five or more times
B14: % | C14: S.E. | E14: % | F14: S.E. | H14: % | I14: S.E. | K14: % | L14: S.E. | N14: % | O14: S.E. | Q14: % | R14: S.E. | T14: % | U14: S.E. | W14: % | X14: S.E. | Z14: % | AA14: S.E. | AC14: % | AD14: S.E. | AF14: % | AG14: S.E. | AI14: % | AJ14: S.E.
A15: OECD
A16: Australia | B16: 67.008128 | C16: 0.55475889 | E16: 25.463229 | F16: 0.50140665 | H16: 4.1097451 | I16: 0.19864923 | K16: 3.4188983 | L16: 0.2075722 | N16: 78.822646 | O16: 0.53002282 | Q16: 15.426319 | R16: 0.44636606 | T16: 3.5359232 | U16: 0.21240647 | W16: 2.2151115 | X16: 0.15935474 | Z16: 54.416661 | AA16: 0.62775413 | AC16: 29.734833 | AD16: 0.50782335 | AF16: 8.3916803 | AG16: 0.27757517 | AI16: 7.4568261 | AJ16: 0.30418569
A17: Austria | B17: 82.669892 | C17: 0.58488252 | E17: 11.825591 | F17: 0.49056563 | H17: 2.7822827 | I17: 0.20584263 | K17: 2.7222339 | L17: 0.23394768 | N17: 74.026393 | O17: 0.89768079 | Q17: 18.269955 | R17: 0.74822983 | T17: 4.3359786 | U17: 0.34789416 | W17: 3.3676737 | X17: 0.25392015 | Z17: 57.947425 | AA17: 0.79941477 | AC17: 26.479158 | AD17: 0.70812841 | AF17: 8.2917551 | AG17: 0.43365449 | AI17: 7.2816624 | AJ17: 0.45720077
A18: Belgium | B18: 91.313024 | C18: 0.35052522 | E18: 6.3616252 | F18: 0.34093639 | H18: 0.98988832 | I18: 0.11021268 | K18: 1.335463 | L18: 0.16088988 | N18: 85.795494 | O18: 0.52071746 | Q18: 10.582287 | R18: 0.40542409 | T18: 1.9905346 | U18: 0.20419967 | W18: 1.631684 | X18: 0.16822612 | Z18: 46.448203 | AA18: 0.71563676 | AC18: 31.472487 | AD18: 0.508289 | AF18: 9.7597838 | AG18: 0.35706336 | AI18: 12.319526 | AJ18: 0.50662122
A19: Canada | B19: 76.787108 | C19: 0.4968779 | E19: 17.885408 | F19: 0.44889322 | H19: 2.9001856 | I19: 0.17322539 | K19: 2.4272986 | L19: 0.14545793 | N19: 67.153658 | O19: 0.66585903 | Q19: 23.136976 | R19: 0.50568975 | T19: 5.9129109 | U19: 0.26587969 | W19: 3.7964546 | X19: 0.20622837 | Z19: 47.674573 | AA19: 0.64673781 | AC19: 30.810768 | AD19: 0.43980134 | AF19: 10.745641 | AG19: 0.36559004 | AI19: 10.769018 | AJ19: 0.35062557
A20: Chile | B20: 89.504309 | C20: 0.53206702 | D20: † | E20: 7.0264616 | F20: 0.44745596 | G20: † | H20: 1.7191757 | I20: 0.22564975 | J20: † | K20: 1.750054 | L20: 0.20872007 | M20: † | N20: 81.075097 | O20: 0.79111042 | P20: † | Q20: 13.350568 | R20: 0.60708643 | S20: † | T20: 3.3875384 | U20: 0.32140034 | V20: † | W20: 2.1867972 | X20: 0.22468878 | Y20: † | Z20: 31.559151 | AA20: 0.89145788 | AB20: † | AC20: 35.07575 | AD20: 0.67270744 | AE20: † | AF20: 14.770489 | AG20: 0.63136163 | AH20: † | AI20: 18.59461 | AJ20: 0.78853478 | AK20: †
A21: Colombia | B21: 56.405859 | C21: 0.79188107 | D21: † | E21: 36.545665 | F21: 0.78807763 | G21: † | H21: 4.640128 | I21: 0.40038582 | J21: † | K21: 2.4083474 | L21: 0.22744744 | M21: † | N21: 56.139232 | O21: 0.91746087 | P21: † | Q21: 35.404156 | R21: 0.90808681 | S21: † | T21: 6.0443667 | U21: 0.42212219 | V21: † | W21: 2.4122451 | X21: 0.24401128 | Y21: † | Z21: 54.867288 | AA21: 1.0295572 | AB21: † | AC21: 33.435789 | AD21: 0.89407123 | AE21: † | AF21: 8.0002782 | AG21: 0.42541359 | AH21: † | AI21: 3.6966447 | AJ21: 0.37845045 | AK21: †
A22: Czech Republic | B22: 89.545225 | C22: 0.50063053 | E22: 6.3619392 | F22: 0.38219501 | H22: 1.8738452 | I22: 0.1981992 | K22: 2.218991 | L22: 0.26485785 | N22: 88.09185 | O22: 0.54871607 | Q22: 7.9249506 | R22: 0.36741935 | T22: 2.2627358 | U22: 0.24070238 | W22: 1.7204634 | X22: 0.24833797 | Z22: 46.23363 | AA22: 0.99523641 | AC22: 32.796071 | AD22: 0.74901209 | AF22: 10.465749 | AG22: 0.45488494 | AI22: 10.50455 | AJ22: 0.59529849
A23: Denmark | B23: 80.334483 | C23: 0.7011951 | E23: 14.623549 | F23: 0.63824803 | H23: 2.6294281 | I23: 0.23133567 | K23: 2.4125403 | L23: 0.24506945 | N23: 75.57121 | O23: 0.89051485 | Q23: 17.871103 | R23: 0.70910554 | T23: 3.6675148 | U23: 0.37270599 | W23: 2.8901723 | X23: 0.26542223 | Z23: 52.097834 | AA23: 0.8934772 | AC23: 29.810026 | AD23: 0.66009444 | AF23: 9.6303342 | AG23: 0.46335639 | AI23: 8.4618058 | AJ23: 0.42868728
A24: Estonia | B24: 82.514613 | C24: 0.58456501 | E24: 13.312725 | F24: 0.50377148 | H24: 2.2353899 | I24: 0.18978937 | K24: 1.9372724 | L24: 0.24041163 | N24: 68.962967 | O24: 0.88170027 | Q24: 23.537845 | R24: 0.74987792 | T24: 4.6194591 | U24: 0.32007406 | W24: 2.8797292 | X24: 0.31918115 | Z24: 55.297345 | AA24: 0.7672725 | AC24: 29.016327 | AD24: 0.65267913 | AF24: 9.6002967 | AG24: 0.46492036 | AI24: 6.0860309 | AJ24: 0.37021778
A25: Finland | B25: 86.795176 | C25: 0.56717241 | E25: 10.657147 | F25: 0.45709561 | H25: 1.2613504 | I25: 0.1445516 | K25: 1.2863266 | L25: 0.18411599 | N25: 80.058273 | O25: 0.63612743 | Q25: 15.976535 | R25: 0.49487989 | T25: 2.299709 | U25: 0.22134558 | W25: 1.6654829 | X25: 0.20843557 | Z25: 55.393166 | AA25: 0.82763202 | AC25: 31.309885 | AD25: 0.69815761 | AF25: 8.3413838 | AG25: 0.39411383 | AI25: 4.9555653 | AJ25: 0.27575896
A26: France | B26: 83.888107 | C26: 0.66023669 | E26: 10.364092 | F26: 0.48160808 | H26: 2.4424775 | I26: 0.22164476 | K26: 3.3053237 | L26: 0.3274291 | N26: 70.459778 | O26: 0.87681751 | Q26: 19.747175 | R26: 0.54686923 | T26: 5.0930782 | U26: 0.3417248 | W26: 4.6999695 | X26: 0.38199323 | Z26: 43.028943 | AA26: 0.90326572 | AC26: 31.886085 | AD26: 0.74203892 | AF26: 12.126009 | AG26: 0.488087 | AI26: 12.958963 | AJ26: 0.61268031
A27: Germany | B27: 86.712984 | C27: 0.85752485 | D27: ‡ | E27: 9.1541793 | F27: 0.64803517 | G27: ‡ | H27: 2.0116383 | I27: 0.28546505 | J27: ‡ | K27: 2.1211984 | L27: 0.31633626 | M27: ‡ | N27: 78.992097 | O27: 1.060584 | P27: ‡ | Q27: 14.926314 | R27: 0.82914132 | S27: ‡ | T27: 3.5031307 | U27: 0.39055302 | V27: ‡ | W27: 2.5784586 | X27: 0.3843116 | Y27: ‡ | Z27: 54.113115 | AA27: 1.3656066 | AB27: ‡ | AC27: 29.118166 | AD27: 1.1375114 | AE27: ‡ | AF27: 8.79885 | AG27: 0.53342976 | AH27: ‡ | AI27: 7.9698693 | AJ27: 0.7161716 | AK27: ‡
A28: Greece | B28: 71.438045 | C28: 0.63731893 | E28: 20.716329 | F28: 0.60266765 | H28: 4.1722312 | I28: 0.27599766 | K28: 3.6733948 | L28: 0.28272829 | N28: 48.76752 | O28: 1.2805108 | Q28: 33.418672 | R28: 0.93192063 | T28: 10.514768 | U28: 0.45084145 | W28: 7.2990402 | X28: 0.40253422 | Z28: 44.170243 | AA28: 0.83529892 | AC28: 29.813566 | AD28: 0.71685242 | AF28: 13.261106 | AG28: 0.56800327 | AI28: 12.755085 | AJ28: 0.49784533
A29: Hungary | B29: 87.982737 | C29: 0.66946146 | E29: 8.7488184 | F29: 0.51378735 | H29: 2.2031907 | I29: 0.201366 | K29: 1.0652538 | L29: 0.17825414 | N29: 80.753393 | O29: 0.94922154 | Q29: 14.002792 | R29: 0.70959766 | T29: 3.5073814 | U29: 0.39689441 | W29: 1.7364333 | X29: 0.20324268 | Z29: 58.509289 | AA29: 1.1148966 | AC29: 28.263146 | AD29: 0.77562708 | AF29: 7.9442955 | AG29: 0.56581913 | AI29: 5.2832694 | AJ29: 0.44838356
A30: Iceland | B30: 92.649477 | C30: 0.52694601 | E30: 4.2259928 | F30: 0.39467059 | H30: 1.5701012 | I30: 0.24141358 | K30: 1.554429 | L30: 0.22326709 | N30: 75.583523 | O30: 0.93483858 | Q30: 16.4708 | R30: 0.75684504 | T30: 4.3258928 | U30: 0.40862842 | W30: 3.6197838 | X30: 0.38747929 | Z30: 50.486008 | AA30: 0.9442542 | AC30: 28.278717 | AD30: 0.91512202 | AF30: 11.174689 | AG30: 0.59920607 | AI30: 10.060586 | AJ30: 0.61922851
A31: Ireland | B31: 70.106498 | C31: 0.80737933 | E31: 24.17728 | F31: 0.72083757 | H31: 3.2494971 | I31: 0.27978067 | K31: 2.4667255 | L31: 0.22170757 | N31: 72.328753 | O31: 0.98154706 | Q31: 20.553985 | R31: 0.7598742 | T31: 4.8061347 | U31: 0.38927701 | W31: 2.3111274 | X31: 0.23663409 | Z31: 66.381408 | AA31: 0.98025577 | AC31: 24.460262 | AD31: 0.81557678 | AF31: 5.2585351 | AG31: 0.37371496 | AI31: 3.8997947 | AJ31: 0.26825499
A32: Israel | B32: 61.565408 | C32: 0.84529106 | E32: 25.994831 | F32: 0.70671115 | H32: 7.0950759 | I32: 0.33988859 | K32: 5.3446848 | L32: 0.36152301 | N32: 55.022164 | O32: 1.1229698 | Q32: 29.571338 | R32: 0.76459541 | T32: 9.0287666 | U32: 0.45460973 | W32: 6.3777314 | X32: 0.42822589 | Z32: 38.858194 | AA32: 0.9205957 | AC32: 32.51122 | AD32: 0.54540085 | AF32: 15.28491 | AG32: 0.46103484 | AI32: 13.345676 | AJ32: 0.63373146
A33: Italy | B33: 43.194593 | C33: 0.9853858 | E33: 39.839342 | F33: 0.8166281 | H33: 8.0350193 | I33: 0.41856539 | K33: 8.9310457 | L33: 0.50473466 | N33: 47.582426 | O33: 0.89466428 | Q33: 37.937685 | R33: 0.84115646 | T33: 8.8742072 | U33: 0.49229999 | W33: 5.6056826 | X33: 0.32354093 | Z33: 54.861592 | AA33: 0.95415894 | AC33: 27.321138 | AD33: 0.72209128 | AF33: 10.127962 | AG33: 0.55850673 | AI33: 7.6893079 | AJ33: 0.4704445
A34: Japan | B34: 97.89465 | C34: 0.35354781 | E34: 1.675253 | F34: 0.2666988 | H34: 0.13012471 | I34: 0.049128366 | K34: 0.29997255 | L34: 0.096442491 | N34: 96.452778 | O34: 0.38399645 | Q34: 2.7735814 | R34: 0.29447499 | T34: 0.41508054 | U34: 0.086081309 | W34: 0.35855993 | X34: 0.10446261 | Z34: 87.344383 | AA34: 0.70973831 | AC34: 10.312711 | AD34: 0.53319896 | AF34: 1.2977198 | AG34: 0.19414139 | AI34: 1.0451861 | AJ34: 0.16794378
A35: Korea | B35: 97.768412 | C35: 0.32630547 | E35: 1.5323109 | F35: 0.25609284 | H35: 0.3523081 | I35: 0.104502 | K35: 0.34696907 | L35: 0.07649142 | N35: 97.400912 | O35: 0.38195981 | Q35: 1.7801365 | R35: 0.24516309 | T35: 0.42667494 | U35: 0.099195936 | W35: 0.39227638 | X35: 0.13343085 | Z35: 80.849762 | AA35: 0.78273336 | AC35: 14.002087 | AD35: 0.50746968 | AF35: 2.8877626 | AG35: 0.28349153 | AI35: 2.2603879 | AJ35: 0.27759234
A36: Latvia | B36: 71.349985 | C36: 0.77686397 | E36: 21.65992 | F36: 0.60270833 | H36: 4.25619 | I36: 0.35990071 | K36: 2.7339053 | L36: 0.24683026 | N36: 59.260299 | O36: 0.81369384 | Q36: 30.08755 | R36: 0.76193737 | T36: 6.7538147 | U36: 0.33769557 | W36: 3.8983364 | X36: 0.32419312 | Z36: 45.061021 | AA36: 0.84911507 | AC36: 34.095028 | AD36: 0.77330901 | AF36: 12.596258 | AG36: 0.46127943 | AI36: 8.2476927 | AJ36: 0.49888809
A37: Lithuania | B37: 72.155569 | C37: 0.6832187 | E37: 19.168222 | F37: 0.61006313 | H37: 5.3727152 | I37: 0.3169785 | K37: 3.3034939 | L37: 0.24653499 | N37: 58.052788 | O37: 0.80577303 | Q37: 29.642636 | R37: 0.73409847 | T37: 8.3558728 | U37: 0.47555764 | W37: 3.9487032 | X37: 0.27320297 | Z37: 50.186381 | AA37: 0.80936837 | AC37: 30.63544 | AD37: 0.59168989 | AF37: 11.339071 | AG37: 0.41764196 | AI37: 7.839109 | AJ37: 0.37608465
A38: Luxembourg | B38: 84.801348 | C38: 0.5562809 | E38: 10.409176 | F38: 0.45778001 | H38: 2.5864177 | I38: 0.25139712 | K38: 2.2030587 | L38: 0.21116815 | N38: 80.669142 | O38: 0.59180128 | Q38: 12.925115 | R38: 0.48597283 | T38: 3.6991419 | U38: 0.28345201 | W38: 2.706601 | X38: 0.21322508 | Z38: 45.279416 | AA38: 0.75105601 | AC38: 31.509763 | AD38: 0.71686596 | AF38: 11.423558 | AG38: 0.39096566 | AI38: 11.787263 | AJ38: 0.41886817
A39: Mexico | B39: 71.266677 | C39: 1.034841 | D39: † | E39: 23.726817 | F39: 0.92583263 | G39: † | H39: 3.7856007 | I39: 0.32016994 | J39: † | K39: 1.2209048 | L39: 0.17115473 | M39: † | N39: 71.306953 | O39: 0.94607628 | P39: † | Q39: 23.185071 | R39: 0.77411848 | S39: † | T39: 4.4483623 | U39: 0.37893555 | V39: † | W39: 1.0596137 | X39: 0.16937048 | Y39: † | Z39: 53.006375 | AA39: 1.1584818 | AB39: † | AC39: 34.109926 | AD39: 0.92531619 | AE39: † | AF39: 9.3989411 | AG39: 0.5323828 | AH39: † | AI39: 3.4847579 | AJ39: 0.31774332 | AK39: †
A40: Netherlands* | B40: 92.761079 | C40: 0.54158444 | E40: 5.600142 | F40: 0.44358261 | H40: 0.86325427 | I40: 0.17757333 | K40: 0.77552472 | L40: 0.1592391 | N40: 77.556524 | O40: 1.0451145 | Q40: 16.608063 | R40: 0.80737581 | T40: 3.2237705 | U40: 0.26919996 | W40: 2.6116423 | X40: 0.33111863 | Z40: 51.207971 | AA40: 1.1130913 | AC40: 30.634833 | AD40: 0.82352998 | AF40: 8.4083853 | AG40: 0.57550993 | AI40: 9.7488111 | AJ40: 0.70461655
A41: New Zealand | B41: 71.015203 | C41: 0.81876377 | E41: 22.193835 | F41: 0.72749219 | H41: 3.6808446 | I41: 0.26026871 | K41: 3.110117 | L41: 0.26950581 | N41: 73.53145 | O41: 0.90347038 | Q41: 19.357329 | R41: 0.72350772 | T41: 4.2642356 | U41: 0.27725477 | W41: 2.8469857 | X41: 0.24093234 | Z41: 52.369996 | AA41: 0.94350084 | AC41: 28.768546 | AD41: 0.68267175 | AF41: 9.6866029 | AG41: 0.49974937 | AI41: 9.1748547 | AJ41: 0.47242703
A42: Norway | B42: 86.431888 | C42: 0.51978064 | E42: 9.1598414 | F42: 0.45379201 | H42: 2.1832319 | I42: 0.19603074 | K42: 2.2250385 | L42: 0.21851158 | N42: 79.057702 | O42: 0.65561965 | Q42: 14.535169 | R42: 0.52980252 | T42: 3.4488398 | U42: 0.2684247 | W42: 2.9582893 | X42: 0.21748743 | Z42: 50.720412 | AA42: 0.85659141 | AC42: 30.490421 | AD42: 0.6660505 | AF42: 9.0105843 | AG42: 0.39787916 | AI42: 9.7785834 | AJ42: 0.45582857
A43: Poland | B43: 76.05654 | C43: 0.9892452 | E43: 15.995319 | F43: 0.69098794 | H43: 3.5028941 | I43: 0.31566233 | K43: 4.445247 | L43: 0.35202474 | N43: 64.53469 | O43: 1.0001679 | Q43: 23.180121 | R43: 0.71689557 | T43: 6.2779853 | U43: 0.4326755 | W43: 6.0072034 | X43: 0.41583103 | Z43: 44.700018 | AA43: 1.0819382 | AC43: 29.863703 | AD43: 0.58883307 | AF43: 11.205031 | AG43: 0.51822031 | AI43: 14.231247 | AJ43: 0.72278452
A44: Portugal* | B44: 71.910692 | C44: 0.66231314 | E44: 21.495681 | F44: 0.60051264 | H44: 4.1359242 | I44: 0.28953372 | K44: 2.4577021 | L44: 0.26487513 | N44: 60.210532 | O44: 0.87440346 | Q44: 30.860922 | R44: 0.69933275 | T44: 5.6148345 | U44: 0.32869241 | W44: 3.3137112 | X44: 0.24116022 | Z44: 50.246723 | AA44: 0.87869987 | AC44: 32.007165 | AD44: 0.69060002 | AF44: 10.240126 | AG44: 0.44645362 | AI44: 7.5059855 | AJ44: 0.3345631
A45: Slovak Republic | B45: 82.54547 | C45: 0.69741453 | E45: 12.068491 | F45: 0.57396816 | H45: 2.9290327 | I45: 0.28322097 | K45: 2.4570066 | L45: 0.23839116 | N45: 75.772331 | O45: 0.81602962 | Q45: 17.019768 | R45: 0.627413 | T45: 4.9021989 | U45: 0.32627713 | W45: 2.3057019 | X45: 0.23963895 | Z45: 47.584021 | AA45: 0.96150358 | AC45: 31.252534 | AD45: 0.81363471 | AF45: 11.545258 | AG45: 0.58446797 | AI45: 9.6181884 | AJ45: 0.43228546
A46: Slovenia | B46: 82.205323 | C46: 0.60340965 | E46: 12.460198 | F46: 0.57008452 | H46: 3.0388508 | I46: 0.23035775 | K46: 2.2956285 | L46: 0.19030002 | N46: 68.747653 | O46: 0.69971924 | Q46: 21.936748 | R46: 0.67647234 | T46: 6.1337683 | U46: 0.35020304 | W46: 3.1818305 | X46: 0.25989784 | Z46: 44.786101 | AA46: 0.68629961 | AC46: 37.268964 | AD46: 0.78603657 | AF46: 10.432201 | AG46: 0.53628075 | AI46: 7.5127341 | AJ46: 0.48804582
A47: Spain | B47: 70.369918 | C47: 0.56510653 | D47: † | E47: 23.164312 | F47: 0.46059878 | G47: † | H47: 3.760451 | I47: 0.19194892 | J47: † | K47: 2.7053185 | L47: 0.19602317 | M47: † | N47: 63.567946 | O47: 0.54967003 | P47: † | Q47: 27.12073 | R47: 0.47950733 | S47: † | T47: 5.9986039 | U47: 0.25987761 | V47: † | W47: 3.3127195 | X47: 0.17399139 | Y47: † | Z47: 56.148838 | AA47: 0.60397318 | AB47: † | AC47: 27.026256 | AD47: 0.40281922 | AE47: † | AF47: 9.0855125 | AG47: 0.2702317 | AH47: † | AI47: 7.7393933 | AJ47: 0.30699664 | AK47: †
A48: Sweden | B48: 90.052757 | C48: 0.54054465 | E48: 6.9048787 | F48: 0.42272383 | H48: 1.5139926 | I48: 0.17809185 | K48: 1.5283719 | L48: 0.18454708 | N48: 83.04755 | O48: 0.73881733 | Q48: 11.65069 | R48: 0.59900471 | T48: 2.7954221 | U48: 0.28121025 | W48: 2.5063383 | X48: 0.25878595 | Z48: 46.984119 | AA48: 0.8928825 | AC48: 31.988671 | AD48: 0.8490225 | AF48: 11.190511 | AG48: 0.59755065 | AI48: 9.8366988 | AJ48: 0.46430929
A49: Switzerland | B49: 84.57529 | C49: 1.0216361 | D49: † | E49: 9.9885564 | F49: 0.7350564 | G49: † | H49: 2.7006389 | I49: 0.27873392 | J49: † | K49: 2.7355146 | L49: 0.34287053 | M49: † | N49: 75.915895 | O49: 1.1510414 | P49: † | Q49: 16.327126 | R49: 0.89786042 | S49: † | T49: 4.2699579 | U49: 0.3879908 | V49: † | W49: 3.4870213 | X49: 0.40222736 | Y49: † | Z49: 49.619516 | AA49: 1.3580777 | AB49: † | AC49: 29.622582 | AD49: 0.98001617 | AE49: † | AF49: 11.287515 | AG49: 0.76759799 | AH49: † | AI49: 9.4703867 | AJ49: 0.5769009 | AK49: †
A50: Turkey | B50: 48.397014 | C50: 0.93098975 | E50: 29.322025 | F50: 0.64125575 | H50: 10.302362 | I50: 0.49119932 | K50: 11.978599 | L50: 0.52041508 | N50: 52.718466 | O50: 0.95319586 | Q50: 28.459751 | R50: 0.65102051 | T50: 9.888213 | U50: 0.4381117 | W50: 8.93357 | X50: 0.45113579 | Z50: 52.547044 | AA50: 0.81421339 | AC50: 28.386991 | AD50: 0.70024923 | AF50: 9.3592859 | AG50: 0.42076703 | AI50: 9.7066786 | AJ50: 0.47309746
A51: United Kingdom | B51: 81.243096 | C51: 0.53854725 | E51: 15.230457 | F51: 0.46212324 | H51: 1.98488 | I51: 0.15827922 | K51: 1.5415669 | L51: 0.15628996 | N51: 84.253531 | O51: 0.55735217 | Q51: 11.960481 | R51: 0.48692346 | T51: 2.2428187 | U51: 0.18742592 | W51: 1.5431688 | X51: 0.14763802 | Z51: 60.589971 | AA51: 0.88033375 | AC51: 26.024188 | AD51: 0.65298709 | AF51: 7.8066807 | AG51: 0.37382514 | AI51: 5.5791601 | AJ51: 0.32051288
A52: United States* | B52: 80.149385 | C52: 0.78751881 | E52: 16.42232 | F52: 0.69874492 | H52: 2.0745199 | I52: 0.22418037 | K52: 1.3537747 | L52: 0.19085781 | N52: 81.163494 | O52: 0.76106238 | Q52: 14.637801 | R52: 0.58915796 | T52: 2.5469182 | U52: 0.28267545 | W52: 1.6517864 | X52: 0.22972802 | Z52: 56.699881 | AA52: 1.0362552 | AC52: 30.261741 | AD52: 0.62753412 | AF52: 7.7775074 | AG52: 0.48779563 | AI52: 5.2608703 | AJ52: 0.52706525
A53: OECD average | B53: 78.739621 | C53: 0.11335929 | E53: 15.444918 | F53: 0.094306566 | H53: 3.110132 | I53: 0.042612671 | K53: 2.7053296 | L53: 0.042138271 | N53: 72.659652 | O53: 0.13770093 | Q53: 19.51779 | R53: 0.10956191 | T53: 4.6869336 | U53: 0.055633604 | W53: 3.1356243 | X53: 0.046263502 | Z53: 52.385838 | AA53: 0.15103862 | AC53: 29.455539 | AD53: 0.11891946 | AF53: 9.6743854 | AG53: 0.078516265 | AI53: 8.4842373 | AJ53: 0.079345409
A54: Partners
A55: Albania | B55: 68.534045 | C55: 0.7718481 | E55: 23.581708 | F55: 0.63572351 | H55: 4.7594492 | I55: 0.34035982 | K55: 3.1247979 | L55: 0.25373603 | N55: 74.524114 | O55: 0.69728251 | Q55: 18.246699 | R55: 0.58679059 | T55: 4.7943042 | U55: 0.35292399 | W55: 2.4348829 | X55: 0.20932313 | Z55: 56.29017 | AA55: 0.68802228 | AC55: 30.360483 | AD55: 0.5577088 | AF55: 8.3412935 | AG55: 0.38511236 | AI55: 5.0080531 | AJ55: 0.30536833
A56: Argentina | B56: 55.494817 | C56: 0.89206234 | D56: † | E56: 31.670512 | F56: 0.87196613 | G56: † | H56: 6.6869977 | I56: 0.4298616 | J56: † | K56: 6.1476732 | L56: 0.33841064 | M56: † | N56: 43.934511 | O56: 1.0202035 | P56: † | Q56: 38.0864 | R56: 0.71922096 | S56: † | T56: 10.230697 | U56: 0.45796595 | V56: † | W56: 7.7483915 | X56: 0.43918584 | Y56: † | Z56: 47.419415 | AA56: 1.1354536 | AB56: † | AC56: 28.749645 | AD56: 0.83140342 | AE56: † | AF56: 10.899324 | AG56: 0.49569109 | AH56: † | AI56: 12.931616 | AJ56: 0.60206697 | AK56: †
A57: Baku (Azerbaijan) | B57: 53.500755 | C57: 0.9159588 | D57: † | E57: 31.642692 | F57: 0.86194686 | G57: † | H57: 8.5778538 | I57: 0.50375967 | J57: † | K57: 6.2786995 | L57: 0.46862244 | M57: † | N57: 43.298676 | O57: 0.76010982 | P57: † | Q57: 39.847329 | R57: 0.72121849 | S57: † | T57: 10.685636 | U57: 0.5530325 | V57: † | W57: 6.1683596 | X57: 0.4691759 | Y57: † | Z57: 39.753343 | AA57: 0.86757581 | AB57: † | AC57: 37.151871 | AD57: 0.8315502 | AE57: † | AF57: 13.776678 | AG57: 0.62250124 | AH57: † | AI57: 9.3181081 | AJ57: 0.55931325 | AK57: †
A58: Belarus | B58: 75.838232 | C58: 0.72860543 | E58: 18.894266 | F58: 0.60643059 | H58: 3.1326705 | I58: 0.26218885 | K58: 2.134831 | L58: 0.22283515 | N58: 69.010421 | O58: 0.94410721 | Q58: 23.493347 | R58: 0.72083349 | T58: 4.8595206 | U58: 0.36876436 | W58: 2.636711 | X58: 0.23992376 | Z58: 53.543034 | AA58: 0.80238939 | AC58: 33.455441 | AD58: 0.67463681 | AF58: 7.9906606 | AG58: 0.44202869 | AI58: 5.0108641 | AJ58: 0.36137604
A59: Bosnia and Herzegovina | B59: 53.475555 | C59: 0.86768051 | E59: 31.994917 | F59: 0.78312197 | H59: 7.026808 | I59: 0.344504 | K59: 7.5027199 | L59: 0.40131504 | N59: 73.734501 | O59: 0.93689209 | Q59: 16.637116 | R59: 0.6047331 | T59: 5.3742712 | U59: 0.39053441 | W59: 4.2541117 | X59: 0.28964627 | Z59: 54.746428 | AA59: 1.0069258 | AC59: 29.597487 | AD59: 0.77050373 | AF59: 8.4499338 | AG59: 0.41064429 | AI59: 7.2061509 | AJ59: 0.40750942
A60: Brazil | B60: 49.608578 | C60: 0.7545383 | D60: † | E60: 37.127501 | F60: 0.60220577 | G60: † | H60: 7.8536048 | I60: 0.39766625 | J60: † | K60: 5.4103157 | L60: 0.31356871 | M60: † | N60: 49.466508 | O60: 0.87971808 | P60: † | Q60: 36.665054 | R60: 0.63420064 | S60: † | T60: 8.4823368 | U60: 0.43482642 | V60: † | W60: 5.3861018 | X60: 0.3225369 | Y60: † | Z60: 55.981808 | AA60: 0.81314669 | AB60: † | AC60: 29.633132 | AD60: 0.59090153 | AE60: † | AF60: 8.1581076 | AG60: 0.424237 | AH60: † | AI60: 6.226953 | AJ60: 0.31607473 | AK60: †
A61: Brunei Darussalam | B61: 89.677738 | C61: 0.380695 | D61: † | E61: 7.6259852 | F61: 0.36338455 | G61: † | H61: 1.7213271 | I61: 0.16629681 | J61: † | K61: 0.97494939 | L61: 0.12879806 | M61: † | N61: 79.755036 | O61: 0.53863056 | P61: † | Q61: 16.18809 | R61: 0.49771393 | S61: † | T61: 2.7099645 | U61: 0.22115987 | V61: † | W61: 1.3469095 | X61: 0.14757502 | Y61: † | Z61: 48.117918 | AA61: 0.68037261 | AB61: † | AC61: 34.87149 | AD61: 0.65787318 | AE61: † | AF61: 9.4654844 | AG61: 0.40401579 | AH61: † | AI61: 7.545108 | AJ61: 0.32960857 | AK61: †
A62: B-S-J-Z (China) | B62: 98.761905 | C62: 0.12968324 | E62: 0.91023791 | F62: 0.12117472 | H62: 0.17606844 | I62: 0.034415118 | K62: 0.15178899 | L62: 0.043658588 | N62: 93.12641 | O62: 0.45703806 | Q62: 5.7616871 | R62: 0.40944102 | T62: 0.7311188 | U62: 0.10001821 | W62: 0.38078401 | X62: 0.071441056 | Z62: 66.794854 | AA62: 0.8462629 | AC62: 27.232987 | AD62: 0.63171829 | AF62: 3.6974694 | AG62: 0.28414381 | AI62: 2.2746892 | AJ62: 0.19974072
A63: Bulgaria | B63: 55.880211 | C63: 0.94543342 | E63: 28.501131 | F63: 0.72055359 | H63: 8.3555848 | I63: 0.47106716 | K63: 7.2630729 | L63: 0.43773957 | N63: 50.7519 | O63: 1.0514683 | Q63: 31.971111 | R63: 0.89008458 | T63: 10.478919 | U63: 0.52347191 | W63: 6.7980697 | X63: 0.46417367 | Z63: 42.856351 | AA63: 1.0053743 | AC63: 31.755476 | AD63: 0.73988298 | AF63: 14.058696 | AG63: 0.61322504 | AI63: 11.329477 | AJ63: 0.61763413
A64: Costa Rica | B64: 61.176382 | C64: 0.88090181 | E64: 28.725775 | F64: 0.66921666 | H64: 4.5599632 | I64: 0.27154782 | K64: 5.53788 | L64: 0.50196727 | N64: 59.925832 | O64: 0.69956167 | Q64: 31.292934 | R64: 0.68035939 | T64: 5.8082655 | U64: 0.35410751 | W64: 2.9729684 | X64: 0.27415374 | Z64: 49.382349 | AA64: 0.92556609 | AC64: 34.501291 | AD64: 0.65935996 | AF64: 9.5423252 | AG64: 0.44588277 | AI64: 6.5740343 | AJ64: 0.43973001
A65: Croatia | B65: 84.344976 | C65: 0.70867101 | E65: 10.791294 | F65: 0.51513483 | H65: 2.6576984 | I65: 0.2616709 | K65: 2.2060314 | L65: 0.2098587 | N65: 75.928976 | O65: 0.69448949 | Q65: 16.63751 | R65: 0.51441987 | T65: 4.2239095 | U65: 0.29107049 | W65: 3.2096045 | X65: 0.22592314 | Z65: 50.616629 | AA65: 0.96250269 | AC65: 31.499832 | AD65: 0.70093619 | AF65: 9.6285695 | AG65: 0.40918781 | AI65: 8.2549698 | AJ65: 0.46391645
A66: Cyprus | B66: 67.970195 | C66: 0.87766647 | D66: † | E66: 18.208558 | F66: 0.53499134 | G66: † | H66: 8.1223817 | I66: 0.57609805 | J66: † | K66: 5.6988647 | L66: 0.36412245 | M66: † | N66: 57.657522 | O66: 0.83148761 | P66: † | Q66: 24.388506 | R66: 0.71942101 | S66: † | T66: 11.256129 | U66: 0.56802196 | V66: † | W66: 6.6978434 | X66: 0.4072169 | Y66: † | Z66: 37.124436 | AA66: 0.73808855 | AB66: † | AC66: 28.189442 | AD66: 0.74181621 | AE66: † | AF66: 18.507007 | AG66: 0.57818043 | AH66: † | AI66: 16.179115 | AJ66: 0.59858689 | AK66: †
A67: Dominican Republic | B67: 47.918922 | C67: 1.4563057 | D67: ‡ | E67: 35.111327 | F67: 1.1962877 | G67: ‡ | H67: 9.9993832 | I67: 0.80020131 | J67: ‡ | K67: 6.9703676 | L67: 0.80110069 | M67: ‡ | N67: 42.781527 | O67: 1.6933994 | P67: ‡ | Q67: 40.725826 | R67: 1.5639919 | S67: ‡ | T67: 10.190634 | U67: 0.75768321 | V67: ‡ | W67: 6.3020131 | X67: 0.83322936 | Y67: ‡ | Z67: 49.68467 | AA67: 1.4863661 | AB67: ‡ | AC67: 31.96077 | AD67: 1.2880397 | AE67: ‡ | AF67: 10.477213 | AG67: 0.90710073 | AH67: ‡ | AI67: 7.8773462 | AJ67: 0.74345576 | AK67: ‡
A68: Georgia | B68: 37.788242 | C68: 0.86896646 | E68: 39.604481 | F68: 0.85039108 | H68: 11.069131 | I68: 0.44642285 | K68: 11.538145 | L68: 0.52664946 | N68: 38.828684 | O68: 1.0209818 | Q68: 39.51116 | R68: 0.81922793 | T68: 12.82425 | U68: 0.54057677 | W68: 8.8359061 | X68: 0.46261114 | Z68: 39.535991 | AA68: 1.0927364 | AC68: 33.836977 | AD68: 0.83280875 | AF68: 13.207072 | AG68: 0.65988441 | AI68: 13.41996 | AJ68: 0.63685872
A69: Hong Kong (China)* | B69: 92.982452 | C69: 0.43709221 | E69: 4.6051401 | F69: 0.35931196 | H69: 1.2923396 | I69: 0.17556348 | K69: 1.1200685 | L69: 0.16933624 | N69: 92.222481 | O69: 0.36549263 | Q69: 5.4219353 | R69: 0.27908805 | T69: 1.3769327 | U69: 0.19358467 | W69: 0.97865142 | X69: 0.12296327 | Z69: 75.432025 | AA69: 0.69507605 | AC69: 18.020736 | AD69: 0.61305114 | AF69: 3.6047461 | AG69: 0.28271182 | AI69: 2.9424923 | AJ69: 0.2796686
A70: Indonesia | B70: 78.903701 | C70: 0.98712968 | E70: 16.594322 | F70: 0.78684881 | H70: 2.8241279 | I70: 0.3274258 | K70: 1.6778492 | L70: 0.2358169 | N70: 73.47233 | O70: 1.0261088 | Q70: 21.534295 | R70: 0.79937054 | T70: 3.490669 | U70: 0.36785158 | W70: 1.502706 | X70: 0.2479746 | Z70: 48.398038 | AA70: 1.1628762 | AC70: 39.264717 | AD70: 0.93258646 | AF70: 7.7644587 | AG70: 0.41331631 | AI70: 4.5727866 | AJ70: 0.34036304
A71: Jordan | B71: 46.797531 | C71: 0.74962623 | E71: 36.821538 | F71: 0.76738447 | H71: 10.099078 | I71: 0.50894402 | K71: 6.2818528 | L71: 0.38817242 | N71: 54.630233 | O71: 0.87322017 | Q71: 32.555471 | R71: 0.70637007 | T71: 8.9513067 | U71: 0.42941139 | W71: 3.8629897 | X71: 0.27024409 | Z71: 50.209142 | AA71: 0.97439468 | AC71: 27.899509 | AD71: 0.75689009 | AF71: 13.003572 | AG71: 0.61038493 | AI71: 8.8877773 | AJ71: 0.46096794
A72: Kazakhstan | B72: 47.919611 | C72: 0.65339008 | E72: 37.218197 | F72: 0.66350116 | H72: 9.2404041 | I72: 0.24951894 | K72: 5.621788 | L72: 0.23560251 | N72: 45.752205 | O72: 0.56944732 | Q72: 37.820399 | R72: 0.53404779 | T72: 10.963459 | U72: 0.2989351 | W72: 5.4639368 | X72: 0.24213348 | Z72: 45.689592 | AA72: 0.7077006 | AC72: 38.515185 | AD72: 0.61310368 | AF72: 10.10837 | AG72: 0.3362549 | AI72: 5.6868532 | AJ72: 0.24671774
A73: Kosovo | B73: 54.107263 | C73: 0.77764162 | E73: 34.17611 | F73: 0.73894629 | H73: 7.3017684 | I73: 0.43303127 | K73: 4.4148585 | L73: 0.32086494 | N73: 51.916055 | O73: 0.90419281 | Q73: 34.958738 | R73: 0.74617053 | T73: 8.5672328 | U73: 0.48059094 | W73: 4.5579741 | X73: 0.30751719 | Z73: 61.736239 | AA73: 0.92730892 | AC73: 26.540323 | AD73: 0.72833547 | AF73: 7.0525748 | AG73: 0.43178871 | AI73: 4.6708628 | AJ73: 0.36323381
A74: Lebanon | B74: m | C74: m | E74: m | F74: m | H74: m | I74: m | K74: m | L74: m | N74: m | O74: m | Q74: m | R74: m | T74: m | U74: m | W74: m | X74: m | Z74: m | AA74: m | AC74: m | AD74: m | AF74: m | AG74: m | AI74: m | AJ74: m
A75: Macao (China) | B75: 91.236821 | C75: 0.44681292 | E75: 6.7136398 | F75: 0.38846339 | H75: 1.1483855 | I75: 0.15859602 | K75: 0.90115396 | L75: 0.15130541 | N75: 86.849891 | O75: 0.55395083 | Q75: 10.328913 | R75: 0.47369871 | T75: 1.5719214 | U75: 0.22545294 | W75: 1.249274 | X75: 0.18690875 | Z75: 71.562378 | AA75: 0.6022003 | AC75: 22.157359 | AD75: 0.55161196 | AF75: 3.6610226 | AG75: 0.32658018 | AI75: 2.6192406 | AJ75: 0.2916883
A76: Malaysia | B76: 84.190833 | C76: 0.63724772 | E76: 12.080623 | F76: 0.54978534 | H76: 2.2801775 | I76: 0.20468779 | K76: 1.4483668 | L76: 0.18272061 | N76: 74.876259 | O76: 0.95275547 | Q76: 20.023216 | R76: 0.73113312 | T76: 3.4212749 | U76: 0.28979373 | W76: 1.6792497 | X76: 0.24812409 | Z76: 63.122541 | AA76: 0.83111176 | AC76: 26.76003 | AD76: 0.71138234 | AF76: 5.9441315 | AG76: 0.33979926 | AI76: 4.1732967 | AJ76: 0.32926192
A77: Malta | B77: 49.441106 | C77: 0.97954934 | E77: 37.064394 | F77: 0.87606003 | H77: 7.6047199 | I77: 0.50111724 | K77: 5.8897808 | L77: 0.49283342 | N77: 64.032216 | O77: 0.81758676 | Q77: 24.546177 | R77: 0.67899726 | T77: 6.8413971 | U77: 0.44361644 | W77: 4.5802092 | X77: 0.39651559 | Z77: 68.059639 | AA77: 0.88396898 | AC77: 20.669079 | AD77: 0.86817139 | AF77: 6.5233457 | AG77: 0.54083447 | AI77: 4.7479355 | AJ77: 0.38631408
A78: Moldova | B78: 60.541134 | C78: 0.86263708 | E78: 28.053321 | F78: 0.58131149 | H78: 6.8722356 | I78: 0.39917544 | K78: 4.5333099 | L78: 0.36125601 | N78: 63.487546 | O78: 0.82968624 | Q78: 26.269314 | R78: 0.70845751 | T78: 6.7323669 | U78: 0.37498278 | W78: 3.5107732 | X78: 0.29566878 | Z78: 41.503272 | AA78: 1.0745355 | AC78: 38.386922 | AD78: 0.74038523 | AF78: 12.190102 | AG78: 0.47569522 | AI78: 7.9197043 | AJ78: 0.38995874
A79: Montenegro | B79: 42.482112 | C79: 0.66296497 | E79: 36.10119 | F79: 0.66344079 | H79: 10.439785 | I79: 0.44359888 | K79: 10.976912 | L79: 0.40755959 | N79: 45.341879 | O79: 0.81444871 | Q79: 33.995845 | R79: 0.66295069 | T79: 10.31132 | U79: 0.4154073 | W79: 10.350956 | X79: 0.34262953 | Z79: 33.393886 | AA79: 0.58163442 | AC79: 38.677187 | AD79: 0.60336992 | AF79: 15.59066 | AG79: 0.52766811 | AI79: 12.338268 | AJ79: 0.36722341
A80: Morocco | B80: 55.781305 | C80: 1.0573287 | D80: ‡ | E80: 31.140741 | F80: 0.85218902 | G80: ‡ | H80: 8.0924831 | I80: 0.51541957 | J80: ‡ | K80: 4.9854712 | L80: 0.41018249 | M80: ‡ | N80: 40.807687 | O80: 1.0846301 | P80: ‡ | Q80: 40.024668 | R80: 1.0453036 | S80: ‡ | T80: 13.893164 | U80: 0.73623779 | V80: ‡ | W80: 5.2744814 | X80: 0.45056465 | Y80: ‡ | Z80: 40.670834 | AA80: 0.97319589 | AB80: ‡ | AC80: 36.246679 | AD80: 0.89029419 | AE80: ‡ | AF80: 15.713694 | AG80: 0.70114036 | AH80: ‡ | AI80: 7.3687926 | AJ80: 0.55420901 | AK80: ‡
A81: North Macedonia | B81: m | C81: m | E81: m | F81: m | H81: m | I81: m | K81: m | L81: m | N81: m | O81: m | Q81: m | R81: m | T81: m | U81: m | W81: m | X81: m | Z81: m | AA81: m | AC81: m | AD81: m | AF81: m | AG81: m | AI81: m | AJ81: m
A82: Panama | B82: 41.99128 | C82: 1.3517826 | D82: ‡ | E82: 43.664584 | F82: 1.3678027 | G82: ‡ | H82: 8.0747745 | I82: 0.72724428 | J82: ‡ | K82: 6.2693613 | L82: 0.66164035 | M82: ‡ | N82: 43.251342 | O82: 1.5922247 | P82: ‡ | Q82: 42.366203 | R82: 1.4744326 | S82: ‡ | T82: 10.107289 | U82: 0.74150246 | V82: ‡ | W82: 4.2751671 | X82: 0.57651101 | Y82: ‡ | Z82: 41.296322 | AA82: 1.2433346 | AB82: ‡ | AC82: 36.586471 | AD82: 1.3228112 | AE82: ‡ | AF82: 12.847501 | AG82: 0.85751995 | AH82: ‡ | AI82: 9.2697057 | AJ82: 0.66131403 | AK82: ‡
A83: Peru | B83: 51.465959 | C83: 1.2389141 | D83: ‡ | E83: 38.27252 | F83: 1.1404777 | G83: ‡ | H83: 6.3762767 | I83: 0.57261954 | J83: ‡ | K83: 3.8852443 | L83: 0.42121342 | M83: ‡ | N83: 53.672802 | O83: 1.1972174 | P83: ‡ | Q83: 36.834328 | R83: 1.0497306 | S83: ‡ | T83: 6.4844864 | U83: 0.50828353 | V83: ‡ | W83: 3.0083833 | X83: 0.36824725 | Y83: ‡ | Z83: 37.738469 | AA83: 1.27058 | AB83: ‡ | AC83: 38.142244 | AD83: 1.138537 | AE83: ‡ | AF83: 13.716823 | AG83: 0.72368863 | AH83: ‡ | AI83: 10.402465 | AJ83: 0.75421951 | AK83: ‡
A84: Philippines | B84: 71.231512 | C84: 0.90762939 | E84: 20.795309 | F84: 0.68810659 | H84: 4.6053892 | I84: 0.35544365 | K84: 3.3677903 | L84: 0.24029607 | N84: 65.530022 | O84: 0.91421524 | Q84: 25.497135 | R84: 0.70431052 | T84: 6.0196528 | U84: 0.37057466 | W84: 2.9531899 | X84: 0.22168074 | Z84: 38.885054 | AA84: 0.7724279 | AC84: 39.619302 | AD84: 0.66192197 | AF84: 11.15877 | AG84: 0.44440355 | AI84: 10.336874 | AJ84: 0.43792821
A85: Qatar | B85: 52.840383 | C85: 0.45525545 | E85: 29.011159 | F85: 0.38128881 | H85: 11.023602 | I85: 0.26525526 | K85: 7.1248549 | L85: 0.27977001 | N85: 54.344529 | O85: 0.43496971 | Q85: 29.502999 | R85: 0.45398005 | T85: 11.359516 | U85: 0.29626363 | W85: 4.7929555 | X85: 0.19012637 | Z85: 46.671601 | AA85: 0.41588519 | AC85: 30.358131 | AD85: 0.41438235 | AF85: 13.684644 | AG85: 0.26597805 | AI85: 9.2856241 | AJ85: 0.28649982
A86: Romania | B86: 49.918627 | C86: 1.1377856 | E86: 34.719482 | F86: 0.80939696 | H86: 8.4614446 | I86: 0.46776292 | K86: 6.9004454 | L86: 0.45674077 | N86: 40.16502 | O86: 1.1293412 | Q86: 40.944809 | R86: 0.85961552 | T86: 11.962105 | U86: 0.4919105 | W86: 6.9280664 | X86: 0.42239292 | Z86: 42.398713 | AA86: 1.0179847 | AC86: 35.107495 | AD86: 0.78376113 | AF86: 12.623412 | AG86: 0.61604126 | AI86: 9.8703794 | AJ86: 0.53761186
A87: Russia | B87: 74.71767 | C87: 0.66983257 | E87: 17.197643 | F87: 0.55359315 | H87: 4.0097169 | I87: 0.30569936 | K87: 4.0749703 | L87: 0.26561313 | N87: 61.012427 | O87: 1.1397889 | Q87: 26.795146 | R87: 0.77016636 | T87: 6.342789 | U87: 0.31819534 | W87: 5.849638 | X87: 0.38935066 | Z87: 43.420285 | AA87: 0.81495467 | AC87: 32.25421 | AD87: 0.86325978 | AF87: 11.1706 | AG87: 0.46116491 | AI87: 13.154904 | AJ87: 0.69094663
A88: Saudi Arabia | B88: 43.83759 | C88: 0.89762331 | E88: 35.807886 | F88: 0.63947134 | H88: 11.528381 | I88: 0.46245749 | K88: 8.8261435 | L88: 0.41599279 | N88: 44.473469 | O88: 0.92345843 | Q88: 36.819404 | R88: 0.73103262 | T88: 12.262269 | U88: 0.595501 | W88: 6.4448583 | X88: 0.39636571 | Z88: 44.537759 | AA88: 0.82787444 | AC88: 30.947416 | AD88: 0.60445605 | AF88: 14.299186 | AG88: 0.5091967 | AI88: 10.215639 | AJ88: 0.50333409
A89: Serbia | B89: 75.469696 | C89: 0.93080441 | E89: 15.650761 | F89: 0.60148446 | H89: 4.0685337 | I89: 0.2944143 | K89: 4.8110093 | L89: 0.34581429 | N89: 58.719182 | O89: 0.9878756 | Q89: 26.507333 | R89: 0.70578628 | T89: 9.142894 | U89: 0.44725301 | W89: 5.6305914 | X89: 0.35877424 | Z89: 38.935938 | AA89: 1.0725085 | AC89: 34.272755 | AD89: 0.66529468 | AF89: 12.956033 | AG89: 0.52269019 | AI89: 13.835275 | AJ89: 0.65251239
A90: Singapore | B90: 86.837627 | C90: 0.42561993 | E90: 10.174745 | F90: 0.37603544 | H90: 1.7196999 | I90: 0.16638033 | K90: 1.2679282 | L90: 0.13923749 | N90: 88.283285 | O90: 0.40687638 | Q90: 9.3542287 | R90: 0.3661117 | T90: 1.3722512 | U90: 0.14273969 | W90: 0.99023503 | X90: 0.1431868 | Z90: 62.631428 | AA90: 0.59896998 | AC90: 25.981603 | AD90: 0.52172659 | AF90: 6.0369182 | AG90: 0.26833462 | AI90: 5.3500517 | AJ90: 0.26479682
A91: Chinese Taipei | B91: 94.502263 | C91: 0.34153231 | E91: 3.6891803 | F91: 0.23853747 | H91: 0.96355783 | I91: 0.13761312 | K91: 0.84499902 | L91: 0.11027295 | N91: 87.004723 | O91: 0.60350859 | Q91: 9.5788957 | R91: 0.50502597 | T91: 2.0221575 | U91: 0.16783831 | W91: 1.3942242 | X91: 0.14798845 | Z91: 62.004698 | AA91: 0.98290961 | AC91: 25.473163 | AD91: 0.66590041 | AF91: 6.3843062 | AG91: 0.36317506 | AI91: 6.137833 | AJ91: 0.37815391
A92: Thailand | B92: 61.215257 | C92: 1.1077723 | E92: 30.082219 | F92: 0.82428429 | H92: 6.2974129 | I92: 0.37790966 | K92: 2.4051111 | L92: 0.20431201 | N92: 54.379896 | O92: 0.93610637 | Q92: 37.162816 | R92: 0.74654244 | T92: 6.6004559 | U92: 0.42069037 | W92: 1.8568324 | X92: 0.22642475 | Z92: 56.17048 | AA92: 1.0340272 | AC92: 28.272855 | AD92: 0.77153421 | AF92: 9.4238675 | AG92: 0.46454109 | AI92: 6.1327975 | AJ92: 0.39670348
A93: Ukraine | B93: 62.435335 | C93: 0.96985918 | E93: 26.779202 | F93: 0.73803967 | H93: 6.5493601 | I93: 0.40745877 | K93: 4.2361029 | L93: 0.34805321 | N93: 59.458479 | O93: 1.0494159 | Q93: 29.604968 | R93: 0.7893563 | T93: 7.5220196 | U93: 0.41351255 | W93: 3.4145328 | X93: 0.2985299 | Z93: 37.560767 | AA93: 1.0689212 | AC93: 36.989971 | AD93: 0.82244122 | AF93: 15.00158 | AG93: 0.61391963 | AI93: 10.447682 | AJ93: 0.50978646
A94: United Arab Emirates | B94: 71.751362 | C94: 0.47125795 | E94: 19.40382 | F94: 0.39362311 | H94: 5.0446251 | I94: 0.2170732 | K94: 3.8001935 | L94: 0.20760066 | N94: 63.842841 | O94: 0.6539553 | Q94: 23.751412 | R94: 0.62504041 | T94: 7.8406864 | U94: 0.28126541 | W94: 4.5650608 | X94: 0.24249827 | Z94: 54.835415 | AA94: 0.55348586 | AC94: 27.732749 | AD94: 0.48600934 | AF94: 11.016138 | AG94: 0.28844556 | AI94: 6.4156981 | AJ94: 0.23192981
A95: Uruguay | B95: 47.338612 | C95: 1.0242085 | D95: † | E95: 39.600358 | F95: 0.88817994 | G95: † | H95: 6.6632681 | I95: 0.44076733 | J95: † | K95: 6.3977613 | L95: 0.4629621 | M95: † | N95: 53.654747 | O95: 1.1114872 | P95: † | Q95: 33.959526 | R95: 0.86269688 | S95: † | T95: 7.6790591 | U95: 0.47625505 | V95: † | W95: 4.7066681 | X95: 0.37211149 | Y95: † | Z95: 32.139512 | AA95: 1.2098742 | AB95: † | AC95: 39.404851 | AD95: 0.96594058 | AE95: † | AF95: 15.635057 | AG95: 0.70991406 | AH95: † | AI95: 12.820581 | AJ95: 0.66309125 | AK95: †
A96: Viet Nam | B96: 94.271929 | C96: 0.54261729 | E96: 4.3667067 | F96: 0.39493751 | H96: 0.91694664 | I96: 0.14777933 | K96: 0.44441725 | L96: 0.11850563 | N96: 87.538177 | O96: 0.78611197 | Q96: 10.3428 | R96: 0.62275962 | T96: 1.5285164 | U96: 0.24213298 | W96: 0.59050718 | X96: 0.1147036 | Z96: 55.364788 | AA96: 1.0456679 | AC96: 36.439981 | AD96: 0.84127107 | AF96: 5.5064326 | AG96: 0.39812556 | AI96: 2.6887987 | AJ96: 0.26420678
A101: Information on data for Cyprus: https://oe.cd/cyprus-disclaimer
A102: *Data did not meet the PISA technical standards but were accepted as largely comparable (see Annexes A2 and A4).
A104: Note: Information regarding the proportion of the sample covered is shown next to the standard error. No symbol means at least 75% of the population was covered; one dagger (†) means at least 50% but less than 75%; and one double-dagger (‡) means less than 50% was covered. For comparisons across cycles, the coverage information corresponds to the cycle with the lowest sample coverage.

Sheet Table III.B1.4.2
A1: PISA 2018 Results (Volume III) - © OECD 2019
A2: Annex B1 | B2: Annex B1.4 Results (tables): Student truancy and lateness
A3: Version 2 - Last updated: 02-Dec-2019
A4: Disclaimer: http://oe.cd/disclaimer
A6: Table III.B1.4.2
A7: Change between 2015 and 2018 in student truancy and lateness
A8: Based on students' reports
B11: Change between 2015 and 2018 (PISA 2018 - PISA 2015)
B12: Percentage of students who reported that the following happened at least once in the two weeks prior to the PISA test:
B13: I skipped a whole day of school | E13: I skipped some classes | H13: I arrived late for school
B14: % dif. | C14: S.E. | E14: % dif. | F14: S.E. | H14: % dif. | I14: S.E.
A15: OECD
A16: Australia | B16: 4.0223942 | C16: 0.79134071 | E16: 5.1380601 | F16: 0.68080509 | H16: 4.5364723 | I16: 0.84181792
A17: Austria | B17: 6.4430318 | C17: 0.76817429 | E17: 8.7549067 | F17: 1.1410588 | H17: 6.8777547 | I17: 1.2863401
A18: Belgium | B18: 1.6101153 | C18: 0.49076357 | E18: 2.4628086 | F18: 0.76036495 | H18: 2.0418568 | I18: 1.1530839
A19: Canada | B19: 5.3927531 | C19: 0.70061022 | E19: 6.3054271 | F19: 0.9596141 | H19: 4.5835638 | I19: 1.0110073
A20: Chile | B20: 1.1932843 | C20: 0.78396505 | D20: † | E20: 0.23011398 | F20: 1.1472036 | G20: † | H20: 1.6985165 | I20: 1.2715321 | J20: †
A21: Colombia | B21: -0.25337619 | C21: 1.1422533 | D21: † | E21: -1.6221843 | F21: 1.2287867 | G21: † | H21: 2.2452002 | I21: 1.3678944 | J21: †
A22: Czech Republic | B22: 2.3793046 | C22: 0.66903406 | E22: 2.3224413 | F22: 0.72561479 | H22: 1.7983707 | I22: 1.3263474
A23: Denmark | B23: 2.6734908 | C23: 0.89312029 | E23: 0.40139076 | F23: 1.1901776 | H23: 0.35203114 | I23: 1.2581104
A24: Estonia | B24: -5.4849172 | C24: 0.95334506 | E24: -3.8848865 | F24: 1.2094823 | H24: 1.8491549 | I24: 1.1816474
A25: Finland | B25: -23.408627 | C25: 1.0429373 | E25: -28.216005 | F25: 1.1114954 | H25: 8.4006262 | I25: 1.2125636
A26: France | B26: 5.2627587 | C26: 0.87197495 | E26: 4.7889543 | F26: 1.1681834 | H26: 4.3605008 | I26: 1.264142
A27: Germany | B27: 4.4068966 | C27: 0.96786761 | D27: ‡ | E27: 5.2589083 | F27: 1.2704161 | G27: ‡ | H27: 5.7605896 | I27: 1.7022336 | J27: ‡
A28: Greece | B28: 8.9158363 | C28: 1.0483662 | E28: 5.8992605 | F28: 1.9145797 | H28: 1.6002301 | I28: 1.1303055
A29: Hungary | B29: 3.6045973 | C29: 0.81177723 | E29: 1.5831043 | F29: 1.2194684 | H29: 5.7126474 | I29: 1.444032
A30: Iceland | B30: 2.865922 | C30: 0.63930655 | E30: 5.9647622 | F30: 1.1543746 | H30: -0.52410161 | I30: 1.3799751
A31: Ireland | B31: 5.5163517 | C31: 1.1079822 | E31: 4.6052761 | F31: 1.2404962 | H31: 2.5112479 | I31: 1.3446357
A32: Israel | B32: 5.7395682 | C32: 1.2508446 | E32: 6.9754505 | F32: 1.5848815 | H32: 3.2693121 | I32: 1.4563487
A33: Italy | B33: 1.595832 | C33: 1.269503 | E33: 11.554599 | F33: 1.1493545 | H33: 8.9194174 | I33: 1.2869827
A34: Japan | B34: 0.33948889 | C34: 0.41804135 | E34: 0.4907904 | F34: 0.50720757 | H34: 0.94011235 | I34: 0.95215356
A35: Korea | B35: 0.36703753 | C35: 0.39446828 | E35: -0.037128665 | F35: 0.48154318 | H35: -0.26488942 | I35: 1.2388675
A36: Latvia | B36: 3.9300411 | C36: 1.0780216 | E36: 1.6896124 | F36: 1.2366929 | H36: 1.8025315 | I36: 1.2869146
A37: Lithuania | B37: 5.5655756 | C37: 1.0027543 | E37: 1.5095868 | F37: 1.2181243 | H37: 2.0608284 | I37: 1.1561892
A38: Luxembourg | B38: 3.7505035 | C38: 0.67993057 | E38: 4.0589104 | F38: 0.78999758 | H38: 0.37851062 | I38: 1.0128109
A39: Mexico | B39: 2.962276 | C39: 1.3029869 | D39: † | E39: 3.8049617 | F39: 1.261474 | G39: † | H39: -1.8658981 | I39: 1.4772446 | J39: †
A40: Netherlands* | B40: 1.9092878 | C40: 0.64083457 | E40: 3.5806956 | F40: 1.2961301 | H40: -2.176842 | I40: 1.3911239
A41: New Zealand | B41: 4.0146685 | C41: 1.0529259 | E41: 3.8482556 | F41: 1.1251916 | H41: 2.3005755 | I41: 1.3403237
A42: Norway | B42: 0.095120385 | C42: 0.72003776 | E42: 1.214402 | F42: 0.9432202 | H42: 2.2937829 | I42: 1.2379527
A43: Poland | B43: 3.668103 | C43: 1.3298246 | E43: -1.9614007 | F43: 1.5272667 | H43: -1.166762 | I43: 1.6019603
A44: Portugal* | B44: 7.2762842 | C44: 0.94713783 | E44: 6.8461108 | F44: 1.1363548 | H44: 4.1211867 | I44: 1.2942297
A45: Slovak Republic | B45: -33.676327 | C45: 1.194784 | E45: -25.452927 | F45: 1.1561105 | H45: 15.248866 | I45: 1.3318822
A46: Slovenia | B46: 5.3924804 | C46: 0.78152972 | E46: 2.1221514 | F46: 1.0733229 | H46: 5.7186685 | I46: 1.0962977
A47: Spain | B47: 4.9772234 | C47: 0.87117243 | D47: † | E47: 2.9534159 | F47: 1.052689 | G47: † | H47: 1.8894843 | I47: 1.0663835 | J47: †
A48: Sweden | B48: 0.94030136 | C48: 0.73813105 | E48: 0.68792355 | F48: 1.0044495 | H48: -1.4582239 | I48: 1.2234629
A49: Switzerland | B49: 5.7840648 | C49: 1.2003627 | D49: † | E49: 6.7829137 | F49: 1.4306527 | G49: † | H49: 4.5463529 | I49: 1.7624978 | J49: †
A50: Turkey | B50: 4.6492133 | C50: 1.2934941 | E50: 2.6533868 | F50: 1.4169959 | H50: -0.74545217 | I50: 1.4411677
A51: United Kingdom | B51: -6.701725 | C51: 0.82441044 | E51: -18.19919 | F51: 0.94975752 | H51: 6.5452805 | I51: 1.2449815
A52: United States* | B52: -17.305964 | C52: 1.0917877 | E52: -23.327251 | F52: 1.3496797 | H52: 8.5050945 | I52: 1.5312459
A53: OECD average | B53: 0.82196951 | C53: 0.15541378 | E53: 0.31858397 | F53: 0.19135584 | H53: 3.0990973 | I53: 0.21383061
A54: Partners
A55: Albania | B55: m | C55: m | E55: m | F55: m | H55: m | I55: m
A56: Argentina | B56: m | C56: m | E56: m | F56: m | H56: m | I56: m
A57: Baku (Azerbaijan) | B57: m | C57: m | E57: m | F57: m | H57: m | I57: m
A58: Belarus | B58: m | C58: m | E58: m | F58: m | H58: m | I58: m
A59: Bosnia and Herzegovina | B59: m | C59: m | E59: m | F59: m | H59: m | I59: m
A60: Brazil | B60: 2.4151318 | C60: 0.97801948 | D60: † | E60: 4.5285826 | F60: 1.0579404 | G60: † | H60: 4.1678982 | I60: 1.0498184 | J60: †
A61: Brunei Darussalam | B61: m | C61: m | E61: m | F61: m | H61: m | I61: m
A62: B-S-J-Z (China) | B62: m | C62: m | E62: m | F62: m | H62: m | I62: m
A63: Bulgaria | B63: -0.57211852 | C63: 1.3377237 | E63: 1.7391117 | F63: 1.5582658 | H63: 1.397741 | I63: 1.419536
A64: Costa Rica | B64: -0.24313569 | C64: 1.2483685 | E64: -3.1880724 | F64: 1.1538393 | H64: -3.0485165 | I64: 1.3860794
A65: Croatia | B65: 3.3339467 | C65: 0.92748308 | E65: -0.43015102 | F65: 1.0890663 | H65: 6.8247976 | I65: 1.3497247
A66: Cyprus | B66: 8.6653872 | C66: 1.0546993 | D66: † | E66: 3.0136025 | F66: 1.0818162 | G66: † | H66: 5.6267333 | I66: 1.0250033 | J66: †
A67: Dominican Republic | B67: 0.67438722 | C67: 1.7191129 | D67: ‡ | E67: 1.7057877 | F67: 1.9950054 | G67: ‡ | H67: 8.8032827 | I67: 1.8492138 | J67: ‡
A68: Georgia | B68: m | C68: m | E68: m | F68: m | H68: m | I68: m
A69: Hong Kong (China)* | B69: 3.4734762 | C69: 0.49833044 | E69: 2.57672 | F69: 0.49118581 | H69: 0.071019821 | I69: 0.99791735
A70: Indonesia | B70: m | C70: m | E70: m | F70: m | H70: m | I70: m
A71: Jordan | B71: m | C71: m | E71: m | F71: m | H71: m | I71: m
A72: Kazakhstan | B72: m | C72: m | E72: m | F72: m | H72: m | I72: m
A73: Kosovo | B73: m | C73: m | E73: m | F73: m | H73: m | I73: m
A74: Lebanon | B74: m | C74: m | E74: m | F74: m | H74: m | I74: m
A75: Macao (China) | B75: 2.399853 | C75: 0.58032268 | E75: 3.7180424 | F75: 0.70124835 | H75: -0.65484446 | I75: 0.83559334
A76: Malaysia | B76: m | C76: m | E76: m | F76: m | H76: m | I76: m
A77: Malta | B77: m | C77: m | E77: m | F77: m | H77: m | I77: m
A78: Moldova | B78: m | C78: m | E78: m | F78: m | H78: m | I78: m
A79: Montenegro | B79: -2.0814433 | C79: 1.0181887 | E79: -0.24356258 | F79: 1.0831636 | H79: 3.1921585 | I79: 0.95383942
A80: Morocco | B80: m | C80: m | E80: m | F80: m | H80: m | I80: m
A81: North Macedonia | B81: m | C81: m | E81: m | F81: m | H81: m | I81: m
A82: Panama | B82: m | C82: m | E82: m | F82: m | H82: m | I82: m
A83: Peru | B83: 8.5795746 | C83: 1.4613907 | D83: ‡ | E83: 5.1915579 | F83: 1.391968 | G83: ‡ | H83: 2.5806398 | I83: 1.5601109 | J83: ‡
A84: Philippines | B84: m | C84: m | E84: m | F84: m | H84: m | I84: m
A85: Qatar | B85: 6.8981323 | C85: 0.66778851 | E85: 10.832126 | F85: 0.61905771 | H85: 6.5453792 | I85: 0.59409791
A86: Romania | B86: m | C86: m | E86: m | F86: m | H86: m | I86: m
A87: Russia | B87: 2.0543334 | C87: 0.94126278 | E87: 0.41081187 | F87: 1.6294117 | H87: 1.0506077 | I87: 1.6177244
A88: Saudi Arabia | B88: m | C88: m | E88: m | F88: m | H88: m | I88: m
A89: Serbia | B89: m | C89: m | E89: m | F89: m | H89: m | I89: m
A90: Singapore | B90: -1.1479628 | C90: 0.67232263 | E90: -1.8165978 | F90: 0.62354112 | H90: 13.454335 | I90: 0.83279377
A91: Chinese Taipei | B91: 2.3187516 | C91: 0.39249578 | E91: 2.3949854 | F91: 0.80218536 | H91: 4.2123575 | I91: 1.2798885
A92: Thailand | B92: 7.4103937 | C92: 1.4120928 | E92: 3.7203038 | F92: 1.4569538 | H92: 7.6904039 | I92: 1.4189694
A93: Ukraine | B93: m | C93: m | E93: m | F93: m | H93: m | I93: m
A94: United Arab Emirates | B94: 7.290123 | C94: 0.85895681 | E94: 3.1049929 | F94: 0.99256736 | H94: 1.6922334 | I94: 0.90996873
A95: Uruguay | B95: 1.1292458 | C95: 1.32532 | D95: † | E95: 6.0317507 | F95: 1.4346365 | G95: † | H95: 2.8988945 | I95: 1.4823122 | J95: †
A96: Viet Nam | B96: m | C96: m | E96: m | F96: m | H96: m | I96: m
A101: Information on data for Cyprus: https://oe.cd/cyprus-disclaimer
A102: *PISA 2018 data did not meet the PISA technical standards but were accepted as largely comparable (see Annexes A2 and A4).
A104: Notes: Values that are statistically significant are indicated in bold (see Annex A3).
A105: Information regarding the proportion of the sample covered is shown next to the standard error. No symbol means at least 75% of the population was covered; one dagger (†) means at least 50% but less than 75%; and one double-dagger (‡) means less than 50% was covered. For comparisons across cycles, the coverage information corresponds to the cycle with the lowest sample coverage.

Sheet Table III.B1.4.3
A1: PISA 2018 Results (Volume III) - © OECD 2019
A2: Annex B1 | B2: Annex B1.4 Results (tables): Student truancy and lateness
A3: Version 2 - Last updated: 02-Dec-2019
A4: Disclaimer: http://oe.cd/disclaimer
A6: Table III.B1.4.3
A7: Prevalence of student truancy in schools
A8: Based on students' reports
B11: Percentage of students who skipped a whole day of school at least once in the two weeks prior to the PISA test | E11: Percentage of students who are in schools where…
E12: Over 90% of students skipped school at least once in the two weeks prior to the PISA test | H12: Between 75% and 90% of students skipped school at least once in the two weeks prior to the PISA test | K12: Between 25% and 75% of students skipped school at least once in the two weeks prior to the PISA test | N12: Between 10% and 25% of students skipped school at least once in the two weeks prior to the PISA test | Q12: 10% of students or less skipped school at least once in the two weeks prior to the PISA test
B14: % | C14: S.E. | E14: % | F14: S.E. | H14: % | I14: S.E. | K14: % | L14: S.E. | N14: % | O14: S.E. | Q14: % | R14: S.E.
A15: OECD
A16: Australia | B16: 32.991872 | C16: 0.55475889 | E16: 0.50087711 | F16: 0.31674606 | H16: 0.25854994 | I16: 0.13933489 | K16: 68.910478 | L16: 1.926843 | N16: 24.919568 | O16: 1.8028784 | Q16: 5.4105272 | R16: 0.89707068
A17: Austria | B17: 17.330108 | C17: 0.58488252 | E17: 0.26156258 | F17: 0.24366521 | H17: 0 | I17: c | K17: 22.327168 | L17: 2.4254428 | N17: 47.696865 | O17: 3.393876 | Q17: 29.714405 | R17: 2.9710337
A18: Belgium | B18: 8.6869765 | C18: 0.35052522 | E18: 0.057242495 | F18: 0.056248757 | H18: 0 | I18: c | K18: 5.7024507 | L18: 1.1446589 | N18: 31.225348 | O18: 2.6724293 | Q18: 63.014959 | R18: 2.4446
A19: Canada | B19: 23.212892 | C19: 0.4968779 | E19: 0.072384429 | F19: 0.029468728 | H19: 0.054275151 | I19: 0.040136144 | K19: 42.111374 | L19: 2.3290603 | N19: 44.539645 | O19: 2.3899008 | Q19: 13.222322 | R19: 1.291186
A20: Chile | B20: 10.495691 | C20: 0.53206702 | D20: † | E20: 0.52379841 | F20: 0.26981119 | H20: 0 | I20: c | K20: 7.3201878 | L20: 1.6385689 | N20: 37.853069 | O20: 3.3985013 | Q20: 54.302945 | R20: 3.3571812
A21: Colombia | B21: 43.594141 | C21: 0.79188107 | D21: † | E21: 1.6372166 | F21: 0.84518402 | H21: 0.30433051 | I21: 0.19449179 | K21: 89.909514 | L21: 1.902692 | N21: 6.8722481 | O21: 1.5760116 | Q21: 1.2766907 | R21: 0.7148788
A22: Czech Republic | B22: 10.454775 | C22: 0.50063053 | E22: 0.32402617 | F22: 0.32285801 | H22: 0 | I22: c | K22: 9.1669047 | L22: 1.6020718 | N22: 34.315415 | O22: 3.0883411 | Q22: 56.193654 | R22: 2.9216721
A23: Denmark | B23: 19.665517 | C23: 0.7011951 | E23: 0.12587619 | F23: 0.10316477 | H23: 0 | I23: c | K23: 28.324489 | L23: 2.6088936 | N23: 54.013926 | O23: 3.3028999 | Q23: 17.535709 | R23: 2.5314462
A24: Estonia | B24: 17.485387 | C24: 0.58456501 | E24: 0.10107781 | F24: 0.06937347 | H24: 0 | I24: c | K24: 22.849036 | L24: 1.8663988 | N24: 47.446228 | O24: 1.9359859 | Q24: 29.603658 | R24: 1.6434741
A25: Finland | B25: 13.204824 | C25: 0.56717241 | E25: 0 | F25: c | H25: 0 | I25: c | K25: 9.7796781 | L25: 1.997302 | N25: 51.895301 | O25: 3.5947569 | Q25: 38.325021 | R25: 3.4057518
A26: France | B26: 16.111893 | C26: 0.66023669 | E26: 0.13305184 | F26: 0.096453154 | H26: 0 | I26: c | K26: 20.898549 | L26: 2.622155 | N26: 45.051287 | O26: 3.3768105 | Q26: 33.917112 | R26: 3.0543309
A27: Germany | B27: 13.287016 | C27: 0.85752485 | D27: ‡ | E27: 0 | F27: c | H27: 0.42703989 | I27: 0.4290057 | K27: 22.015401 | L27: 2.7587263 | N27: 33.532582 | O27: 3.0317899 | Q27: 44.024977 | R27: 3.3031088
A28: Greece | B28: 28.561955 | C28: 0.63731893 | E28: 0.25741159 | F28: 0.14844843 | H28: 0.48339152 | I28: 0.48468683 | K28: 53.977676 | L28: 2.8793532 | N28: 40.464872 | O28: 2.9591727 | Q28: 4.8166481 | R28: 1.4099632
A29: Hungary | B29: 12.017263 | C29: 0.66946146 | E29: 0.36129866 | F29: 0.16170523 | H29: 0.14584877 | I29: 0.14590665 | K29: 12.456724 | L29: 2.0557091 | N29: 29.680227 | O29: 3.320917 | Q29: 57.355901 | R29: 3.1814417
A30: Iceland | B30: 7.350523 | C30: 0.52694601 | E30: 0.11309257 | F30: 0.02973716 | H30: 0 | I30: c | K30: 0.82373035 | L30: 0.065221922 | N30: 22.535407 | O30: 0.18316156 | Q30: 76.52777 | R30: 0.19274975
A31: Ireland | B31: 29.893502 | C31: 0.80737933 | E31: 0 | F31: c | H31: 0 | I31: c | K31: 69.694127 | L31: 3.7386693 | N31: 27.706658 | O31: 3.85098 | Q31: 2.5992152 | R31: 1.3255717
A32: Israel | B32: 38.434592 | C32: 0.84529106 | E32: 0.98562957 | F32: 0.72570539 | H32: 0.31508206 | I32: 0.32583899 | K32: 84.537566 | L32: 2.0770547 | N32: 11.840835 | O32: 2.1326421 | Q32: 2.3208873 | R32: 1.1638703
A33: Italy | B33: 56.805407 | C33: 0.9853858 | E33: 2.147971 | F33: 0.79681696 | H33: 13.526417 | I33: 2.224219 | K33: 82.430261 | L33: 2.3838096 | N33: 1.6560104 | O33: 0.79953147 | Q33: 0.23934085 | R33: 0.11894009
A34: Japan | B34: 2.1053503 | C34: 0.35354781 | E34: 0 | F34: c | H34: 0 | I34: c | K34: 0.54870529 | L34: 0.49759421 | N34: 3.8081198 | O34: 1.1341575 | Q34: 95.643175 | R34: 1.2438309
A35: Korea | B35: 2.2315881 | C35: 0.32630547 | E35: 0 | F35: c | H35: 0 | I35: c | K35: 0.13771505 | L35: 0.1502511 | N35: 5.606351 | O35: 1.8820447 | Q35: 94.255934 | R35: 1.8867201
A36: Latvia | B36: 28.650015 | C36: 0.77686397 | E36: 0.67714593 | F36: 0.34483561 | H36: 0.92784404 | I36: 0.45922362 | K36: 54.064315 | L36: 1.7626893 | N36: 37.050775 | O36: 1.7579742 | Q36: 7.2799196 | R36: 1.0379263
A37: Lithuania | B37: 27.844431 | C37: 0.6832187 | E37: 0.41136381 | F37: 0.23522326 | H37: 1.6171574 | I37: 0.61911502 | K37: 49.993144 | L37: 1.7087679 | N37: 35.678783 | O37: 1.5978066 | Q37: 12.299551 | R37: 0.9415261
A38: Luxembourg | B38: 15.198652 | C38: 0.5562809 | E38: 0 | F38: c | H38: 0 | I38: c | K38: 14.26701 | L38: 0.072839115 | N38: 63.914714 | O38: 0.082865094 | Q38: 21.818275 | R38: 0.072602169
A39: Mexico | B39: 28.733323 | C39: 1.034841 | D39: † | E39: 2.3553803 | F39: 1.0597875 | H39: 0.1609234 | I39: 0.16497149 | K39: 52.90879 | L39: 3.1860732 | N39: 29.976606 | O39: 2.9775372 | Q39: 14.598299 | R39: 2.3554523
A40: Netherlands* | B40: 7.2389209 | C40: 0.54158444 | E40: 0 | F40: c | H40: 0 | I40: c | K40: 2.9627032 | L40: 1.442228 | N40: 29.612959 | O40: 3.3154375 | Q40: 67.424338 | R40: 3.4346544
A41: New Zealand | B41: 28.984797 | C41: 0.81876377 | E41: 0 | F41: c | H41: 0.93210377 | I41: 0.57603162 | K41: 62.048851 | L41: 2.9344321 | N41: 32.09638 | O41: 2.7396204 | Q41: 4.9226653 | R41: 1.2537813
A42: Norway | B42: 13.568112 | C42: 0.51978064 | E42: 0 | F42: c | H42: 0 | I42: c | K42: 7.9542023 | L42: 1.7502478 | N42: 55.941872 | O42: 3.2493915 | Q42: 36.103926 | R42: 3.2285855
A43: Poland | B43: 23.94346 | C43: 0.9892452 | E43: 0.15591857 | F43: 0.11836375 | H43: 0.29015928 | I43: 0.28324224 | K43: 39.702754 | L43: 3.5349339 | N43: 44.825839 | O43: 3.7191372 | Q43: 15.02533 | R43: 2.0770272
A44: Portugal* | B44: 28.089308 | C44: 0.66231314 | E44: 0.32626578 | F44: 0.21265732 | H44: 0.36352823 | I44: 0.34912891 | K44: 60.106399 | L44: 2.944846 | N44: 32.433632 | O44: 2.7709035 | Q44: 6.7701755 | R44: 1.3309816
A45: Slovak Republic | B45: 17.45453 | C45: 0.69741453 | E45: 0 | F45: c | H45: 0.35871264 | I45: 0.2696031 | K45: 26.994565 | L45: 2.5879471 | N45: 38.767057 | O45: 2.8565743 | Q45: 33.879666 | R45: 2.8972832
A46: Slovenia | B46: 17.794677 | C46: 0.60340965 | E46: 0.46370324 | F46: 0.29093475 | H46: 0 | I46: c | K46: 26.882595 | L46: 0.65197384 | N46: 34.661489 | O46: 0.35460165 | Q46: 37.992213 | R46: 0.59292804
A47: Spain | B47: 29.630082 | C47: 0.56510653 | D47: † | E47: 0.67742179 | F47: 0.36899648 | H47: 0.64807008 | I47: 0.4140277 | K47: 58.892359 | L47: 1.9422393 | N47: 34.650532 | O47: 2.0125546 | Q47: 5.1316174 | R47: 0.88651788
A48: Sweden | B48: 9.9472432 | C48: 0.54054465 | E48: 0.072708539 | F48: 0.076721719 | H48: 0 | I48: c | K48: 5.6923788 | L48: 1.5468357 | N48: 36.166225 | O48: 3.0609406 | Q48: 58.068687 | R48: 3.2221667
A49: Switzerland | B49: 15.42471 | C49: 1.0216361 | D49: † | E49: 1.1478163 | F49: 0.79292283 | H49: 0 | I49: c | K49: 23.229651 | L49: 3.4608281 | N49: 39.515211 | O49: 3.7214565 | Q49: 36.107322 | R49: 3.8002863
A50: Turkey | B50: 51.602986 | C50: 0.93098975 | E50: 0 | F50: c | H50: 2.4394555 | I50: 1.3783526 | K50: 96.748015 | L50: 1.526746 | N50: 0.71942553 | O50: 0.64526321 | Q50: 0.093104139 | R50: 0.092523231
A51: United Kingdom | B51: 18.756904 | C51: 0.53854725 | E51: 0 | F51: c | H51: 0 | I51: c | K51: 24.489781 | L51: 2.5967768 | N51: 56.219441 | O51: 3.3370382 | Q51: 19.290778 | R51: 2.4270461
A52: United States* | B52: 19.850615 | C52: 0.78751881 | E52: 0 | F52: c | H52: 0 | I52: c | K52: 28.174841 | L52: 3.5173575 | N52: 54.536395 | O52: 4.0165685 | Q52: 17.288764 | R52: 3.2900577
A53: OECD average | B53: 21.260379 | C53: 0.11335929 | E53: 0.37541193 | F53: 0.057349144 | H53: 0.62845646 | I53: 0.080410402 | K53: 34.838759 | L53: 0.37111666 | N53: 34.038576 | O53: 0.44603135 | Q53: 30.118797 | R53: 0.36997951
A54: Partners
A55: Albania | B55: 31.465955 | C55: 0.7718481 | E55: 0.76554774 | F55: 0.19612011 | H55: 0.81111039 | I55: 0.42044197 | K55: 64.284843 | L55: 2.6842924 | N55: 28.750597 | O55: 2.5636431 | Q55: 5.3879022 | R55: 1.0777967
A56: Argentina | B56: 44.505183 | C56: 0.89206234 | D56: † | E56: 1.9374388 | F56: 0.7849572 | H56: 1.8909581 | I56: 0.81821261 | K56: 84.394264 | L56: 2.2772276 | N56: 9.4761281 | O56: 2.0276313 | Q56: 2.3012107 | R56: 0.73277991
A57: Baku (Azerbaijan) | B57: 46.499245 | C57: 0.9159588 | D57: † | E57: 0 | F57: c | H57: 2.0726461 | I57: 1.0105806 | K57: 94.420865 | L57: 1.6594287 | N57: 3.5064887 | O57: 1.3234569 | Q57: 0 | R57: c
A58: Belarus | B58: 24.161768 | C58: 0.72860543 | E58: 0.048161241 | F58: 0.048181712 | H58: 0.48482316 | I58: 0.30723273 | K58: 42.266915 | L58: 3.4407378 | N58: 48.13476 | O58: 3.5836051 | Q58: 9.0653408 | R58: 2.0891266
A59: Bosnia and Herzegovina | B59: 46.524445 | C59: 0.86768051 | E59: 0.31502547 | F59: 0.14462488 | H59: 2.0822092 | I59: 0.75982193 | K59: 92.311802 | L59: 1.6544719 | N59: 5.1683027 | O59: 1.4885572 | Q59: 0.12266114 | R59: 0.085154793
A60: Brazil | B60: 50.391422 | C60: 0.7545383 | D60: † | E60: 3.9689218 | F60: 0.64727991 | H60: 6.0686685 | I60: 1.1063795 | K60: 82.629438 | L60: 1.8003387 | N60: 5.3785763 | O60: 1.234407 | Q60: 1.954395 | R60: 0.46273676
A61: Brunei Darussalam | B61: 10.322262 | C61: 0.380695 | D61: † | E61: 0 | F61: c | H61: 0 | I61: c | K61: 1.6171287 | L61: 0.015183472 | N61: 51.398965 | O61: 0.073160943 | Q61: 46.983906 | R61: 0.069064415
A62: B-S-J-Z (China) | B62: 1.2380953 | C62: 0.12968324 | E62: 0 | F62: c | H62: 0 | I62: c | K62: 0 | L62: c | N62: 0.39637097 | O62: 0.23941241 | Q62: 99.603629 | R62: 0.23941241
A63: Bulgaria | B63: 44.119789 | C63: 0.94543342 | E63: 0.43745826 | F63: 0.35968354 | H63: 1.1325058 | I63: 0.58451718 | K63: 91.140519 | L63: 2.0064005 | N63: 6.7827445 | O63: 1.954013 | Q63: 0.50677204 | R63: 0.44938903
A64: Costa Rica | B64: 38.823618 | C64: 0.88090181 | E64: 0 | F64: c | H64: 0.70805795 | I64: 0.7236745 | K64: 89.044263 | L64: 2.2799868 | N64: 7.8614462 | O64: 1.7682876 | Q64: 2.3862324 | R64: 1.6303438
A65: Croatia | B65: 15.655024 | C65: 0.70867101 | E65: 0 | F65: c | H65: 0 | I65: c | K65: 22.811114 | L65: 2.5522838 | N65: 37.656448 | O65: 3.1950029 | Q65: 39.532438 | R65: 2.8596562
A66: Cyprus | B66: 32.029805 | C66: 0.87766647 | D66: † | E66: 0.5670023 | F66: 0.19282304 | H66: 0 | I66: c | K66: 74.260801 | L66: 0.79018565 | N66: 23.560721 | O66: 0.72702449 | Q66: 1.6114757 | R66: 0.30432693
A67: Dominican Republic | B67: 52.081078 | C67: 1.4563057 | D67: ‡ | E67: 9.7983619 | F67: 2.1012605 | H67: 7.5176233 | I67: 1.885426 | K67: 67.177661 | L67: 3.5104407 | N67: 4.7543195 | O67: 1.6512602 | Q67: 10.752034 | R67: 2.3078644
A68: Georgia | B68: 62.211758 | C68: 0.86896646 | E68: 2.8290763 | F68: 0.77795858 | H68: 17.615338 | I68: 2.4881941 | K68: 77.215386 | L68: 2.7488312 | N68: 1.7644749 | O68: 0.69594807 | Q68: 0.57572429 | R68: 0.22879935
A69: Hong Kong (China)* | B69: 7.0175481 | C69: 0.43709221 | E69: 0 | F69: c | H69: 0 | I69: c | K69: 2.3866891 | L69: 1.2102923 | N69: 22.448135 | O69: 3.5676898 | Q69: 75.165176 | R69: 3.4133799
A70: Indonesia | B70: 21.096299 | C70: 0.98712968 | E70: 0.12303021 | F70: 0.13104414 | H70: 0.27026566 | I70: 0.27834259 | K70: 34.238393 | L70: 3.5865938 | N70: 45.712129 | O70: 3.7178495 | Q70: 19.656182 | R70: 3.0434562
A71: Jordan | B71: 53.202469 | C71: 0.74962623 | E71: 0.19515292 | F71: 0.18044596 | H71: 4.4682814 | I71: 1.4168655 | K71: 93.995945 | L71: 1.6589794 | N71: 1.2979063 | O71: 0.80880984 | Q71: 0.042714012 | R71: 0.04270961
A72: Kazakhstan | B72: 52.080389 | C72: 0.65339008 | E72: 1.6422098 | F72: 0.94641698 | H72: 2.0169393 | I72: 0.51731653 | K72: 93.219628 | L72: 1.1410495 | N72: 2.335339 | O72: 0.51681129 | Q72: 0.78588437 | R72: 0.17074786
A73: Kosovo | B73: 45.892737 | C73: 0.77764162 | E73: 0.84313203 | F73: 0.42457842 | H73: 0.46109114 | I73: 0.2680437 | K73: 92.515289 | L73: 0.92423153 | N73: 5.7499408 | O73: 0.84248936 | Q73: 0.43054715 | R73: 0.255719
A74: Lebanon | B74: m | C74: m | E74: m | F74: m | H74: m | I74: m | K74: m | L74: m | N74: m | O74: m | Q74: m | R74: m
A75: Macao (China) | B75: 8.7631793 | C75: 0.44681292 | E75: 0 | F75: c | H75: 0 | I75: c | K75: 8.5964589 | L75: 0.032405071 | N75: 14.801075 | O75: 0.0429276 | Q75: 76.602466 | R75: 0.048230169
A76: Malaysia | B76: 15.809167 | C76: 0.63724772 | E76: 0 | F76: c | H76: 0 | I76: c | K76: 17.842768 | L76: 2.7281632 | N76: 48.732479 | O76: 3.7528473 | Q76: 33.424752 | R76: 3.1652056
A77: Malta | B77: 50.558894 | C77: 0.97954934 | E77: 0 | F77: c | H77: 0 | I77: c | K77: 96.889537 | L77: 0.057872781 | N77: 3.0216671 | O77: 0.027992929 | Q77: 0.088796157 | R77: 0.051095903
A78: Moldova | B78: 39.458866 | C78: 0.86263708 | E78: 0.68297526 | F78: 0.40163559 | H78: 0.995582 | I78: 0.52775291 | K78: 78.86876 | L78: 2.2673765 | N78: 15.351519 | O78: 2.3253352 | Q78: 4.1011637 | R78: 1.261714
A79: Montenegro | B79: 57.517888 | C79: 0.66296497 | E79: 0.63838679 | F79: 0.36307227 | H79: 0.59433102 | I79: 0.4009907 | K79: 98.574476 | L79: 0.32694242 | N79: 0 | O79: c | Q79: 0.19280586 | R79: 0.20250869
A80: Morocco | B80: 44.218695 | C80: 1.0573287 | D80: ‡ | E80: 1.903706 | F80: 0.99290846 | H80: 2.8595839 | I80: 1.3899572 | K80: 85.895945 | L80: 2.688473 | N80: 6.1147445 | O80: 1.7994079 | Q80: 3.2260207 | R80: 1.3297571
A81: North Macedonia | B81: m | C81: m | E81: m | F81: m | H81: m | I81: m | K81: m | L81: m | N81: m | O81: m | Q81: m | R81: m
A82: Panama | B82: 58.00872 | C82: 1.3517826 | D82: ‡ | E82: 6.4341303 | F82: 1.2716947 | H82: 12.084158 | I82: 1.570722 | K82: 72.165542 | L82: 2.0257555 | N82: 4.1494054 | O82: 0.94790294 | Q82: 5.1667645 | R82: 1.2282455
A83: Peru | B83: 48.534041 | C83: 1.2389141 | D83: ‡ | E83: 6.8904761 | F83: 1.3822604 | H83: 6.1794631 | I83: 1.5781443 | K83: 69.643058 | L83: 2.9924404 | N83: 7.9274476 | O83: 1.6760277 | Q83: 9.3595555 | R83: 1.3687574
A84: Philippines | B84: 28.768488 | C84: 0.90762939 | E84: 0 | F84: c | H84: 0 | I84: c | K84: 61.254144 | L84: 3.4364969 | N84: 32.428795 | O84: 3.5852384 | Q84: 6.317061 | R84: 2.0257144
A85: Qatar | B85: 47.159617 | C85: 0.45525545 | E85: 0 | F85: c | H85: 1.800362 | I85: 0.037884028 | K85: 85.052387 | L85: 0.065054809 | N85: 12.989026 | O85: 0.0478522 | Q85: 0.15822559 | R85: 0.015465911
A86: Romania | B86: 50.081373 | C86: 1.1377856 | E86: 0.67605722 | F86: 0.35821787 | H86: 3.0818699 | I86: 1.1975914 | K86: 91.631262 | L86: 1.7049291 | N86: 2.8514095 | O86: 1.3013169 | Q86: 1.7594012 | R86: 0.22840033
A87: Russia | B87: 25.28233 | C87: 0.66983257 | E87: 0.037354939 | F87: 0.037555509 | H87: 0 | I87: c | K87: 50.976628 | L87: 3.3915043 | N87: 41.156864 | O87: 3.8549425 | Q87: 7.8291539 | R87: 1.9070982
A88: Saudi Arabia | B88: 56.16241 | C88: 0.89762331 | E88: 1.4811211 | F88: 0.65422582 | H88: 12.102219 | I88: 1.8746431 | K88: 83.280125 | L88: 2.2495083 | N88: 2.9281553 | O88: 1.0065081 | Q88: 0.20837973 | R88: 0.1455688
A89: Serbia | B89: 24.530304 | C89: 0.93080441 | E89: 0.11571775 | F89: 0.11567538 | H89: 0 | I89: c | K89: 47.709886 | L89: 2.9861978 | N89: 40.092068 | O89: 2.9661866 | Q89: 12.082329 | R89: 2.4912819
A90: Singapore | B90: 13.162373 | C90: 0.42561993 | E90: 0 | F90: c | H90: 0 | I90: c | K90: 7.4663727 | L90: 0.66396779 | N90: 51.18693 | O90: 1.1135151 | Q90: 41.346697 | R90: 1.1562762
A91: Chinese Taipei | B91: 5.4977371 | C91: 0.34153231 | E91: 0 | F91: c | H91: 0 | I91: c | K91: 1.6415875 | L91: 0.62299204 | N91: 16.453169 | O91: 2.5644934 | Q91: 81.905243 | R91: 2.525709
A92: Thailand | B92: 38.784743 | C92: 1.1077723 | E92: 0.37243267 | F92: 0.16702962 | H92: 1.3085033 | I92: 0.85453135 | K92: 79.551297 | L92: 3.5341055 | N92: 17.863496 | O92: 3.403538 | Q92: 0.90427106 | R92: 0.23102024
A93: Ukraine | B93: 37.564665 | C93: 0.96985918 | E93: 0.044583957 | F93: 0.063206952 | H93: 1.1717328 | I93: 0.49282892 | K93: 79.513975 | L93: 2.379117 | N93: 16.558848 | O93: 2.1400766 | Q93: 2.7108603 | R93: 0.88287184
A94: United Arab Emirates | B94: 28.248638 | C94: 0.47125795 | E94: 0.051538067 | F94: 0.0051586507 | H94: 0.10162593 | I94: 0.0028947161 | K94: 57.836963 | L94: 1.1981849 | N94: 29.563414 | O94: 1.0548171 | Q94: 12.44646 | R94: 0.76508644
A95: Uruguay | B95: 52.661388 | C95: 1.0242085 | D95: † | E95: 2.8673755 | F95: 1.0693874 | H95: 6.256505 | I95: 1.942901 | K95: 88.582244 | L95: 2.4292559 | N95: 1.079709 | O95: 0.63544803 | Q95: 1.2141665 | R95: 0.80933652
A96: Viet Nam | B96: 5.7280706 | C96: 0.54261729 | E96: 0 | F96: c | H96: 0 | I96: c | K96: 2.7371387 | L96: 1.2924391 | N96: 12.399203 | O96: 2.9333574 | Q96: 84.863658 | R96: 3.1246306
A101: Information on data for Cyprus: https://oe.cd/cyprus-disclaimer
A102: *Data did not meet the PISA technical standards but were accepted as largely comparable (see Annexes A2 and A4).
A104: Note: Information regarding the proportion of the sample covered is shown next to the standard error. No symbol means at least 75% of the population was covered; one dagger (†) means at least 50% but less than 75%; and one double-dagger (‡) means less than 50% was covered. For comparisons across cycles, the coverage information corresponds to the cycle with the lowest sample coverage.

Sheet Table III.B1.4.4
A1: PISA 2018 Results (Volume III) - © OECD 2019
A2: Annex B1 | B2: Annex B1.4 Results (tables): Student truancy and lateness
A3: Version 2 - Last updated: 02-Dec-2019
A4: Disclaimer: http://oe.cd/disclaimer
A6: Table III.B1.4.4
A7: Prevalence of student lateness in schools
A8: Based on students' reports
B11: Percentage of students who arrived late for school at least once in the two weeks prior to the PISA test | E11: Percentage of students who are in schools where…
E12: Over 90% of students arrived late for school at least once in the two weeks prior to the PISA test | H12: Between 75% and 90% of students arrived late for school at least once in the two weeks prior to the PISA test | K12: Between 25% and 75% of students arrived late for school at least once in the two weeks prior to the PISA test | N12: Between 10% and 25% of students arrived late for school at least once in the two weeks prior to the PISA test | Q12: 10% of students or fewer arrived late for school at least once in the two weeks prior to the PISA test
B14: % | C14: S.E. | E14: % | F14: S.E. | H14: % | I14: S.E. | K14: % | L14: S.E. | N14: % | O14: S.E. | Q14: % | R14: S.E.
A15: OECD
A16: Australia | B16: 45.583339 | C16: 0.62775413 | E16: 0.94901513 | F16: 0.29443125 | H16: 2.2266509 | I16: 0.60979387 | K16: 87.092286 | L16: 1.4029269 | N16: 6.8744581 | O16: 1.0992395 | Q16: 2.8575897 | R16: 0.79273464
A17: Austria | B17: 42.052575 | C17: 0.79941477 | E17: 0.67014279 | F17: 0.3319434 | H17: 1.8510044 | I17: 0.85414361 | K17: 84.974907 | L17: 2.3287273 | N17: 10.334273 | O17: 2.0713617 | Q17: 2.1696727 | R17: 0.63055651
A18: Belgium | B18: 53.551797 | C18: 0.71563676 | E18: 0.595881 | F18: 0.30613711 | H18: 7.8831629 | I18: 1.3011026 | K18: 89.662245 | L18: 1.3498612 | N18: 1.8587115 | O18: 0.58771666 | Q18: 0 | R18: c
A19: Canada | B19: 52.325427 | C19: 0.64673781 | E19: 0.85889789 | F19: 0.44018073 | H19: 5.503139 | I19: 1.1350783 | K19: 89.202705 | L19: 1.4881675 | N19: 3.5578471 | O19: 0.76123365 | Q19: 0.8774114 | R19: 0.49857312
A20: Chile | B20: 68.440849 | C20: 0.89145788 | D20: † | E20: 6.9257456 | F20: 1.7577855 | H20: 24.876212 | I20: 3.0276461 | K20: 67.88715 | L20: 3.3290473 | N20: 0.21465459 | O20: 0.18954681 | Q20: 0.096237058 | R20: 0.098513356
A21: Colombia | B21: 45.132712 | C21: 1.0295572 | D21: † | E21: 1.3842608 | F21: 0.83043003 | H21: 3.0104209 | I21: 1.2396625 | K21: 84.956991 | L21: 2.7283875 | N21: 9.3462837 | O21: 2.1445995 | Q21: 1.3020432 | R21: 0.71407116
A22: Czech Republic | B22: 53.76637 | C22: 0.99523641 | E22: 3.424183 | F22: 0.89490151 | H22: 10.505769 | I22: 1.9413148 | K22: 81.564473 | L22: 1.700891 | N22: 4.0004436 | O22: 1.0886997 | Q22: 0.50513056 | R22: 0.14891088
A23: Denmark | B23: 47.902166 | C23: 0.8934772 | E23: 0.72235467 | F23: 0.33490791 | H23: 3.7877443 | I23: 1.1831748 | K23: 87.940848 | L23: 1.8283365 | N23: 6.7424447 | O23: 1.3396199 | Q23: 0.80660815 | R23: 0.45141097
A24: Estonia | B24: 44.702655 | C24: 0.7672725 | E24: 0.35463998 | F24: 0.16916638 | H24: 3.9068222 | I24: 1.0996203 | K24: 85.981075 | L24: 1.5676327 | N24: 4.9351908 | O24: 1.0700883 | Q24: 4.8222724 | R24: 1.128241
A25: Finland | B25: 44.606834 | C25: 0.82763202 | E25: 0.069505234 | F25: 0.068762143 | H25: 1.3413852 | I25: 0.706185 | K25: 90.354578 | L25: 1.8779803 | N25: 6.7568878 | O25: 1.5752308 | Q25: 1.4776437 | R25: 0.76527201
A26: France | B26: 56.971057 | C26: 0.90326572 | E26: 1.3416812 | F26: 0.57900371 | H26: 13.867332 | I26: 1.928181 | K26: 84.169535 | L26: 2.0062812 | N26: 0.49867053 | O26: 0.50709935 | Q26: 0.12278089 | R26: 0.11014094
A27: Germany | B27: 45.886885 | C27: 1.3656066 | D27: ‡ | E27: 2.1086758 | F27: 0.79111185 | H27: 7.948992 | I27: 2.2799589 | K27: 74.60702 | L27: 3.1890345 | N27: 11.95869 | O27: 2.1935417 | Q27: 3.3766227 | R27: 1.3654622
A28: Greece | B28: 55.829757 | C28: 0.83529892 | E28: 1.5765766 | F28: 0.69276532 | H28: 7.7874152 | I28: 1.9415703 | K28: 87.443443 | L28: 2.2681727 | N28: 2.7363515 | O28: 1.0364812 | Q28: 0.45621341 | R28: 0.1894139
A29: Hungary | B29: 41.490711 | C29: 1.1148966 | E29: 1.9143899 | F29: 0.55873029 | H29: 3.1377368 | I29: 1.2424157 | K29: 73.97907 | L29: 3.1020881 | N29: 18.150393 | O29: 2.6949631 | Q29: 2.8184107 | R29: 0.76447958
A30: Iceland | B30: 49.513992 | C30: 0.9442542 | E30: 0.084582428 | F30: 0.028992805 | H30: 2.203508 | I30: 0.07710712 | K30: 91.643219 | L30: 0.1457948 | N30: 4.26666 | O30: 0.077516247 | Q30: 1.8020309 | R30: 0.098985075
A31: Ireland | B31: 33.618592 | C31: 0.98025577 | E31: 0 | F31: c | H31: 0.29076182 | I31: 0.35953449 | K31: 71.934387 | L31: 3.6112446 | N31: 26.335262 | O31: 3.7286568 | Q31: 1.4395896 | R31: 1.0182044
A32: Israel | B32: 61.141806 | C32: 0.9205957 | E32: 2.3285811 | F32: 0.99767408 | H32: 15.375679 | I32: 2.641961 | K32: 82.047951 | L32: 2.6563785 | N32: 0 | O32: c | Q32: 0.24778818 | R32: 0.16241625
A33: Italy | B33: 45.138408 | C33: 0.95415894 | E33: 2.5313124 | F33: 0.9698729 | H33: 4.9872128 | I33: 1.2007057 | K33: 80.321099 | L33: 2.6210323 | N33: 11.513374 | O33: 2.1652907 | Q33: 0.64700179 | R33: 0.41530364
A34: Japan | B34: 12.655617 | C34: 0.70973831 | E34: 0 | F34: c | H34: 0 | I34: c | K34: 9.1776902 | L34: 2.0638408 | N34: 41.492803 | O34: 3.6149321 | Q34: 49.329507 | R34: 3.9709177
A35: Korea | B35: 19.150238 | C35: 0.78273336 | E35: 0 | F35: c | H35: 0 | I35: c | K35: 30.485455 | L35: 2.8529791 | N35: 50.210654 | O35: 3.6735564 | Q35: 19.303891 | R35: 2.8256166
A36: Latvia | B36: 54.938979 | C36: 0.84911507 | E36: 1.2333839 | F36: 0.4920079 | H36: 8.0847082 | I36: 1.2300106 | K36: 85.562595 | L36: 1.4387237 | N36: 4.4353187 | O36: 0.83126599 | Q36: 0.68399432 | R36: 0.27772581
A37: Lithuania | B37: 49.813619 | C37: 0.80936837 | E37: 2.8018466 | F37: 0.56877989 | H37: 5.8104911 | I37: 1.0290465 | K37: 85.058658 | L37: 1.1668163 | N37: 5.621658 | O37: 0.53432082 | Q37: 0.70734607 | R37: 0.29451698
A38: Luxembourg | B38: 54.720584 | C38: 0.75105601 | E38: 0.2323576 | F38: 0.037203505 | H38: 0 | I38: c | K38: 99.594221 | L38: 0.038290601 | N38: 0.17342168 | O38: 0.0095844035 | Q38: 0 | R38: c
A39: Mexico | B39: 46.993625 | C39: 1.1584818 | D39: † | E39: 4.4845888 | F39: 1.3556877 | H39: 3.9186468 | I39: 1.3546293 | K39: 79.985441 | L39: 2.6096551 | N39: 6.0218136 | O39: 1.4141857 | Q39: 5.5895099 | R39: 1.4905636
A40: Netherlands* | B40: 48.792029 | C40: 1.1130913 | E40: 0.9072492 | F40: 0.73871049 | H40: 4.2702832 | I40: 1.3577585 | K40: 90.809233 | L40: 2.3381262 | N40: 3.396946 | O40: 1.5681409 | Q40: 0.61628903 | R40: 0.61899613
A41: New Zealand | B41: 47.630004 | C41: 0.94350084 | E41: 1.2369444 | F41: 0.77396548 | H41: 3.0157325 | I41: 1.1621982 | K41: 90.576365 | L41: 1.7429734 | N41: 4.4688573 | O41: 1.060934 | Q41: 0.70210055 | R41: 0.46048001
A42: Norway | B42: 49.279588 | C42: 0.85659141 | E42: 0 | F42: c | H42: 3.6216364 | I42: 1.2226216 | K42: 92.092528 | L42: 1.5399926 | N42: 4.1053977 | O42: 0.91052296 | Q42: 0.18043801 | R42: 0.12774523
A43: Poland | B43: 55.299982 | C43: 1.0819382 | E43: 0.74998226 | F43: 0.30186377 | H43: 11.152725 | I43: 2.4216607 | K43: 84.537715 | L43: 2.6880663 | N43: 3.1875341 | O43: 0.97724706 | Q43: 0.37204301 | R43: 0.19661597
A44: Portugal* | B44: 49.753277 | C44: 0.87869987 | E44: 0.50320426 | F44: 0.31246248 | H44: 2.2860061 | I44: 0.77376598 | K44: 90.667818 | L44: 1.7537035 | N44: 6.2180187 | O44: 1.5966884 | Q44: 0.32495265 | R44: 0.15961215
A45: Slovak Republic | B45: 52.415979 | C45: 0.96150358 | E45: 2.244847 | F45: 0.64190671 | H45: 9.9913704 | I45: 1.465147 | K45: 78.603113 | L45: 2.2043255 | N45: 7.8451933 | O45: 1.6428755 | Q45: 1.315476 | R45: 0.43972337
A46: Slovenia | B46: 55.213899 | C46: 0.68629961 | E46: 2.0508456 | F46: 0.40906274 | H46: 6.6004726 | I46: 0.34130625 | K46: 88.990457 | L46: 0.5415247 | N46: 1.8126783 | O46: 0.29934151 | Q46: 0.54554662 | R46: 0.32990698
A47: Spain | B47: 43.851162 | C47: 0.60397318 | D47: † | E47: 0.69105894 | F47: 0.32846247 | H47: 3.3663755 | I47: 0.9923708 | K47: 83.726732 | L47: 1.6690532 | N47: 11.230069 | O47: 1.2790701 | Q47: 0.98576418 | R47: 0.31247646
A48: Sweden | B48: 53.015881 | C48: 0.8928825 | E48: 1.337006 | F48: 0.46387612 | H48: 6.2957398 | I48: 1.5971001 | K48: 88.142012 | L48: 2.4045189 | N48: 3.8126186 | O48: 1.3665097 | Q48: 0.41262326 | R48: 0.21769876
A49: Switzerland | B49: 50.380484 | C49: 1.3580777 | D49: † | E49: 1.4037916 | F49: 0.73694426 | H49: 11.453305 | I49: 2.6252924 | K49: 76.469144 | L49: 3.1117669 | N49: 7.4473217 | O49: 1.9531041 | Q49: 3.2264381 | R49: 1.0802923
A50: Turkey | B50: 47.452956 | C50: 0.81421339 | E50: 0.046552069 | F50: 0.046333779 | H50: 3.3715057 | I50: 1.3069743 | K50: 93.877733 | L50: 1.6918181 | N50: 2.7042092 | O50: 1.0836454 | Q50: 0 | R50: c
A51: United Kingdom | B51: 39.410029 | C51: 0.88033375 | E51: 0 | F51: c | H51: 0.57141116 | I51: 0.29724883 | K51: 83.731132 | L51: 2.4150936 | N51: 15.668595 | O51: 2.3879364 | Q51: 0.028861903 | R51: 0.028342183
A52: United States* | B52: 43.300119 | C52: 1.0362552 | E52: 0 | F52: c | H52: 1.677084 | I52: 0.96145209 | K52: 89.48053 | L52: 2.3239027 | N52: 8.1014374 | O52: 1.8412443 | Q52: 0.74094902 | R52: 0.7446973
A53: OECD average | B53: 47.614162 | C53: 0.15103862 | E53: 1.2909212 | F53: 0.1014367 | H53: 5.566985 | I53: 0.23471478 | K53: 81.549501 | L53: 0.36204496 | N53: 8.5955443 | O53: 0.28022124 | Q53: 2.997048 | R53: 0.16351749
A54: Partners
A55: Albania | B55: 43.70983 | C55: 0.68802228 | E55: 0.89804898 | F55: 0.27612925 | H55: 0.18297902 | I55: 0.18326033 | K55: 86.142451 | L55: 1.7606448 | N55: 9.461606 | O55: 1.7291393 | Q55: 3.3149146 | R55: 0.6942139
A56: Argentina | B56: 52.580585 | C56: 1.1354536 | D56: † | E56: 3.7380975 | F56: 1.2029625 | H56: 7.4492287 | I56: 1.1953543 | K56: 80.597939 | L56: 2.2493403 | N56: 5.4406094 | O56: 1.2843791 | Q56: 2.7741254 | R56: 1.0932711
A57: Baku (Azerbaijan) | B57: 60.246657 | C57: 0.86757581 | D57: † | E57: 1.6532831 | F57: 0.89397766 | H57: 12.351975 | I57: 2.3931587 | K57: 85.944398 | L57: 2.558877 | N57: 0.050344396 | O57: 0.0066491737 | Q57: 0 | R57: c
A58: Belarus | B58: 46.456966 | C58: 0.80238939 | E58: 0.28896745 | F58: 0.18009347 | H58: 1.9662094 | I58: 1.0332218 | K58: 93.660411 | L58: 1.4136252 | N58: 3.158489 | O58: 1.0617037 | Q58: 0.92592347 | R58: 0.30341623
A59: Bosnia and Herzegovina | B59: 45.253572 | C59: 1.0069258 | E59: 0.15558051 | F59: 0.077352084 | H59: 2.4591496 | I59: 1.3050396 | K59: 87.490511 | L59: 2.0354772 | N59: 8.9010871 | O59: 1.859686 | Q59: 0.99367164 | R59: 0.38611362
A60: Brazil | B60: 44.018192 | C60: 0.81314669 | D60: † | E60: 3.0805585 | F60: 0.66133305 | H60: 3.9784734 | I60: 1.0051771 | K60: 77.84833 | L60: 1.6621058 | N60: 11.716931 | O60: 1.2024579 | Q60: 3.3757075 | R60: 0.74279955
A61: Brunei Darussalam | B61: 51.882082 | C61: 0.68037261 | D61: † | E61: 0 | F61: c | H61: 0.23522276 | I61: 0.0034252978 | K61: 98.074314 | L61: 0.020732139 | N61: 1.4712281 | O61: 0.015240823 | Q61: 0.21923479 | R61: 0.017180155
A62: B-S-J-Z (China) | B62: 33.205146 | C62: 0.8462629 | E62: 0.018397574 | F62: 0.018390033 | H62: 0 | I62: c | K62: 74.75057 | L62: 2.7323137 | N62: 22.368718 | O62: 2.604258 | Q62: 2.862315 | R62: 0.93039532
A63: Bulgaria | B63: 57.143649 | C63: 1.0053743 | E63: 2.1251792 | F63: 0.87949687 | H63: 10.053499 | I63: 2.2069969 | K63: 86.163121 | L63: 2.5754043 | N63: 1.031158 | O63: 0.73898222 | Q63: 0.62704245 | R63: 0.62490497
A64: Costa Rica | B64: 50.617651 | C64: 0.92556609 | E64: 0 | F64: c | H64: 4.6237735 | I64: 1.2252877 | K64: 88.611693 | L64: 2.1036144 | N64: 6.3997933 | O64: 1.6764722 | Q64: 0.3647403 | R64: 0.2579453
A65: Croatia | B65: 49.383371 | C65: 0.96250269 | E65: 0.069511757 | F65: 0.068858386 | H65: 4.5858585 | I65: 1.1787317 | K65: 91.73365 | L65: 1.8608781 | N65: 2.8258705 | O65: 1.2662616 | Q65: 0.78510909 | R65: 0.69271748
A66: Cyprus | B66: 62.875564 | C66: 0.73808855 | D66: † | E66: 1.2632231 | F66: 0.39891254 | H66: 10.578793 | I66: 0.64930295 | K66: 87.55218 | L66: 0.69152307 | N66: 0.19067566 | O66: 0.01230744 | Q66: 0.41512854 | R66: 0.19627072
A67: Dominican Republic | B67: 50.31533 | C67: 1.4863661 | D67: ‡ | E67: 12.407439 | F67: 2.3747151 | H67: 4.7848828 | I67: 1.5744769 | K67: 66.131942 | L67: 3.4106839 | N67: 5.2597812 | O67: 1.7537506 | Q67: 11.415955 | R67: 2.0548936
A68: Georgia | B68: 60.464009 | C68: 1.0927364 | E68: 3.7753611 | F68: 0.98091007 | H68: 18.912507 | I68: 2.4840437 | K68: 70.790006 | L68: 2.6104553 | N68: 4.6524505 | O68: 1.2452162 | Q68: 1.8696754 | R68: 0.45538219
A69: Hong Kong (China)* | B69: 24.567975 | C69: 0.69507605 | E69: 0 | F69: c | H69: 0 | I69: c | K69: 44.489917 | L69: 3.480454 | N69: 47.905956 | O69: 3.3277185 | Q69: 7.6041264 | R69: 2.2214888
A70: Indonesia | B70: 51.601962 | C70: 1.1628762 | E70: 1.0655614 | F70: 0.52342982 | H70: 5.3260451 | I70: 1.838067 | K70: 89.388309 | L70: 2.5975999 | N70: 4.2200843 | O70: 1.8868868 | Q70: 0 | R70: c
A71: Jordan | B71: 49.790858 | C71: 0.97439468 | E71: 0.091795757 | F71: 0.091865116 | H71: 4.4387011 | I71: 1.5793076 | K71: 90.20493 | L71: 2.306897 | N71: 5.2645733 | O71: 1.6022521 | Q71: 0 | R71: c
A72: Kazakhstan | B72: 54.310408 | C72: 0.7077006 | E72: 1.3136692 | F72: 0.55367526 | H72: 4.6789625 | I72: 1.1680218 | K72: 90.816557 | L72: 1.2926083 | N72: 2.1026731 | O72: 0.39365734 | Q72: 1.0881382 | R72: 0.32942931
A73: Kosovo | B73: 38.263761 | C73: 0.92730892 | E73: 0.63193636 | F73: 0.21741619 | H73: 1.5397298 | I73: 0.68883153 | K73: 76.848197 | L73: 1.4221863 | N73: 18.533116 | O73: 1.1929001 | Q73: 2.4470214 | R73: 0.30254377
A74: Lebanon | B74: m | C74: m | E74: m | F74: m | H74: m | I74: m | K74: m | L74: m | N74: m | O74: m | Q74: m | R74: m
A75: Macao (China) | B75: 28.437622 | C75: 0.6022003 | E75: 0 | F75: c | H75: 0 | I75: c | K75: 50.647306 | L75: 0.043343015 | N75: 49.213768 | O75: 0.0425514 | Q75: 0.13892603 | R75: 0.0077614118
A76: Malaysia | B76: 36.877459 | C76: 0.83111176 | E76: 0 | F76: c | H76: 0.52468432 | I76: 0.52512209 | K76: 80.05078 | L76: 3.0449416 | N76: 18.278712 | O76: 2.8670685 | Q76: 1.1458238 | R76: 0.81519731
A77: Malta | B77: 31.940361 | C77: 0.88396898 | E77: 0 | F77: c | H77: 0 | I77: c | K77: 81.066712 | L77: 0.16391249 | N77: 18.933288 | O77: 0.16391249 | Q77: 0 | R77: c
A78: Moldova | B78: 58.496728 | C78: 1.0745355 | E78: 1.220566 | F78: 0.55985573 | H78: 13.556975 | I78: 2.3159311 | K78: 83.851468 | L78: 2.4446527 | N78: 0.5492969 | O78: 0.38598828 | Q78: 0.82169482 | R78: 0.46740897
A79: Montenegro | B79: 66.606114 | C79: 0.58163442 | E79: 1.5742012 | F79: 0.42185956 | H79: 16.907802 | I79: 0.534012 | K79: 81.517997 | L79: 0.6369356 | N79: 0 | O79: c | Q79: 0 | R79: c
A80: Morocco | B80: 59.329166 | C80: 0.97319589 | D80: ‡ | E80: 3.7064965 | F80: 1.4881426 | H80: 14.368307 | I80: 2.4020949 | K80: 80.547541 | L80: 2.8347011 | N80: 0.45606048 | O80: 0.45524407 | Q80: 0.9215942 | R80: 0.65776022
A81: North Macedonia | B81: m | C81: m | E81: m | F81: m | H81: m | I81: m | K81: m | L81: m | N81: m | O81: m | Q81: m | R81: m
A82: Panama | B82: 58.703678 | C82: 1.2433346 | D82: ‡ | E82: 9.1057406 | F82: 1.4894593 | H82: 17.297885 | I82: 1.9661003 | K82: 66.48753 | L82: 2.3405978 | N82: 2.3399611 | O82: 0.99434295 | Q82: 4.7688831 | R82: 1.0858032
A83: Peru | B83: 62.261531 | C83: 1.27058 | D83: ‡ | E83: 12.952194 | F83: 1.9481523 | H83: 14.449421 | I83: 2.5272371 | K83: 63.922158 | L83: 2.8380865 | N83: 2.4290893 | O83: 1.0246633 | Q83: 6.2471371 | R83: 1.3425518
A84: Philippines | B84: 61.114946 | C84: 0.7724279 | E84: 0.5494827 | F84: 0.39747923 | H84: 9.7159395 | I84: 2.3464532 | K84: 89.615665 | L84: 2.3846096 | N84: 0 | O84: c | Q84: 0.11891261 | R84: 0.11757345
A85: Qatar | B85: 53.328399 | C85: 0.41588519 | E85: 0.43148131 | F85: 0.017695936 | H85: 2.8823849 | I85: 0.034324227 | K85: 93.74858 | L85: 0.049597434 | N85: 2.8164963 | O85: 0.043151703 | Q85: 0.12105728 | R85: 0.01036874
A86: Romania | B86: 57.601287 | C86: 1.0179847 | E86: 1.2845475 | F86: 0.45372419 | H86: 12.521892 | I86: 2.5794477 | K86: 84.560511 | L86: 2.6129782 | N86: 0.92169304 | O86: 0.72797922 | Q86: 0.71135735 | R86: 0.39104859
A87: Russia | B87: 56.579715 | C87: 0.81495467 | E87: 0.2714377 | F87: 0.17979579 | H87: 8.652811 | I87: 1.440761 | K87: 88.806015 | L87: 1.5368137 | N87: 1.1147981 | O87: 0.25106061 | Q87: 1.1549387 | R87: 0.31426807
A88: Saudi Arabia | B88: 55.462241 | C88: 0.82787444 | E88: 0.12498076 | F88: 0.12496953 | H88: 4.0125348 | I88: 1.1554889 | K88: 93.787492 | L88: 1.4797363 | N88: 1.9431524 | O88: 0.80001668 | Q88: 0.13183996 | R88: 0.12625292
A89: Serbia | B89: 61.064062 | C89: 1.0725085 | E89: 1.9144955 | F89: 0.27377086 | H89: 17.843468 | I89: 2.6436956 | K89: 79.496335 | L89: 2.7656358 | N89: 0.673269 | O89: 0.68041854 | Q89: 0.072431878 | R89: 0.070895401
A90: Singapore | B90: 37.368572 | C90: 0.59896998 | E90: 0 | F90: c | H90: 0.16376318 | I90: 0.11591255 | K90: 80.934586 | L90: 0.2653869 | N90: 18.199661 | O90: 0.15719281 | Q90: 0.70198975 | R90: 0.011888606
A91: Chinese Taipei | B91: 37.995302 | C91: 0.98290961 | E91: 0 | F91: c | H91: 0 | I91: c | K91: 82.735118 | L91: 2.6790625 | N91: 16.169476 | O91: 2.5795452 | Q91: 1.0954052 | R91: 1.0478629
A92: Thailand | B92: 43.82952 | C92: 1.0340272 | E92: 0.60911561 | F92: 0.21073285 | H92: 4.1172272 | I92: 1.387388 | K92: 79.202054 | L92: 3.0874614 | N92: 15.339848 | O92: 2.6872303 | Q92: 0.73175586 | R92: 0.24228248
A93: Ukraine | B93: 62.439233 | C93: 1.0689212 | E93: 2.7793016 | F93: 1.0613257 | H93: 18.48699 | I93: 2.8683548 | K93: 77.589643 | L93: 3.0898519 | N93: 0.54241723 | O93: 0.35632889 | Q93: 0.60164869 | R93: 0.31228964
A94: United Arab Emirates | B94: 45.164585 | C94: 0.55348586 | E94: 0.44315383 | F94: 0.031369015 | H94: 4.9507736 | I94: 0.39408515 | K94: 79.506242 | L94: 0.97753995 | N94: 11.53314 | O94: 0.92915128 | Q94: 3.5666908 | R94: 0.50531871
A95: Uruguay | B95: 67.860488 | C95: 1.2098742 | D95: † | E95: 9.6365595 | F95: 2.2623299 | H95: 26.194313 | I95: 3.1073041 | K95: 63.582341 | L95: 3.3373955 | N95: 0.51040433 | O95: 0.51414684 | Q95: 0.076382717 | R95: 0.07533307
A96: Viet Nam | B96: 44.635212 | C96: 1.0456679 | E96: 0.034626373 | F96: 0.034797974 | H96: 1.3124235 | I96: 0.93004905 | K96: 92.460488 | L96: 2.2896903 | N96: 6.1432097 | O96: 2.0950698 | Q96: 0.049252159 | R96: 0.052048998
A101: Information on data for Cyprus: https://oe.cd/cyprus-disclaimer
A102: *Data did not meet the PISA technical standards but were accepted as largely comparable (see Annexes A2 and A4).
A104: Note: Information regarding the proportion of the sample covered is shown next to the standard error. No symbol means at least 75% of the population was covered; one dagger (†) means at least 50% but less than 75%; and one double-dagger (‡) means less than 50% was covered. For comparisons across cycles, the coverage information corresponds to the cycle with the lowest sample coverage.

Sheet Table III.B1.4.5
A1: PISA 2018 Results (Volume III) - © OECD 2019
A2: Annex B1 | B2: Annex B1.4 Results (tables): Student truancy and lateness
A3: Version 2 - Last updated: 02-Dec-2019
A4: Disclaimer: http://oe.cd/disclaimer
A6: Table III.B1.4.5
A7: Student truancy, by student characteristics
A8: Based on students' reports
B11: Percentage of students who skipped a whole day of school at least once in the two weeks prior to the PISA test, by the following student characteristics:
B12: Gender | K12: Socio-economic status1 | T12: Education level | AC12: Immigrant background
B13: Boys | E13: Girls | H13: Girls - boys | K13: Disadvantaged students | N13: Advantaged students | Q13: Advantaged -disadvantaged | T13: Lower secondary (ISCED 2) | W13: Upper secondary (ISCED 3) | Z13: ISCED 3 - ISCED 2 | AC13: Non-immigrant students | AF13: Immigrant students | AI13: Immigrant - non-immigrant
B14: % | C14: S.E. | E14: % | F14: S.E. | H14: % dif. | I14: S.E. | K14: % | L14: S.E. | N14: % | O14: S.E. | Q14: % dif. | R14: S.E. | T14: % | U14: S.E. | W14: % | X14: S.E. | Z14: % dif. | AA14: S.E. | AC14: % | AD14: S.E. | AF14: % | AG14: S.E. | AI14: % dif. | AJ14: S.E.
A15: OECD
A16: Australia | B16: 32.123435 | C16: 0.71593694 | E16: 33.915296 | F16: 0.80406087 | H16: 1.7918614 | I16: 1.0394032 | K16: 39.319275 | L16: 1.0773007 | N16: 27.429631 | O16: 0.80446405 | Q16: -11.889645 | R16: 1.360752 | T16: 32.961198 | U16: 0.56731904 | W16: 33.69159 | X16: 2.1478608 | Z16: 0.73039192 | AA16: 2.1997467 | AC16: 33.709772 | AD16: 0.58612793 | AF16: 30.942543 | AG16: 1.0258403 | AI16: -2.7672296 | AJ16: 1.0956562
A17: Austria | B17: 18.579233 | C17: 0.90372762 | E17: 16.117033 | F17: 0.83986465 | H17: -2.4622006 | I17: 1.3018308 | K17: 21.543788 | L17: 1.1433572 | N17: 14.051537 | O17: 1.2056714 | Q17: -7.4922511 | R17: 1.6605812 | T17: m | U17: m | W17: m | X17: m | Z17: m | AA17: m | AC17: 15.824756 | AD17: 0.65980912 | AF17: 22.513942 | AG17: 1.6243247 | AI17: 6.6891859 | AJ17: 1.8220825
A18: Belgium | B18: 11.255614 | C18: 0.55223666 | E18: 6.1954614 | F18: 0.48993777 | H18: -5.0601522 | I18: 0.78580434 | K18: 11.464997 | L18: 0.7929242 | N18: 6.2218718 | O18: 0.62470434 | Q18: -5.2431248 | R18: 0.92199054 | T18: 14.232352 | U18: 2.119414 | V18: ‡ | W18: 8.402571 | X18: 0.365611 | Z18: -5.8297809 | AA18: 2.197155 | AB18: ‡ | AC18: 7.5709982 | AD18: 0.39564631 | AF18: 13.928178 | AG18: 1.0315267 | AI18: 6.3571803 | AJ18: 1.1293535
A19: Canada | B19: 22.715701 | C19: 0.65869036 | E19: 23.69455 | F19: 0.73844352 | H19: 0.97884926 | I19: 0.98677172 | K19: 28.299441 | L19: 0.94450954 | N19: 19.943018 | O19: 0.81953108 | Q19: -8.3564235 | R19: 1.1514728 | T19: 19.99417 | U19: 1.1602267 | W19: 23.564355 | X19: 0.54372907 | Z19: 3.5701846 | AA19: 1.3093425 | AC19: 23.808685 | AD19: 0.5679977 | AF19: 21.881797 | AG19: 0.88745647 | AI19: -1.9268878 | AJ19: 1.028835
A20: Chile | B20: 12.826663 | C20: 0.82177746 | D20: † | E20: 8.1211297 | F20: 0.58127163 | G20: † | H20: -4.7055332 | I20: 0.94649775 | J20: † | K20: 13.23231 | L20: 1.1773242 | M20: † | N20: 9.4275537 | O20: 0.93277117 | P20: † | Q20: -3.8047566 | R20: 1.5199321 | S20: † | T20: 27.815726 | U20: 4.8978589 | V20: † | W20: 9.7573835 | X20: 0.49199914 | Y20: † | Z20: -18.058343 | AA20: 4.8785323 | AB20: † | AC20: 10.141755 | AD20: 0.54190548 | AE20: † | AF20: 16.65314 | AG20: 3.6605035 | AH20: † | AI20: 6.5113858 | AJ20: 3.6892057 | AK20: †
A21: Colombia | B21: 42.598984 | C21: 1.0456576 | D21: † | E21: 44.577414 | F21: 1.2175664 | G21: † | H21: 1.97843 | I21: 1.6284238 | J21: † | K21: 44.286409 | L21: 1.8657764 | M21: † | N21: 39.899479 | O21: 1.2583748 | Q21: -4.3869299 | R21: 2.2156625 | S21: † | T21: 52.812692 | U21: 1.4736789 | V21: † | W21: 38.714436 | X21: 0.88706134 | Z21: -14.098256 | AA21: 1.6999481 | AB21: † | AC21: 43.499694 | AD21: 0.79712965 | AE21: † | AF21: c | AG21: c | AI21: c | AJ21: c
A22: Czech Republic | B22: 11.954046 | C22: 0.74600486 | E22: 8.8875348 | F22: 0.62018987 | H22: -3.0665117 | I22: 0.93060819 | K22: 14.690417 | L22: 1.0260814 | N22: 7.6157422 | O22: 0.7810985 | Q22: -7.0746751 | R22: 1.3489702 | T22: 10.51579 | U22: 0.76930996 | W22: 10.390401 | X22: 0.77356782 | Z22: -0.12538879 | AA22: 1.1742424 | AC22: 9.831569 | AD22: 0.45059641 | AF22: 22.509862 | AG22: 4.1672304 | AI22: 12.678293 | AJ22: 4.1957569
A23: Denmark | B23: 20.42254 | C23: 0.9002475 | E23: 18.918683 | F23: 1.0427748 | H23: -1.503857 | I23: 1.3528983 | K23: 26.773788 | L23: 1.3143275 | N23: 14.288998 | O23: 1.0287222 | Q23: -12.48479 | R23: 1.6164152 | T23: 19.762029 | U23: 0.67095454 | W23: c | X23: c | Z23: c | AA23: c | AC23: 18.996295 | AD23: 0.74076512 | AF23: 24.500013 | AG23: 1.6389668 | AI23: 5.5037184 | AJ23: 1.7725283
A24: Estonia | B24: 17.515429 | C24: 0.92883173 | E24: 17.455743 | F24: 0.6907316 | H24: -0.059686771 | I24: 1.1433301 | K24: 21.504505 | L24: 1.5714758 | N24: 12.879927 | O24: 1.0247985 | Q24: -8.6245781 | R24: 1.9419733 | T24: 17.359392 | U24: 0.57714047 | W24: 26.633485 | X24: 7.2875007 | Z24: 9.2740922 | AA24: 7.274599 | AC24: 15.934766 | AD24: 0.57014236 | AF24: 30.420747 | AG24: 2.1401961 | AI24: 14.48598 | AJ24: 2.1908185
A25: Finland | B25: 14.760324 | C25: 0.83608131 | E25: 11.63681 | F25: 0.70569842 | H25: -3.1235142 | I25: 1.0516447 | K25: 17.376496 | L25: 1.1689224 | N25: 10.144649 | O25: 0.79133748 | Q25: -7.231847 | R25: 1.3520402 | T25: 13.236468 | U25: 0.57027945 | W25: c | X25: c | Z25: c | AA25: c | AC25: 12.393688 | AD25: 0.54306413 | AF25: 26.576952 | AG25: 2.8841217 | AI25: 14.183264 | AJ25: 2.8221698
A26: France | B26: 19.083169 | C26: 0.98938526 | E26: 13.120731 | F26: 0.73970576 | H26: -5.9624377 | I26: 1.1602624 | K26: 21.946821 | L26: 1.1869677 | N26: 9.4079027 | O26: 0.91017801 | Q26: -12.538918 | R26: 1.4402635 | T26: 25.582444 | U26: 1.8764851 | V26: † | W26: 14.397729 | X26: 0.71049946 | Z26: -11.184715 | AA26: 1.9864967 | AB26: † | AC26: 15.086773 | AD26: 0.73588425 | AF26: 22.031122 | AG26: 1.6472491 | AI26: 6.9443487 | AJ26: 1.87408
A27: Germany | B27: 14.999394 | C27: 1.1335418 | D27: ‡ | E27: 11.310881 | F27: 1.0035153 | G27: ‡ | H27: -3.6885137 | I27: 1.3505114 | J27: ‡ | K27: 18.143813 | L27: 1.9324085 | M27: ‡ | N27: 9.9863592 | O27: 1.2342878 | P27: † | Q27: -8.1574535 | R27: 2.1426965 | S27: ‡ | T27: 13.088229 | U27: 0.88026306 | V27: ‡ | W27: 17.443617 | X27: 2.8856484 | Y27: † | Z27: 4.3553878 | AA27: 2.9670418 | AB27: ‡ | AC27: 11.473406 | AD27: 0.76101361 | AE27: † | AF27: 19.476369 | AG27: 1.9423003 | AH27: ‡ | AI27: 8.0029627 | AJ27: 1.8018634 | AK27: ‡
A28: Greece | B28: 33.902021 | C28: 0.98723297 | E28: 23.260144 | F28: 0.86837046 | H28: -10.641877 | I28: 1.380655 | K28: 29.618829 | L28: 1.3041269 | N28: 23.024929 | O28: 1.2285947 | Q28: -6.5939008 | R28: 1.9404008 | T28: 36.437581 | U28: 3.3267098 | W28: 28.251816 | X28: 0.64755561 | Z28: -8.1857647 | AA28: 3.3918957 | AC28: 28.421979 | AD28: 0.67255443 | AF28: 28.346363 | AG28: 1.802119 | AI28: -0.075616603 | AJ28: 1.8679708
A29: Hungary | B29: 14.046598 | C29: 0.9626682 | E29: 10.05804 | F29: 0.69125689 | H29: -3.9885582 | I29: 1.0254015 | K29: 18.803737 | L29: 1.7656627 | N29: 8.0428557 | O29: 0.90705958 | Q29: -10.760882 | R29: 1.8571655 | T29: 26.202525 | U29: 3.3109594 | V29: † | W29: 10.714266 | X29: 0.60930073 | Z29: -15.488259 | AA29: 3.2733533 | AB29: † | AC29: 11.995723 | AD29: 0.66562153 | AF29: 7.5075811 | AG29: 2.9329513 | AI29: -4.4881422 | AJ29: 2.8444458
A30: Iceland | B30: 8.9847438 | C30: 0.77249525 | E30: 5.75339 | F30: 0.70054027 | H30: -3.2313537 | I30: 1.0312065 | K30: 9.5611286 | L30: 1.4980604 | M30: † | N30: 4.7952825 | O30: 0.99235612 | Q30: -4.7658461 | R30: 1.7869472 | S30: † | T30: 7.2508075 | U30: 0.51727881 | W30: c | X30: c | Z30: c | AA30: c | AC30: 6.582327 | AD30: 0.49046335 | AF30: 18.599425 | AG30: 3.1348147 | AI30: 12.017098 | AJ30: 3.1233302
A31: Ireland | B31: 27.641284 | C31: 1.0480301 | E31: 32.095206 | F31: 1.2396492 | H31: 4.4539216 | I31: 1.6469107 | K31: 33.928513 | L31: 1.3314553 | N31: 25.689759 | O31: 1.4540688 | Q31: -8.2387533 | R31: 1.9763591 | T31: 25.609851 | U31: 0.92490879 | W31: 36.888845 | X31: 1.3313929 | Z31: 11.278994 | AA31: 1.5126411 | AC31: 29.250172 | AD31: 0.8902725 | AF31: 32.303049 | AG31: 1.6690201 | AI31: 3.0528765 | AJ31: 1.8146541
A32: Israel | B32: 40.072905 | C32: 1.0938837 | E32: 37.147091 | F32: 1.1551814 | H32: -2.9258144 | I32: 1.5023856 | K32: 42.916178 | L32: 1.5701447 | N32: 33.733715 | O32: 1.5345873 | Q32: -9.1824634 | R32: 2.0722376 | T32: 35.130565 | U32: 2.3899651 | W32: 38.890479 | X32: 0.92680488 | Z32: 3.7599139 | AA32: 2.636149 | AC32: 38.205461 | AD32: 0.96744709 | AF32: 38.29617 | AG32: 1.7031552 | AI32: 0.090709142 | AJ32: 1.8996213
A33: Italy | B33: 57.186027 | C33: 1.329461 | E33: 56.404409 | F33: 1.2323642 | H33: -0.78161776 | I33: 1.648159 | K33: 63.659667 | L33: 1.6772054 | N33: 51.501282 | O33: 1.6752438 | Q33: -12.158385 | R33: 2.2783055 | T33: 75.663431 | U33: 12.569716 | V33: † | W33: 56.64426 | X33: 0.98513824 | Z33: -19.019171 | AA33: 12.617248 | AB33: † | AC33: 56.623732 | AD33: 0.96973512 | AF33: 58.30566 | AG33: 2.7304964 | AI33: 1.6819276 | AJ33: 2.6129958
A34: Japan | B34: 2.3132098 | C34: 0.40630995 | E34: 1.9062246 | F34: 0.36988866 | H34: -0.4069852 | I34: 0.32474902 | K34: 2.6763696 | L34: 0.66014411 | N34: 2.0397661 | O34: 0.42629524 | Q34: -0.63660353 | R34: 0.65139685 | T34: m | U34: m | W34: 2.1053503 | X34: 0.35354781 | Z34: m | AA34: m | AC34: w | AD34: w | AF34: w | AG34: w | AI34: w | AJ34: w
A35: Korea | B35: 2.4231952 | C35: 0.35369533 | E35: 2.0219385 | F35: 0.47982297 | H35: -0.4012567 | I35: 0.52336475 | K35: 3.0904048 | L35: 0.50610193 | N35: 1.3501035 | O35: 0.41589862 | Q35: -1.7403013 | R35: 0.61502595 | T35: 3.0941876 | U35: 0.84215105 | W35: 2.0673043 | X35: 0.36210804 | Z35: -1.0268833 | AA35: 0.92880018 | AC35: 2.1613715 | AD35: 0.30007374 | AF35: c | AG35: c | AI35: c | AJ35: c
A36: Latvia | B36: 30.130496 | C36: 0.97514146 | E36: 27.255929 | F36: 1.143993 | H36: -2.8745669 | I36: 1.4583228 | K36: 34.560257 | L36: 1.3526322 | N36: 24.116699 | O36: 1.5903941 | Q36: -10.443558 | R36: 1.8953011 | T36: 28.591755 | U36: 0.79246865 | W36: 30.176153 | X36: 4.3283314 | Z36: 1.5843987 | AA36: 4.412726 | AC36: 28.624078 | AD36: 0.78691052 | AF36: 27.981519 | AG36: 3.4525675 | AI36: -0.64255917 | AJ36: 3.4526886
A37: Lithuania | B37: 31.863346 | C37: 0.96202192 | E37: 23.686371 | F37: 0.88051037 | H37: -8.1769749 | I37: 1.2753635 | K37: 34.729829 | L37: 1.4078362 | N37: 21.029471 | O37: 1.158516 | Q37: -13.700358 | R37: 1.8098849 | T37: 27.844431 | U37: 0.6832187 | W37: m | X37: m | Z37: m | AA37: m | AC37: 27.610531 | AD37: 0.69858901 | AF37: 30.515086 | AG37: 5.8257856 | AI37: 2.9045551 | AJ37: 5.8918773
A38: Luxembourg | B38: 17.724427 | C38: 0.83599765 | E38: 12.59378 | F38: 0.7144751 | H38: -5.1306477 | I38: 1.0895043 | K38: 21.628047 | L38: 1.3353177 | N38: 10.099423 | O38: 0.86894186 | Q38: -11.528624 | R38: 1.6075078 | T38: 20.117321 | U38: 0.79653458 | W38: 9.4171977 | X38: 0.61435478 | Z38: -10.700124 | AA38: 0.9163246 | AC38: 11.138801 | AD38: 0.72015605 | AF38: 18.236712 | AG38: 0.78948516 | AI38: 7.0979109 | AJ38: 1.0817505
A39: Mexico | B39: 31.857555 | C39: 1.3070668 | D39: † | E39: 25.705224 | F39: 1.2600197 | G39: † | H39: -6.152331 | I39: 1.5311291 | J39: † | K39: 32.686133 | L39: 2.3521266 | M39: ‡ | N39: 24.018545 | O39: 1.4991439 | P39: † | Q39: -8.6675877 | R39: 2.6914227 | S39: ‡ | T39: 42.32254 | U39: 2.9262288 | V39: ‡ | W39: 26.658385 | X39: 1.1015543 | Y39: † | Z39: -15.664154 | AA39: 3.1718373 | AB39: ‡ | AC39: 28.585015 | AD39: 1.0135043 | AE39: † | AF39: 30.477174 | AG39: 10.351989 | AH39: ‡ | AI39: 1.8921588 | AJ39: 10.384899 | AK39: ‡
A40: Netherlands* | B40: 8.5657133 | C40: 0.72553471 | E40: 5.9544256 | F40: 0.67660495 | H40: -2.6112877 | I40: 0.89300956 | K40: 8.4599889 | L40: 1.0183793 | M40: † | N40: 6.6505581 | O40: 0.91065963 | Q40: -1.8094308 | R40: 1.3457832 | S40: † | T40: 9.0900233 | U40: 0.72610105 | V40: † | W40: 4.4493485 | X40: 0.68084632 | Z40: -4.6406747 | AA40: 0.94627947 | AB40: † | AC40: 6.7145247 | AD40: 0.51102034 | AF40: 10.878829 | AG40: 1.9140132 | AH40: † | AI40: 4.1643042 | AJ40: 1.9252511 | AK40: †
A41: New Zealand | B41: 29.287636 | C41: 1.1084337 | E41: 28.693617 | F41: 1.132203 | H41: -0.59401923 | I41: 1.5339824 | K41: 35.05771 | L41: 1.3433203 | N41: 23.902538 | O41: 1.3441652 | Q41: -11.155172 | R41: 1.6840739 | T41: 29.538953 | U41: 2.8427041 | V41: † | W41: 28.949448 | X41: 0.85438214 | Z41: -0.58950474 | AA41: 2.9748649 | AB41: † | AC41: 29.823805 | AD41: 0.89733035 | AF41: 26.303645 | AG41: 1.3794751 | AI41: -3.5201604 | AJ41: 1.4276839
A42: Norway | B42: 15.896243 | C42: 0.73552679 | E42: 11.288293 | F42: 0.65787559 | H42: -4.6079502 | I42: 0.93499815 | K42: 18.542439 | L42: 1.1454158 | N42: 10.97049 | O42: 0.9428774 | Q42: -7.5719488 | R42: 1.386892 | T42: 13.620109 | U42: 0.52066524 | W42: c | X42: c | Z42: c | AA42: c | AC42: 12.702935 | AD42: 0.5469923 | AF42: 19.105297 | AG42: 1.455693 | AI42: 6.4023611 | AJ42: 1.5189899
A43: Poland | B43: 27.775929 | C43: 1.2596159 | E43: 20.177017 | F43: 1.035078 | H43: -7.5989125 | I43: 1.2211502 | K43: 27.384611 | L43: 1.7920589 | N43: 19.027807 | O43: 1.1291997 | Q43: -8.3568033 | R43: 2.0658211 | T43: 23.90061 | U43: 1.0017725 | W43: c | X43: c | Z43: c | AA43: c | AC43: 23.934527 | AD43: 0.99541631 | AF43: c | AG43: c | AI43: c | AJ43: c
A44: Portugal* | B44: 31.343235 | C44: 1.0402021 | E44: 24.763641 | F44: 1.0241353 | H44: -6.5795939 | I44: 1.5819953 | K44: 32.319425 | L44: 1.5458583 | N44: 22.805032 | O44: 1.22288 | Q44: -9.5143926 | R44: 2.158863 | T44: 42.462123 | U44: 1.397516 | W44: 22.208425 | X44: 0.71660558 | Z44: -20.253698 | AA44: 1.5827651 | AC44: 27.45655 | AD44: 0.70595988 | AF44: 34.111501 | AG44: 3.5643038 | AI44: 6.6549506 | AJ44: 3.7379458
A45: Slovak Republic | B45: 20.087426 | C45: 1.0404578 | E45: 14.902728 | F45: 0.72128496 | H45: -5.1846979 | I45: 1.1559958 | K45: 24.001384 | L45: 1.3274666 | N45: 13.731119 | O45: 0.99199749 | Q45: -10.270265 | R45: 1.4282665 | T45: 20.293507 | U45: 1.1276943 | W45: 15.165464 | X45: 0.76205464 | Z45: -5.1280434 | AA45: 1.2782642 | AC45: 17.371104 | AD45: 0.72980007 | AF45: 17.205989 | AG45: 5.9145946 | AI45: -0.16511564 | AJ45: 6.0827802
A46: Slovenia | B46: 22.901729 | C46: 0.91973146 | E46: 12.671064 | F46: 0.70801758 | H46: -10.230664 | I46: 1.1156158 | K46: 20.463256 | L46: 1.3695634 | N46: 12.139495 | O46: 1.02438 | Q46: -8.3237611 | R46: 1.7044811 | T46: 33.233952 | U46: 4.8906065 | V46: † | W46: 16.828831 | X46: 0.54904092 | Z46: -16.40512 | AA46: 4.9373749 | AB46: † | AC46: 16.876195 | AD46: 0.5867751 | AF46: 26.6711 | AG46: 2.4443685 | AI46: 9.7949047 | AJ46: 2.4477202
A47: Spain | B47: 29.964991 | C47: 0.70313671 | D47: † | E47: 29.280876 | F47: 0.72132087 | G47: † | H47: -0.68411438 | I47: 0.86633672 | J47: † | K47: 34.72497 | L47: 0.97969606 | M47: † | N47: 24.095996 | O47: 0.87476134 | Q47: -10.628974 | R47: 1.3364947 | S47: † | T47: 29.647422 | U47: 0.56649626 | V47: † | W47: c | X47: c | Z47: c | AA47: c | AC47: 28.869701 | AD47: 0.60128066 | AE47: † | AF47: 34.425582 | AG47: 1.1944374 | AH47: † | AI47: 5.5558808 | AJ47: 1.2920473 | AK47: †
A48: Sweden | B48: 10.897477 | C48: 0.85546851 | E48: 9.0216261 | F48: 0.54698235 | H48: -1.8758509 | I48: 0.94049509 | K48: 13.128093 | L48: 1.029164 | N48: 6.925634 | O48: 0.70633063 | Q48: -6.2024586 | R48: 1.1628574 | T48: 9.9845519 | U48: 0.54713633 | W48: 7.8073801 | X48: 4.5751128 | Z48: -2.1771718 | AA48: 4.6402761 | AC48: 8.3395624 | AD48: 0.49749932 | AF48: 15.823987 | AG48: 1.2451388 | AI48: 7.4844247 | AJ48: 1.2181852
A49: Switzerland | B49: 17.425758 | C49: 1.2191074 | D49: † | E49: 13.146355 | F49: 1.3161679 | G49: † | H49: -4.279403 | I49: 1.5398306 | J49: † | K49: 20.943362 | L49: 2.0005427 | M49: † | N49: 11.215763 | O49: 1.2801968 | P49: † | Q49: -9.7275992 | R49: 2.2792194 | S49: † | T49: 16.595835 | U49: 1.181986 | V49: † | W49: 12.624036 | X49: 1.7166066 | Y49: † | Z49: -3.9717983 | AA49: 1.968466 | AB49: † | AC49: 12.090018 | AD49: 0.80226764 | AE49: † | AF49: 21.281809 | AG49: 1.8356482 | AH49: † | AI49: 9.1917908 | AJ49: 1.7914787 | AK49: †
A50: Turkey | B50: 55.210989 | C50: 1.1817814 | E50: 47.967566 | F50: 1.204073 | H50: -7.2434226 | I50: 1.5159592 | K50: 46.183231 | L50: 1.3406765 | N50: 55.277052 | O50: 1.9106981 | Q50: 9.0938204 | R50: 2.2270725 | T50: c | U50: c | W50: 51.646454 | X50: 0.9365127 | Z50: c | AA50: c | AC50: 51.621855 | AD50: 0.92911576 | AF50: 51.678412 | AG50: 8.53219 | AI50: 0.056557222 | AJ50: 8.447544
A51: United Kingdom | B51: 18.845917 | C51: 0.70632895 | E51: 18.674785 | F51: 0.73067952 | H51: -0.17113208 | I51: 0.95647228 | K51: 23.853534 | L51: 1.2214485 | N51: 13.175797 | O51: 0.80416847 | Q51: -10.677736 | R51: 1.550661 | T51: c | U51: c | W51: 18.756514 | X51: 0.53938636 | Z51: c | AA51: c | AC51: 18.880967 | AD51: 0.63066073 | AF51: 17.903937 | AG51: 0.88710889 | AI51: -0.97703044 | AJ51: 1.0921009
A52: United States* | B52: 18.698727 | C52: 0.90304683 | E52: 21.025287 | F52: 0.99826994 | H52: 2.3265597 | I52: 1.0530047 | K52: 23.244188 | L52: 1.3029014 | N52: 14.385998 | O52: 1.2436108 | Q52: -8.85819 | R52: 2.0086569 | T52: 22.528591 | U52: 2.8027727 | W52: 19.641001 | X52: 0.78030219 | Z52: -2.8875898 | AA52: 2.7713302 | AC52: 20.010544 | AD52: 0.88916296 | AF52: 18.770115 | AG52: 1.4466496 | AI52: -1.2404291 | AJ52: 1.6325601
A53: OECD average | B53: 22.807625 | C53: 0.15403124 | E53: 19.713684 | F53: 0.14671204 | H53: -3.093941 | I53: 0.19951016 | K53: 25.263442 | L53: 0.22765136 | N53: 17.433562 | O53: 0.18372502 | Q53: -7.8298802 | R53: 0.28625041 | T53: 25.046096 | U53: 0.50984704 | W53: 21.478846 | X53: 0.38060587 | Z53: -5.418503 | AA53: 0.76764766 | AC53: 21.171212 | AD53: 0.11871057 | AF53: 25.338291 | AG53: 0.59860249 | AI53: 4.3513805 | AJ53: 0.60458001
A54: Partners
A55: Albania | B55: 36.96505 | C55: 1.0911138 | E55: 25.90797 | F55: 0.93198191 | H55: -11.05708 | I55: 1.3518839 | K55: 33.241294 | L55: 1.5799822 | N55: 27.990295 | O55: 1.2048135 | Q55: -5.2509995 | R55: 1.8300585 | T55: 32.138809 | U55: 1.3565872 | W55: 31.061612 | X55: 0.95750916 | Z55: -1.0771976 | AA55: 1.6780729 | AC55: 31.336112 | AD55: 0.76645529 | AF55: 31.111213 | AG55: 7.6491045 | AI55: -0.22489937 | AJ55: 7.7321147
A56: Argentina | B56: 42.82399 | C56: 1.1802627 | D56: † | E56: 46.177286 | F56: 1.1580297 | G56: † | H56: 3.353296 | I56: 1.5152219 | J56: † | K56: 46.187172 | L56: 1.7506909 | M56: † | N56: 42.361758 | O56: 1.4937256 | P56: † | Q56: -3.825414 | R56: 2.3055309 | S56: † | T56: 49.992349 | U56: 1.5600275 | V56: † | W56: 42.17827 | X56: 1.0474313 | Y56: † | Z56: -7.8140787 | AA56: 1.8408232 | AB56: † | AC56: 44.453286 | AD56: 0.91390535 | AE56: † | AF56: 41.964969 | AG56: 3.086309 | AH56: † | AI56: -2.4883175 | AJ56: 3.1160021 | AK56: †
A57: Baku (Azerbaijan) | B57: 49.395815 | C57: 1.1356067 | D57: † | E57: 43.68384 | F57: 1.2874363 | G57: † | H57: -5.7119752 | I57: 1.6023268 | J57: † | K57: 44.857249 | L57: 1.9727301 | M57: † | N57: 46.042132 | O57: 1.467172 | P57: † | Q57: 1.1848831 | R57: 2.433183 | S57: † | T57: 41.650929 | U57: 1.3359573 | V57: † | W57: 49.182184 | X57: 1.004293 | Y57: † | Z57: 7.5312548 | AA57: 1.4054844 | AB57: † | AC57: 46.542997 | AD57: 0.96092296 | AE57: † | AF57: 47.453475 | AG57: 3.76332 | AH57: † | AI57: 0.9104778 | AJ57: 3.8568648 | AK57: †
A58: Belarus | B58: 23.652759 | C58: 0.87038292 | E58: 24.705977 | F58: 1.0344444 | H58: 1.053218 | I58: 1.2241701 | K58: 29.2544 | L58: 1.5103319 | N58: 18.450716 | O58: 1.3118595 | Q58: -10.803684 | R58: 2.0183257 | T58: 25.656473 | U58: 1.1776046 | W58: 23.014791 | X58: 0.83678104 | Z58: -2.6416824 | AA58: 1.3760173 | AC58: 24.108966 | AD58: 0.75643979 | AF58: 24.202661 | AG58: 2.7295338 | AI58: 0.09369514 | AJ58: 2.7901176
A59: Bosnia and Herzegovina | B59: 47.681092 | C59: 1.1781768 | E59: 45.348142 | F59: 1.1723508 | H59: -2.3329494 | I59: 1.591807 | K59: 49.238072 | L59: 1.4770417 | N59: 45.850223 | O59: 1.7818112 | Q59: -3.387849 | R59: 2.4606133 | T59: 51.46873 | U59: 2.4067966 | W59: 45.589632 | X59: 0.97540451 | Z59: -5.8790983 | AA59: 2.6867995 | AC59: 46.529353 | AD59: 0.84604846 | AF59: 45.392406 | AG59: 3.8114337 | AI59: -1.1369474 | AJ59: 3.6090035
A60: Brazil | B60: 49.828174 | C60: 1.2074175 | D60: † | E60: 50.946623 | F60: 0.97782917 | G60: † | H60: 1.1184487 | I60: 1.5939805 | J60: † | K60: 53.424127 | L60: 1.5691187 | M60: † | N60: 45.460749 | O60: 1.42041 | Q60: -7.963378 | R60: 1.9011437 | S60: † | T60: 60.095793 | U60: 1.5514542 | V60: † | W60: 47.657322 | X60: 0.7720324 | Y60: † | Z60: -12.438471 | AA60: 1.6594898 | AB60: † | AC60: 50.074196 | AD60: 0.78403047 | AE60: † | AF60: c | AG60: c | AI60: c | AJ60: c
A61: Brunei Darussalam | B61: 12.251279 | C61: 0.57058945 | D61: † | E61: 8.3388794 | F61: 0.45955725 | G61: † | H61: -3.9123998 | I61: 0.70419841 | J61: † | K61: 10.937019 | L61: 0.9295717 | M61: † | N61: 9.8720493 | O61: 0.69501848 | Q61: -1.0649694 | R61: 1.1425974 | S61: † | T61: c | U61: c | W61: 10.229536 | X61: 0.37398326 | Y61: † | Z61: c | AA61: c | AC61: 10.251255 | AD61: 0.4319794 | AE61: † | AF61: 9.9977656 | AG61: 1.4508178 | AI61: -0.25348896 | AJ61: 1.6079059 | AK61: †
A62: B-S-J-Z (China) | B62: 1.6759268 | C62: 0.21913816 | E62: 0.7628167 | F62: 0.15384514 | H62: -0.91311013 | I62: 0.28109253 | K62: 1.5184876 | L62: 0.3779565 | N62: 1.0767756 | O62: 0.20234065 | Q62: -0.441712 | R62: 0.42860092 | T62: 1.6073658 | U62: 0.24329114 | W62: 0.98904722 | X62: 0.12064804 | Z62: -0.61831853 | AA62: 0.2600239 | AC62: 1.2134711 | AD62: 0.13121949 | AF62: c | AG62: c | AI62: c | AJ62: c
A63: Bulgaria | B63: 44.931322 | C63: 1.2065015 | D63: † | E63: 43.278612 | F63: 1.1393475 | H63: -1.6527102 | I63: 1.4017977 | J63: † | K63: 48.320712 | L63: 1.9377735 | N63: 41.907181 | O63: 1.7472884 | Q63: -6.4135306 | R63: 2.7163032 | T63: c | U63: c | W63: 44.175352 | X63: 0.95183759 | Z63: c | AA63: c | AC63: 43.841923 | AD63: 0.97546055 | AF63: 50.196216 | AG63: 8.6136366 | AH63: † | AI63: 6.3542937 | AJ63: 8.746767 | AK63: †
A64: Costa Rica | B64: 37.149239 | C64: 0.89432403 | E64: 40.430968 | F64: 1.3656294 | H64: 3.2817293 | I64: 1.4821623 | K64: 41.671557 | L64: 1.6435914 | N64: 33.766224 | O64: 1.1458564 | Q64: -7.9053333 | R64: 2.0943996 | T64: 45.171301 | U64: 1.0009535 | W64: 31.372005 | X64: 1.1533376 | Z64: -13.799296 | AA64: 1.4763519 | AC64: 37.90596 | AD64: 0.90389338 | AF64: 45.579841 | AG64: 2.2579612 | AI64: 7.6738803 | AJ64: 2.2874443
A65: Croatia | B65: 18.65745 | C65: 1.14779 | E65: 12.750884 | F65: 0.74407941 | H65: -5.9065661 | I65: 1.321533 | K65: 17.221735 | L65: 1.1175852 | N65: 10.848655 | O65: 1.0051164 | Q65: -6.3730797 | R65: 1.4306581 | T65: c | U65: c | W65: 15.578882 | X65: 0.70273411 | Z65: c | AA65: c | AC65: 15.053912 | AD65: 0.73898689 | AF65: 18.91127 | AG65: 1.6267674 | AI65: 3.8573579 | AJ65: 1.6823576
A66: Cyprus | B66: 37.347758 | C66: 1.2316277 | D66: † | E66: 26.746218 | F66: 1.1578503 | H66: -10.60154 | I66: 1.6066872 | J66: † | K66: 33.910733 | L66: 1.6853993 | M66: † | N66: 31.641072 | O66: 1.3370595 | Q66: -2.269661 | R66: 2.0003189 | S66: † | T66: 35.343901 | U66: 9.8107992 | V66: † | W66: 31.873399 | X66: 0.71870926 | Y66: † | Z66: -3.4705025 | AA66: 9.7082842 | AB66: † | AC66: 31.057038 | AD66: 0.74063316 | AF66: 35.986838 | AG66: 2.8534527 | AH66: † | AI66: 4.9297991 | AJ66: 2.6300771 | AK66: †
A67: Dominican Republic | B67: 53.489906 | C67: 2.0645843 | D67: ‡ | E67: 50.523273 | F67: 1.8046218 | G67: ‡ | H67: -2.9666327 | I67: 2.5872709 | J67: ‡ | K67: 59.491799 | L67: 3.195785 | M67: ‡ | N67: 44.613353 | O67: 2.1681593 | P67: ‡ | Q67: -14.878446 | R67: 3.9314562 | S67: ‡ | T67: 59.520691 | U67: 1.9655903 | V67: ‡ | W67: 48.014497 | X67: 1.7770164 | Y67: ‡ | Z67: -11.506194 | AA67: 2.5068644 | AB67: ‡ | AC67: 52.081525 | AD67: 1.4911852 | AE67: ‡ | AF67: 53.709025 | AG67: 7.1179844 | AH67: ‡ | AI67: 1.6275004 | AJ67: 7.0430266 | AK67: ‡
A68: Georgia | B68: 63.531927 | C68: 1.1649949 | E68: 60.895809 | F68: 1.1867083 | H68: -2.6361185 | I68: 1.5837923 | K68: 63.227967 | L68: 1.4668956 | N68: 62.364162 | O68: 1.4702247 | Q68: -0.86380467 | R68: 2.0036273 | T68: 59.937562 | U68: 2.1702429 | W68: 62.584057 | X68: 0.91728652 | Z68: 2.6464944 | AA68: 2.2914835 | AC68: 62.296931 | AD68: 0.86954634 | AF68: 65.697386 | AG68: 6.4224845 | AI68: 3.4004556 | AJ68: 6.4428729
A69: Hong Kong (China)* | B69: 7.7811512 | C69: 0.53361543 | E69: 6.2252935 | F69: 0.62291819 | H69: -1.5558577 | I69: 0.7607547 | K69: 6.1075757 | L69: 0.78659123 | N69: 8.2991778 | O69: 1.0406027 | Q69: 2.1916021 | R69: 1.3129215 | T69: 7.2506726 | U69: 0.73002603 | W69: 6.9038445 | X69: 0.59143193 | Z69: -0.34682814 | AA69: 0.99753389 | AC69: 7.3035797 | AD69: 0.52941756 | AF69: 6.4107737 | AG69: 0.75896602 | AI69: -0.89280593 | AJ69: 0.91378296
A70: Indonesia | B70: 27.300496 | C70: 1.3177631 | E70: 15.128379 | F70: 1.2729483 | H70: -12.172116 | I70: 1.7575859 | K70: 22.746258 | L70: 1.7401797 | N70: 20.766909 | O70: 1.9213617 | Q70: -1.9793485 | R70: 2.4286587 | T70: 25.033361 | U70: 1.091146 | W70: 17.79946 | X70: 1.5132128 | Z70: -7.2339011 | AA70: 1.8187345 | AC70: 20.764917 | AD70: 0.96243363 | AF70: 53.658701 | AG70: 18.285178 | AI70: 32.893784 | AJ70: 18.134119
A71: Jordan | B71: 47.356312 | C71: 1.1768434 | E71: 58.818173 | F71: 1.0768684 | H71: 11.461861 | I71: 1.6713594 | K71: 55.711113 | L71: 1.4535211 | N71: 50.832228 | O71: 1.4858417 | Q71: -4.878885 | R71: 2.0024479 | T71: 53.202469 | U71: 0.74962623 | W71: m | X71: m | Z71: m | AA71: m | AC71: 53.20958 | AD71: 0.75228893 | AF71: 53.808308 | AG71: 2.444778 | AI71: 0.5987279 | AJ71: 2.4252485
A72: Kazakhstan | B72: 52.788113 | C72: 0.76569369 | E72: 51.344507 | F72: 0.82444833 | H72: -1.4436064 | I72: 0.90463723 | K72: 54.337533 | L72: 1.2053643 | N72: 51.30966 | O72: 1.06596 | Q72: -3.0278723 | R72: 1.3855905 | T72: 49.835298 | U72: 0.72256261 | W72: 54.382436 | X72: 1.0272996 | Z72: 4.5471382 | AA72: 1.1641559 | AC72: 52.167317 | AD72: 0.67801326 | AF72: 50.78631 | AG72: 2.1306984 | AI72: -1.3810065 | AJ72: 2.0980671
A73: Kosovo | B73: 49.666477 | C73: 1.0856893 | E73: 42.21951 | F73: 1.0662788 | H73: -7.4469672 | I73: 1.4933635 | K73: 49.526908 | L73: 1.5658931 | N73: 42.013041 | O73: 1.4087869 | Q73: -7.5138676 | R73: 1.9579122 | T73: 49.976862 | U73: 1.6226571 | W73: 44.684174 | X73: 0.82307914 | Z73: -5.2926876 | AA73: 1.724527 | AC73: 45.675275 | AD73: 0.78863084 | AF73: 47.3388 | AG73: 8.119338 | AI73: 1.6635245 | AJ73: 8.1503844
A74: Lebanon | B74: m | C74: m | E74: m | F74: m | H74: m | I74: m | K74: m | L74: m | N74: m | O74: m | Q74: m | R74: m | T74: m | U74: m | W74: m | X74: m | Z74: m | AA74: m | AC74: m | AD74: m | AF74: m | AG74: m | AI74: m | AJ74: m
A75: Macao (China) | B75: 10.096537 | C75: 0.69543777 | E75: 7.394903 | F75: 0.56705889 | H75: -2.7016339 | I75: 0.90481104 | K75: 7.3304774 | L75: 0.79959776 | N75: 11.71743 | O75: 1.1055649 | Q75: 4.386953 | R75: 1.3126202 | T75: 9.2963054 | U75: 0.69214138 | W75: 8.3940444 | X75: 0.58989762 | Z75: -0.90226107 | AA75: 0.91445977 | AC75: 9.0509905 | AD75: 0.78700404 | AF75: 8.5591259 | AG75: 0.54592445 | AI75: -0.49186466 | AJ75: 0.97939317
A76: Malaysia | B76: 20.34983 | C76: 0.85867137 | E76: 11.469164 | F76: 0.80567166 | H76: -8.880666 | I76: 1.0882922 | K76: 16.901586 | L76: 1.0061246 | N76: 15.206115 | O76: 1.0624719 | Q76: -1.6954706 | R76: 1.5011635 | T76: 28.844633 | U76: 3.8966792 | W76: 15.04691 | X76: 0.60799141 | Z76: -13.797723 | AA76: 3.8872421 | AC76: 15.578867 | AD76: 0.64924671 | AF76: 23.661365 | AG76: 4.3086373 | AI76: 8.0824983 | AJ76: 4.3271521
A77: Malta | B77: 49.085855 | C77: 1.2725766 | E77: 51.995883 | F77: 1.4090628 | H77: 2.9100284 | I77: 1.8347121 | K77: 55.216016 | L77: 2.142071 | N77: 49.882525 | O77: 1.6174709 | Q77: -5.3334907 | R77: 2.5692569 | T77: c | U77: c | W77: 50.540198 | X77: 0.98216105 | Z77: c | AA77: c | AC77: 50.050559 | AD77: 1.0433822 | AF77: 55.956582 | AG77: 3.7764119 | AI77: 5.9060234 | AJ77: 4.0193101
A78: Moldova | B78: 44.832732 | C78: 1.2922633 | E78: 34.081605 | F78: 1.0220197 | H78: -10.751127 | I78: 1.5843197 | K78: 49.810947 | L78: 1.8464427 | N78: 30.57701 | O78: 1.4912648 | Q78: -19.233937 | R78: 2.5377207 | T78: 39.872693 | U78: 0.90780208 | W78: 36.026396 | X78: 3.0677415 | Z78: -3.8462969 | AA78: 3.236123 | AC78: 38.780136 | AD78: 0.89368726 | AF78: 39.265599 | AG78: 6.4919547 | AI78: 0.48546332 | AJ78: 6.5188235
A79: Montenegro | B79: 58.828372 | C79: 0.96588125 | E79: 56.166987 | F79: 0.93964625 | H79: -2.6613843 | I79: 1.3717268 | K79: 57.679843 | L79: 1.5660552 | N79: 56.091611 | O79: 1.5825626 | Q79: -1.5882323 | R79: 2.1751056 | T79: 59.997536 | U79: 8.3336356 | W79: 57.439654 | X79: 0.63923608 | Z79: -2.5578818 | AA79: 8.3728189 | AC79: 57.700754 | AD79: 0.66616024 | AF79: 55.681721 | AG79: 2.4999597 | AI79: -2.019033 | AJ79: 2.4896017
A80: Morocco | B80: 46.67993 | C80: 1.1673286 | D80: ‡ | E80: 41.052523 | F80: 1.57713 | G80: ‡ | H80: -5.6274069 | I80: 1.7797421 | J80: ‡ | K80: 49.198644 | L80: 2.3905467 | M80: ‡ | N80: 42.929621 | O80: 1.7348035 | P80: † | Q80: -6.2690228 | R80: 2.9250791 | S80: ‡ | T80: 50.204346 | U80: 1.4625347 | V80: ‡ | W80: 39.176379 | X80: 1.3224195 | Y80: ‡ | Z80: -11.027968 | AA80: 1.9805741 | AB80: ‡ | AC80: 44.168726 | AD80: 1.0878277 | AE80: ‡ | AF80: c | AG80: c | AI80: c | AJ80: c
A81: North Macedonia | B81: m | C81: m | E81: m | F81: m | H81: m | I81: m | K81: m | L81: m | N81: m | O81: m | Q81: m | R81: m | T81: m | U81: m | W81: m | X81: m | Z81: m | AA81: m | AC81: m | AD81: m | AF81: m | AG81: m | AI81: m | AJ81: m
A82: Panama | B82: 61.030134 | C82: 1.7361504 | D82: ‡ | E82: 54.821504 | F82: 1.8529798 | G82: ‡ | H82: -6.2086302 | I82: 2.3995333 | J82: ‡ | K82: 57.695416 | L82: 3.233931 | M82: ‡ | N82: 57.798583 | O82: 2.1156547 | P82: ‡ | Q82: 0.10316622 | R82: 4.1827402 | S82: ‡ | T82: 62.209333 | U82: 3.245176 | V82: ‡ | W82: 56.468478 | X82: 1.3974212 | Y82: ‡ | Z82: -5.740855 | AA82: 3.5256531 | AB82: ‡ | AC82: 57.404764 | AD82: 1.378392 | AE82: ‡ | AF82: 65.670352 | AG82: 5.318442 | AH82: ‡ | AI82: 8.2655885 | AJ82: 5.2887352 | AK82: ‡
A83: Peru | B83: 47.345058 | C83: 1.6144748 | D83: ‡ | E83: 49.964548 | F83: 1.770593 | G83: ‡ | H83: 2.6194901 | I83: 2.3005069 | J83: ‡ | K83: 51.743291 | L83: 3.5126524 | M83: ‡ | N83: 46.667332 | O83: 1.7503191 | P83: † | Q83: -5.0759593 | R83: 3.7603529 | S83: ‡ | T83: 59.523282 | U83: 3.6155096 | V83: ‡ | W83: 47.071798 | X83: 1.3062114 | Y83: ‡ | Z83: -12.451484 | AA83: 3.7531323 | AB83: ‡ | AC83: 48.594502 | AD83: 1.2296088 | AE83: ‡ | AF83: c | AG83: c | AI83: c | AJ83: c
A84: Philippines | B84: 35.700583 | C84: 1.1094404 | E84: 22.490567 | F84: 1.0037383 | H84: -13.210016 | I84: 1.1106318 | K84: 36.370876 | L84: 1.5211794 | N84: 21.958936 | O84: 1.5105579 | Q84: -14.41194 | R84: 2.1510053 | T84: 28.763946 | U84: 0.90846852 | W84: 29.365055 | X84: 4.6034445 | Z84: 0.60110875 | AA84: 4.5067417 | AC84: 27.771097 | AD84: 0.9042862 | AF84: 56.503887 | AG84: 7.0270475 | AH84: † | AI84: 28.73279 | AJ84: 7.0662412 | AK84: †
A85: Qatar | B85: 45.441343 | C85: 0.67737479 | E85: 48.701725 | F85: 0.53043087 | H85: 3.2603816 | I85: 0.79656412 | K85: 54.551833 | L85: 0.97446423 | N85: 40.719161 | O85: 0.83377941 | Q85: -13.832672 | R85: 1.3162002 | T85: 49.868285 | U85: 0.97876005 | W85: 46.347261 | X85: 0.52693586 | Z85: -3.5210245 | AA85: 1.1322107 | AC85: 58.648702 | AD85: 0.64252734 | AF85: 38.724973 | AG85: 0.60114608 | AI85: -19.92373 | AJ85: 0.80827633
A86: Romania | B86: 49.921649 | C86: 1.2316523 | E86: 50.250577 | F86: 1.5510439 | H86: 0.32892806 | I86: 1.6164402 | K86: 56.248227 | L86: 1.924601 | N86: 44.461581 | O86: 1.9126963 | Q86: -11.786645 | R86: 2.6166673 | T86: 59.872447 | U86: 5.3138147 | W86: 49.391066 | X86: 1.1241576 | Z86: -10.481381 | AA86: 5.3426842 | AC86: 49.026223 | AD86: 1.1824765 | AF86: c | AG86: c | AI86: c | AJ86: c
A87: Russia | B87: 26.017731 | C87: 0.90385363 | E87: 24.578146 | F87: 0.90596467 | H87: -1.4395854 | I87: 1.2144738 | K87: 25.738475 | L87: 1.2503345 | N87: 24.484121 | O87: 0.94056993 | Q87: -1.2543545 | R87: 1.4978219 | T87: 25.471106 | U87: 0.66063511 | W87: 23.837948 | X87: 1.5917851 | Z87: -1.6331585 | AA87: 1.5010153 | AC87: 24.774847 | AD87: 0.64015477 | AF87: 30.958505 | AG87: 2.8468551 | AI87: 6.1836575 | AJ87: 2.724866
A88: Saudi Arabia | B88: 48.842549 | C88: 1.3271486 | E88: 63.601247 | F88: 1.4190157 | H88: 14.758698 | I88: 2.0951841 | K88: 52.149417 | L88: 1.5663919 | N88: 56.373802 | O88: 1.5102592 | Q88: 4.2243853 | R88: 2.2525126 | T88: 55.552921 | U88: 2.5889186 | W88: 56.301578 | X88: 0.97133319 | Z88: 0.74865653 | AA88: 2.8073708 | AC88: 58.660997 | AD88: 0.98879015 | AF88: 45.478423 | AG88: 2.5646238 | AI88: -13.182574 | AJ88: 2.6176335
A89: Serbia | B89: 28.789638 | C89: 1.2020601 | E89: 20.380579 | F89: 1.0834068 | H89: -8.4090592 | I89: 1.4029998 | K89: 27.34923 | L89: 1.7854659 | N89: 19.725931 | O89: 1.245977 | Q89: -7.6232988 | R89: 2.0499609 | T89: c | U89: c | W89: 24.499986 | X89: 0.92432478 | Z89: c | AA89: c | AC89: 23.991848 | AD89: 0.93711788 | AF89: 25.608397 | AG89: 2.0628104 | AI89: 1.6165494 | AJ89: 2.0963187
A90: Singapore | B90: 14.025942 | C90: 0.55543417 | E90: 12.25552 | F90: 0.6045157 | H90: -1.7704225 | I90: 0.78539267 | K90: 17.492562 | L90: 0.86603279 | N90: 10.726083 | O90: 0.96870607 | Q90: -6.7664787 | R90: 1.2708841 | T90: 6.0518536 | U90: 3.3865202 | W90: 13.082581 | X90: 0.40669186 | Z90: 7.0307274 | AA90: 3.4663731 | AC90: 13.881773 | AD90: 0.44979752 | AF90: 11.005763 | AG90: 1.011361 | AI90: -2.8760097 | AJ90: 1.0816227
A91: Chinese Taipei | B91: 6.7364965 | C91: 0.4469139 | E91: 4.258899 | F91: 0.48010645 | H91: -2.4775975 | I91: 0.63483023 | K91: 9.1071662 | L91: 0.74401686 | N91: 2.8302272 | O91: 0.49430997 | Q91: -6.2769391 | R91: 0.90434896 | T91: 4.1316931 | U91: 0.4299542 | W91: 6.257794 | X91: 0.46843681 | Z91: 2.1261009 | AA91: 0.62668324 | AC91: 5.382936 | AD91: 0.32799839 | AF91: 13.865454 | AG91: 7.3287555 | AI91: 8.482518 | AJ91: 7.2538915
A92: Thailand | B92: 41.967699 | C92: 1.3970728 | E92: 36.010839 | F92: 1.2383282 | H92: -5.9568594 | I92: 1.4206439 | K92: 40.630679 | L92: 1.9911553 | N92: 34.341076 | O92: 1.766248 | Q92: -6.289603 | R92: 2.4682774 | T92: 43.623264 | U92: 1.6816166 | W92: 37.511556 | X92: 1.1982258 | Z92: -6.1117083 | AA92: 1.7644373 | AC92: 38.547866 | AD92: 1.0737051 | AF92: 50.576212 | AG92: 11.153562 | AI92: 12.028346 | AJ92: 11.019545
A93: Ukraine | B93: 39.824033 | C93: 1.2485623 | E93: 35.17213 | F93: 1.2041544 | H93: -4.6519024 | I93: 1.5242118 | K93: 45.46393 | L93: 1.6565586 | N93: 31.543843 | O93: 1.2736504 | Q93: -13.920087 | R93: 2.1406372 | T93: m | U93: m | W93: 37.564665 | X93: 0.96985918 | Z93: m | AA93: m | AC93: 37.136534 | AD93: 0.98608337 | AF93: 49.238573 | AG93: 4.7574993 | AI93: 12.102039 | AJ93: 4.8807942
A94: United Arab Emirates | B94: 32.163842 | C94: 0.79649825 | E94: 24.76265 | F94: 0.59642004 | H94: -7.4011914 | I94: 0.9943426 | K94: 25.407355 | L94: 0.81588199 | N94: 32.380197 | O94: 1.176673 | Q94: 6.9728417 | R94: 1.3579668 | T94: 31.948372 | U94: 1.5602983 | W94: 27.795814 | X94: 0.50073568 | Z94: -4.1525575 | AA94: 1.6703122 | AC94: 28.763356 | AD94: 0.65446775 | AF94: 27.593426 | AG94: 0.58864748 | AI94: -1.1699291 | AJ94: 0.76436721
A95: Uruguay | B95: 52.316976 | C95: 1.2056427 | D95: † | E95: 52.95165 | F95: 1.2949113 | G95: † | H95: 0.63467356 | I95: 1.4558432 | J95: † | K95: 53.760279 | L95: 1.7182573 | M95: † | N95: 52.08596 | O95: 2.1479461 | P95: † | Q95: -1.6743192 | R95: 2.6177516 | S95: † | T95: 57.052161 | U95: 1.6497835 | V95: † | W95: 50.813508 | X95: 1.3059495 | Y95: † | Z95: -6.238653 | AA95: 2.1251801 | AB95: † | AC95: 52.490884 | AD95: 1.0465781 | AE95: † | AF95: 49.25672 | AG95: 7.7151644 | AH95: † | AI95: -3.2341636 | AJ95: 7.8116086 | AK95: †
A96: Viet Nam | B96: 8.6832239 | C96: 0.92210614 | E96: 2.9899378 | F96: 0.3834288 | H96: -5.6932861 | I96: 0.93031071 | K96: 7.1402034 | L96: 1.0595107 | N96: 4.3709404 | O96: 0.70384056 | Q96: -2.769263 | R96: 1.2730367 | T96: 22.552655 | U96: 4.8114192 | W96: 4.8471524 | X96: 0.424065 | Z96: -17.705502 | AA96: 4.8925472 | AC96: 5.749516 | AD96: 0.5559076 | AF96: c | AG96: c | AI96: c | AJ96: c
A101: Information on data for Cyprus: https://oe.cd/cyprus-disclaimer
A102: *Data did not meet the PISA technical standards but were accepted as largely comparable (see Annexes A2 and A4).
A104: 1. A socio-economically disadvantaged (advantaged) student is a student in the bottom (top) quarter of the PISA index of economic, social and cultural status (ESCS) in his or her own country/economy.
A105: Notes: Values that are statistically significant are indicated in bold (see Annex A3).
A106: Information regarding the proportion of the sample covered is shown next to the standard error. No symbol means at least 75% of the population was covered; one dagger (†) means at least 50% but less than 75%; and one double-dagger (‡) means less than 50% was covered. For comparisons across cycles, the coverage information corresponds to the cycle with the lowest sample coverage.

Sheet Table III.B1.4.6
A1: PISA 2018 Results (Volume III) - © OECD 2019
A2: Annex B1 | B2: Annex B1.4 Results (tables): Student truancy and lateness
A3: Version 2 - Last updated: 02-Dec-2019
A4: Disclaimer: http://oe.cd/disclaimer
A6: Table III.B1.4.6
A7: Student lateness, by student characteristics
A8: Based on students' reports
B11: Percentage of students who arrived late for school at least once in the two weeks prior to the PISA test, by the following student characteristics:
B12: Gender | K12: Socio-economic status1 | T12: Education level | AC12: Immigrant background
B13: Boys | E13: Girls | H13: Girls - boys | K13: Disadvantaged students | N13: Advantaged students | Q13: Advantaged -disadvantaged | T13: Lower secondary (ISCED 2) | W13: Upper secondary (ISCED 3) | Z13: ISCED 3 - ISCED 2 | AC13: Non-immigrant students | AF13: Immigrant students | AI13: Immigrant - non-immigrant
B14: % | C14: S.E. | E14: % | F14: S.E. | H14: % dif. | I14: S.E. | K14: % | L14: S.E. | N14: % | O14: S.E. | Q14: % dif. | R14: S.E. | T14: % | U14: S.E. | W14: % | X14: S.E. | Z14: % dif. | AA14: S.E. | AC14: % | AD14: S.E. | AF14: % | AG14: S.E. | AI14: % dif. | AJ14: S.E.
A15: OECD
A16: Australia | B16: 45.891222 | C16: 0.85127032 | E16: 45.257197 | F16: 0.94181789 | H16: -0.6340246 | I16: 1.2763175 | K16: 52.116067 | L16: 1.197082 | N16: 41.220416 | O16: 0.94775738 | Q16: -10.895651 | R16: 1.519624 | T16: 46.000832 | U16: 0.6593303 | W16: 40.706179 | X16: 1.8517794 | Z16: -5.2946524 | AA16: 1.9698529 | AC16: 44.46346 | AD16: 0.67168656 | AF16: 47.197591 | AG16: 1.1583448 | AI16: 2.7341308 | AJ16: 1.2423263
A17: Austria | B17: 45.829454 | C17: 1.1731701 | E17: 38.389287 | F17: 1.0472791 | H17: -7.4401669 | I17: 1.5440072 | K17: 47.934721 | L17: 1.4828817 | N17: 40.707775 | O17: 1.5551086 | Q17: -7.2269454 | R17: 2.1779687 | T17: m | U17: m | W17: m | X17: m | Z17: m | AA17: m | AC17: 37.809071 | AD17: 0.88631553 | AF17: 57.212522 | AG17: 1.4676908 | AI17: 19.40345 | AJ17: 1.6706826
A18: Belgium | B18: 56.476886 | C18: 0.86063352 | E18: 50.715961 | F18: 0.9847892 | H18: -5.760925 | I18: 1.2003146 | K18: 60.580301 | L18: 1.3814994 | N18: 46.723293 | O18: 1.2219369 | Q18: -13.857008 | R18: 1.8635977 | T18: 69.979436 | U18: 3.0227938 | V18: ‡ | W18: 52.696592 | X18: 0.74822943 | Z18: -17.282845 | AA18: 3.1884036 | AB18: ‡ | AC18: 50.288319 | AD18: 0.77472663 | AF18: 68.620812 | AG18: 1.7331058 | AI18: 18.332493 | AJ18: 1.928331
A19: Canada | B19: 55.829055 | C19: 0.77662505 | E19: 48.936462 | F19: 0.72686522 | H19: -6.892593 | I19: 0.7999206 | K19: 57.239458 | L19: 1.0677342 | N19: 48.457236 | O19: 0.95973967 | Q19: -8.7822227 | R19: 1.2605243 | T19: 47.151543 | U19: 1.658664 | W19: 52.886025 | X19: 0.67055605 | Z19: 5.7344828 | AA19: 1.702282 | AC19: 51.037529 | AD19: 0.73949328 | AF19: 54.452159 | AG19: 1.0924029 | AI19: 3.4146299 | AJ19: 1.214927
A20: Chile | B20: 69.268635 | C20: 1.1066267 | D20: † | E20: 67.596143 | F20: 1.160151 | G20: † | H20: -1.6724913 | I20: 1.4135591 | J20: † | K20: 69.615253 | L20: 1.7642786 | M20: † | N20: 65.426281 | O20: 1.7322342 | P20: † | Q20: -4.1889715 | R20: 2.509027 | S20: † | T20: 81.075604 | U20: 3.4438887 | V20: † | W20: 67.907348 | X20: 0.89499715 | Y20: † | Z20: -13.168256 | AA20: 3.4675238 | AB20: † | AC20: 68.062537 | AD20: 0.91997828 | AE20: † | AF20: 77.908695 | AG20: 3.5396952 | AH20: † | AI20: 9.8461581 | AJ20: 3.6010358 | AK20: †
A21: Colombia | B21: 47.058374 | C21: 1.2869205 | D21: † | E21: 43.223612 | F21: 1.239731 | G21: † | H21: -3.8347616 | I21: 1.4747609 | J21: † | K21: 43.463557 | L21: 1.910372 | M21: † | N21: 41.621191 | O21: 1.3902874 | Q21: -1.8423654 | R21: 2.3342463 | S21: † | T21: 50.94116 | U21: 1.7074793 | V21: † | W21: 42.094712 | X21: 1.0816874 | Z21: -8.8464481 | AA21: 1.7589313 | AB21: † | AC21: 45.007531 | AD21: 1.0492444 | AE21: † | AF21: c | AG21: c | AI21: c | AJ21: c
A22: Czech Republic | B22: 57.412331 | C22: 1.0974928 | E22: 49.971784 | F22: 1.408936 | H22: -7.4405465 | I22: 1.5619997 | K22: 59.553522 | L22: 1.8766122 | N22: 49.760364 | O22: 1.4707241 | Q22: -9.7931577 | R22: 2.171636 | T22: 51.626729 | U22: 1.4812112 | W22: 56.032967 | X22: 1.3466505 | Z22: 4.4062386 | AA22: 1.9914882 | AC22: 53.282262 | AD22: 0.99280918 | AF22: 63.835373 | AG22: 4.1894191 | AI22: 10.553111 | AJ22: 4.1537064
A23: Denmark | B23: 52.858639 | C23: 1.1488664 | E23: 43.006938 | F23: 1.2235499 | H23: -9.8517006 | I23: 1.5640795 | K23: 51.512045 | L23: 1.5257443 | N23: 45.460053 | O23: 1.5202354 | Q23: -6.0519921 | R23: 2.136438 | T23: 48.165274 | U23: 0.88601022 | W23: c | X23: c | Z23: c | AA23: c | AC23: 46.458685 | AD23: 0.93716181 | AF23: 61.2239 | AG23: 1.7052531 | AI23: 14.765215 | AJ23: 1.8296003
A24: Estonia | B24: 48.817269 | C24: 1.0166495 | E24: 40.629254 | F24: 1.1218405 | H24: -8.1880158 | I24: 1.4804937 | K24: 40.738876 | L24: 1.6242972 | N24: 46.000264 | O24: 1.5270704 | Q24: 5.2613871 | R24: 1.8860119 | T24: 44.673079 | U24: 0.77568335 | W24: 46.855852 | X24: 7.8703545 | Z24: 2.1827732 | AA24: 7.9497259 | AC24: 43.394202 | AD24: 0.76303197 | AF24: 55.718833 | AG24: 2.3477145 | AI24: 12.32463 | AJ24: 2.3211268
A25: Finland | B25: 50.899346 | C25: 1.0567652 | E25: 38.252551 | F25: 1.0132094 | H25: -12.646795 | I25: 1.2394583 | K25: 45.156597 | L25: 1.5366745 | N25: 42.70007 | O25: 1.6188492 | Q25: -2.4565268 | R25: 1.9333292 | T25: 44.618338 | U25: 0.8196209 | W25: c | X25: c | Z25: c | AA25: c | AC25: 43.396348 | AD25: 0.83842152 | AF25: 64.200008 | AG25: 3.0656399 | AI25: 20.80366 | AJ25: 3.1189526
A26: France | B26: 60.467631 | C26: 1.1997687 | E26: 53.452045 | F26: 1.1296729 | H26: -7.0155861 | I26: 1.4723171 | K26: 61.681104 | L26: 1.6583553 | N26: 51.526368 | O26: 1.59815 | Q26: -10.154737 | R26: 2.1403158 | T26: 67.02645 | U26: 2.0110889 | V26: † | W26: 55.15606 | X26: 1.0202765 | Z26: -11.870389 | AA26: 2.2850527 | AB26: † | AC26: 55.480679 | AD26: 0.97523497 | AF26: 66.185485 | AG26: 1.9866861 | AI26: 10.704806 | AJ26: 2.2120106
A27: Germany | B27: 50.409239 | C27: 1.5166579 | D27: ‡ | E27: 40.678477 | F27: 1.6669935 | G27: ‡ | H27: -9.7307626 | I27: 1.7566515 | J27: ‡ | K27: 48.399337 | L27: 2.3702632 | M27: ‡ | N27: 44.527883 | O27: 2.3358072 | P27: † | Q27: -3.8714539 | R27: 3.2388775 | S27: ‡ | T27: 45.882741 | U27: 1.4126205 | V27: ‡ | W27: 45.973315 | X27: 4.6999266 | Y27: † | Z27: 0.090574835 | AA27: 4.9399093 | AB27: ‡ | AC27: 42.150567 | AD27: 1.4858321 | AE27: † | AF27: 59.727816 | AG27: 2.3822048 | AH27: ‡ | AI27: 17.577248 | AJ27: 2.7924088 | AK27: ‡
A28: Greece | B28: 58.951312 | C28: 1.1540309 | E28: 52.735003 | F28: 1.1602215 | H28: -6.2163096 | I28: 1.6155589 | K28: 55.069698 | L28: 1.5600619 | N28: 53.993209 | O28: 1.6730704 | Q28: -1.0764892 | R28: 2.4455869 | T28: 62.301986 | U28: 4.1818064 | V28: † | W28: 55.580911 | X28: 0.84604192 | Z28: -6.7210745 | AA28: 4.260091 | AB28: † | AC28: 55.070093 | AD28: 0.85135522 | AF28: 60.788323 | AG28: 2.1910673 | AI28: 5.7182302 | AJ28: 2.2663551
A29: Hungary | B29: 44.451931 | C29: 1.3910645 | E29: 38.650868 | F29: 1.3888987 | H29: -5.8010626 | I29: 1.6657059 | K29: 48.630102 | L29: 1.8956996 | N29: 38.410438 | O29: 1.7860741 | Q29: -10.219664 | R29: 2.4477147 | T29: 56.117392 | U29: 3.7061702 | V29: † | W29: 40.166866 | X29: 1.1076108 | Z29: -15.950526 | AA29: 3.7183855 | AB29: † | AC29: 41.199645 | AD29: 1.126646 | AF29: 47.608194 | AG29: 5.39791 | AI29: 6.4085491 | AJ29: 5.4118346
A30: Iceland | B30: 56.247997 | C30: 1.3733243 | E30: 42.924866 | F30: 1.4233327 | H30: -13.323131 | I30: 2.0761334 | K30: 50.546632 | L30: 1.7976658 | M30: † | N30: 46.020666 | O30: 2.0050463 | Q30: -4.525966 | R30: 2.9529455 | S30: † | T30: 49.619846 | U30: 0.94363938 | W30: c | X30: c | Z30: c | AA30: c | AC30: 48.791505 | AD30: 0.97969653 | AF30: 57.482527 | AG30: 3.5949718 | AI30: 8.6910221 | AJ30: 3.7343232
A31: Ireland | B31: 37.196936 | C31: 1.2613938 | E31: 30.136776 | F31: 1.0930397 | H31: -7.0601601 | I31: 1.30606 | K31: 38.474526 | L31: 1.5108385 | N31: 29.044189 | O31: 1.4768331 | Q31: -9.4303368 | R31: 1.8409161 | T31: 31.893548 | U31: 1.0811753 | W31: 36.430043 | X31: 1.3723757 | Z31: 4.5364947 | AA31: 1.432157 | AC31: 33.535554 | AD31: 1.1146671 | AF31: 33.64724 | AG31: 1.929317 | AI31: 0.11168643 | AJ31: 2.1464422
A32: Israel | B32: 62.815391 | C32: 1.3025941 | E32: 59.835005 | F32: 1.1036087 | H32: -2.9803858 | I32: 1.5414144 | K32: 65.848061 | L32: 1.4892237 | N32: 58.394251 | O32: 1.5981524 | Q32: -7.4538099 | R32: 2.0621132 | T32: 61.02915 | U32: 1.7007946 | W32: 61.157221 | X32: 0.97911498 | Z32: 0.12807045 | AA32: 1.8033959 | AC32: 60.509777 | AD32: 1.0022481 | AF32: 63.645328 | AG32: 2.0414884 | AI32: 3.1355513 | AJ32: 2.1830199
A33: Italy | B33: 47.429767 | C33: 1.2126535 | E33: 42.714613 | F33: 1.1522706 | H33: -4.7151536 | I33: 1.3788589 | K33: 51.744575 | L33: 1.8305664 | N33: 40.83638 | O33: 1.5253419 | Q33: -10.908195 | R33: 2.3332761 | T33: 54.710883 | U33: 13.740231 | V33: † | W33: 45.06021 | X33: 0.95444497 | Z33: -9.6506732 | AA33: 13.776441 | AB33: † | AC33: 43.749656 | AD33: 0.98334761 | AF33: 56.182887 | AG33: 2.1195298 | AI33: 12.433231 | AJ33: 2.1778358
A34: Japan | B34: 14.626447 | C34: 0.84259787 | E34: 10.7687 | F34: 0.804486 | H34: -3.8577474 | I34: 0.87481094 | K34: 14.351428 | L34: 1.3196914 | N34: 13.242352 | O34: 1.024553 | Q34: -1.1090766 | R34: 1.7623578 | T34: m | U34: m | W34: 12.655617 | X34: 0.70973831 | Z34: m | AA34: m | AC34: w | AD34: w | AF34: w | AG34: w | AI34: w | AJ34: w
A35: Korea | B35: 20.508389 | C35: 0.90409155 | E35: 17.666691 | F35: 1.0717354 | H35: -2.8416989 | I35: 1.1888764 | K35: 23.221062 | L35: 1.5264705 | N35: 14.339594 | O35: 0.91339402 | Q35: -8.8814678 | R35: 1.7700285 | T35: 24.001154 | U35: 1.9978068 | W35: 18.228944 | X35: 0.89569515 | Z35: -5.7722094 | AA35: 2.2807122 | AC35: 19.031887 | AD35: 0.77202347 | AF35: c | AG35: c | AI35: c | AJ35: c
A36: Latvia | B36: 58.529913 | C36: 1.1025184 | E36: 51.561866 | F36: 1.1546066 | H36: -6.9680469 | I36: 1.5051588 | K36: 52.242027 | L36: 1.8103213 | N36: 56.096242 | O36: 1.3731391 | Q36: 3.8542147 | R36: 2.274667 | T36: 54.783385 | U36: 0.85128268 | W36: 59.026727 | X36: 3.7482301 | Z36: 4.2433415 | AA36: 3.7245005 | AC36: 54.68391 | AD36: 0.87765365 | AF36: 58.763445 | AG36: 4.005332 | AI36: 4.0795358 | AJ36: 4.1338996
A37: Lithuania | B37: 57.012824 | C37: 1.1122998 | E37: 42.376395 | F37: 1.0538717 | H37: -14.636429 | I37: 1.4787675 | K37: 50.349294 | L37: 1.5752251 | N37: 48.634646 | O37: 1.735974 | Q37: -1.7146483 | R37: 2.2813162 | T37: 49.813619 | U37: 0.80936837 | W37: m | X37: m | Z37: m | AA37: m | AC37: 49.392187 | AD37: 0.83352655 | AF37: 67.344061 | AG37: 4.3270472 | AI37: 17.951874 | AJ37: 4.4410557
A38: Luxembourg | B38: 58.211186 | C38: 1.0044049 | E38: 51.139524 | F38: 1.069919 | H38: -7.0716627 | I38: 1.4346691 | K38: 58.093058 | L38: 1.7875956 | N38: 48.952609 | O38: 1.5172174 | Q38: -9.1404493 | R38: 2.260064 | T38: 57.866157 | U38: 0.97798781 | W38: 51.005845 | X38: 1.0758195 | Z38: -6.8603127 | AA38: 1.3960857 | AC38: 51.662349 | AD38: 0.94868761 | AF38: 56.851259 | AG38: 0.93936433 | AI38: 5.1889094 | AJ38: 1.1821464
A39: Mexico | B39: 48.944776 | C39: 1.5487721 | D39: † | E39: 45.113312 | F39: 1.3323368 | G39: † | H39: -3.8314649 | I39: 1.7169369 | J39: † | K39: 41.154351 | L39: 1.8662835 | M39: ‡ | N39: 46.867938 | O39: 1.4985878 | P39: † | Q39: 5.7135873 | R39: 2.3210872 | S39: ‡ | T39: 50.670509 | U39: 4.3304091 | V39: ‡ | W39: 46.445316 | X39: 1.2222197 | Y39: † | Z39: -4.2251939 | AA39: 4.5688247 | AB39: ‡ | AC39: 46.66289 | AD39: 1.1735039 | AE39: † | AF39: 41.449976 | AG39: 9.6846517 | AH39: ‡ | AI39: -5.2129141 | AJ39: 9.9637901 | AK39: ‡
A40: Netherlands* | B40: 52.815255 | C40: 1.2531722 | E40: 44.885949 | F40: 1.4602884 | H40: -7.9293059 | I40: 1.5904765 | K40: 54.326313 | L40: 1.9522703 | M40: † | N40: 47.069717 | O40: 1.9701232 | Q40: -7.2565958 | R40: 2.5734784 | S40: † | T40: 55.062525 | U40: 1.1969351 | V40: † | W40: 39.334176 | X40: 1.9294297 | Z40: -15.728349 | AA40: 2.2445842 | AB40: † | AC40: 46.907986 | AD40: 1.1839226 | AF40: 60.217598 | AG40: 2.1848619 | AH40: † | AI40: 13.309612 | AJ40: 2.4284767 | AK40: †
A41: New Zealand | B41: 48.952689 | C41: 1.1201609 | E41: 46.360579 | F41: 1.3139924 | H41: -2.5921101 | I41: 1.5591995 | K41: 55.231734 | L41: 1.5508757 | N41: 41.00566 | O41: 1.465534 | Q41: -14.226073 | R41: 2.2396922 | T41: 50.219 | U41: 3.1511491 | V41: † | W41: 47.465539 | X41: 0.94977902 | Z41: -2.7534618 | AA41: 3.1349361 | AB41: † | AC41: 47.297822 | AD41: 1.0430467 | AF41: 47.116997 | AG41: 1.5792942 | AI41: -0.18082441 | AJ41: 1.6676346
A42: Norway | B42: 54.613081 | C42: 1.1169134 | E42: 44.060636 | F42: 1.183754 | H42: -10.552445 | I42: 1.5442299 | K42: 52.175409 | L42: 1.6368409 | N42: 47.119387 | O42: 1.3882606 | Q42: -5.0560223 | R42: 1.9453197 | T42: 49.333628 | U42: 0.86253134 | W42: c | X42: c | Z42: c | AA42: c | AC42: 47.298458 | AD42: 0.85563359 | AF42: 62.170532 | AG42: 2.0723441 | AI42: 14.872073 | AJ42: 2.1245827
A43: Poland | B43: 60.965137 | C43: 1.3290463 | E43: 49.738895 | F43: 1.2232037 | H43: -11.226242 | I43: 1.4304358 | K43: 57.917397 | L43: 1.7837936 | N43: 54.089353 | O43: 1.8152914 | Q43: -3.8280438 | R43: 2.5283385 | T43: 55.42692 | U43: 1.0719268 | W43: c | X43: c | Z43: c | AA43: c | AC43: 55.366364 | AD43: 1.0860939 | AF43: c | AG43: c | AI43: c | AJ43: c
A44: Portugal* | B44: 53.270122 | C44: 1.2390824 | E44: 46.156846 | F44: 1.2740865 | H44: -7.1132758 | I44: 1.8105471 | K44: 48.272138 | L44: 1.5634658 | N44: 54.213221 | O44: 1.7745774 | Q44: 5.9410831 | R44: 2.4316955 | T44: 55.980826 | U44: 1.6521533 | W44: 47.210946 | X44: 1.0707751 | Z44: -8.7698796 | AA44: 1.9887864 | AC44: 48.800021 | AD44: 0.9353572 | AF44: 63.247258 | AG44: 3.0042776 | AI44: 14.447237 | AJ44: 3.1373466
A45: Slovak Republic | B45: 54.512014 | C45: 1.1872657 | E45: 50.379567 | F45: 1.2257611 | H45: -4.1324473 | I45: 1.4944396 | K45: 57.965473 | L45: 1.5062443 | N45: 49.000743 | O45: 1.5681897 | Q45: -8.9647305 | R45: 1.9664422 | T45: 55.16102 | U45: 1.2124195 | W45: 50.216332 | X45: 1.4840018 | Z45: -4.9446881 | AA45: 1.9605628 | AC45: 52.2747 | AD45: 0.99694147 | AF45: 66.256668 | AG45: 7.1267111 | AI45: 13.981968 | AJ45: 7.2587512
A46: Slovenia | B46: 60.258504 | C46: 1.0499576 | E46: 50.148328 | F46: 1.2006056 | H46: -10.110176 | I46: 1.7885944 | K46: 53.532723 | L46: 1.6613724 | N46: 54.345335 | O46: 1.6258383 | Q46: 0.81261186 | R46: 2.4928744 | T46: 65.244843 | U46: 4.9810047 | V46: † | W46: 54.590488 | X46: 0.70718786 | Z46: -10.654355 | AA46: 5.1116833 | AB46: † | AC46: 54.547082 | AD46: 0.73537171 | AF46: 62.437136 | AG46: 2.5295839 | AI46: 7.8900534 | AJ46: 2.7418577
A47: Spain | B47: 46.293545 | C47: 0.75384223 | D47: † | E47: 41.307859 | F47: 0.76542956 | G47: † | H47: -4.9856861 | I47: 0.93144885 | J47: † | K47: 45.808273 | L47: 1.0884293 | M47: † | N47: 42.43044 | O47: 0.92787608 | Q47: -3.3778328 | R47: 1.4441858 | S47: † | T47: 43.854472 | U47: 0.60784278 | V47: † | W47: c | X47: c | Z47: c | AA47: c | AC47: 41.980072 | AD47: 0.65815032 | AE47: † | AF47: 56.987432 | AG47: 1.575191 | AH47: † | AI47: 15.00736 | AJ47: 1.6585201 | AK47: †
A48: Sweden | B48: 56.667618 | C48: 1.1891208 | E48: 49.465525 | F48: 1.2226835 | H48: -7.2020924 | I48: 1.6127064 | K48: 57.887605 | L48: 1.7472347 | N48: 50.548309 | O48: 1.5946512 | Q48: -7.3392959 | R48: 2.5539414 | T48: 52.954519 | U48: 0.89953647 | W48: 56.548739 | X48: 7.8889988 | Z48: 3.5942199 | AA48: 7.9277051 | AC48: 50.004522 | AD48: 1.0111124 | AF48: 64.104102 | AG48: 1.7143873 | AI48: 14.09958 | AJ48: 2.088969
A49: Switzerland | B49: 53.478837 | C49: 1.5765345 | D49: † | E49: 46.853641 | F49: 1.7977138 | G49: † | H49: -6.6251961 | I49: 2.0224861 | J49: † | K49: 56.913246 | L49: 2.1566189 | M49: † | N49: 46.928495 | O49: 1.9541803 | P49: † | Q49: -9.9847512 | R49: 2.74348 | S49: † | T49: 50.775375 | U49: 1.3043506 | V49: † | W49: 49.445444 | X49: 3.2726181 | Y49: † | Z49: -1.3299308 | AA49: 3.4875331 | AB49: † | AC49: 45.477965 | AD49: 1.4066619 | AE49: † | AF49: 59.021467 | AG49: 1.9671851 | AH49: † | AI49: 13.543502 | AJ49: 2.1310552 | AK49: †
A50: Turkey | B50: 51.870926 | C50: 1.0995969 | E50: 43.002875 | F50: 1.1546297 | H50: -8.8680507 | I50: 1.5201647 | K50: 44.39002 | L50: 1.7307817 | N50: 47.287006 | O50: 1.5178732 | Q50: 2.8969857 | R50: 2.2296183 | T50: c | U50: c | W50: 47.429153 | X50: 0.82085112 | Z50: c | AA50: c | AC50: 47.223607 | AD50: 0.79974513 | AF50: 49.671026 | AG50: 7.7673838 | AI50: 2.4474192 | AJ50: 7.6778349
A51: United Kingdom | B51: 41.727183 | C51: 0.98337562 | E51: 37.268534 | F51: 1.2305175 | H51: -4.4586487 | I51: 1.3786367 | K51: 41.407259 | L51: 1.3121786 | N51: 35.417697 | O51: 1.3199345 | Q51: -5.9895622 | R51: 1.7027131 | T51: c | U51: c | W51: 39.406499 | X51: 0.88064969 | Z51: c | AA51: c | AC51: 38.88893 | AD51: 0.93081817 | AF51: 40.377724 | AG51: 1.7440645 | AI51: 1.4887935 | AJ51: 1.8327476
A52: United States* | B52: 45.471614 | C52: 1.3670072 | E52: 41.078904 | F52: 1.2067016 | H52: -4.3927093 | I52: 1.5411434 | K52: 52.022139 | L52: 1.7960533 | N52: 35.463765 | O52: 1.6402988 | Q52: -16.558373 | R52: 2.4056801 | T52: 53.574038 | U52: 2.7882478 | W52: 42.497816 | X52: 1.0328409 | Z52: -11.076222 | AA52: 2.6944017 | AC52: 41.439332 | AD52: 1.1064883 | AF52: 48.089119 | AG52: 2.0624848 | AI52: 6.6497872 | AJ52: 2.1439968
A53: OECD average | B53: 51.001121 | C53: 0.19194501 | E53: 44.228148 | F53: 0.1973674 | H53: -6.7729732 | I53: 0.24725978 | K53: 50.420686 | L53: 0.2738445 | N53: 44.969806 | O53: 0.25635263 | Q53: -5.4508796 | R53: 0.36661077 | T53: 52.652605 | U53: 0.55905622 | W53: 46.903858 | X53: 0.48879732 | Z53: -5.2301258 | AA53: 0.88451557 | AC53: 47.295208 | AD53: 0.16225751 | AF53: 57.567985 | AG53: 0.61253615 | AI53: 9.5915688 | AJ53: 0.63033105
A54: Partners
A55: Albania | B55: 49.686639 | C55: 0.96240421 | E55: 37.712681 | F55: 0.98332192 | H55: -11.973957 | I55: 1.4116375 | K55: 40.008448 | L55: 1.6251853 | N55: 45.639436 | O55: 1.27381 | Q55: 5.6309881 | R55: 2.2876005 | T55: 42.945457 | U55: 1.5282679 | W55: 44.168457 | X55: 0.94724868 | Z55: 1.2229995 | AA55: 2.0257342 | AC55: 43.723517 | AD55: 0.69969421 | AF55: 38.125784 | AG55: 8.2493724 | AI55: -5.597733 | AJ55: 8.4219322
A56: Argentina | B56: 53.627394 | C56: 1.3608286 | D56: † | E56: 51.556635 | F56: 1.4266924 | G56: † | H56: -2.0707588 | I56: 1.6163255 | J56: † | K56: 52.948528 | L56: 1.9076694 | M56: † | N56: 46.62989 | O56: 1.9947121 | P56: † | Q56: -6.318638 | R56: 2.9482005 | S56: † | T56: 58.936643 | U56: 1.5075626 | V56: † | W56: 49.852722 | X56: 1.41254 | Y56: † | Z56: -9.0839207 | AA56: 1.9233823 | AB56: † | AC56: 52.258655 | AD56: 1.1814539 | AE56: † | AF56: 59.558364 | AG56: 3.3361437 | AH56: † | AI56: 7.299709 | AJ56: 3.4643054 | AK56: †
A57: Baku (Azerbaijan) | B57: 64.086342 | C57: 1.2084618 | D57: † | E57: 56.525547 | F57: 1.2183172 | G57: † | H57: -7.5607957 | I57: 1.7017553 | J57: † | K57: 58.775997 | L57: 1.7063022 | M57: † | N57: 58.981709 | O57: 1.4358227 | P57: † | Q57: 0.20571276 | R57: 2.0430143 | S57: † | T57: 60.139998 | U57: 1.4561972 | V57: † | W57: 60.305624 | X57: 1.074744 | Y57: † | Z57: 0.16562654 | AA57: 1.8067786 | AB57: † | AC57: 60.189181 | AD57: 0.90445014 | AE57: † | AF57: 58.843963 | AG57: 4.0110817 | AH57: † | AI57: -1.3452178 | AJ57: 4.1262911 | AK57: †
A58: Belarus | B58: 46.826244 | C58: 1.1902672 | E58: 46.063657 | F58: 1.0587554 | H58: -0.76258668 | I58: 1.5858316 | K58: 49.308886 | L58: 1.4814481 | N58: 43.570645 | O58: 1.4631828 | Q58: -5.7382405 | R58: 2.0993354 | T58: 47.075871 | U58: 1.1182582 | W58: 45.98178 | X58: 1.0355187 | Z58: -1.0940918 | AA58: 1.4324239 | AC58: 46.492116 | AD58: 0.83791222 | AF58: 44.478921 | AG58: 3.6055604 | AI58: -2.0131949 | AJ58: 3.7471686
A59: Bosnia and Herzegovina | B59: 50.207653 | C59: 1.3744996 | E59: 40.238731 | F59: 1.1161605 | H59: -9.9689224 | I59: 1.5515316 | K59: 46.897146 | L59: 1.4846058 | N59: 43.128193 | O59: 1.307587 | Q59: -3.7689533 | R59: 1.8090719 | T59: 48.174457 | U59: 1.8395141 | W59: 44.699218 | X59: 1.1547132 | Z59: -3.4752392 | AA59: 2.201301 | AC59: 45.221467 | AD59: 1.0285251 | AF59: 41.193101 | AG59: 3.704003 | AI59: -4.0283654 | AJ59: 3.7065081
A60: Brazil | B60: 45.147731 | C60: 1.0225231 | D60: † | E60: 42.910023 | F60: 1.1461307 | G60: † | H60: -2.2377072 | I60: 1.440967 | J60: † | K60: 44.875848 | L60: 1.4792599 | M60: † | N60: 41.349782 | O60: 1.3015221 | Q60: -3.5260665 | R60: 1.9404869 | S60: † | T60: 55.114456 | U60: 1.4929582 | V60: † | W60: 40.947067 | X60: 0.91818256 | Y60: † | Z60: -14.167389 | AA60: 1.779203 | AB60: † | AC60: 43.664576 | AD60: 0.81625336 | AE60: † | AF60: c | AG60: c | AI60: c | AJ60: c
A61: Brunei Darussalam | B61: 56.691241 | C61: 0.92882135 | D61: † | E61: 46.943188 | F61: 0.99568182 | G61: † | H61: -9.7480529 | I61: 1.3481858 | J61: † | K61: 53.150144 | L61: 1.4670675 | M61: † | N61: 50.705889 | O61: 1.4659907 | Q61: -2.444255 | R61: 2.1754617 | S61: † | T61: c | U61: c | W61: 51.850733 | X61: 0.68665387 | Y61: † | Z61: c | AA61: c | AC61: 52.488654 | AD61: 0.73570722 | AE61: † | AF61: 46.244952 | AG61: 2.4448036 | AI61: -6.243703 | AJ61: 2.6159844 | AK61: †
A62: B-S-J-Z (China) | B62: 37.370864 | C62: 1.0530722 | E62: 28.676384 | F62: 1.0483682 | H62: -8.6944794 | I62: 1.2796305 | K62: 36.125278 | L62: 1.8668994 | N62: 30.203727 | O62: 1.1047812 | Q62: -5.9215507 | R62: 2.086693 | T62: 36.888921 | U62: 1.3183535 | W62: 30.721317 | X62: 1.0055944 | Z62: -6.1676041 | AA62: 1.6335309 | AC62: 33.133526 | AD62: 0.84424507 | AF62: c | AG62: c | AI62: c | AJ62: c
A63: Bulgaria | B63: 59.853693 | C63: 1.2157704 | D63: † | E63: 54.346158 | F63: 1.3047642 | H63: -5.5075348 | I63: 1.5086029 | J63: † | K63: 63.193161 | L63: 1.9178303 | N63: 50.451556 | O63: 1.7263169 | Q63: -12.741606 | R63: 2.4853013 | T63: c | U63: c | W63: 57.111292 | X63: 1.0114981 | Z63: c | AA63: c | AC63: 56.650385 | AD63: 1.0169182 | AF63: 66.969499 | AG63: 8.8426772 | AI63: 10.319114 | AJ63: 9.1914302
A64: Costa Rica | B64: 52.723275 | C64: 1.0852115 | E64: 48.59997 | F64: 1.3881674 | H64: -4.1233043 | I64: 1.6982477 | K64: 45.014181 | L64: 1.5015161 | N64: 49.479282 | O64: 2.0187574 | Q64: 4.4651011 | R64: 2.5275604 | T64: 53.590967 | U64: 1.0074317 | W64: 47.123866 | X64: 1.3259263 | Z64: -6.4671012 | AA64: 1.5095453 | AC64: 49.789746 | AD64: 0.96780041 | AF64: 57.260432 | AG64: 2.5163609 | AI64: 7.4706859 | AJ64: 2.6320541
A65: Croatia | B65: 51.452512 | C65: 1.2046234 | E65: 47.385261 | F65: 1.257566 | H65: -4.0672512 | I65: 1.5509887 | K65: 47.130442 | L65: 1.5124028 | N65: 50.384264 | O65: 1.4683118 | Q65: 3.2538213 | R65: 1.9561528 | T65: c | U65: c | W65: 49.394788 | X65: 0.96291948 | Z65: c | AA65: c | AC65: 48.939294 | AD65: 0.98464345 | AF65: 51.805291 | AG65: 2.6523116 | AI65: 2.8659967 | AJ65: 2.659184
A66: Cyprus | B66: 67.459187 | C66: 1.0597717 | D66: † | E66: 58.335457 | F66: 1.0823782 | H66: -9.12373 | I66: 1.5414911 | J66: † | K66: 63.067622 | L66: 1.4353952 | M66: † | N66: 63.125123 | O66: 1.5626862 | Q66: 0.057501761 | R66: 2.194563 | S66: † | T66: 67.711403 | U66: 6.7164055 | W66: 62.638334 | X66: 0.686256 | Y66: † | Z66: -5.0730687 | AA66: 6.7237118 | AB66: † | AC66: 63.140569 | AD66: 0.73096972 | AF66: 59.805449 | AG66: 2.2927933 | AH66: † | AI66: -3.3351206 | AJ66: 2.3072972 | AK66: †
A67: Dominican Republic | B67: 56.015916 | C67: 2.0229236 | D67: ‡ | E67: 44.102552 | F67: 1.7451478 | G67: ‡ | H67: -11.913364 | I67: 2.4344165 | J67: ‡ | K67: 52.010229 | L67: 3.1850226 | M67: ‡ | N67: 46.248722 | O67: 2.3480491 | P67: ‡ | Q67: -5.7615068 | R67: 3.9915658 | S67: ‡ | T67: 60.172251 | U67: 2.2857775 | V67: ‡ | W67: 45.545106 | X67: 1.5181124 | Y67: ‡ | Z67: -14.627145 | AA67: 2.3347996 | AB67: ‡ | AC67: 50.017247 | AD67: 1.4729182 | AE67: ‡ | AF67: 62.500149 | AG67: 7.9641052 | AH67: ‡ | AI67: 12.482902 | AJ67: 7.9924175 | AK67: ‡
A68: Georgia | B68: 64.258093 | C68: 1.1642553 | E68: 56.735877 | F68: 1.4427007 | H68: -7.5222159 | I68: 1.4345145 | K68: 58.533505 | L68: 1.9223972 | N68: 58.199859 | O68: 1.8538217 | Q68: -0.33364612 | R68: 2.5099497 | T68: 56.121853 | U68: 2.101738 | W68: 61.168249 | X68: 1.1833599 | Z68: 5.0463969 | AA68: 2.2913261 | AC68: 60.202282 | AD68: 1.140839 | AF68: 67.841614 | AG68: 6.7720757 | AI68: 7.639332 | AJ68: 6.9209562
A69: Hong Kong (China)* | B69: 27.708369 | C69: 0.94840855 | E69: 21.314902 | F69: 1.0027173 | H69: -6.3934671 | I69: 1.3533417 | K69: 27.573799 | L69: 1.1548822 | N69: 22.49519 | O69: 1.5499125 | Q69: -5.0786091 | R69: 1.9853922 | T69: 26.780614 | U69: 1.1266869 | W69: 23.491629 | X69: 0.80220837 | Z69: -3.2889851 | AA69: 1.3023681 | AC69: 23.981694 | AD69: 0.80183334 | AF69: 25.118723 | AG69: 1.1003541 | AI69: 1.1370287 | AJ69: 1.2681469
A70: Indonesia | B70: 55.716839 | C70: 1.3148362 | E70: 47.652848 | F70: 1.7155639 | H70: -8.0639905 | I70: 2.0123777 | K70: 49.810016 | L70: 2.0583399 | N70: 52.803843 | O70: 2.1431531 | Q70: 2.993827 | R70: 2.8786073 | T70: 55.030527 | U70: 1.1527413 | W70: 48.747615 | X70: 1.919108 | Z70: -6.2829121 | AA70: 2.3048724 | AC70: 51.677705 | AD70: 1.1507571 | AF70: 81.365141 | AG70: 10.362012 | AI70: 29.687436 | AJ70: 10.415802
A71: Jordan | B71: 56.009636 | C71: 1.3659373 | E71: 43.92254 | F71: 1.3522012 | H71: -12.087096 | I71: 1.8476682 | K71: 50.447235 | L71: 1.7571638 | N71: 46.814811 | O71: 1.5575951 | Q71: -3.6324245 | R71: 2.3000574 | T71: 49.790858 | U71: 0.97439468 | W71: m | X71: m | Z71: m | AA71: m | AC71: 49.361006 | AD71: 1.0257438 | AF71: 52.072486 | AG71: 2.1306161 | AI71: 2.7114806 | AJ71: 2.0308002
A72: Kazakhstan | B72: 58.567407 | C72: 0.8190226 | E72: 49.883052 | F72: 0.91343966 | H72: -8.6843554 | I72: 1.0028086 | K72: 56.723747 | L72: 1.1885918 | N72: 51.491717 | O72: 1.1566299 | Q72: -5.2320298 | R72: 1.4288184 | T72: 52.716016 | U72: 0.91213963 | W72: 53.621677 | X72: 1.0505975 | Z72: 0.90566162 | AA72: 1.1748086 | AC72: 54.095075 | AD72: 0.75247154 | AF72: 56.806309 | AG72: 1.885108 | AI72: 2.7112342 | AJ72: 2.0185247
A73: Kosovo | B73: 45.875268 | C73: 1.1850639 | E73: 30.979293 | F73: 1.044448 | H73: -14.895975 | I73: 1.2907087 | K73: 35.530291 | L73: 1.678158 | N73: 38.712614 | O73: 1.5477553 | Q73: 3.1823231 | R73: 2.2071684 | T73: 45.769844 | U73: 2.0249402 | W73: 36.061832 | X73: 0.96226653 | Z73: -9.7080117 | AA73: 2.0835239 | AC73: 37.93965 | AD73: 0.93837687 | AF73: 52.325483 | AG73: 7.1704409 | AI73: 14.385834 | AJ73: 7.1637439
A74: Lebanon | B74: m | C74: m | E74: m | F74: m | H74: m | I74: m | K74: m | L74: m | N74: m | O74: m | Q74: m | R74: m | T74: m | U74: m | W74: m | X74: m | Z74: m | AA74: m | AC74: m | AD74: m | AF74: m | AG74: m | AI74: m | AJ74: m
A75: Macao (China) | B75: 31.530652 | C75: 0.89390415 | E75: 25.260178 | F75: 0.88325729 | H75: -6.2704739 | I75: 1.3100185 | K75: 32.439799 | L75: 1.4520624 | N75: 28.746467 | O75: 1.3580132 | Q75: -3.6933322 | R75: 2.0120557 | T75: 32.490032 | U75: 1.0440935 | W75: 25.631705 | X75: 0.80840265 | Z75: -6.8583272 | AA75: 1.3951667 | AC75: 30.620378 | AD75: 0.92761215 | AF75: 27.21222 | AG75: 0.93226952 | AI75: -3.4081582 | AJ75: 1.4209132
A76: Malaysia | B76: 41.629056 | C76: 1.2587638 | E76: 32.337955 | F76: 0.98375243 | H76: -9.2911008 | I76: 1.5554693 | K76: 39.450673 | L76: 1.574786 | N76: 33.630276 | O76: 1.665254 | Q76: -5.8203975 | R76: 2.3198433 | T76: 42.247603 | U76: 3.3361776 | W76: 36.562994 | X76: 0.85110764 | Z76: -5.6846087 | AA76: 3.4102627 | AC76: 36.795141 | AD76: 0.86036604 | AF76: 39.391234 | AG76: 4.9632758 | AI76: 2.5960938 | AJ76: 5.1399331
A77: Malta | B77: 36.057962 | C77: 1.2368184 | E77: 27.951874 | F77: 1.3194787 | H77: -8.106088 | I77: 1.8571433 | K77: 31.698042 | L77: 1.8082478 | N77: 31.58027 | O77: 1.6933066 | Q77: -0.11777211 | R77: 2.5272345 | T77: c | U77: c | W77: 31.973004 | X77: 0.88474001 | Z77: c | AA77: c | AC77: 30.528308 | AD77: 0.88522337 | AF77: 45.377776 | AG77: 3.5930006 | AI77: 14.849468 | AJ77: 3.6521134
A78: Moldova | B78: 62.139765 | C78: 1.3054785 | E78: 54.858714 | F78: 1.366224 | H78: -7.2810511 | I78: 1.5881343 | K78: 58.520881 | L78: 1.8763647 | N78: 55.723765 | O78: 1.6106278 | Q78: -2.7971162 | R78: 2.3335483 | T78: 59.070666 | U78: 1.1274282 | W78: 53.738663 | X78: 2.8198077 | Z78: -5.3320033 | AA78: 2.9621334 | AC78: 58.3367 | AD78: 1.0709833 | AF78: 66.526411 | AG78: 6.2328492 | AI78: 8.1897114 | AJ78: 6.0778464
A79: Montenegro | B79: 69.702677 | C79: 0.76649861 | E79: 63.459185 | F79: 0.94449573 | H79: -6.2434916 | I79: 1.2593722 | K79: 66.341657 | L79: 1.2727391 | N79: 64.91016 | O79: 1.206674 | Q79: -1.4314976 | R79: 1.7411031 | T79: 74.107672 | U79: 7.2303497 | W79: 66.381793 | X79: 0.56891506 | Z79: -7.7258796 | AA79: 7.2834598 | AC79: 66.365832 | AD79: 0.61302151 | AF79: 70.601275 | AG79: 2.465345 | AI79: 4.2354432 | AJ79: 2.6094821
A80: Morocco | B80: 64.50674 | C80: 1.1006656 | D80: ‡ | E80: 52.729322 | F80: 1.5203104 | G80: ‡ | H80: -11.777418 | I80: 1.8230208 | J80: ‡ | K80: 62.964512 | L80: 2.22485 | M80: ‡ | N80: 55.479816 | O80: 2.0259033 | P80: † | Q80: -7.4846967 | R80: 3.0958045 | S80: ‡ | T80: 66.373022 | U80: 1.264474 | V80: ‡ | W80: 53.610195 | X80: 1.3657073 | Y80: ‡ | Z80: -12.762828 | AA80: 1.8647916 | AB80: ‡ | AC80: 58.772102 | AD80: 0.98016375 | AE80: ‡ | AF80: c | AG80: c | AI80: c | AJ80: c
A81: North Macedonia | B81: m | C81: m | E81: m | F81: m | H81: m | I81: m | K81: m | L81: m | N81: m | O81: m | Q81: m | R81: m | T81: m | U81: m | W81: m | X81: m | Z81: m | AA81: m | AC81: m | AD81: m | AF81: m | AG81: m | AI81: m | AJ81: m
A82: Panama | B82: 61.336021 | C82: 1.7496819 | D82: ‡ | E82: 55.92522 | F82: 1.880717 | G82: ‡ | H82: -5.410801 | I82: 2.6569839 | J82: ‡ | K82: 56.509723 | L82: 2.9828407 | M82: ‡ | N82: 54.138697 | O82: 1.8601624 | P82: ‡ | Q82: -2.3710258 | R82: 3.5268167 | S82: ‡ | T82: 60.476902 | U82: 2.5637964 | V82: ‡ | W82: 58.089569 | X82: 1.3900346 | Y82: ‡ | Z82: -2.3873329 | AA82: 2.8884417 | AB82: ‡ | AC82: 58.720709 | AD82: 1.2533923 | AE82: ‡ | AF82: 54.400379 | AG82: 5.3000963 | AH82: ‡ | AI82: -4.32033 | AJ82: 5.247169 | AK82: ‡
A83: Peru | B83: 62.157451 | C83: 1.5420438 | D83: ‡ | E83: 62.3868 | F83: 1.7917476 | G83: ‡ | H83: 0.22934969 | I83: 2.147183 | J83: ‡ | K83: 62.952847 | L83: 3.5286282 | M83: ‡ | N83: 60.706712 | O83: 1.9671605 | P83: † | Q83: -2.2461346 | R83: 3.9996351 | S83: ‡ | T83: 63.726551 | U83: 3.2782109 | V83: ‡ | W83: 62.066169 | X83: 1.2651401 | Y83: ‡ | Z83: -1.6603828 | AA83: 3.178517 | AB83: ‡ | AC83: 62.039216 | AD83: 1.2931935 | AE83: ‡ | AF83: c | AG83: c | AI83: c | AJ83: c
A84: Philippines | B84: 63.346303 | C84: 0.91122551 | E84: 59.096414 | F84: 1.0183033 | H84: -4.2498886 | I84: 1.178931 | K84: 60.333548 | L84: 1.1525294 | N84: 61.86314 | O84: 1.5507734 | Q84: 1.5295918 | R84: 1.7886266 | T84: 61.047927 | U84: 0.78096213 | W84: 69.881767 | X84: 4.6077854 | Z84: 8.8338407 | AA84: 4.7721119 | AC84: 60.865857 | AD84: 0.82815906 | AF84: 65.425541 | AG84: 6.9696704 | AH84: † | AI84: 4.5596841 | AJ84: 7.1181707 | AK84: †
A85: Qatar | B85: 56.866279 | C85: 0.53746866 | E85: 50.154298 | F85: 0.56637962 | H85: -6.711981 | I85: 0.73002736 | K85: 57.976367 | L85: 0.83721951 | N85: 51.408912 | O85: 0.97337526 | Q85: -6.5674545 | R85: 1.3658429 | T85: 57.531312 | U85: 0.89542386 | W85: 52.071056 | X85: 0.47431926 | Z85: -5.4602557 | AA85: 1.0200344 | AC85: 66.539034 | AD85: 0.64798291 | AF85: 43.69326 | AG85: 0.54441211 | AI85: -22.845774 | AJ85: 0.84888795
A86: Romania | B86: 61.730625 | C86: 1.2819177 | E86: 53.220889 | F86: 1.4211616 | H86: -8.5097369 | I86: 1.8110361 | K86: 63.782017 | L86: 2.053082 | N86: 52.190484 | O86: 1.8363329 | Q86: -11.591534 | R86: 2.6616457 | T86: 59.931135 | U86: 6.4367924 | W86: 57.433148 | X86: 0.94562392 | Z86: -2.4979874 | AA86: 6.4251493 | AC86: 57.308515 | AD86: 1.2118155 | AF86: c | AG86: c | AI86: c | AJ86: c
A87: Russia | B87: 58.409265 | C87: 0.98362583 | E87: 54.832244 | F87: 0.95005264 | H87: -3.5770217 | I87: 1.0445402 | K87: 55.615222 | L87: 1.4010415 | N87: 55.155763 | O87: 1.2538613 | Q87: -0.45945863 | R87: 1.6660097 | T87: 56.628294 | U87: 0.8076163 | W87: 56.209156 | X87: 1.9500037 | Z87: -0.41913765 | AA87: 1.8431127 | AC87: 55.95333 | AD87: 0.86116181 | AF87: 66.111289 | AG87: 2.4900696 | AI87: 10.157959 | AJ87: 2.557918
A88: Saudi Arabia | B88: 56.370723 | C88: 1.0800613 | E88: 54.550889 | F88: 1.323041 | H88: -1.8198344 | I88: 1.7553406 | K88: 53.34526 | L88: 1.5813153 | N88: 55.820602 | O88: 1.4286425 | Q88: 2.4753424 | R88: 2.2523594 | T88: 54.986608 | U88: 2.0821762 | W88: 55.569215 | X88: 0.88272332 | Z88: 0.58260692 | AA88: 2.2279924 | AC88: 55.684649 | AD88: 0.9190725 | AF88: 52.285837 | AG88: 1.7543406 | AI88: -3.3988119 | AJ88: 1.878291
A89: Serbia | B89: 65.066623 | C89: 1.1522022 | E89: 57.177758 | F89: 1.383113 | H89: -7.8888647 | I89: 1.474382 | K89: 60.645304 | L89: 1.7413466 | N89: 58.943235 | O89: 1.6193858 | Q89: -1.7020694 | R89: 2.4925241 | T89: c | U89: c | W89: 60.813554 | X89: 1.0842685 | Z89: c | AA89: c | AC89: 60.48255 | AD89: 1.0717997 | AF89: 63.968116 | AG89: 2.7230382 | AI89: 3.4855661 | AJ89: 2.6202322
A90: Singapore | B90: 41.646636 | C90: 0.84833111 | E90: 32.886945 | F90: 0.87054953 | H90: -8.7596903 | I90: 1.2247373 | K90: 44.697504 | L90: 1.1135416 | N90: 32.365298 | O90: 1.3429911 | Q90: -12.332206 | R90: 1.7435987 | T90: 34.733258 | U90: 7.2042654 | W90: 37.297494 | X90: 0.59734142 | Z90: 2.5642364 | AA90: 7.2297744 | AC90: 36.564631 | AD90: 0.67982581 | AF90: 39.591833 | AG90: 1.2460054 | AI90: 3.0272017 | AJ90: 1.388009
A91: Chinese Taipei | B91: 41.734952 | C91: 0.9884808 | E91: 34.25885 | F91: 1.4013128 | H91: -7.4761017 | I91: 1.5006833 | K91: 39.796036 | L91: 1.3396186 | N91: 37.286002 | O91: 1.7355684 | Q91: -2.5100335 | R91: 2.1148201 | T91: 40.366268 | U91: 1.1759997 | W91: 36.676565 | X91: 1.2148097 | Z91: -3.6897032 | AA91: 1.4381681 | AC91: 37.906538 | AD91: 0.97991541 | AF91: 45.171571 | AG91: 7.9586782 | AI91: 7.2650322 | AJ91: 8.0143545
A92: Thailand | B92: 50.168435 | C92: 1.2550845 | E92: 38.309326 | F92: 1.3396643 | H92: -11.859109 | I92: 1.5432546 | K92: 43.091646 | L92: 1.9063782 | N92: 41.069921 | O92: 1.8038617 | Q92: -2.0217258 | R92: 2.58321 | T92: 46.040347 | U92: 1.8728895 | W92: 43.249624 | X92: 1.0669849 | Z92: -2.7907236 | AA92: 1.8632222 | AC92: 43.536098 | AD92: 0.92671799 | AF92: 61.424818 | AG92: 11.906834 | AI92: 17.888721 | AJ92: 11.612013
A93: Ukraine | B93: 65.157389 | C93: 1.2654282 | E93: 59.577522 | F93: 1.4709289 | H93: -5.5798673 | I93: 1.7355377 | K93: 64.131411 | L93: 1.8268446 | N93: 60.526132 | O93: 1.7009941 | Q93: -3.6052789 | R93: 2.1176047 | T93: m | U93: m | W93: 62.439233 | X93: 1.0689212 | Z93: m | AA93: m | AC93: 62.507048 | AD93: 1.0695102 | AF93: 66.683371 | AG93: 4.2865145 | AI93: 4.1763237 | AJ93: 4.1349627
A94: United Arab Emirates | B94: 48.947932 | C94: 0.81348261 | E94: 41.800579 | F94: 0.94512986 | H94: -7.1473522 | I94: 1.4525832 | K94: 52.409847 | L94: 1.0120811 | N94: 40.06057 | O94: 1.1977648 | Q94: -12.349277 | R94: 1.4598256 | T94: 49.111363 | U94: 1.7964746 | W94: 44.681031 | X94: 0.51324308 | Z94: -4.4303323 | AA94: 1.7206096 | AC94: 56.997805 | AD94: 0.69157137 | AF94: 35.895114 | AG94: 0.70050557 | AI94: -21.102692 | AJ94: 0.99618931
A95: Uruguay | B95: 67.635004 | C95: 1.397998 | D95: † | E95: 68.051067 | F95: 1.5456425 | G95: † | H95: 0.4160631 | I95: 1.7121069 | J95: † | K95: 70.43591 | L95: 2.0471228 | M95: † | N95: 64.384069 | O95: 2.361109 | P95: † | Q95: -6.0518408 | R95: 3.1391118 | S95: † | T95: 74.036369 | U95: 1.5073421 | V95: † | W95: 65.277085 | X95: 1.495699 | Y95: † | Z95: -8.7592842 | AA95: 1.9586629 | AB95: † | AC95: 67.805266 | AD95: 1.2883231 | AE95: † | AF95: 61.407005 | AG95: 7.4616298 | AH95: † | AI95: -6.3982616 | AJ95: 7.6044447 | AK95: †
A96: Viet Nam | B96: 45.834066 | C96: 1.3623576 | E96: 43.524399 | F96: 1.1929614 | H96: -2.3096666 | I96: 1.4807647 | K96: 42.901064 | L96: 1.765924 | N96: 45.280068 | O96: 2.0283136 | Q96: 2.3790045 | R96: 2.6046839 | T96: 54.598122 | U96: 4.2608861 | W96: 44.118307 | X96: 1.0759718 | Z96: -10.479815 | AA96: 4.4809521 | AC96: 44.549015 | AD96: 1.0130542 | AF96: c | AG96: c | AI96: c | AJ96: c
A101: Information on data for Cyprus: https://oe.cd/cyprus-disclaimer
A102: *Data did not meet the PISA technical standards but were accepted as largely comparable (see Annexes A2 and A4).
A104: 1. A socio-economically disadvantaged (advantaged) student is a student in the bottom (top) quarter of the PISA index of economic, social and cultural status (ESCS) in his or her own country/economy.
A105: Notes: Values that are statistically significant are indicated in bold (see Annex A3).
A106: Information regarding the proportion of the sample covered is shown next to the standard error. No symbol means at least 75% of the population was covered; one dagger (†) means at least 50% but less than 75%; and one double-dagger (‡) means less than 50% was covered. For comparisons across cycles, the coverage information corresponds to the cycle with the lowest sample coverage.

Sheet Table III.B1.4.7
A1: PISA 2018 Results (Volume III) - © OECD 2019
A2: Annex B1 | B2: Annex B1.4 Results (tables): Student truancy and lateness
A3: Version 2 - Last updated: 02-Dec-2019
A4: Disclaimer: http://oe.cd/disclaimer
A6: Table III.B1.4.7
A7: Student truancy, by school characteristics
A8: Based on students' reports
B11: Percentage of students who skipped a whole day of school at least once in the two weeks prior to the PISA test, by the following school characteristics:
B12: School socio-economic profile1 | N12: School location | Z12: School type | AI12: Concentration of immigrant students2
B13: Disadvantaged schools | E13: Socio-economically average schools | H13: Advantaged schools | K13: Advantaged -disadvantaged schools | N13: Rural area or village (fewer than 3 000 people) | Q13: Town (3 000 to 100 000 people) | T13: City (over 100 000 people) | W13: City - rural area | Z13: Public | AC13: Private | AF13: Private - public | AI13: Low immigrant concentration | AL13: High immigrant concentration | AO13: High concentration - low concentration
B14: % | C14: S.E. | E14: % | F14: S.E. | H14: % | I14: S.E. | K14: % dif. | L14: S.E. | N14: % | O14: S.E. | Q14: % | R14: S.E. | T14: % | U14: S.E. | W14: % dif. | X14: S.E. | Z14: % | AA14: S.E. | AC14: % | AD14: S.E. | AF14: % dif. | AG14: S.E. | AI14: % | AJ14: S.E. | AL14: % | AM14: S.E. | AO14: % dif. | AP14: S.E.
A15: OECD
A16: Australia | B16: 38.019816 | C16: 1.1119365 | E16: 33.972878 | F16: 0.78058647 | H16: 25.91339 | I16: 1.0093729 | K16: -12.106426 | L16: 1.6117274 | N16: 41.416981 | O16: 2.4683622 | Q16: 36.759487 | R16: 1.2032293 | T16: 30.976293 | U16: 0.66545929 | W16: -10.440688 | X16: 2.5396622 | Z16: 34.172534 | AA16: 0.76419426 | AC16: 31.251713 | AD16: 0.80869184 | AE16: † | AF16: -2.9208212 | AG16: 1.1223702 | AH16: † | AI16: 34.525637 | AJ16: 1.0881968 | AL16: 32.405721 | AM16: 0.65746221 | AO16: -2.1199159 | AP16: 1.2897819
A17: Austria | B17: 21.758715 | C17: 1.3922718 | D17: † | E17: 16.725059 | F17: 0.91716385 | H17: 14.618547 | I17: 1.086313 | K17: -7.1401678 | L17: 1.7261515 | M17: † | N17: 13.686104 | O17: 3.0840128 | P17: † | Q17: 16.911236 | R17: 0.68887844 | T17: 18.802522 | U17: 1.2709568 | W17: 5.1164182 | X17: 3.3880783 | Y17: † | Z17: 17.296247 | AA17: 0.63413406 | AC17: 17.475857 | AD17: 2.9698852 | AF17: 0.17961012 | AG17: 3.1893728 | AI17: 13.630421 | AJ17: 0.79074566 | AL17: 19.559356 | AM17: 0.89194765 | AO17: 5.928935 | AP17: 1.2677582
A18: Belgium | B18: 13.688627 | C18: 1.0016159 | D18: † | E18: 8.6925291 | F18: 0.5569467 | H18: 4.6641181 | I18: 0.53791031 | K18: -9.0245084 | L18: 1.1111831 | M18: † | N18: c | O18: c | Q18: 8.0560102 | R18: 0.43191347 | T18: 10.789257 | U18: 0.74410912 | W18: c | X18: c | Z18: m | AA18: m | AC18: m | AD18: m | AF18: m | AG18: m | AI18: 7.1023354 | AJ18: 0.60015956 | AL18: 10.521927 | AM18: 0.61707418 | AO18: 3.4195918 | AP18: 0.98514001
A19: Canada | B19: 24.402192 | C19: 0.96034837 | E19: 23.876032 | F19: 0.66425664 | H19: 20.86313 | I19: 1.1158238 | K19: -3.5390625 | L19: 1.3779261 | N19: 28.571605 | O19: 1.6351418 | Q19: 21.98881 | R19: 0.70976435 | T19: 23.519094 | U19: 0.75526618 | W19: -5.0525108 | X19: 1.7280929 | Z19: 23.727887 | AA19: 0.53444175 | AC19: 17.874308 | AD19: 1.5559433 | AF19: -5.853579 | AG19: 1.7056612 | AI19: 23.82307 | AJ19: 0.79028862 | AL19: 22.952191 | AM19: 0.67225083 | AO19: -0.87087921 | AP19: 1.1118173
A20: Chile | B20: 13.441818 | C20: 1.5479577 | D20: † | E20: 11.164731 | F20: 0.80074632 | G20: † | H20: 6.5544251 | I20: 0.87053039 | J20: † | K20: -6.8873931 | L20: 1.8031981 | M20: † | N20: 18.902449 | O20: 4.1024015 | P20: † | Q20: 12.182181 | R20: 1.2769672 | S20: † | T20: 9.0359214 | U20: 0.60869253 | V20: † | W20: -9.8665277 | X20: 4.1663556 | Y20: † | Z20: 14.466357 | AA20: 1.2017741 | AB20: † | AC20: 8.3344412 | AD20: 0.56274097 | AE20: † | AF20: -6.1319159 | AG20: 1.3613623 | AH20: † | AI20: 9.8647072 | AJ20: 0.58160712 | AK20: † | AL20: 16.795583 | AM20: 2.4232728 | AN20: † | AO20: 6.9308758 | AP20: 2.5697835 | AQ20: †
A21: Colombia | B21: 46.433164 | C21: 2.0591841 | D21: † | E21: 44.959478 | F21: 1.0424075 | G21: † | H21: 39.170104 | I21: 1.2219946 | K21: -7.2630598 | L21: 2.221648 | M21: † | N21: 50.351181 | O21: 2.4003203 | P21: † | Q21: 43.2096 | R21: 1.5925519 | S21: † | T21: 42.692428 | U21: 0.95214213 | V21: † | W21: -7.6587531 | X21: 2.44223 | Y21: † | Z21: 44.597179 | AA21: 0.91487034 | AB21: † | AC21: 40.157751 | AD21: 1.4077763 | AF21: -4.4394284 | AG21: 1.6389871 | AH21: † | AI21: 43.594141 | AJ21: 0.79188107 | AK21: † | AL21: m | AM21: m | AO21: m | AP21: m
A22: Czech Republic | B22: 16.781952 | C22: 1.4022429 | E22: 9.7330805 | F22: 0.60137808 | H22: 5.9390237 | I22: 0.66554427 | K22: -10.842928 | L22: 1.6461064 | N22: 6.9621557 | O22: 0.91360772 | Q22: 10.281999 | R22: 0.55198118 | T22: 11.765146 | U22: 1.4709503 | W22: 4.8029906 | X22: 1.6256116 | Z22: 9.929877 | AA22: 0.51705888 | AC22: 17.611593 | AD22: 3.7340273 | AF22: 7.6817161 | AG22: 3.8316062 | AI22: 9.3790648 | AJ22: 0.44334068 | AL22: 18.225761 | AM22: 2.4670265 | AO22: 8.8466959 | AP22: 2.5460293
A23: Denmark | B23: 24.540083 | C23: 1.3762131 | E23: 18.924389 | F23: 0.96317608 | H23: 16.644133 | I23: 1.1787945 | K23: -7.8959498 | L23: 1.8155207 | N23: 20.119157 | O23: 2.0614059 | P23: † | Q23: 18.371939 | R23: 0.91103166 | T23: 22.261269 | U23: 1.9683759 | W23: 2.1421126 | X23: 2.7575038 | Y23: † | Z23: 20.926272 | AA23: 0.89601126 | AC23: 16.228533 | AD23: 1.2115779 | AF23: -4.6977393 | AG23: 1.6071084 | AI23: 18.407236 | AJ23: 0.85744459 | AL23: 22.411118 | AM23: 1.0520001 | AO23: 4.0038819 | AP23: 1.310954
A24: Estonia | B24: 21.650354 | C24: 1.6969924 | E24: 18.006571 | F24: 0.743957 | H24: 12.030494 | I24: 0.99419596 | K24: -9.6198601 | L24: 2.0433071 | N24: 16.835642 | O24: 1.6450135 | Q24: 17.039746 | R24: 0.71313539 | T24: 18.718486 | U24: 1.2228435 | W24: 1.8828443 | X24: 2.2027786 | Z24: 17.529576 | AA24: 0.60693369 | AC24: 16.419153 | AD24: 2.2639945 | AF24: -1.1104236 | AG24: 2.3852715 | AI24: 13.575877 | AJ24: 0.72670279 | AL24: 24.832545 | AM24: 1.0655704 | AO24: 11.256668 | AP24: 1.3791754
A25: Finland | B25: 15.52421 | C25: 1.2901071 | E25: 12.793644 | F25: 0.87115783 | H25: 11.859037 | I25: 0.94835162 | K25: -3.6651731 | L25: 1.5868129 | N25: 16.227043 | O25: 3.0050005 | Q25: 12.86167 | R25: 0.81482085 | T25: 13.2882 | U25: 1.0445194 | W25: -2.9388431 | X25: 3.271412 | Z25: 13.240848 | AA25: 0.60163037 | AC25: 12.763652 | AD25: 2.8769753 | AF25: -0.47719615 | AG25: 3.032689 | AI25: 13.092185 | AJ25: 0.67206943 | AL25: 13.743147 | AM25: 1.2081618 | AO25: 0.65096227 | AP25: 1.4508432
A26: France | B26: 26.566896 | C26: 1.6912522 | D26: † | E26: 16.05467 | F26: 1.0280549 | H26: 7.6232925 | I26: 0.60613412 | K26: -18.943604 | L26: 1.9842247 | M26: † | N26: 20.454176 | O26: 6.5146618 | Q26: 16.365494 | R26: 0.80438562 | T26: 13.172185 | U26: 1.3795882 | W26: -7.2819914 | X26: 6.600176 | Z26: 17.872701 | AA26: 0.67596917 | AC26: 10.012989 | AD26: 1.4652896 | AF26: -7.8597114 | AG26: 1.5111454 | AI26: 13.300482 | AJ26: 0.87245022 | AL26: 20.327604 | AM26: 1.0568842 | AO26: 7.0271219 | AP26: 1.3979461
A27: Germany | B27: 22.559908 | C27: 1.9446637 | D27: ‡ | E27: 12.350952 | F27: 1.2699807 | G27: ‡ | H27: 8.4226532 | I27: 1.4613989 | J27: † | K27: -14.137255 | L27: 2.3416033 | M27: ‡ | N27: c | O27: c | Q27: 13.471454 | R27: 0.92509098 | S27: ‡ | T27: 12.613657 | U27: 1.5751247 | V27: ‡ | W27: c | X27: c | Z27: 13.372331 | AA27: 0.77713146 | AB27: ‡ | AC27: 6.965038 | AD27: 3.5782077 | AE27: † | AF27: -6.4072926 | AG27: 3.6122949 | AH27: ‡ | AI27: 10.26368 | AJ27: 1.7532173 | AK27: ‡ | AL27: 14.217889 | AM27: 0.9772193 | AN27: ‡ | AO27: 3.9542092 | AP27: 1.9744532 | AQ27: ‡
A28: Greece | B28: 34.519964 | C28: 1.725575 | E28: 27.313304 | F28: 0.95334173 | H28: 25.592368 | I28: 1.3332447 | K28: -8.9275966 | L28: 2.3102523 | N28: 26.722715 | O28: 2.5875533 | Q28: 28.057465 | R28: 1.0347179 | T28: 29.047984 | U28: 1.2630319 | W28: 2.3252695 | X28: 2.9166279 | Z28: 28.922406 | AA28: 0.70020581 | AC28: 18.139925 | AD28: 2.2484237 | AF28: -10.782481 | AG28: 2.3849321 | AI28: 26.781714 | AJ28: 0.85841309 | AL28: 30.762847 | AM28: 1.2553847 | AO28: 3.9811331 | AP28: 1.6760326
A29: Hungary | B29: 22.149293 | C29: 1.9736872 | E29: 10.276918 | F29: 1.0009267 | H29: 6.0768317 | I29: 0.72717058 | K29: -16.072461 | L29: 2.1264144 | N29: 24.628058 | O29: 4.5177389 | P29: † | Q29: 12.98831 | R29: 1.0631632 | T29: 9.9513287 | U29: 0.97481652 | W29: -14.676729 | X29: 4.4713519 | Y29: † | Z29: 12.329377 | AA29: 0.73634854 | AC29: 10.376945 | AD29: 1.65628 | AF29: -1.9524322 | AG29: 1.795895 | AI29: 11.881979 | AJ29: 0.66903971 | AL29: 15.039894 | AM29: 3.8516028 | AO29: 3.1579144 | AP29: 3.91111
A30: Iceland | B30: 9.0572456 | C30: 1.2642102 | D30: † | E30: 6.6688571 | F30: 0.70929612 | H30: 7.1051468 | I30: 0.87127055 | K30: -1.9520988 | L30: 1.5617378 | M30: † | N30: 5.6222198 | O30: 1.2155101 | P30: † | Q30: 7.3013636 | R30: 0.5437427 | T30: 8.0711311 | U30: 1.1608417 | W30: 2.4489113 | X30: 1.4759207 | Y30: † | Z30: 7.2030326 | AA30: 0.50205404 | AC30: c | AD30: c | AF30: c | AG30: c | AI30: 7.2245734 | AJ30: 0.52954922 | AL30: 7.8962479 | AM30: 1.1965226 | AO30: 0.67167451 | AP30: 1.1951411
A31: Ireland | B31: 33.476379 | C31: 1.4273884 | E31: 29.597853 | F31: 1.1679229 | H31: 26.990341 | I31: 2.0100687 | K31: -6.4860376 | L31: 2.4500792 | N31: 31.838078 | O31: 1.3782385 | Q31: 28.856581 | R31: 1.1254324 | T31: 30.631487 | U31: 1.8695033 | W31: -1.206591 | X31: 2.3275999 | Z31: 31.219962 | AA31: 1.0678301 | AC31: 28.757512 | AD31: 1.1900804 | AF31: -2.4624494 | AG31: 1.5989057 | AI31: 30.63399 | AJ31: 1.4444381 | AL31: 29.591741 | AM31: 1.0657923 | AO31: -1.0422486 | AP31: 1.9152444
A32: Israel | B32: 43.302526 | C32: 1.4584583 | D32: † | E32: 39.762474 | F32: 1.1278758 | H32: 32.147087 | I32: 2.0879577 | K32: -11.155439 | L32: 2.4241241 | M32: † | N32: 36.916695 | O32: 2.7923317 | Q32: 41.366748 | R32: 1.2482352 | T32: 35.444845 | U32: 1.3081452 | W32: -1.4718505 | X32: 2.9956666 | Z32: 38.434592 | AA32: 0.84529106 | AC32: m | AD32: m | AF32: m | AG32: m | AI32: 38.151181 | AJ32: 1.2733011 | AL32: 38.6959 | AM32: 1.3139852 | AO32: 0.54471934 | AP32: 1.9571546
A33: Italy | B33: 65.063909 | C33: 2.3275815 | E33: 56.281008 | F33: 1.3134036 | H33: 49.802095 | I33: 1.7222871 | K33: -15.261814 | L33: 2.8094383 | N33: 58.92397 | O33: 3.665706 | P33: † | Q33: 56.699931 | R33: 1.2568259 | T33: 56.741168 | U33: 2.1837921 | W33: -2.1828017 | X33: 4.3124746 | Y33: † | Z33: 56.771023 | AA33: 0.98884427 | AC33: 57.705152 | AD33: 4.4699177 | AF33: 0.93412923 | AG33: 4.439435 | AI33: 57.846589 | AJ33: 1.1300449 | AL33: 55.083303 | AM33: 1.7821033 | AO33: -2.7632853 | AP33: 2.0878619
A34: Japan | B34: 4.210619 | C34: 1.2107849 | E34: 1.5167584 | F34: 0.28833334 | H34: 1.200616 | I34: 0.32806477 | K34: -3.010003 | L34: 1.2043459 | N34: m | O34: m | Q34: 2.2826955 | R34: 0.42328434 | T34: 2.0413485 | U34: 0.44829476 | W34: m | X34: m | Z34: 2.206133 | AA34: 0.4773114 | AC34: 1.9046976 | AD34: 0.36392168 | AF34: -0.30143542 | AG34: 0.56620495 | AI34: w | AJ34: w | AL34: w | AM34: w | AO34: w | AP34: w
A35: Korea | B35: 4.614396 | C35: 1.103218 | E35: 1.614172 | F35: 0.31484378 | H35: 1.1131634 | I35: 0.40719003 | K35: -3.5012326 | L35: 1.1816818 | N35: c | O35: c | Q35: 1.6475427 | R35: 0.63137942 | T35: 2.3206487 | U35: 0.35529606 | W35: c | X35: c | Z35: 2.740917 | AA35: 0.52519643 | AC35: 1.4002684 | AD35: 0.2848714 | AF35: -1.3406486 | AG35: 0.62152049 | AI35: 2.1649337 | AJ35: 0.31871631 | AL35: c | AM35: c | AO35: c | AP35: c
A36: Latvia | B36: 36.234836 | C36: 1.6638174 | E36: 28.495192 | F36: 0.94790254 | H36: 20.952596 | I36: 1.6206176 | K36: -15.28224 | L36: 2.2247328 | N36: 37.847993 | O36: 2.0828452 | Q36: 26.85916 | R36: 0.97996011 | T36: 27.277282 | U36: 1.2809387 | W36: -10.570711 | X36: 2.3208662 | Z36: 28.770041 | AA36: 0.76389154 | AC36: 37.413689 | AD36: 5.8601002 | AF36: 8.6436479 | AG36: 5.8823517 | AI36: 28.895368 | AJ36: 0.88801061 | AL36: 27.642089 | AM36: 1.6987448 | AO36: -1.253279 | AP36: 1.9475464
A37: Lithuania | B37: 37.874977 | C37: 1.5036022 | E37: 26.94104 | F37: 1.1016729 | H37: 18.586399 | I37: 1.2814203 | K37: -19.288578 | L37: 1.9954961 | N37: 33.789786 | O37: 1.8434852 | Q37: 27.527891 | R37: 0.97737847 | T37: 24.527049 | U37: 1.3813987 | W37: -9.2627373 | X37: 2.5095537 | Z37: 28.279455 | AA37: 0.69925884 | AC37: 18.351208 | AD37: 2.8673128 | AF37: -9.9282464 | AG37: 2.9613307 | AI37: 27.854953 | AJ37: 0.70089829 | AL37: 27.495561 | AM37: 2.7417712 | AN37: † | AO37: -0.35939236 | AP37: 2.848757 | AQ37: †
A38: Luxembourg | B38: 24.904027 | C38: 1.3374646 | E38: 13.951069 | F38: 0.70674289 | H38: 8.9644124 | I38: 0.68877845 | K38: -15.939615 | L38: 1.4593801 | N38: m | O38: m | Q38: 16.920226 | R38: 0.78791386 | T38: 12.815136 | U38: 0.72524421 | W38: m | X38: m | Z38: 15.66894 | AA38: 0.63493595 | AC38: 13.010438 | AD38: 1.1241395 | AF38: -2.658502 | AG38: 1.297687 | AI38: c | AJ38: c | AL38: 15.250454 | AM38: 0.56126622 | AO38: c | AP38: c
A39: Mexico | B39: 32.279848 | C39: 2.7339751 | D39: ‡ | E39: 32.426116 | F39: 1.3138005 | G39: † | H39: 20.199514 | I39: 1.7645231 | J39: † | K39: -12.080334 | L39: 3.1419039 | M39: ‡ | N39: 32.710504 | O39: 4.1265118 | P39: ‡ | Q39: 31.043832 | R39: 1.7867876 | S39: † | T39: 27.184376 | U39: 1.430826 | V39: † | W39: -5.5261278 | X39: 4.2470263 | Y39: ‡ | Z39: 29.405866 | AA39: 1.1399004 | AB39: † | AC39: 24.764784 | AD39: 2.1232568 | AE39: † | AF39: -4.6410821 | AG39: 2.3534179 | AH39: † | AI39: 28.481039 | AJ39: 1.0779725 | AK39: † | AL39: 36.872007 | AM39: 6.3813507 | AN39: ‡ | AO39: 8.3909681 | AP39: 6.5844039 | AQ39: ‡
A40: Netherlands* | B40: 13.98985 | C40: 1.3768665 | D40: † | E40: 5.5697188 | F40: 0.67443771 | H40: 6.1869293 | I40: 0.93659359 | K40: -7.8029209 | L40: 1.6580391 | M40: † | N40: c | O40: c | Q40: 6.7103858 | R40: 0.60914571 | T40: 7.452548 | U40: 1.2324555 | W40: c | X40: c | Z40: 7.3349073 | AA40: 0.97330838 | AC40: 6.8704049 | AD40: 0.63256118 | AF40: -0.46450239 | AG40: 1.1593698 | AI40: 6.1846056 | AJ40: 0.64250974 | AL40: 8.8552825 | AM40: 0.95258173 | AN40: † | AO40: 2.6706769 | AP40: 1.1595348 | AQ40: †
A41: New Zealand | B41: 36.136071 | C41: 1.4860779 | E41: 27.982965 | F41: 1.1914632 | H41: 24.535787 | I41: 1.4487825 | K41: -11.600284 | L41: 2.0552252 | N41: 29.88548 | O41: 5.2881192 | Q41: 30.020931 | R41: 1.3914636 | T41: 28.057341 | U41: 1.0975896 | W41: -1.8281388 | X41: 5.2606167 | Z41: 29.52481 | AA41: 0.83852827 | AC41: 20.859096 | AD41: 2.9930117 | AF41: -8.6657144 | AG41: 3.0164609 | AI41: 32.137943 | AJ41: 2.45257 | AL41: 28.127886 | AM41: 0.85888194 | AO41: -4.0100562 | AP41: 2.6478886
A42: Norway | B42: 13.826534 | C42: 0.8875407 | E42: 13.853028 | F42: 0.65350276 | H42: 12.740032 | I42: 1.0913249 | K42: -1.0865016 | L42: 1.3310735 | N42: 13.775283 | O42: 1.3038134 | Q42: 13.751012 | R42: 0.64088109 | T42: 13.853358 | U42: 1.2175714 | W42: 0.078075747 | X42: 1.7560016 | Z42: w | AA42: w | AC42: w | AD42: w | AF42: w | AG42: w | AI42: 13.046177 | AJ42: 0.77018557 | AL42: 14.232194 | AM42: 0.64089463 | AO42: 1.1860172 | AP42: 0.99202304
A43: Poland | B43: 25.644706 | C43: 2.2217477 | E43: 26.215504 | F43: 1.346138 | H43: 17.665206 | I43: 1.4166998 | K43: -7.9795007 | L43: 2.7720464 | N43: 22.778938 | O43: 1.6294436 | Q43: 24.078112 | R43: 1.2424943 | T43: 25.212507 | U43: 2.2748226 | W43: 2.4335685 | X43: 2.6945261 | Z43: 24.35695 | AA43: 1.0008724 | AC43: 15.070836 | AD43: 5.567827 | AF43: -9.2861138 | AG43: 5.6225441 | AI43: 23.945864 | AJ43: 1.0084798 | AL43: c | AM43: c | AO43: c | AP43: c
A44: Portugal* | B44: 32.08355 | C44: 2.139682 | E44: 28.460023 | F44: 0.99024818 | H44: 23.455069 | I44: 1.1658769 | K44: -8.6284811 | L44: 2.5214823 | N44: 39.626426 | O44: 5.5227001 | P44: † | Q44: 28.436241 | R44: 0.97945744 | T44: 26.050811 | U44: 1.4332963 | W44: -13.575615 | X44: 5.5946052 | Y44: † | Z44: 28.205066 | AA44: 0.69940089 | AC44: 27.355612 | AD44: 2.1157449 | AF44: -0.84945331 | AG44: 2.2480139 | AI44: 27.856405 | AJ44: 0.89054794 | AL44: 28.890239 | AM44: 1.8124894 | AO44: 1.0338335 | AP44: 2.293377
A45: Slovak Republic | B45: 22.930688 | C45: 1.2181015 | E45: 18.425712 | F45: 1.1186732 | H45: 10.706495 | I45: 1.1005019 | K45: -12.224193 | L45: 1.6589876 | N45: 19.830775 | O45: 1.7231931 | Q45: 17.565015 | R45: 0.80635781 | T45: 13.974173 | U45: 1.8147204 | W45: -5.8566021 | X45: 2.6987876 | Z45: 17.818223 | AA45: 0.77748812 | AC45: 14.822457 | AD45: 2.0724232 | AF45: -2.9957664 | AG45: 2.2829212 | AI45: 17.490218 | AJ45: 0.71575397 | AL45: 15.985024 | AM45: 3.1638712 | AO45: -1.5051935 | AP45: 3.3224407
A46: Slovenia | B46: 28.598239 | C46: 1.337153 | D46: † | E46: 17.776761 | F46: 0.76511954 | H46: 8.1105822 | I46: 1.0047664 | K46: -20.487657 | L46: 1.7634419 | M46: † | N46: 22.437223 | O46: 5.3771491 | Q46: 17.893236 | R46: 0.69500186 | T46: 15.436194 | U46: 1.3170721 | W46: -7.0010297 | X46: 5.5454528 | Z46: 17.772296 | AA46: 0.63203655 | AC46: 7.3710592 | AD46: 2.8800541 | AF46: -10.401237 | AG46: 2.8655533 | AI46: 15.800679 | AJ46: 0.73353119 | AL46: 22.882517 | AM46: 1.2137617 | AO46: 7.0818373 | AP46: 1.47678
A47: Spain | B47: 31.694593 | C47: 1.061622 | D47: † | E47: 30.699166 | F47: 0.86738138 | G47: † | H47: 25.79051 | I47: 1.112305 | K47: -5.9040833 | L47: 1.5384828 | M47: † | N47: 29.334529 | O47: 2.0779373 | Q47: 30.620284 | R47: 0.78300649 | S47: † | T47: 27.837276 | U47: 0.87121302 | V47: † | W47: -1.4972526 | X47: 2.2998847 | Y47: † | Z47: 31.457983 | AA47: 0.72697067 | AB47: † | AC47: 26.054758 | AD47: 0.89544039 | AE47: † | AF47: -5.4032251 | AG47: 1.1787672 | AH47: † | AI47: 28.564691 | AJ47: 0.83999139 | AK47: † | AL47: 30.813782 | AM47: 0.74421787 | AN47: † | AO47: 2.2490915 | AP47: 1.1470982 | AQ47: †
A48: Sweden | B48: 13.451032 | C48: 1.2159005 | E48: 9.2521451 | F48: 0.72146208 | H48: 8.0037086 | I48: 0.87770445 | K48: -5.4473234 | L48: 1.5348055 | N48: 7.4501766 | O48: 1.1584882 | Q48: 9.8598909 | R48: 0.73814672 | T48: 10.652906 | U48: 0.83668156 | W48: 3.2027294 | X48: 1.4685235 | Z48: 9.4675936 | AA48: 0.57571945 | AC48: 12.004808 | AD48: 1.1912866 | AF48: 2.5372143 | AG48: 1.2463095 | AI48: 8.2710115 | AJ48: 0.84246159 | AL48: 11.126825 | AM48: 0.6472412 | AO48: 2.8558132 | AP48: 1.0193309
A49: Switzerland | B49: 23.066506 | C49: 2.1343802 | D49: † | E49: 14.696324 | F49: 1.2825646 | G49: † | H49: 9.9895995 | I49: 1.0883328 | J49: † | K49: -13.076907 | L49: 2.3633459 | M49: † | N49: 13.121208 | O49: 2.572497 | P49: ‡ | Q49: 15.279632 | R49: 1.1358324 | S49: † | T49: 17.132156 | U49: 2.475889 | V49: † | W49: 4.0109477 | X49: 3.7528027 | Y49: ‡ | Z49: 15.374793 | AA49: 1.0602685 | AB49: † | AC49: 16.760738 | AD49: 4.0858351 | AE49: † | AF49: 1.3859449 | AG49: 4.2794233 | AH49: † | AI49: 10.254286 | AJ49: 2.7479083 | AK49: † | AL49: 16.013586 | AM49: 1.0960626 | AN49: † | AO49: 5.7593004 | AP49: 3.016086 | AQ49: †
A50: Turkey | B50: 48.139516 | C50: 1.5811909 | E50: 51.163278 | F50: 1.2611337 | H50: 55.821604 | I50: 2.0221141 | K50: 7.6820881 | L50: 2.4860496 | N50: c | O50: c | Q50: 51.629611 | R50: 1.4329822 | T50: 51.698524 | U50: 1.2329589 | W50: c | X50: c | Z50: 51.342849 | AA50: 0.91419886 | AC50: 53.495755 | AD50: 3.3721589 | AF50: 2.1529058 | AG50: 3.4157302 | AI50: 51.635432 | AJ50: 0.93840959 | AL50: c | AM50: c | AO50: c | AP50: c
A51: United Kingdom | B51: 23.568839 | C51: 1.1259678 | E51: 19.081261 | F51: 0.72042251 | H51: 13.59326 | I51: 0.8841493 | K51: -9.9755788 | L51: 1.3313637 | N51: 20.024241 | O51: 3.2400302 | Q51: 17.991107 | R51: 0.85651832 | T51: 19.958665 | U51: 0.83263455 | W51: -0.065575739 | X51: 3.3471457 | Z51: 22.224892 | AA51: 0.89575754 | AC51: 17.142135 | AD51: 0.8615505 | AF51: -5.0827578 | AG51: 1.3491687 | AI51: 19.310885 | AJ51: 0.9030809 | AL51: 18.242675 | AM51: 0.66868061 | AO51: -1.0682098 | AP51: 1.1430969
A52: United States* | B52: 23.435801 | C52: 1.6013912 | E52: 19.917949 | F52: 0.9563161 | H52: 16.118233 | I52: 1.5915841 | K52: -7.3175687 | L52: 2.3575923 | N52: 23.811177 | O52: 2.9730204 | Q52: 19.042574 | R52: 1.1524475 | T52: 19.918379 | U52: 1.3775986 | W52: -3.8927986 | X52: 3.2492931 | Z52: 20.252563 | AA52: 0.80120069 | AC52: 14.593101 | AD52: 3.0270737 | AF52: -5.6594623 | AG52: 3.1257915 | AI52: 21.525883 | AJ52: 1.1744693 | AL52: 18.44218 | AM52: 0.99293745 | AO52: -3.0837029 | AP52: 1.5217004
A53: OECD average | B53: 26.205991 | C53: 0.26061651 | E53: 21.221422 | F53: 0.15612436 | H53: 16.91216 | I53: 0.20065501 | K53: -9.293831 | L53: 0.32805828 | N53: 25.486732 | O53: 0.58016131 | Q53: 21.403497 | R53: 0.16376419 | T53: 20.835759 | U53: 0.21948464 | W53: -3.1136669 | X53: 0.63037396 | Z53: 22.406185 | AA53: 0.13467932 | AC53: 19.373346 | AD53: 0.46287087 | AF53: -3.0078318 | AG53: 0.48284625 | AI53: 21.32855 | AJ53: 0.18165342 | AL53: 22.310471 | AM53: 0.33591173 | AO53: 2.3717987 | AP53: 0.40763967
A54: Partners
A55: Albania | B55: 34.659746 | C55: 1.7605414 | E55: 31.633998 | F55: 1.0336919 | H55: 28.12507 | I55: 1.5414645 | K55: -6.5346763 | L55: 2.4695955 | N55: 35.32157 | O55: 1.7412217 | Q55: 31.40451 | R55: 1.1291865 | T55: 28.835637 | U55: 1.2696216 | W55: -6.4859329 | X55: 2.2307566 | Z55: 31.915526 | AA55: 0.80902327 | AC55: 28.06117 | AD55: 2.2421335 | AF55: -3.8543564 | AG55: 2.3354329 | AI55: 31.343476 | AJ55: 0.77858581 | AL55: 38.967728 | AM55: 3.4807145 | AO55: 7.6242519 | AP55: 3.6487495
A56: Argentina | B56: 47.607293 | C56: 2.2478715 | D56: † | E56: 45.071505 | F56: 1.1985854 | G56: † | H56: 41.296394 | I56: 1.6347519 | K56: -6.3108993 | L56: 2.6395535 | M56: † | N56: 46.699937 | O56: 4.6032159 | P56: † | Q56: 44.009075 | R56: 1.4519272 | S56: † | T56: 44.810786 | U56: 1.1467192 | V56: † | W56: -1.8891506 | X56: 4.979296 | Y56: † | Z56: 46.445372 | AA56: 1.208572 | AB56: † | AC56: 41.101104 | AD56: 1.2891195 | AE56: † | AF56: -5.3442679 | AG56: 1.7612275 | AH56: † | AI56: 44.486772 | AJ56: 0.91211114 | AK56: † | AL56: 44.625073 | AM56: 2.4322499 | AN56: † | AO56: 0.13830172 | AP56: 2.4854849 | AQ56: †
A57: Baku (Azerbaijan) | B57: 46.03734 | C57: 1.7470602 | D57: † | E57: 47.75478 | F57: 1.1006549 | G57: † | H57: 44.453417 | I57: 2.0352771 | J57: † | K57: -1.5839227 | L57: 2.5491262 | M57: † | N57: c | O57: c | Q57: 47.17992 | R57: 1.5135752 | S57: † | T57: 46.804852 | U57: 1.7841476 | V57: † | W57: c | X57: c | Z57: 46.533573 | AA57: 0.91205278 | AB57: † | AC57: c | AD57: c | AF57: c | AG57: c | AI57: 46.195384 | AJ57: 1.012294 | AK57: † | AL57: 47.973419 | AM57: 1.6072938 | AN57: † | AO57: 1.778035 | AP57: 1.7897982 | AQ57: †
A58: Belarus | B58: 27.894186 | C58: 1.6149779 | E58: 24.984003 | F58: 1.1030092 | H58: 18.865207 | I58: 1.3993332 | K58: -9.0289794 | L58: 2.1980486 | N58: 30.286816 | O58: 1.8742988 | Q58: 24.277374 | R58: 1.2163429 | T58: 22.004372 | U58: 1.0922621 | W58: -8.2824436 | X58: 2.3136579 | Z58: 24.195773 | AA58: 0.73240919 | AC58: c | AD58: c | AF58: c | AG58: c | AI58: 24.380065 | AJ58: 0.78364464 | AL58: 21.654587 | AM58: 2.3302124 | AO58: -2.7254778 | AP58: 2.4977844
A59: Bosnia and Herzegovina | B59: 51.69664 | C59: 1.7146519 | E59: 46.207474 | F59: 1.2257818 | H59: 42.186826 | I59: 2.2477212 | K59: -9.5098142 | L59: 2.9063295 | N59: 48.965761 | O59: 2.7501124 | Q59: 46.36974 | R59: 0.88461598 | T59: 46.315342 | U59: 2.2355161 | W59: -2.650419 | X59: 3.5088784 | Z59: 46.522307 | AA59: 0.8822391 | AC59: c | AD59: c | AF59: c | AG59: c | AI59: 46.587894 | AJ59: 0.87801104 | AL59: 45.052249 | AM59: 3.9094972 | AO59: -1.5356454 | AP59: 3.9593454
A60: Brazil | B60: 52.181934 | C60: 1.8145356 | D60: † | E60: 53.938403 | F60: 0.941617 | G60: † | H60: 43.215308 | I60: 1.6060464 | K60: -8.9666255 | L60: 2.3091977 | M60: † | N60: 55.279095 | O60: 4.5356409 | P60: ‡ | Q60: 49.717312 | R60: 1.3366485 | S60: † | T60: 49.359988 | U60: 1.1861604 | V60: † | W60: -5.919107 | X60: 4.6159715 | Y60: ‡ | Z60: 52.413013 | AA60: 0.80626586 | AB60: † | AC60: 41.424788 | AD60: 2.2913385 | AF60: -10.988225 | AG60: 2.444988 | AH60: † | AI60: 50.330693 | AJ60: 0.76046274 | AK60: † | AL60: 59.185686 | AM60: 6.0731122 | AN60: ‡ | AO60: 8.8549926 | AP60: 6.167385 | AQ60: ‡
A61: Brunei Darussalam | B61: 12.883209 | C61: 0.98236739 | D61: † | E61: 9.3760614 | F61: 0.55234358 | G61: † | H61: 9.8345526 | I61: 0.70922966 | K61: -3.0486569 | L61: 1.305624 | M61: † | N61: 10.706148 | O61: 1.2029446 | Q61: 10.612984 | R61: 0.42321038 | S61: † | T61: 7.0606098 | U61: 1.1653719 | V61: † | W61: -3.6455385 | X61: 1.8457275 | Y61: † | Z61: 10.10446 | AA61: 0.43417742 | AB61: † | AC61: 11.288538 | AD61: 0.94990321 | AF61: 1.1840781 | AG61: 1.0807659 | AH61: † | AI61: 10.21715 | AJ61: 0.45020017 | AK61: † | AL61: 10.800363 | AM61: 0.99907738 | AO61: 0.58321362 | AP61: 1.1670163 | AQ61: †
A62: B-S-J-Z (China) | B62: 1.6790293 | C62: 0.30477202 | E62: 1.3139134 | F62: 0.18732752 | H62: 0.64774194 | I62: 0.1406273 | K62: -1.0312873 | L62: 0.34370006 | N62: 0.9375951 | O62: 0.42796442 | Q62: 1.192212 | R62: 0.24079416 | T62: 1.3079173 | U62: 0.15197378 | W62: 0.37032216 | X62: 0.44285319 | Z62: 1.2038687 | AA62: 0.1348915 | AC62: 1.4412441 | AD62: 0.40907898 | AF62: 0.23737536 | AG62: 0.42417558 | AI62: 1.2380953 | AJ62: 0.12968324 | AL62: m | AM62: m | AO62: m | AP62: m
A63: Bulgaria | B63: 51.203002 | C63: 1.9179355 | E63: 42.744929 | F63: 1.1742827 | G63: † | H63: 40.064545 | I63: 1.9844725 | K63: -11.138457 | L63: 2.6832989 | N63: 55.649027 | O63: 3.9898497 | P63: † | Q63: 44.42106 | R63: 1.2104568 | T63: 43.203207 | U63: 1.4966969 | W63: -12.44582 | X63: 4.1613659 | Y63: † | Z63: 44.135485 | AA63: 0.95661363 | AC63: c | AD63: c | AF63: c | AG63: c | AI63: 43.927843 | AJ63: 0.94228769 | AL63: 55.29434 | AM63: 7.5301482 | AN63: † | AO63: 11.366497 | AP63: 7.4091746 | AQ63: †
A64: Costa Rica | B64: 42.079722 | C64: 1.9780409 | E64: 40.363144 | F64: 0.93763143 | H64: 32.547629 | I64: 1.991484 | K64: -9.5320938 | L64: 2.9982204 | N64: 39.597036 | O64: 1.6879072 | Q64: 39.256044 | R64: 0.96592111 | T64: 36.105506 | U64: 3.5757328 | W64: -3.4915299 | X64: 3.9162348 | Z64: 39.768054 | AA64: 1.0515594 | AC64: 32.882256 | AD64: 1.917612 | AF64: -6.8857974 | AG64: 2.3790816 | AI64: 36.816916 | AJ64: 1.1310152 | AL64: 42.289139 | AM64: 1.2323853 | AO64: 5.4722231 | AP64: 1.670635
A65: Croatia | B65: 20.978398 | C65: 1.4966626 | E65: 17.533469 | F65: 1.0915198 | H65: 6.9981188 | I65: 0.66954203 | K65: -13.980279 | L65: 1.5152782 | N65: c | O65: c | Q65: 16.206714 | R65: 1.0036512 | T65: 14.451853 | U65: 1.0889686 | W65: c | X65: c | Z65: 15.714524 | AA65: 0.72475443 | AC65: 10.15591 | AD65: 3.0511935 | AF65: -5.5586142 | AG65: 3.0416555 | AI65: 15.720397 | AJ65: 0.92775554 | AL65: 15.559704 | AM65: 1.069302 | AO65: -0.1606923 | AP65: 1.4005663
A66: Cyprus | B66: 37.543286 | C66: 2.3689593 | D66: † | E66: 27.359643 | F66: 0.97855537 | G66: † | H66: 36.03334 | I66: 1.5193843 | K66: -1.509946 | L66: 2.6852974 | M66: † | N66: 22.309641 | O66: 2.1080519 | Q66: 32.397276 | R66: 1.2029983 | S66: † | T66: 33.245625 | U66: 1.3368027 | V66: † | W66: 10.935984 | X66: 2.7719311 | Y66: † | Z66: 30.14585 | AA66: 0.97143742 | AB66: † | AC66: 40.633898 | AD66: 1.8453207 | AF66: 10.488047 | AG66: 2.0399552 | AH66: † | AI66: 30.641578 | AJ66: 0.98312174 | AK66: † | AL66: 33.722889 | AM66: 1.6110613 | AN66: † | AO66: 3.0813109 | AP66: 1.9396827 | AQ66: †
A67: Dominican Republic | B67: 63.53389 | C67: 3.0912537 | D67: ‡ | E67: 56.090077 | F67: 1.777466 | G67: ‡ | H67: 42.762508 | I67: 2.3997487 | J67: ‡ | K67: -20.771382 | L67: 3.905701 | M67: ‡ | N67: 62.378794 | O67: 5.7302438 | P67: ‡ | Q67: 53.805409 | R67: 2.2430782 | S67: ‡ | T67: 46.631897 | U67: 1.8485548 | V67: ‡ | W67: -15.746897 | X67: 6.109195 | Y67: ‡ | Z67: 53.580404 | AA67: 1.6149336 | AB67: ‡ | AC67: 47.776114 | AD67: 3.404493 | AE67: ‡ | AF67: -5.8042902 | AG67: 3.8059595 | AH67: ‡ | AI67: 52.317531 | AJ67: 1.4679132 | AK67: ‡ | AL67: 49.37803 | AM67: 5.9451068 | AN67: ‡ | AO67: -2.9395017 | AP67: 6.0424384 | AQ67: ‡
A68: Georgia | B68: 62.931327 | C68: 1.7444129 | E68: 60.182449 | F68: 1.4446652 | H68: 65.417461 | I68: 1.2671802 | K68: 2.4861344 | L68: 2.139778 | N68: 59.98611 | O68: 1.7546106 | Q68: 62.631539 | R68: 1.7764221 | T68: 63.50566 | U68: 1.3942587 | W68: 3.5195505 | X68: 2.2306515 | Z68: 62.203169 | AA68: 0.95299047 | AC68: 62.280692 | AD68: 1.5290509 | AF68: 0.077523539 | AG68: 1.7784029 | AI68: 62.383743 | AJ68: 0.88242772 | AL68: 54.247797 | AM68: 4.3510233 | AN68: † | AO68: -8.1359457 | AP68: 4.4901557 | AQ68: †
A69: Hong Kong (China)* | B69: 8.2479438 | C69: 1.0714031 | E69: 5.6489528 | F69: 0.7255853 | H69: 8.3750173 | I69: 1.2995188 | K69: 0.12707348 | L69: 1.8521036 | N69: c | O69: c | Q69: 6.6972058 | R69: 1.0339284 | T69: 7.5871697 | U69: 0.77181603 | W69: c | X69: c | Z69: 4.5765999 | AA69: 1.8254409 | AC69: 7.7126923 | AD69: 0.64474623 | AF69: 3.1360924 | AG69: 2.0690967 | AI69: 11.81334 | AJ69: 3.8783061 | AL69: 6.7849499 | AM69: 0.45439251 | AO69: -5.0283897 | AP69: 3.906576
A70: Indonesia | B70: 23.591646 | C70: 2.2184012 | E70: 22.522089 | F70: 1.4334387 | H70: 15.451183 | I70: 1.8731389 | K70: -8.1404634 | L70: 2.8547933 | N70: 23.662463 | O70: 2.3967977 | Q70: 20.436639 | R70: 1.3085947 | T70: 17.279578 | U70: 2.0938295 | W70: -6.3828851 | X70: 3.2429553 | Z70: 18.118995 | AA70: 0.96367636 | AC70: 24.726861 | AD70: 1.8931089 | AF70: 6.6078658 | AG70: 2.1520252 | AI70: 20.926169 | AJ70: 0.97288112 | AL70: c | AM70: c | AO70: c | AP70: c
A71: Jordan | B71: 54.662508 | C71: 1.8488736 | E71: 52.784032 | F71: 1.0995217 | H71: 52.694201 | I71: 2.0824948 | K71: -1.9683078 | L71: 3.1745561 | N71: 54.032829 | O71: 2.0165334 | Q71: 51.919544 | R71: 1.2178779 | T71: 54.361436 | U71: 1.5172229 | W71: 0.32860705 | X71: 2.5871229 | Z71: 53.206573 | AA71: 0.7764154 | AC71: 53.18763 | AD71: 2.0441821 | AF71: -0.018942965 | AG71: 2.188869 | AI71: 52.058224 | AJ71: 0.87017527 | AL71: 54.833871 | AM71: 1.597383 | AO71: 2.7756474 | AP71: 1.9362908
A72: Kazakhstan | B72: 51.89491 | C72: 1.314677 | E72: 52.085137 | F72: 0.83380385 | H72: 52.258168 | I72: 1.3754541 | K72: 0.36325825 | L72: 1.8057816 | N72: 54.288624 | O72: 1.3321802 | Q72: 51.560999 | R72: 1.5945045 | T72: 51.068876 | U72: 0.82516594 | W72: -3.2197481 | X72: 1.4550986 | Z72: 52.00155 | AA72: 0.69728019 | AC72: 52.932053 | AD72: 1.969201 | AF72: 0.93050319 | AG72: 2.1096387 | AI72: 51.986913 | AJ72: 0.68946372 | AL72: 52.382538 | AM72: 1.5565597 | AO72: 0.39562424 | AP72: 1.6818629
A73: Kosovo | B73: 51.159485 | C73: 1.5970063 | E73: 46.083996 | F73: 0.93126748 | H73: 40.567627 | I73: 1.768997 | K73: -10.591858 | L73: 2.2350677 | N73: 49.609597 | O73: 2.3808555 | Q73: 45.95956 | R73: 0.8616778 | T73: 44.271395 | U73: 1.9262489 | W73: -5.3382018 | X73: 2.9943411 | Z73: 45.949011 | AA73: 0.80566406 | AC73: c | AD73: c | AF73: c | AG73: c | AI73: 45.837916 | AJ73: 0.79266264 | AL73: c | AM73: c | AO73: c | AP73: c
A74: Lebanon | B74: m | C74: m | E74: m | F74: m | H74: m | I74: m | K74: m | L74: m | N74: m | O74: m | Q74: m | R74: m | T74: m | U74: m | W74: m | X74: m | Z74: m | AA74: m | AC74: m | AD74: m | AF74: m | AG74: m | AI74: m | AJ74: m | AL74: m | AM74: m | AO74: m | AP74: m
A75: Macao (China) | B75: 6.6784626 | C75: 0.69662037 | E75: 7.3559723 | F75: 0.57870917 | H75: 13.791203 | I75: 1.0532481 | K75: 7.1127401 | L75: 1.2746608 | N75: c | O75: c | Q75: m | R75: m | T75: 8.7754168 | U75: 0.44763033 | W75: c | X75: c | Z75: 17.042086 | AA75: 2.6114566 | AC75: 8.2579527 | AD75: 0.42300636 | AF75: -8.7841333 | AG75: 2.5814141 | AI75: m | AJ75: m | AL75: 8.7631793 | AM75: 0.44681292 | AO75: m | AP75: m
A76: Malaysia | B76: 14.403502 | C76: 1.0746272 | E76: 15.815226 | F76: 0.92942535 | H76: 17.089126 | I76: 1.7167005 | K76: 2.6856238 | L76: 1.9622759 | N76: 14.364046 | O76: 1.306441 | Q76: 14.350798 | R76: 1.0307469 | T76: 17.947342 | U76: 1.184654 | W76: 3.583296 | X76: 1.7865934 | Z76: 15.559487 | AA76: 0.64250319 | AC76: 19.502317 | AD76: 2.4381918 | AF76: 3.9428292 | AG76: 2.4878209 | AI76: 15.859795 | AJ76: 0.6416429 | AL76: 14.405657 | AM76: 3.1210829 | AO76: -1.4541378 | AP76: 3.1614923
A77: Malta | B77: 53.587778 | C77: 1.9467827 | E77: 49.93075 | F77: 1.3953468 | H77: 49.032199 | I77: 1.8267686 | K77: -4.555579 | L77: 2.7656623 | N77: 50.574224 | O77: 2.727884 | Q77: 50.557138 | R77: 1.0580107 | T77: m | U77: m | W77: m | X77: m | Z77: 52.506587 | AA77: 1.4032783 | AC77: 48.360926 | AD77: 1.2590062 | AF77: -4.1456614 | AG77: 1.8274939 | AI77: 50.475454 | AJ77: 1.1301183 | AL77: 50.802825 | AM77: 2.007619 | AO77: 0.32737126 | AP77: 2.3189928
A78: Moldova | B78: 46.558121 | C78: 1.9912685 | E78: 39.809108 | F78: 1.4035903 | H78: 32.213561 | I78: 1.835688 | K78: -14.34456 | L78: 2.8030985 | N78: 44.809752 | O78: 1.2648721 | Q78: 36.875472 | R78: 1.4272839 | T78: 32.031791 | U78: 2.2031142 | W78: -12.777961 | X78: 2.5425556 | Z78: 39.573305 | AA78: 0.84402195 | AC78: c | AD78: c | AF78: c | AG78: c | AI78: 39.853353 | AJ78: 0.88409979 | AL78: 26.336084 | AM78: 2.0062319 | AO78: -13.517268 | AP78: 2.1779378
A79: Montenegro | B79: 55.603737 | C79: 1.358257 | E79: 58.727908 | F79: 1.0085695 | H79: 56.942816 | I79: 1.4583484 | K79: 1.3390794 | L79: 2.1219432 | N79: c | O79: c | Q79: 57.338717 | R79: 0.88679205 | T79: 57.825737 | U79: 1.1678429 | W79: c | X79: c | Z79: 57.57327 | AA79: 0.66457426 | AC79: c | AD79: c | AF79: c | AG79: c | AI79: 56.713672 | AJ79: 0.72131462 | AL79: 60.897235 | AM79: 1.8136998 | AO79: 4.1835629 | AP79: 1.9790518
