Workbook

Sheet TOC
A1: PISA 2018 Results (Volume III) - © OECD 2019
A2: Annex B1 | B2: Annex B1.6 Results (tables): Teachers' support and teaching practices
A3: Version 2 - Last updated: 02-Dec-2019
A4: Disclaimer: http://oe.cd/disclaimer
A6: TOC | B6: PISA 2018 Results - Volume III
A8: Chapter 6 | B8: Teacher support
A9: Tables
A11: ='Table III.B1.6.1'!A6 -> Table III.B1.6.1 | B11: ='Table III.B1.6.1'!$A$7 -> Teacher support
A12: ='Table III.B1.6.2'!A6 -> Table III.B1.6.2 | B12: ='Table III.B1.6.2'!$A$7 -> Teacher emotional support
A13: ='Table III.B1.6.3'!A6 -> Table III.B1.6.3 | B13: ='Table III.B1.6.3'!$A$7 -> Teacher feedback
A14: ='Table III.B1.6.4'!A6 -> Table III.B1.6.4 | B14: ='Table III.B1.6.4'!$A$7 -> Prevalence of teacher support in schools
A15: ='Table III.B1.6.5'!A6 -> Table III.B1.6.5 | B15: ='Table III.B1.6.5'!$A$7 -> Teacher support, by student characteristics
A16: ='Table III.B1.6.6'!A6 -> Table III.B1.6.6 | B16: ='Table III.B1.6.6'!$A$7 -> Teacher support, by school characteristics
A17: ='Table III.B1.6.7'!A6 -> Table III.B1.6.7 | B17: ='Table III.B1.6.7'!$A$7 -> Teacher support and reading performance
A18: ='Table III.B1.6.8'!A6 -> Table III.B1.6.8 | B18: ='Table III.B1.6.8'!$A$7 -> School-level teacher support and reading performance
A19: ='Table III.B1.6.9'!A6 -> Table III.B1.6.9 | B19: ='Table III.B1.6.9'!$A$7 -> Correlations between teaching practices in language-of-instruction lessons
A20: ='Table III.B1.6.10'!A6 -> Table III.B1.6.10 | B20: ='Table III.B1.6.10'!$A$7 -> Enjoyment of reading and teaching practices in language-of-instruction lessons
A21: ='Table III.B1.6.11'!A6 -> Table III.B1.6.11 | B21: ='Table III.B1.6.11'!$A$7 -> Principals' concern about education staff and teaching practices in language-of-instruction lessons
A24: Symbols for missing data
A25: c: There were too few observations to provide reliable estimates (i.e. there were fewer than 30 students or fewer than 5 schools with valid data).
A26: m: Data are not available. There are no observations in the sample; these data were not collected by the country; or these data were collected but subsequently removed from the publication for technical reasons.
A27: w: Results were withdrawn at the request of the country concerned.

Sheet INFORMATION ON SCALED INDICES
A1: PISA 2018 Results (Volume III) - © OECD 2019
A2: Annex B1 | B2: Annex B1.6 Results (tables): Teachers' support and teaching practices
A3: Version 2 - Last updated: 02-Dec-2019
A4: Disclaimer: http://oe.cd/disclaimer
A6: Information on scaled indices used in PISA 2015 Results (Volume III): What School Life Means for Students’ Lives
A11: Full name of the index | B11: Name in dataset | C11: Questionnaire | D11: Item 1 | E11: Item 2 | F11: Item 3 | G11: Item 4 | H11: Item 5 | I11: Item 6 | J11: Item 7
A12: Adaptive instruction | B12: adaptivity | C12: Student | D12: ST212Q01HA | E12: ST212Q02HA | F12: ST212Q03HA
A13: Attitudes towards competition | B13: compete | C13: Student | D13: ST181Q02HA | E13: ST181Q03HA | F13: ST181Q04HA
A14: Enjoyment of reading | B14: joyread | C14: Student | D14: ST160Q01IR | E14: ST160Q02IA | F14: ST160Q03IA | G14: ST160Q04IR | H14: ST160Q05IR
A15: Exposure to bullying | B15: beingbullied | C15: Student | D15: ST038Q03NA | E15: ST038Q04NA | F15: ST038Q05NA
A16: Fear of failure | B16: gfofail | C16: Student | D16: ST183Q01HA | E16: ST183Q02HA | F16: ST183Q03HA
A17: Disciplinary climate | B17: disclima | C17: Student | D17: ST097Q01TA | E17: ST097Q02TA | F17: ST097Q03TA | G17: ST097Q04TA | H17: ST097Q05TA
A18: Learning goals | B18: mastgoal | C18: Student | D18: ST208Q01HA | E18: ST208Q02HA | F18: ST208Q04HA
A19: Meaning in life | B19: eudmo | C19: Student | D19: ST185Q01HA | E19: ST185Q02HA | F19: ST185Q03HA
A20: Motivation to master tasks | B20: workmast | C20: Student | D20: ST182Q03HA | E20: ST182Q04HA | F20: ST182Q05HA
A21: Parents’ emotional support | B21: emosups | C21: Student | D21: ST123Q02NA | E21: ST123Q03NA | F21: ST123Q04NA
A22: Parents’ perceived school quality | B22: pqschool | C22: Parent | D22: PA007Q01TR | E22: PA007Q02TR | F22: PA007Q03TR | G22: PA007Q04TR | H22: PA007Q05TR | I22: PA007Q06TR | J22: PA007Q07TR
A23: Positive feelings | B23: swbp | C23: Student | D23: ST186Q01HA | E23: ST186Q03HA | F23: ST186Q05HA
A24: School policies for parental involvement | B24: paschpol | C24: Parent | D24: PA007Q09NR | E24: PA007Q11NR | F24: PA007Q12NR | G24: PA007Q13NR | H24: PA007Q14NR | I24: PA007Q15NR
A25: Self-efficacy | B25: resilience | C25: Student | D25: ST188Q01HA | E25: ST188Q02HA | F25: ST188Q03HA | G25: ST188Q06HA | H25: ST188Q07HA
A26: Sense of belonging | B26: belong | C26: Student | D26: ST034Q01TA | E26: ST034Q02TR | F26: ST034Q03TR | G26: ST034Q04TA | H26: ST034Q05TR | I26: ST034Q06TA
A27: Shortage of educational staff | B27: staffshort | C27: School | D27: SC017Q01NA | E27: SC017Q02NA | F27: SC017Q03NA | G27: SC017Q04NA
A28: Student competition | B28: percomp | C28: Student | D28: ST205Q01HA | E28: ST205Q02HA | F28: ST205Q03HA
A29: Student co-operation | B29: percoop | C29: Student | D29: ST206Q01HA | E29: ST206Q02HA | F29: ST206Q03HA
A30: Teacher behaviour hindering learning | B30: teachbeha | C30: School | D30: SC061Q06TA | E30: SC061Q07TA | F30: SC061Q08TA | G30: SC061Q09TA | H30: SC061Q10TA
A31: Teacher enthusiasm | B31: teachint | C31: Student | D31: ST213Q01HA | E31: ST213Q02HA | F31: ST213Q03HA | G31: ST213Q04HA
A32: Teacher feedback | B32: perfeed | C32: Student | D32: ST104Q02NA | E32: ST104Q03NA | F32: ST104Q04NA
A33: Teacher support | B33: teachsup | C33: Student | D33: ST100Q01TR | E33: ST100Q02TR | F33: ST100Q03TR | G33: ST100Q04TR
A34: Teacher-directed instruction | B34: dirins | C34: Student | D34: ST102Q01TR | E34: ST102Q02TR | F34: ST102Q03TR | G34: ST102Q04TR
A35: Teachers' stimulation of reading engagement | B35: stimread | C35: Student | D35: ST152Q05IA | E35: ST152Q06IA | F35: ST152Q07IA | G35: ST152Q08IA
A36: Value of school | B36: attlnact | C36: Student | D36: ST036Q05TR | E36: ST036Q06TR | F36: ST036Q08TR

Sheet Table III.B1.6.1
A1: PISA 2018 Results (Volume III) - © OECD 2019
A2: Annex B1 | B2: Annex B1.6 Results (tables): Teachers' support and teaching practices
A3: Version 2 - Last updated: 02-Dec-2019
A4: Disclaimer: http://oe.cd/disclaimer
A6: Table III.B1.6.1
A7: Teacher support
A8: Based on students' reports
B11: Index of teacher support | H11: Percentage of students who reported the following things happen in their language-of-instruction lessons:
H12: The teacher shows an interest in every student's learning | T12: The teacher gives extra help when students need it | AF12: The teacher helps students with their learning | AR12: The teacher continues teaching until students understand
B13: Average | E13: Variability | H13: Never or hardly ever | K13: Some lessons | N13: Most lessons | Q13: Every lesson | T13: Never or hardly ever | W13: Some lessons | Z13: Most lessons | AC13: Every lesson | AF13: Never or hardly ever | AI13: Some lessons | AL13: Most lessons | AO13: Every lesson | AR13: Never or hardly ever | AU13: Some lessons | AX13: Most lessons | BA13: Every lesson
B14: Mean index | C14: S.E. | E14: S.D. | F14: S.E. | H14: % | I14: S.E. | K14: % | L14: S.E. | N14: % | O14: S.E. | Q14: % | R14: S.E. | T14: % | U14: S.E. | W14: % | X14: S.E. | Z14: % | AA14: S.E. | AC14: % | AD14: S.E. | AF14: % | AG14: S.E. | AI14: % | AJ14: S.E. | AL14: % | AM14: S.E. | AO14: % | AP14: S.E. | AR14: % | AS14: S.E. | AU14: % | AV14: S.E. | AX14: % | AY14: S.E. | BA14: % | BB14: S.E.
A15: OECD
A16: Australia | B16: 0.25204698 | C16: 0.012513802 | E16: 0.96888009 | F16: 0.0064771467 | H16: 4.9887234 | I16: 0.21177018 | K16: 16.325936 | L16: 0.43161694 | N16: 32.366502 | O16: 0.49556182 | Q16: 46.318839 | R16: 0.62089527 | T16: 4.4489042 | U16: 0.22949546 | W16: 14.461362 | X16: 0.36244774 | Z16: 29.93441 | AA16: 0.48524526 | AC16: 51.155324 | AD16: 0.57139162 | AF16: 3.0038122 | AG16: 0.15476831 | AI16: 11.660789 | AJ16: 0.34702628 | AL16: 28.366144 | AM16: 0.46115729 | AO16: 56.969255 | AP16: 0.57025587 | AR16: 6.5738963 | AS16: 0.2677026 | AU16: 17.890152 | AV16: 0.39708055 | AX16: 31.319418 | AY16: 0.44091994 | BA16: 44.216533 | BB16: 0.61047781
A17: Austria | B17: -0.44658974 | C17: 0.02087212 | E17: 1.0787151 | F17: 0.01001399 | H17: 14.501659 | I17: 0.55216026 | K17: 22.428281 | L17: 0.60533451 | N17: 34.021866 | O17: 0.71723514 | Q17: 29.048194 | R17: 0.7585122 | T17: 13.979788 | U17: 0.61516959 | W17: 21.342207 | X17: 0.61534459 | Z17: 27.789936 | AA17: 0.62826537 | AC17: 36.88807 | AD17: 0.79062905 | AF17: 23.302785 | AG17: 0.71424369 | AI17: 24.95221 | AJ17: 0.7113187 | AL17: 26.570754 | AM17: 0.7297039 | AO17: 25.174251 | AP17: 0.69536658 | AR17: 16.647224 | AS17: 0.64774692 | AU17: 24.911365 | AV17: 0.5971391 | AX17: 28.739577 | AY17: 0.61531351 | BA17: 29.701835 | BB17: 0.77732233
A18: Belgium | B18: -0.16720602 | C18: 0.016838532 | E18: 0.99240922 | F18: 0.0083217236 | H18: 11.941734 | I18: 0.45460128 | K18: 23.463177 | L18: 0.5625821 | N18: 33.018936 | O18: 0.619286 | Q18: 31.576153 | R18: 0.65601838 | T18: 7.6581974 | U18: 0.32175173 | W18: 19.583479 | X18: 0.54711464 | Z18: 30.972062 | AA18: 0.56189607 | AC18: 41.786262 | AD18: 0.75379478 | AF18: 13.081026 | AG18: 0.47831908 | AI18: 22.970502 | AJ18: 0.57843231 | AL18: 28.765701 | AM18: 0.56943524 | AO18: 35.18277 | AP18: 0.639933 | AR18: 8.4076678 | AS18: 0.37724403 | AU18: 21.40382 | AV18: 0.56262687 | AX18: 31.689961 | AY18: 0.55573917 | BA18: 38.498551 | BB18: 0.72268658
A19: Canada | B19: m | C19: m | E19: m | F19: m | H19: m | I19: m | K19: m | L19: m | N19: m | O19: m | Q19: m | R19: m | T19: m | U19: m | W19: m | X19: m | Z19: m | AA19: m | AC19: m | AD19: m | AF19: m | AG19: m | AI19: m | AJ19: m | AL19: m | AM19: m | AO19: m | AP19: m | AR19: m | AS19: m | AU19: m | AV19: m | AX19: m | AY19: m | BA19: m | BB19: m
A20: Chile | B20: 0.43688606 | C20: 0.020886064 | E20: 0.90201753 | F20: 0.010163966 | H20: 2.7464531 | I20: 0.23110569 | K20: 10.533227 | L20: 0.55181777 | N20: 25.090348 | O20: 0.668211 | Q20: 61.629971 | R20: 1.0423427 | T20: 4.6257009 | U20: 0.31538866 | W20: 14.522848 | X20: 0.60339071 | Z20: 26.915487 | AA20: 0.56113883 | AC20: 53.935964 | AD20: 0.97547832 | AF20: 1.9028701 | AG20: 0.21734223 | AI20: 9.1760002 | AJ20: 0.4637454 | AL20: 24.329588 | AM20: 0.67013063 | AO20: 64.591542 | AP20: 0.97679932 | AR20: 3.9531071 | AS20: 0.27018478 | AU20: 13.524714 | AV20: 0.59511466 | AX20: 25.800635 | AY20: 0.60116798 | BA20: 56.721544 | BB20: 0.98313298
A21: Colombia | B21: 0.34053714 | C21: 0.01858889 | E21: 0.88623384 | F21: 0.0083620249 | H21: 2.9343543 | I21: 0.21916127 | K21: 8.944241 | L21: 0.41699596 | N21: 23.986329 | O21: 0.66412262 | Q21: 64.135076 | R21: 0.87955989 | T21: 5.6650489 | U21: 0.31811598 | W21: 18.473518 | X21: 0.7203658 | Z21: 27.415734 | AA21: 0.72489908 | AC21: 48.445699 | AD21: 1.033744 | AF21: 1.9421478 | AG21: 0.16903887 | AI21: 11.2891 | AJ21: 0.62849362 | AL21: 25.635488 | AM21: 0.60111543 | AO21: 61.133264 | AP21: 0.9488068 | AR21: 4.39075 | AS21: 0.31854836 | AU21: 17.225141 | AV21: 0.60783086 | AX21: 27.246591 | AY21: 0.62555162 | BA21: 51.137518 | BB21: 0.99693352
A22: Czech Republic | B22: -0.2183739 | C22: 0.022201743 | E22: 0.97465584 | F22: 0.012101992 | H22: 8.6704825 | I22: 0.49435258 | K22: 21.320889 | L22: 0.60217506 | N22: 32.021699 | O22: 0.69052995 | Q22: 37.98693 | R22: 1.0118736 | T22: 5.7149972 | U22: 0.44181537 | W22: 15.839428 | X22: 0.65808479 | Z22: 28.717303 | AA22: 0.6967987 | AC22: 49.728272 | AD22: 0.97640057 | AF22: 13.971997 | AG22: 0.62900128 | AI22: 25.241312 | AJ22: 0.51715221 | AL22: 29.676093 | AM22: 0.6245998 | AO22: 31.110597 | AP22: 0.9397896 | AR22: 14.756119 | AS22: 0.76793835 | AU22: 29.075304 | AV22: 0.82410178 | AX22: 30.228902 | AY22: 0.65454234 | BA22: 25.939675 | BB22: 0.9121384
A23: Denmark | B23: 0.14056715 | C23: 0.018387875 | E23: 0.84847164 | F23: 0.0087736416 | H23: 5.3128354 | I23: 0.37137494 | K23: 18.082663 | L23: 0.65629151 | N23: 40.197918 | O23: 0.61449953 | Q23: 36.406583 | R23: 0.9288197 | T23: 4.8495667 | U23: 0.35289194 | W23: 16.958382 | X23: 0.59245377 | Z23: 37.678927 | AA23: 0.80207453 | AC23: 40.513125 | AD23: 1.0028462 | AF23: 2.0751632 | AG23: 0.22300743 | AI23: 10.852399 | AJ23: 0.5033756 | AL23: 35.841456 | AM23: 0.79624788 | AO23: 51.230981 | AP23: 0.89333224 | AR23: 4.3918094 | AS23: 0.29567566 | AU23: 16.165453 | AV23: 0.58843836 | AX23: 37.392779 | AY23: 0.66287229 | BA23: 42.049959 | BB23: 0.89599103
A24: Estonia | B24: -0.11259174 | C24: 0.015780928 | E24: 0.92799225 | F24: 0.0098941271 | H24: 11.492165 | I24: 0.58485075 | K24: 28.272446 | L24: 0.65365114 | N24: 34.755067 | O24: 0.66788035 | Q24: 25.480322 | R24: 0.73157246 | T24: 5.7768929 | U24: 0.35281462 | W24: 20.663981 | X24: 0.64680128 | Z24: 33.278507 | AA24: 0.72469756 | AC24: 40.280619 | AD24: 0.77450658 | AF24: 5.6397132 | AG24: 0.36436805 | AI24: 18.431151 | AJ24: 0.57864809 | AL24: 34.205951 | AM24: 0.76814619 | AO24: 41.723185 | AP24: 0.76040068 | AR24: 9.7658799 | AS24: 0.44311215 | AU24: 22.731322 | AV24: 0.62665095 | AX24: 35.199664 | AY24: 0.81470474 | BA24: 32.303135 | BB24: 0.79617507
A25: Finland | B25: 0.21104799 | C25: 0.017334122 | E25: 0.90805888 | F25: 0.011312796 | H25: 6.2099972 | I25: 0.36702831 | K25: 20.235402 | L25: 0.71579571 | N25: 38.557182 | O25: 0.79130295 | Q25: 34.997419 | R25: 0.8701138 | T25: 3.0313774 | U25: 0.28290124 | W25: 11.659757 | X25: 0.4393068 | Z25: 30.380619 | AA25: 0.72244322 | AC25: 54.928247 | AD25: 0.84025188 | AF25: 2.7442046 | AG25: 0.25131166 | AI25: 10.105591 | AJ25: 0.43465397 | AL25: 29.486271 | AM25: 0.74590511 | AO25: 57.663933 | AP25: 0.9020439 | AR25: 5.8510715 | AS25: 0.37581788 | AU25: 19.350754 | AV25: 0.59210846 | AX25: 36.025112 | AY25: 0.63598785 | BA25: 38.773063 | BB25: 0.84157778
A26: France | B26: -0.22013677 | C26: 0.019198829 | E26: 1.0494388 | F26: 0.0094005293 | H26: 16.572503 | I26: 0.65605317 | K26: 26.117412 | L26: 0.72199174 | N26: 30.009444 | O26: 0.71701306 | Q26: 27.300641 | R26: 0.66594802 | T26: 11.674305 | U26: 0.47279022 | W26: 23.139985 | X26: 0.62226518 | Z26: 27.353439 | AA26: 0.6078868 | AC26: 37.832271 | AD26: 0.81172697 | AF26: 10.368145 | AG26: 0.48277037 | AI26: 20.874656 | AJ26: 0.61142231 | AL26: 28.898358 | AM26: 0.68917771 | AO26: 39.858841 | AP26: 0.78577681 | AR26: 13.492029 | AS26: 0.58686513 | AU26: 20.690816 | AV26: 0.56326143 | AX26: 28.076057 | AY26: 0.58655901 | BA26: 37.741098 | BB26: 0.78280175
A27: Germany | B27: -0.23656022 | C27: 0.01875665 | E27: 1.0017877 | F27: 0.011913009 | H27: 13.598094 | I27: 0.59211505 | K27: 25.259536 | L27: 0.73908142 | N27: 32.106789 | O27: 0.6491452 | Q27: 29.035581 | R27: 0.73374696 | T27: 8.0426044 | U27: 0.49511548 | W27: 19.410846 | X27: 0.61518619 | Z27: 29.482134 | AA27: 0.66670005 | AC27: 43.064415 | AD27: 0.76139385 | AF27: 13.401933 | AG27: 0.66109397 | AI27: 23.455096 | AJ27: 0.60995063 | AL27: 30.007291 | AM27: 0.70891709 | AO27: 33.13568 | AP27: 0.6630109 | AR27: 11.311046 | AS27: 0.64934909 | AU27: 25.19449 | AV27: 0.63768382 | AX27: 30.765926 | AY27: 0.71818471 | BA27: 32.728539 | BB27: 0.74570863
A28: Greece | B28: -0.17064699 | C28: 0.020642879 | E28: 0.98566933 | F28: 0.010654999 | H28: 17.603986 | I28: 0.60383289 | K28: 26.347373 | L28: 0.55998984 | N28: 27.271988 | O28: 0.64796854 | Q28: 28.776654 | R28: 0.70584606 | T28: 9.8371724 | U28: 0.52734305 | W28: 23.200264 | X28: 0.5985807 | Z28: 29.596254 | AA28: 0.61150257 | AC28: 37.366309 | AD28: 0.81901918 | AF28: 6.2905942 | AG28: 0.40094905 | AI28: 18.791931 | AJ28: 0.5448517 | AL28: 29.193162 | AM28: 0.60903573 | AO28: 45.724313 | AP28: 0.88137389 | AR28: 13.164614 | AS28: 0.5416681 | AU28: 25.2524 | AV28: 0.63437041 | AX28: 28.624343 | AY28: 0.57851573 | BA28: 32.958643 | BB28: 0.8092845
A29: Hungary | B29: -0.15823919 | C29: 0.02157314 | E29: 0.99251865 | F29: 0.010233097 | H29: 7.7838015 | I29: 0.44667735 | K29: 19.632145 | L29: 0.64897603 | N29: 35.323429 | O29: 0.75197778 | Q29: 37.260625 | R29: 0.82749522 | T29: 8.270737 | U29: 0.45074925 | W29: 19.18545 | X29: 0.75220879 | Z29: 31.341665 | AA29: 0.78022908 | AC29: 41.202148 | AD29: 0.94119653 | AF29: 11.114304 | AG29: 0.51200181 | AI29: 21.23055 | AJ29: 0.67912551 | AL29: 30.622282 | AM29: 0.72279205 | AO29: 37.032863 | AP29: 0.86653557 | AR29: 13.779521 | AS29: 0.68818517 | AU29: 22.59308 | AV29: 0.63675238 | AX29: 31.930843 | AY29: 0.68809001 | BA29: 31.696556 | BB29: 0.93437811
A30: Iceland | B30: 0.21067868 | C30: 0.016453937 | E30: 0.9602258 | F30: 0.01267101 | H30: 5.203002 | I30: 0.34183925 | K30: 17.921339 | L30: 0.65633893 | N30: 37.486315 | O30: 0.84886851 | Q30: 39.389345 | R30: 0.89057384 | T30: 5.3636477 | U30: 0.43813283 | W30: 17.402571 | X30: 0.69317938 | Z30: 33.044683 | AA30: 0.81836982 | AC30: 44.189099 | AD30: 0.74928214 | AF30: 2.7878697 | AG30: 0.30857801 | AI30: 11.679766 | AJ30: 0.58875223 | AL30: 31.111629 | AM30: 0.76809051 | AO30: 54.420736 | AP30: 0.75999348 | AR30: 4.3661312 | AS30: 0.35376173 | AU30: 15.991705 | AV30: 0.71766495 | AX30: 32.478516 | AY30: 0.85121708 | BA30: 47.163647 | BB30: 0.92623735
A31: Ireland | B31: 0.1576429 | C31: 0.020628086 | E31: 0.98611623 | F31: 0.010548558 | H31: 5.736326 | I31: 0.35169665 | K31: 17.834258 | L31: 0.57946177 | N31: 30.326197 | O31: 0.6742573 | Q31: 46.103219 | R31: 0.98793073 | T31: 6.4738234 | U31: 0.40678461 | W31: 18.678337 | X31: 0.60697493 | Z31: 28.583259 | AA31: 0.62752558 | AC31: 46.26458 | AD31: 0.90111688 | AF31: 4.2002849 | AG31: 0.32676376 | AI31: 14.665146 | AJ31: 0.51208322 | AL31: 27.099714 | AM31: 0.6802295 | AO31: 54.034855 | AP31: 0.95805365 | AR31: 8.0427538 | AS31: 0.4338623 | AU31: 18.244158 | AV31: 0.60200855 | AX31: 29.954814 | AY31: 0.64364358 | BA31: 43.758273 | BB31: 0.88375892
... A53: OECD average | B53: 0.010582953 | C53: 0.00313966 | E53: 0.96388562 | F53: 0.0017099103 | H53: 8.6403885 | I53: 0.07407856 | K53: 20.403009 | L53: 0.10256933 | N53: 32.797431 | O53: 0.11289869 | Q53: 38.159172 | R53: 0.13844876 | T53: 6.7819059 | U53: 0.06660657 | W53: 18.519357 | X53: 0.10267759 | Z53: 30.752324 | AA53: 0.11025815 | AC53: 43.946413 | AD53: 0.14189125 | AF53: 7.3464012 | AG53: 0.069079522 | AI53: 17.07345 | AJ53: 0.096422033 | AL53: 29.524559 | AM53: 0.11174093 | AO53: 46.055589 | AP53: 0.13924971 | AR53: 8.711501 | AS53: 0.078025899 | AU53: 20.803448 | AV53: 0.10485239 | AX53: 31.106334 | AY53: 0.10997891 | BA53: 39.378717 | BB53: 0.1389305
A54: Partners
A55: Albania | B55: 0.71671868 | C55: 0.01431473 | E55: 0.79997299 | F55: 0.013816265 | H55: 7.3665518 | I55: 0.34997312 | K55: 5.4707545 | L55: 0.37659067 | N55: 11.215768 | O55: 0.44583148 | Q55: 75.946926 | R55: 0.74480342 | T55: 2.8898738 | U55: 0.22965677 | W55: 9.7561648 | X55: 0.48661746 | Z55: 20.004381 | AA55: 0.59850926 | AC55: 67.34958 | AD55: 0.7988527 | AF55: 1.9617218 | AG55: 0.21473032 | AI55: 4.804093 | AJ55: 0.31333363 | AL55: 11.36706 | AM55: 0.49772926 | AO55: 81.867125 | AP55: 0.61547823 | AR55: 2.4664152 | AS55: 0.25144576 | AU55: 5.8282388 | AV55: 0.34743587 | AX55: 13.181924 | AY55: 0.50599601 | BA55: 78.523422 | BB55: 0.70105548
A56: Argentina | B56: 0.39044525 | C56: 0.022342185 | E56: 0.91394159 | F56: 0.016310198 | H56: 3.3455983 | I56: 0.42950004 | K56: 10.942026 | L56: 0.51675156 | N56: 17.768576 | O56: 0.51090865 | Q56: 67.943799 | R56: 0.93426342 | T56: 5.8876769 | U56: 0.43771746 | W56: 15.378866 | X56: 0.54337318 | Z56: 23.532159 | AA56: 0.63984464 | AC56: 55.201299 | AD56: 0.91067165 | AF56: 2.946818 | AG56: 0.29241298 | AI56: 10.931117 | AJ56: 0.46996809 | AL56: 21.477461 | AM56: 0.60810009 | AO56: 64.644604 | AP56: 0.93556741 | AR56: 5.8236457 | AS56: 0.51465957 | AU56: 16.735734 | AV56: 0.55252698 | AX56: 21.690627 | AY56: 0.55754984 | BA56: 55.749993 | BB56: 1.012659
A57: Baku (Azerbaijan) | B57: 0.50224932 | C57: 0.013873095 | E57: 0.92935902 | F57: 0.011278421 | H57: 4.3790453 | I57: 0.29116224 | K57: 9.4386518 | L57: 0.39724344 | N57: 20.166812 | O57: 0.52015197 | Q57: 66.015491 | R57: 0.67102038 | T57: 4.4980764 | U57: 0.27834292 | W57: 15.518771 | X57: 0.46278405 | Z57: 21.710401 | AA57: 0.64737188 | AC57: 58.272752 | AD57: 0.69653769 | AF57: 2.7134328 | AG57: 0.22476447 | AI57: 8.2153841 | AJ57: 0.37057213 | AL57: 19.062396 | AM57: 0.46695028 | AO57: 70.008787 | AP57: 0.62617824 | AR57: 4.5677642 | AS57: 0.275976 | AU57: 12.30044 | AV57: 0.47599601 | AX57: 18.839967 | AY57: 0.63280712 | BA57: 64.291829 | BB57: 0.70700991
A58: Belarus | B58: 0.37401833 | C58: 0.019127049 | E58: 0.88350353 | F58: 0.011102206 | H58: 3.4725661 | I58: 0.28064126 | K58: 10.603279 | L58: 0.52191719 | N58: 24.768119 | O58: 0.61966076 | Q58: 61.156036 | R58: 0.88570496 | T58: 3.6808443 | U58: 0.29728137 | W58: 14.024483 | X58: 0.52735444 | Z58: 28.277091 | AA58: 0.66995922 | AC58: 54.017582 | AD58: 0.93501004 | AF58: 2.2693742 | AG58: 0.24069648 | AI58: 9.0022455 | AJ58: 0.46057367 | AL58: 21.81357 | AM58: 0.58113563 | AO58: 66.91481 | AP58: 0.84396128 | AR58: 6.3193019 | AS58: 0.42262914 | AU58: 18.033663 | AV58: 0.63762532 | AX58: 29.522781 | AY58: 0.61807049 | BA58: 46.124253 | BB58: 0.95445886
A59: Bosnia and Herzegovina | B59: -0.029273797 | C59: 0.023946923 | E59: 1.0659756 | F59: 0.011906736 | H59: 8.4819118 | I59: 0.5364314 | K59: 16.042331 | L59: 0.65433831 | N59: 25.54715 | O59: 0.68059824 | Q59: 49.928607 | R59: 0.95799758 | T59: 6.7023145 | U59: 0.42512515 | W59: 16.823872 | X59: 0.72459188 | Z59: 26.024505 | AA59: 0.62567116 | AC59: 50.449308 | AD59: 0.91729865 | AF59: 13.800823 | AG59: 0.63812681 | AI59: 23.529415 | AJ59: 0.55833923 | AL59: 24.049811 | AM59: 0.57820884 | AO59: 38.619951 | AP59: 0.88149221 | AR59: 10.759883 | AS59: 0.60149944 | AU59: 20.720662 | AV59: 0.62837347 | AX59: 24.707279 | AY59: 0.53509721 | BA59: 43.812175 | BB59: 0.88715657
A60: Brazil | B60: 0.43221611 | C60: 0.012472201 | E60: 0.90650333 | F60: 0.011167661 | H60: 3.4806466 | I60: 0.27512386 | K60: 10.510788 | L60: 0.38010062 | N60: 19.634052 | O60: 0.47258675 | Q60: 66.374514 | R60: 0.63855539 | T60: 5.93962 | U60: 0.31652933 | W60: 16.298449 | X60: 0.45081539 | Z60: 25.048972 | AA60: 0.57938187 | AC60: 52.712959 | AD60: 0.60128415 | AF60: 2.2071964 | AG60: 0.22038456 | AI60: 10.024412 | AJ60: 0.35774534 | AL60: 20.383825 | AM60: 0.4634356 | AO60: 67.384567 | AP60: 0.53995434 | AR60: 4.9194892 | AS60: 0.29924744 | AU60: 13.476767 | AV60: 0.35221545 | AX60: 21.047636 | AY60: 0.47215319 | BA60: 60.556108 | BB60: 0.59395916
A61: Brunei Darussalam | B61: 0.22696088 | C61: 0.0094355212 | E61: 0.78181568 | F61: 0.0071810026 | H61: 3.7182571 | I61: 0.2576299 | K61: 25.348927 | L61: 0.52463795 | N61: 36.679491 | O61: 0.63391316 | Q61: 34.253325 | R61: 0.61237624 | T61: 2.4146037 | U61: 0.18900357 | W61: 16.371782 | X61: 0.44576264 | Z61: 32.575088 | AA61: 0.59749486 | AC61: 48.638526 | AD61: 0.6618477 | AF61: 1.3209703 | AG61: 0.13797518 | AI61: 11.128922 | AJ61: 0.41601153 | AL61: 29.756884 | AM61: 0.58337699 | AO61: 57.793224 | AP61: 0.64845857 | AR61: 2.8478481 | AS61: 0.18549199 | AU61: 14.771904 | AV61: 0.40835039 | AX61: 31.234423 | AY61: 0.69506568 | BA61: 51.145825 | BB61: 0.64738485
A62: B-S-J-Z (China) | B62: 0.36280115 | C62: 0.017596311 | E62: 0.89018791 | F62: 0.0089417828 | H62: 3.537626 | I62: 0.24544802 | K62: 13.312223 | L62: 0.65082653 | N62: 29.070445 | O62: 0.67447234 | Q62: 54.079706 | R62: 1.0695745 | T62: 3.1067306 | U62: 0.26536985 | W62: 11.354276 | X62: 0.44519946 | Z62: 23.073351 | AA62: 0.53138748 | AC62: 62.465642 | AD62: 0.8065754 | AF62: 3.439499 | AG62: 0.29203407 | AI62: 10.81966 | AJ62: 0.42323433 | AL62: 21.993394 | AM62: 0.67149851 | AO62: 63.747448 | AP62: 0.90616333 | AR62: 5.0195807 | AS62: 0.32168388 | AU62: 18.763136 | AV62: 0.57037294 | AX62: 30.761682 | AY62: 0.58161311 | BA62: 45.455602 | BB62: 0.86003091
A63: Bulgaria | B63: 0.099598215 | C63: 0.022695726 | E63: 1.0852635 | F63: 0.012507329 | H63: 8.6938998 | I63: 0.44228803 | K63: 14.813956 | L63: 0.54122745 | N63: 25.95296 | O63: 0.78790834 | Q63: 50.539184 | R63: 0.86704421 | T63: 11.074094 | U63: 0.64833416 | W63: 19.019614 | X63: 0.64660778 | Z63: 24.279669 | AA63: 0.61544463 | AC63: 45.626623 | AD63: 1.0524188 | AF63: 10.772765 | AG63: 0.56424697 | AI63: 15.488547 | AJ63: 0.57983789 | AL63: 21.573334 | AM63: 0.75921241 | AO63: 52.165354 | AP63: 1.0408834 | AR63: 9.5613136 | AS63: 0.54296146 | AU63: 15.242845 | AV63: 0.57505064 | AX63: 21.558491 | AY63: 0.66310851 | BA63: 53.637351 | BB63: 0.97429387
A64: Costa Rica | B64: 0.47093266 | C64: 0.016576158 | E64: 0.90278339 | F64: 0.0090494679 | H64: 2.9292443 | I64: 0.21810136 | K64: 8.1754789 | L64: 0.42652515 | N64: 18.030735 | O64: 0.57624267 | Q64: 70.864541 | R64: 0.76756304 | T64: 5.1050374 | U64: 0.269622 | W64: 13.399151 | X64: 0.49183162 | Z64: 23.288022 | AA64: 0.63424968 | AC64: 58.20779 | AD64: 0.74112124 | AF64: 2.5565613 | AG64: 0.19963114 | AI64: 9.2212092 | AJ64: 0.48869962 | AL64: 20.768042 | AM64: 0.5670788 | AO64: 67.454188 | AP64: 0.81628975 | AR64: 4.8755503 | AS64: 0.29011323 | AU64: 15.268793 | AV64: 0.60846375 | AX64: 23.826209 | AY64: 0.49200356 | BA64: 56.029448 | BB64: 0.90825741
A65: Croatia | B65: -0.3442837 | C65: 0.018183229 | E65: 1.0177948 | F65: 0.0089367931 | H65: 10.39601 | I65: 0.43480533 | K65: 25.144083 | L65: 0.64857078 | N65: 28.487068 | O65: 0.6049433 | Q65: 35.972838 | R65: 0.81558646 | T65: 9.6299901 | U65: 0.49492174 | W65: 23.72013 | X65: 0.57351496 | Z65: 28.583683 | AA65: 0.5920161 | AC65: 38.066196 | AD65: 0.73797573 | AF65: 16.530516 | AG65: 0.54694984 | AI65: 27.714579 | AJ65: 0.61838045 | AL65: 26.108686 | AM65: 0.6395066 | AO65: 29.646219 | AP65: 0.7124225 | AR65: 17.702519 | AS65: 0.58735218 | AU65: 29.832607 | AV65: 0.5876198 | AX65: 24.727321 | AY65: 0.59040097 | BA65: 27.737553 | BB65: 0.6782964
A66: Cyprus | B66: -0.050733467 | C66: 0.014016761 | E66: 1.090949 | F66: 0.0087161882 | H66: 14.855603 | I66: 0.4038895 | K66: 21.54665 | L66: 0.58214131 | N66: 25.73539 | O66: 0.57631682 | Q66: 37.862357 | R66: 0.72737571 | T66: 9.6486806 | U66: 0.42891484 | W66: 19.818835 | X66: 0.60048308 | Z66: 28.987462 | AA66: 0.59921971 | AC66: 41.545022 | AD66: 0.65946539 | AF66: 7.3829211 | AG66: 0.32686312 | AI66: 17.004389 | AJ66: 0.5633024 | AL66: 27.651395 | AM66: 0.68885261 | AO66: 47.961295 | AP66: 0.70305828 | AR66: 11.805997 | AS66: 0.3807454 | AU66: 21.55848 | AV66: 0.51542042 | AX66: 27.70891 | AY66: 0.66781608 | BA66: 38.926613 | BB66: 0.66577914
... A73: Kosovo | B73: 0.48290775 | C73: 0.013991079 | E73: 0.88116728 | F73: 0.013076219 | H73: 12.347644 | I73: 0.53307528 | K73: 12.145916 | L73: 0.48532531 | N73: 17.007747 | O73: 0.62869317 | Q73: 58.498693 | R73: 0.78180136 | T73: 3.9129357 | U73: 0.3271247 | W73: 13.458129 | X73: 0.50904889 | Z73: 20.156976 | AA73: 0.6742507 | AC73: 62.471959 | AD73: 0.88714393 | AF73: 2.8490875 | AG73: 0.2652256 | AI73: 8.5643404 | AJ73: 0.38403491 | AL73: 15.891049 | AM73: 0.55780995 | AO73: 72.695523 | AP73: 0.69577278 | AR73: 4.0892796 | AS73: 0.30003411 | AU73: 8.9626695 | AV73: 0.45507907 | AX73: 14.463498 | AY73: 0.56894864 | BA73: 72.484553 | BB73: 0.62182375
A74: Lebanon | B74: m | C74: m | E74: m | F74: m | H74: m | I74: m | K74: m | L74: m | N74: m | O74: m | Q74: m | R74: m | T74: m | U74: m | W74: m | X74: m | Z74: m | AA74: m | AC74: m | AD74: m | AF74: m | AG74: m | AI74: m | AJ74: m | AL74: m | AM74: m | AO74: m | AP74: m | AR74: m | AS74: m | AU74: m | AV74: m | AX74: m | AY74: m | BA74: m | BB74: m
A75: Macao (China) | B75: -0.081113718 | C75: 0.012548512 | E75: 0.89273647 | F75: 0.0099796914 | H75: 4.4783549 | I75: 0.34664225 | K75: 25.799013 | L75: 0.66998482 | N75: 41.01392 | O75: 0.67405505 | Q75: 28.708712 | R75: 0.65609585 | T75: 4.6139461 | U75: 0.33030936 | W75: 23.081111 | X75: 0.79494234 | Z75: 37.254658 | AA75: 0.79176439 | AC75: 35.050284 | AD75: 0.75229256 | AF75: 3.818922 | AG75: 0.32720932 | AI75: 20.815994 | AJ75: 0.65812538 | AL75: 37.666177 | AM75: 0.7554321 | AO75: 37.698907 | AP75: 0.78396533 | AR75: 5.4184609 | AS75: 0.35252019 | AU75: 26.151404 | AV75: 0.70205473 | AX75: 36.579566 | AY75: 0.73132457 | BA75: 31.850569 | BB75: 0.73417479
A76: Malaysia | B76: 0.40604306 | C76: 0.019235942 | E76: 0.81104709 | F76: 0.009282667 | H76: 2.8829513 | I76: 0.25528229 | K76: 18.276925 | L76: 0.73707688 | N76: 29.308056 | O76: 0.63346642 | Q76: 49.532068 | R76: 1.0010694 | T76: 2.1213767 | U76: 0.23413142 | W76: 13.661318 | X76: 0.57073342 | Z76: 26.913599 | AA76: 0.67841565 | AC76: 57.303707 | AD76: 1.0328126 | AF76: 1.1694476 | AG76: 0.16642091 | AI76: 9.8354903 | AJ76: 0.47419178 | AL76: 23.61699 | AM76: 0.68238659 | AO76: 65.378072 | AP76: 0.94106205 | AR76: 2.4033173 | AS76: 0.24028871 | AU76: 13.248342 | AV76: 0.55069864 | AX76: 26.672204 | AY76: 0.65703888 | BA76: 57.676137 | BB76: 0.9684377
A77: Malta | B77: 0.34065349 | C77: 0.018244619 | E77: 1.0161984 | F77: 0.013353426 | H77: 6.0447156 | I77: 0.40119414 | K77: 12.790537 | L77: 0.64996416 | N77: 26.093443 | O77: 0.75326897 | Q77: 55.071304 | R77: 0.93701594 | T77: 5.8064237 | U77: 0.36853677 | W77: 13.736845 | X77: 0.59665114 | Z77: 27.078963 | AA77: 0.75332388 | AC77: 53.377768 | AD77: 0.90426464 | AF77: 4.1834613 | AG77: 0.37153519 | AI77: 10.999601 | AJ77: 0.51934609 | AL77: 24.697886 | AM77: 0.78899494 | AO77: 60.119052 | AP77: 0.83968289 | AR77: 6.2259309 | AS77: 0.41260407 | AU77: 13.434209 | AV77: 0.58675567 | AX77: 25.393464 | AY77: 0.77530471 | BA77: 54.946396 | BB77: 0.92291651
A78: Moldova | B78: 0.46259938 | C78: 0.02030906 | E78: 0.8332053 | F78: 0.014165737 | H78: 5.343225 | I78: 0.39003689 | K78: 10.655329 | L78: 0.46270062 | N78: 22.248767 | O78: 0.61349519 | Q78: 61.752679 | R78: 0.95339894 | T78: 4.649713 | U78: 0.39812179 | W78: 15.546159 | X78: 0.54553062 | Z78: 23.643003 | AA78: 0.77241027 | AC78: 56.161126 | AD78: 1.086946 | AF78: 2.3886328 | AG78: 0.27436413 | AI78: 8.3975677 | AJ78: 0.42660769 | AL78: 18.132882 | AM78: 0.60807362 | AO78: 71.080917 | AP78: 0.88783566 | AR78: 3.5230679 | AS78: 0.37413094 | AU78: 10.814624 | AV78: 0.44533411 | AX78: 20.890356 | AY78: 0.58492711 | BA78: 64.771952 | BB78: 0.99158882
A79: Montenegro | B79: 0.11920491 | C79: 0.013945472 | E79: 1.0974583 | F79: 0.007033563 | H79: 7.7055333 | I79: 0.29997365 | K79: 12.607391 | L79: 0.39315397 | N79: 22.938943 | O79: 0.57550906 | Q79: 56.748133 | R79: 0.69197701 | T79: 8.1541171 | U79: 0.31042054 | W79: 15.581731 | X79: 0.43678016 | Z79: 24.823145 | AA79: 0.51313684 | AC79: 51.441007 | AD79: 0.65241319 | AF79: 11.150573 | AG79: 0.34420316 | AI79: 17.53 | AJ79: 0.47228359 | AL79: 23.283613 | AM79: 0.58997287 | AO79: 48.035815 | AP79: 0.68346889 | AR79: 10.613046 | AS79: 0.40215862 | AU79: 17.784478 | AV79: 0.4993295 | AX79: 21.984463 | AY79: 0.55488562 | BA79: 49.618013 | BB79: 0.6719279
A80: Morocco | B80: 0.086773877 | C80: 0.020084476 | E80: 1.0115722 | F80: 0.012065234 | H80: 11.193753 | I80: 0.48236031 | K80: 16.905398 | L80: 0.55599755 | N80: 20.169731 | O80: 0.48788212 | Q80: 51.731118 | R80: 0.84612911 | T80: 13.418482 | U80: 0.58620724 | W80: 20.722947 | X80: 0.54203447 | Z80: 21.431159 | AA80: 0.47494289 | AC80: 44.427411 | AD80: 0.72460152 | AF80: 7.7139654 | AG80: 0.40231151 | AI80: 15.606705 | AJ80: 0.59972562 | AL80: 19.709164 | AM80: 0.52815077 | AO80: 56.970166 | AP80: 0.86100326 | AR80: 9.7042293 | AS80: 0.42866618 | AU80: 15.402073 | AV80: 0.5328466 | AX80: 17.794782 | AY80: 0.52342238 | BA80: 57.098915 | BB80: 0.88079538
A81: North Macedonia | B81: m | C81: m | E81: m | F81: m | H81: m | I81: m | K81: m | L81: m | N81: m | O81: m | Q81: m | R81: m | T81: m | U81: m | W81: m | X81: m | Z81: m | AA81: m | AC81: m | AD81: m | AF81: m | AG81: m | AI81: m | AJ81: m | AL81: m | AM81: m | AO81: m | AP81: m | AR81: m | AS81: m | AU81: m | AV81: m | AX81: m | AY81: m | BA81: m | BB81: m
A82: Panama | B82: 0.32830439 | C82: 0.017989507 | E82: 0.90588093 | F82: 0.010640854 | H82: 2.72555 | I82: 0.27361953 | K82: 12.736797 | L82: 0.58343569 | N82: 19.738792 | O82: 0.61411103 | Q82: 64.798861 | R82: 0.90927325 | T82: 4.1763241 | U82: 0.33204607 | W82: 20.062376 | X82: 0.64401924 | Z82: 24.700588 | AA82: 0.64754078 | AC82: 51.060712 | AD82: 0.85249479 | AF82: 2.1723059 | AG82: 0.21862458 | AI82: 15.207582 | AJ82: 0.54932036 | AL82: 22.399837 | AM82: 0.68092935 | AO82: 60.220275 | AP82: 0.92093607 | AR82: 4.5209782 | AS82: 0.34612778 | AU82: 19.681013 | AV82: 0.63248895 | AX82: 22.737071 | AY82: 0.72739822 | BA82: 53.060938 | BB82: 0.88140344
A83: Peru | B83: 0.38474329 | C83: 0.015710454 | E83: 0.86062592 | F83: 0.0085682478 | H83: 2.2130786 | I83: 0.20109788 | K83: 10.584172 | L83: 0.42377569 | N83: 22.410789 | O83: 0.71804847 | Q83: 64.79196 | R83: 0.86932303 | T83: 3.5080227 | U83: 0.22180675 | W83: 16.276897 | X83: 0.59179571 | Z83: 27.078471 | AA83: 0.7059625 | AC83: 53.13661 | AD83: 0.90213102 | AF83: 1.5514729 | AG83: 0.16998487 | AI83: 11.796644 | AJ83: 0.47294372 | AL83: 25.597157 | AM83: 0.62575406 | AO83: 61.054726 | AP83: 0.82979358 | AR83: 3.4389373 | AS83: 0.254251 | AU83: 17.522302 | AV83: 0.50890925 | AX83: 26.198694 | AY83: 0.63258105 | BA83: 52.840067 | BB83: 0.79930156
A84: Philippines | B84: 0.46257719 | C84: 0.017353818 | E84: 0.85540839 | F84: 0.0095260891 | H84: 2.8230268 | I84: 0.23256467 | K84: 12.052612 | L84: 0.509312 | N84: 22.388115 | O84: 0.62214386 | Q84: 62.736246 | R84: 0.88588144 | T84: 2.192775 | U84: 0.21892262 | W84: 15.790106 | X84: 0.56391335 | Z84: 25.776235 | AA84: 0.55952858 | AC84: 56.240884 | AD84: 0.80556064 | AF84: 2.2110685 | AG84: 0.22688284 | AI84: 11.897306 | AJ84: 0.46805839 | AL84: 20.694097 | AM84: 0.61367358 | AO84: 65.197529 | AP84: 0.83664897 | AR84: 3.2040008 | AS84: 0.23600989 | AU84: 11.320481 | AV84: 0.49826132 | AX84: 21.086229 | AY84: 0.61968936 | BA84: 64.389289 | BB84: 0.95078182
A85: Qatar | B85: 0.37684495 | C85: 0.0082917842 | E85: 1.0086349 | F85: 0.0066209666 | H85: 6.0204647 | I85: 0.19907429 | K85: 13.470914 | L85: 0.2661179 | N85: 24.076857 | O85: 0.35302174 | Q85: 56.431765 | R85: 0.41681612 | T85: 5.3490584 | U85: 0.18548815 | W85: 13.225612 | X85: 0.26623594 | Z85: 23.76778 | AA85: 0.35839472 | AC85: 57.65755 | AD85: 0.43072075 | AF85: 4.2141767 | AG85: 0.18124167 | AI85: 11.200728 | AJ85: 0.27282895 | AL85: 21.601976 | AM85: 0.31257673 | AO85: 62.983119 | AP85: 0.40988598 | AR85: 6.8001901 | AS85: 0.1885082 | AU85: 13.330332 | AV85: 0.2691955 | AX85: 21.876602 | AY85: 0.34602393 | BA85: 57.992877 | BB85: 0.4012246
A86: Romania | B86: 0.2239722 | C86: 0.02340183 | E86: 0.96892601 | F86: 0.015766375 | H86: 8.1117329 | I86: 0.49645294 | K86: 18.080702 | L86: 0.65254755 | N86: 23.346659 | O86: 0.87334618 | Q86: 50.460906 | R86: 1.0694021 | T86: 7.682367 | U86: 0.51254769 | W86: 19.685713 | X86: 0.55141583 | Z86: 21.154352 | AA86: 0.61163683 | AC86: 51.477568 | AD86: 0.80813037 | AF86: 6.378161 | AG86: 0.51070087 | AI86: 13.741959 | AJ86: 0.63140674 | AL86: 19.48288 | AM86: 0.65842781 | AO86: 60.397 | AP86: 1.0558354 | AR86: 6.0547669 | AS86: 0.50943679 | AU86: 15.536458 | AV86: 0.55028874 | AX86: 19.190685 | AY86: 0.64897842 | BA86: 59.21809 | BB86: 1.1108193
A87: Russia | B87: 0.20007308 | C87: 0.025762334 | E87: 0.955437 | F87: 0.009937709 | H87: 6.6951381 | I87: 0.37993873 | K87: 17.087778 | L87: 0.8971278 | N87: 30.613041 | O87: 0.6040294 | Q87: 45.604043 | R87: 1.1587873 | T87: 4.7587551 | U87: 0.31435307 | W87: 14.309406 | X87: 0.59196408 | Z87: 27.309681 | AA87: 0.714432 | AC87: 53.622159 | AD87: 1.1568284 | AF87: 4.4035411 | AG87: 0.31176287 | AI87: 16.591214 | AJ87: 0.67744671 | AL87: 27.741415 | AM87: 0.66898431 | AO87: 51.26383 | AP87: 1.2208191 | AR87: 6.9884376 | AS87: 0.36457736 | AU87: 16.298198 | AV87: 0.59004897 | AX87: 25.312151 | AY87: 0.61594158 | BA87: 51.401214 | BB87: 1.0841814
A88: Saudi Arabia | B88: 0.54264431 | C88: 0.020812544 | E88: 0.90917842 | F88: 0.014220978 | H88: 6.2792984 | I88: 0.38601492 | K88: 10.175424 | L88: 0.40301482 | N88: 16.287403 | O88: 0.55864264 | Q88: 67.257874 | R88: 0.93563523 | T88: 5.6478552 | U88: 0.3708645 | W88: 11.483352 | X88: 0.52335768 | Z88: 19.195468 | AA88: 0.572413 | AC88: 63.673325 | AD88: 0.89330605 | AF88: 3.5528279 | AG88: 0.31790483 | AI88: 8.4741088 | AJ88: 0.42764176 | AL88: 13.405241 | AM88: 0.48161854 | AO88: 74.567822 | AP88: 0.85454245 | AR88: 5.3922413 | AS88: 0.33658629 | AU88: 8.9651748 | AV88: 0.52365637 | AX88: 15.833011 | AY88: 0.55009955 | BA88: 69.809573 | BB88: 0.96737801
A89: Serbia | B89: 0.037753325 | C89: 0.021137717 | E89: 1.0822971 | F89: 0.010197573 | H89: 8.2027274 | I89: 0.36990855 | K89: 15.37845 | L89: 0.54861471 | N89: 25.508082 | O89: 0.62509591 | Q89: 50.910741 | R89: 0.92516862 | T89: 6.2665005 | U89: 0.38607157 | W89: 15.640531 | X89: 0.56236099 | Z89: 26.878163 | AA89: 0.61199634 | AC89: 51.214806 | AD89: 0.86439043 | AF89: 12.804439 | AG89: 0.53644448 | AI89: 21.244287 | AJ89: 0.6297895 | AL89: 23.145258 | AM89: 0.57315908 | AO89: 42.806016 | AP89: 0.82757916 | AR89: 10.476681 | AS89: 0.47596682 | AU89: 19.844409 | AV89: 0.57762363 | AX89: 24.20422 | AY89: 0.53843065 | BA89: 45.47469 | BB89: 0.90688759
A90: Singapore | B90: 0.24439132 | C90: 0.011321461 | E90: 0.8906469 | F90: 0.0082780449 | H90: 3.2745937 | I90: 0.23023177 | K90: 16.361052 | L90: 0.50807436 | N90: 38.746612 | O90: 0.6585553 | Q90: 41.617741 | R90: 0.60889619 | T90: 2.8284615 | U90: 0.21515126 | W90: 13.273349 | X90: 0.46755059 | Z90: 35.911095 | AA90: 0.60555519 | AC90: 47.987095 | AD90: 0.56460611 | AF90: 1.7743028 | AG90: 0.18320429 | AI90: 10.657138 | AJ90: 0.37767326 | AL90: 34.923725 | AM90: 0.62193388 | AO90: 52.644834 | AP90: 0.68790394 | AR90: 4.1304921 | AS90: 0.26694805 | AU90: 17.426786 | AV90: 0.46605748 | AX90: 36.729592 | AY90: 0.66080483 | BA90: 41.713129 | BB90: 0.63337406
A91: Chinese Taipei | B91: 0.0434568 | C91: 0.01508125 | E91: 0.9205544 | F91: 0.0085301134 | H91: 7.9458041 | I91: 0.38471871 | K91: 35.04464 | L91: 0.71648582 | N91: 32.685199 | O91: 0.5923346 | Q91: 24.324356 | R91: 0.60260948 | T91: 2.8688655 | U91: 0.20747628 | W91: 18.085829 | X91: 0.53135522 | Z91: 32.664486 | AA91: 0.6415249 | AC91: 46.38082 | AD91: 0.73821231 | AF91: 2.5584741 | AG91: 0.20371564 | AI91: 15.639838 | AJ91: 0.48819271 | AL91: 31.971652 | AM91: 0.61279523 | AO91: 49.830036 | AP91: 0.76197412 | AR91: 4.6486745 | AS91: 0.2733397 | AU91: 25.029884 | AV91: 0.64239724 | AX91: 33.767488 | AY91: 0.59464742 | BA91: 36.553954 | BB91: 0.74010811
A92: Thailand | B92: 0.32996077 | C92: 0.022687709 | E92: 0.93315709 | F92: 0.010930226 | H92: 1.9008233 | I92: 0.16737409 | K92: 15.384431 | L92: 0.66622558 | N92: 26.500231 | O92: 0.70372806 | Q92: 56.214515 | R92: 1.1004101 | T92: 2.6892756 | U92: 0.24010752 | W92: 18.614819 | X92: 0.72975018 | Z92: 27.196228 | AA92: 0.6070911 | AC92: 51.499678 | AD92: 1.056484 | AF92: 2.0971492 | AG92: 0.20112415 | AI92: 16.192699 | AJ92: 0.63227551 | AL92: 24.694483 | AM92: 0.68966363 | AO92: 57.015669 | AP92: 1.1029477 | AR92: 2.8754575 | AS92: 0.27052145 | AU92: 18.476422 | AV92: 0.69429833 | AX92: 26.234892 | AY92: 0.55407727 | BA92: 52.413228 | BB92: 1.1142537
A93: Ukraine | B93: m | C93: m | E93: m | F93: m | H93: 43.545415 | I93: 0.9404657 | K93: 13.150353 | L93: 0.63681262 | N93: 17.333375 | O93: 0.62676511 | Q93: 25.970856 | R93: 0.67986608 | T93: 11.132175 | U93: 0.49957802 | W93: 25.595216 | X93: 0.51965373 | Z93: 33.554158 | AA93: 0.62239585 | AC93: 29.718451 | AD93: 0.60763418 | AF93: 6.0152363 | AG93: 0.3476607 | AI93: 16.393599 | AJ93: 0.48661854 | AL93: 30.52023 | AM93: 0.59522085 | AO93: 47.070935 | AP93: 0.75442382 | AR93: 8.0282053 | AS93: 0.46194074 | AU93: 18.23606 | AV93: 0.48684501 | AX93: 29.731535 | AY93: 0.58550575 | BA93: 44.0042 | BB93: 0.77335674
A94: United Arab Emirates | B94: 0.37634446 | C94: 0.012361824 | E94: 1.0156879 | F94: 0.0069218113 | H94: 5.9755523 | I94: 0.24235702 | K94: 12.813587 | L94: 0.63475905 | N94: 23.195623 | O94: 0.4037136 | Q94: 58.015238 | R94: 0.77585191 | T94: 5.956634 | U94: 0.22463107 | W94: 13.51549 | X94: 0.3914211 | Z94: 24.288824 | AA94: 0.44012719 | AC94: 56.239052 | AD94: 0.62505945 | AF94: 4.6335017 | AG94: 0.17477519 | AI94: 10.71454 | AJ94: 0.33309982 | AL94: 20.947959 | AM94: 0.51098506 | AO94: 63.703999 | AP94: 0.68312743 | AR94: 6.9497821 | AS94: 0.20685473 | AU94: 12.716943 | AV94: 0.4726874 | AX94: 21.720506 | AY94: 0.35688139 | BA94: 58.612769 | BB94: 0.56827382
A95: Uruguay | B95: 0.27030734 | C95: 0.024439623 | E95: 0.94110562 | F95: 0.012787195 | H95: 5.0277254 | I95: 0.45574292 | K95: 12.512655 | L95: 0.56383515 | N95: 27.164742 | O95: 0.84975026 | Q95: 55.294878 | R95: 1.2237012 | T95: 7.0633181 | U95: 0.50356575 | W95: 16.51156 | X95: 0.70748459 | Z95: 27.791235 | AA95: 0.81695546 | AC95: 48.633887 | AD95: 1.1770813 | AF95: 3.0846117 | AG95: 0.25383351 | AI95: 13.392014 | AJ95: 0.7432854 | AL95: 26.555701 | AM95: 0.65710264 | AO95: 56.967674 | AP95: 1.0417354 | AR95: 4.9337397 | AS95: 0.36550419 | AU95: 16.069473 | AV95: 0.73533954 | AX95: 26.287214 | AY95: 0.79029095 | BA95: 52.709573 | BB95: 1.1245717
A96: Viet Nam | B96: 0.38074631 | C96: 0.018527536 | E96: 0.79814491 | F96: 0.0098267003 | H96: 2.4381665 | I96: 0.22647753 | K96: 8.9292803 | L96: 0.60666839 | N96: 33.062031 | O96: 0.79860691 | Q96: 55.570522 | R96: 1.0628553 | T96: 1.9364131 | U96: 0.21401862 | W96: 11.758703 | X96: 0.75357676 | Z96: 32.171476 | AA96: 0.81063496 | AC96: 54.133408 | AD96: 1.0074435 | AF96: 1.9085118 | AG96: 0.22411151 | AI96: 9.5829946 | AJ96: 0.53121045 | AL96: 31.444328 | AM96: 0.81252675 | AO96: 57.064166 | AP96: 1.0308597 | AR96: 2.5933218 | AS96: 0.2655667 | AU96: 12.27516 | AV96: 0.81308132 | AX96: 32.91076 | AY96: 0.8419491 | BA96: 52.220758 | BB96: 1.0392296
A101: Information on data for Cyprus: https://oe.cd/cyprus-disclaimer
A102: *Data did not meet the PISA technical standards but were accepted as largely comparable (see Annexes A2 and A4).
A104: Note: Information regarding the proportion of the sample covered is shown next to the standard error. No symbol means at least 75% of the population was covered; one dagger (†) means at least 50% but less than 75%; and one double-dagger (‡) means less than 50% was covered. For comparisons across cycles, the coverage information corresponds to the cycle with the lowest sample coverage.

Sheet Table III.B1.6.2
A1: PISA 2018 Results (Volume III) - © OECD 2019
A2: Annex B1 | B2: Annex B1.6 Results (tables): Teachers' support and teaching practices
A3: Version 2 - Last updated: 02-Dec-2019
A4: Disclaimer: http://oe.cd/disclaimer
A6: Table III.B1.6.2
A7: Teacher emotional support
A8: Based on students' reports
B11: Percentage of students who reported the following occurred during the previous two language-of-instruction lessons:
B12: The teacher made me feel confident in my ability to do well in the course | N12: The teacher listened to my view on how to do things | Z12: I felt that my teacher understood me
B13: Strongly disagree | E13: Disagree | H13: Agree | K13: Strongly agree | N13: Strongly disagree | Q13: Disagree | T13: Agree | W13: Strongly agree | Z13: Strongly disagree | AC13: Disagree | AF13: Agree | AI13: Strongly agree
B14: % | C14: S.E. | E14: % | F14: S.E. | H14: % | I14: S.E. | K14: % | L14: S.E. | N14: % | O14: S.E. | Q14: % | R14: S.E. | T14: % | U14: S.E. | W14: % | X14: S.E. | Z14: % | AA14: S.E. | AC14: % | AD14: S.E. | AF14: % | AG14: S.E. | AI14: % | AJ14: S.E.
A15: OECD
A16: Australia | B16: 7.9490173 | C16: 0.29530581 | E16: 13.858209 | F16: 0.4306808 | H16: 56.034651 | I16: 0.61223091 | K16: 22.158123 | L16: 0.47906727 | N16: 8.6935336 | O16: 0.3072587 | Q16: 17.718176 | R16: 0.40443125 | T16: 55.054477 | U16: 0.45969876 | W16: 18.533813 | X16: 0.41753108 | Z16: 9.2021406 | AA16: 0.29179697 | AC16: 16.625312 | AD16: 0.38530206 | AF16: 53.436741 | AG16: 0.4568648 | AI16: 20.735807 | AJ16: 0.38155899
A17: Austria | B17: 18.020323 | C17: 0.65120538 | E17: 23.013685 | F17: 0.6141384 | H17: 39.334213 | I17: 0.60632499 | K17: 19.631779 | L17: 0.64712814 | N17: 15.741359 | O17: 0.54513549 | Q17: 24.314698 | R17: 0.67609057 | T17: 39.288991 | U17: 0.63666916 | W17: 20.654952 | X17: 0.62961029 | Z17: 13.7216 | AA17: 0.49358894 | AC17: 19.160831 | AD17: 0.53013948 | AF17: 39.765408 | AG17: 0.63182576 | AI17: 27.352161 | AJ17: 0.82069463
A18: Belgium | B18: 7.8791336 | C18: 0.40266393 | E18: 16.94053 | F18: 0.65958723 | H18: 57.479469 | I18: 0.74080878 | K18: 17.700868 | L18: 0.47171251 | N18: 8.986872 | O18: 0.44328617 | Q18: 20.271822 | R18: 0.59029548 | T18: 56.211995 | U18: 0.78340486 | W18: 14.529311 | X18: 0.48800573 | Z18: 10.045746 | AA18: 0.4092764 | AC18: 20.51357 | AD18: 0.59373028 | AF18: 54.050093 | AG18: 0.72557269 | AI18: 15.390591 | AJ18: 0.4804346
A19: Canada | B19: m | C19: m | E19: m | F19: m | H19: m | I19: m | K19: m | L19: m | N19: m | O19: m | Q19: m | R19: m | T19: m | U19: m | W19: m | X19: m | Z19: m | AA19: m | AC19: m | AD19: m | AF19: m | AG19: m | AI19: m | AJ19: m
A20: Chile | B20: 13.067515 | C20: 0.44232808 | E20: 10.664871 | F20: 0.46092562 | H20: 50.064031 | I20: 0.77840085 | K20: 26.203583 | L20: 0.79784416 | N20: 13.30357 | O20: 0.4552515 | Q20: 14.048009 | R20: 0.49269932 | T20: 48.131974 | U20: 0.78545966 | W20: 24.516447 | X20: 0.83433954 | Z20: 13.571155 | AA20: 0.43525498 | AC20: 15.054216 | AD20: 0.56438244 | AF20: 46.301216 | AG20: 0.71344897 | AI20: 25.073413 | AJ20: 0.81234156
A21: Colombia | B21: 9.432072 | C21: 0.44801536 | E21: 8.7365529 | F21: 0.40884127 | H21: 56.145002 | I21: 0.81096113 | K21: 25.686373 | L21: 0.67270828 | N21: 9.3130288 | O21: 0.40864376 | Q21: 13.959252 | R21: 0.54315052 | T21: 55.0094 | U21: 0.71133708 | W21: 21.718319 | X21: 0.68316959 | Z21: 9.5948022 | AA21: 0.43220391 | AC21: 13.785807 | AD21: 0.5816737 | AF21: 55.008627 | AG21: 0.76351985 | AI21: 21.610764 | AJ21: 0.63370814
A22: Czech Republic | B22: 13.564983 | C22: 0.56679429 | E22: 31.276202 | F22: 0.72154646 | H22: 46.392168 | I22: 0.90193668 | K22: 8.7666481 | L22: 0.39556571 | N22: 14.147234 | O22: 0.59505754 | Q22: 32.904236 | R22: 0.71375487 | T22: 45.053613 | U22: 0.85431359 | W22: 7.8949172 | X22: 0.447199 | Z22: 13.464768 | AA22: 0.6121181 | AC22: 26.638451 | AD22: 0.71040149 | AF22: 49.411797 | AG22: 0.80910289 | AI22: 10.484984 | AJ22: 0.49460356
A23: Denmark | B23: 5.266748 | C23: 0.36807431 | E23: 12.348843 | F23: 0.49624127 | H23: 59.952417 | I23: 0.62754273 | K23: 22.431992 | L23: 0.73542207 | N23: 7.1265575 | O23: 0.40485222 | Q23: 19.739072 | R23: 0.84132548 | T23: 57.229986 | U23: 0.82981574 | W23: 15.904385 | X23: 0.62704839 | Z23: 6.0643006 | AA23: 0.38892049 | AC23: 13.857782 | AD23: 0.6778221 | AF23: 57.736704 | AG23: 0.74415813 | AI23: 22.341213 | AJ23: 0.72291807
A24: Estonia | B24: 11.715212 | C24: 0.47537543 | E24: 24.807016 | F24: 0.72034654 | H24: 50.982898 | I24: 0.78085864 | K24: 12.494874 | L24: 0.56291266 | N24: 12.505727 | O24: 0.53642111 | Q24: 24.684919 | R24: 0.64272404 | T24: 49.975537 | U24: 0.80431025 | W24: 12.833817 | X24: 0.48775117 | Z24: 10.603296 | AA24: 0.46327054 | AC24: 18.970735 | AD24: 0.53898155 | AF24: 55.008272 | AG24: 0.62870513 | AI24: 15.417697 | AJ24: 0.56926532
A25: Finland | B25: 8.2784404 | C25: 0.43586621 | E25: 19.505064 | F25: 0.63753369 | H25: 55.796175 | I25: 0.84370709 | K25: 16.420321 | L25: 0.66179165 | N25: 9.4962209 | O25: 0.46716874 | Q25: 21.869881 | R25: 0.61545871 | T25: 55.749007 | U25: 0.83627448 | W25: 12.884891 | X25: 0.50020317 | Z25: 8.9696979 | AA25: 0.46297463 | AC25: 18.271558 | AD25: 0.57759782 | AF25: 55.947372 | AG25: 0.86657451 | AI25: 16.811373 | AJ25: 0.67965956
A26: France | B26: 15.312705 | C26: 0.64164748 | E26: 23.554678 | F26: 0.59089157 | H26: 46.618338 | I26: 0.80047977 | K26: 14.514278 | L26: 0.55476665 | N26: 16.381146 | O26: 0.5440312 | Q26: 24.608984 | R26: 0.59486759 | T26: 45.965045 | U26: 0.76161683 | W26: 13.044824 | X26: 0.47930673 | Z26: 17.28751 | AA26: 0.59663956 | AC26: 23.150074 | AD26: 0.55521726 | AF26: 45.243804 | AG26: 0.70649635 | AI26: 14.318611 | AJ26: 0.44780044
A27: Germany | B27: 14.176829 | C27: 0.5682203 | E27: 25.448635 | F27: 0.67615279 | H27: 43.069077 | I27: 0.87166222 | K27: 17.305459 | L27: 0.63273845 | N27: 13.622234 | O27: 0.54706084 | Q27: 26.188418 | R27: 0.66874267 | T27: 42.41136 | U27: 0.89599418 | W27: 17.777987 | X27: 0.64617945 | Z27: 10.574607 | AA27: 0.46594978 | AC27: 20.215271 | AD27: 0.60089387 | AF27: 45.666043 | AG27: 0.77261614 | AI27: 23.54408 | AJ27: 0.64892634
A28: Greece | B28: 7.5975722 | C28: 0.45561571 | E28: 17.321597 | F28: 0.47023347 | H28: 56.70622 | I28: 0.70066658 | K28: 18.374611 | L28: 0.56908876 | N28: 8.7960957 | O28: 0.43503994 | Q28: 20.902501 | R28: 0.54057862 | T28: 52.972342 | U28: 0.61206325 | W28: 17.329061 | X28: 0.56659697 | Z28: 10.482929 | AA28: 0.45147301 | AC28: 21.296591 | AD28: 0.52433526 | AF28: 50.360669 | AG28: 0.63245535 | AI28: 17.859811 | AJ28: 0.56832316
A29: Hungary | B29: 8.5830813 | C29: 0.45737003 | E29: 16.766412 | F29: 0.63351688 | H29: 56.155204 | I29: 0.79748618 | K29: 18.495303 | L29: 0.58141569 | N29: 12.652906 | O29: 0.53111826 | Q29: 23.735465 | R29: 0.67084532 | T29: 49.767663 | U29: 0.80945399 | W29: 13.843965 | X29: 0.51627868 | Z29: 10.980676 | AA29: 0.4915565 | AC29: 19.524212 | AD29: 0.58952776 | AF29: 52.070625 | AG29: 0.74363713 | AI29: 17.424486 | AJ29: 0.55472941
A30: Iceland | B30: 15.178546 | C30: 0.69322763 | E30: 16.458792 | F30: 0.64856771 | H30: 47.070843 | I30: 1.0465634 | K30: 21.291818 | L30: 0.78989193 | N30: 11.874395 | O30: 0.52318742 | Q30: 16.440197 | R30: 0.61660582 | T30: 51.497875 | U30: 0.77355634 | W30: 20.187534 | X30: 0.7418243 | Z30: 12.064536 | AA30: 0.56561206 | AC30: 15.457721 | AD30: 0.68647841 | AF30: 49.281021 | AG30: 0.83385073 | AI30: 23.196722 | AJ30: 0.68575603
A31: Ireland | B31: 6.1360926 | C31: 0.3488394 | E31: 15.741701 | F31: 0.59260362 | H31: 55.753458 | I31: 0.70295075 | K31: 22.368749 | L31: 0.68520132 | N31: 6.9915879 | O31: 0.35976725 | Q31: 21.499635 | R31: 0.69018659 | T31: 55.833153 | U31: 0.77914073 | W31: 15.675625 | X31: 0.62236811 | Z31: 6.1574049 | AA31: 0.3374964 | AC31: 18.207415 | AD31: 0.57650252 | AF31: 56.932524 | AG31: 0.71432438 | AI31: 18.702657 | AJ31: 0.64413158
... A53: OECD average | B53: 10.534268 | C53: 0.079953145 | E53: 18.477846 | F53: 0.10073232 | H53: 52.097405 | I53: 0.12677628 | K53: 18.89048 | L53: 0.10676146 | N53: 11.260402 | O53: 0.07910854 | Q53: 21.668409 | R53: 0.1051871 | T53: 50.672967 | U53: 0.12391743 | W53: 16.398223 | X53: 0.098362122 | Z53: 10.790857 | AA53: 0.078244673 | AC53: 19.048353 | AD53: 0.098904143 | AF53: 51.03561 | AG53: 0.12088138 | AI53: 19.125181 | AJ53: 0.10589904
A54: Partners
A55: Albania | B55: 4.8546879 | C55: 0.30844992 | E55: 3.9162401 | F55: 0.27519194 | H55: 45.390854 | I55: 0.82158641 | K55: 45.838218 | L55: 0.74410411 | N55: 6.0653565 | O55: 0.36347129 | Q55: 10.142038 | R55: 0.40898443 | T55: 48.557537 | U55: 0.69831916 | W55: 35.235069 | X55: 0.73881501 | Z55: 5.9221797 | AA55: 0.35225642 | AC55: 7.5046132 | AD55: 0.35279095 | AF55: 46.054446 | AG55: 0.83732175 | AI55: 40.518762 | AJ55: 0.8428573
A56: Argentina | B56: 9.4713713 | C56: 0.51216054 | E56: 13.912603 | F56: 0.55477513 | H56: 55.92144 | I56: 0.67125666 | K56: 20.694586 | L56: 0.5841655 | N56: 9.2137449 | O56: 0.42213855 | Q56: 20.369341 | R56: 0.62798316 | T56: 53.487062 | U56: 0.5977423 | W56: 16.929852 | X56: 0.59938343 | Z56: 9.4817219 | AA56: 0.54795291 | AC56: 16.203148 | AD56: 0.52646273 | AF56: 52.531918 | AG56: 0.6860113 | AI56: 21.783212 | AJ56: 0.57164162
A57: Baku (Azerbaijan) | B57: 18.627691 | C57: 0.57689549 | E57: 9.7097953 | F57: 0.44680559 | H57: 42.176869 | I57: 0.63320912 | K57: 29.485645 | L57: 0.69538519 | N57: 16.969421 | O57: 0.53143369 | Q57: 10.973719 | R57: 0.56274277 | T57: 47.063513 | U57: 0.72198903 | W57: 24.993346 | X57: 0.68457209 | Z57: 17.246679 | AA57: 0.57286151 | AC57: 9.039576 | AD57: 0.39720019 | AF57: 45.946707 | AG57: 0.76788734 | AI57: 27.767038 | AJ57: 0.71270165
A58: Belarus | B58: 6.9356124 | C58: 0.40314385 | E58: 16.54965 | F58: 0.58323913 | H58: 59.231089 | I58: 0.71635717 | K58: 17.283648 | L58: 0.59383509 | N58: 7.4770886 | O58: 0.36492432 | Q58: 20.583708 | R58: 0.62837027 | T58: 57.432603 | U58: 0.72346122 | W58: 14.506601 | X58: 0.52057693 | Z58: 7.0246651 | AA58: 0.35766502 | AC58: 17.684593 | AD58: 0.64562721 | AF58: 56.556854 | AG58: 0.78355055 | AI58: 18.733888 | AJ58: 0.67234222
A59: Bosnia and Herzegovina | B59: 12.422886 | C59: 0.57963568 | E59: 14.274914 | F59: 0.55141898 | H59: 54.928998 | I59: 0.77835624 | K59: 18.373201 | L59: 0.6149263 | N59: 13.208039 | O59: 0.60620809 | Q59: 21.672925 | R59: 0.5737641 | T59: 51.361218 | U59: 0.73346283 | W59: 13.757818 | X59: 0.54258658 | Z59: 13.130719 | AA59: 0.56389955 | AC59: 17.891419 | AD59: 0.61153108 | AF59: 51.017706 | AG59: 0.76057448 | AI59: 17.960156 | AJ59: 0.51487617
A60: Brazil | B60: 9.9418913 | C60: 0.37784844 | E60: 18.66421 | F60: 0.44640562 | H60: 54.975864 | I60: 0.55999543 | K60: 16.418035 | L60: 0.44989351 | N60: 9.6357892 | O60: 0.36522487 | Q60: 23.004536 | R60: 0.59945748 | T60: 53.969777 | U60: 0.63966444 | W60: 13.389898 | X60: 0.40641082 | Z60: 10.182254 | AA60: 0.37477031 | AC60: 21.486148 | AD60: 0.49807992 | AF60: 51.538898 | AG60: 0.58332812 | AI60: 16.7927 | AJ60: 0.45021728
A61: Brunei Darussalam | B61: 3.3727316 | C61: 0.20183367 | E61: 9.8059959 | F61: 0.34030587 | H61: 66.740203 | I61: 0.5077821 | K61: 20.08107 | L61: 0.4581021 | N61: 3.9800445 | O61: 0.23481609 | Q61: 18.534573 | R61: 0.41487664 | T61: 66.15443 | U61: 0.49716757 | W61: 11.330952 | X61: 0.36417448 | Z61: 6.0575201 | AA61: 0.26850706 | AC61: 20.487862 | AD61: 0.46882516 | AF61: 59.35947 | AG61: 0.6101901 | AI61: 14.095147 | AJ61: 0.36543407
A62: B-S-J-Z (China) | B62: 4.9042276 | C62: 0.32534728 | E62: 12.712591 | F62: 0.4339595 | H62: 56.465753 | I62: 0.67030462 | K62: 25.917429 | L62: 0.80031852 | N62: 5.4500947 | O62: 0.3674358 | Q62: 13.548508 | R62: 0.5433017 | T62: 55.331498 | U62: 0.66255646 | W62: 25.669899 | X62: 0.85099698 | Z62: 6.4571998 | AA62: 0.33459473 | AC62: 16.379557 | AD62: 0.53320851 | AF62: 52.580674 | AG62: 0.61716157 | AI62: 24.582569 | AJ62: 0.71654335
A63: Bulgaria | B63: 16.669543 | C63: 0.71852004 | E63: 15.006543 | F63: 0.65269711 | H63: 46.291608 | I63: 0.81964912 | K63: 22.032306 | L63: 0.80534103 | N63: 12.212958 | O63: 0.53177724 | Q63: 14.49637 | R63: 0.65373624 | T63: 49.715933 | U63: 0.65883099 | W63: 23.574738 | X63: 0.77977122 | Z63: 14.335586 | AA63: 0.63359823 | AC63: 15.333957 | AD63: 0.58006509 | AF63: 47.964696 | AG63: 0.87004571 | AI63: 22.365761 | AJ63: 0.83043763
A64: Costa Rica | B64: 10.184473 | C64: 0.40418983 | E64: 9.8011841 | F64: 0.49687352 | H64: 49.370352 | I64: 0.70574956 | K64: 30.643991 | L64: 0.81719128 | N64: 10.585164 | O64: 0.47558125 | Q64: 15.33914 | R64: 0.49829069 | T64: 50.91904 | U64: 0.73755707 | W64: 23.156656 | X64: 0.72164425 | Z64: 10.657449 | AA64: 0.48684606 | AC64: 12.574257 | AD64: 0.57717234 | AF64: 51.099548 | AG64: 0.64271365 | AI64: 25.668746 | AJ64: 0.71746193
A65: Croatia | B65: 12.468994 | C65: 0.40666188 | E65: 25.525591 | F65: 0.72419753 | H65: 49.025013 | I65: 0.69044394 | K65: 12.980402 | L65: 0.53274047 | N65: 15.565388 | O65: 0.51762479 | Q65: 28.058836 | R65: 0.61186438 | T65: 45.271859 | U65: 0.76433378 | W65: 11.103917 | X65: 0.40987971 | Z65: 12.373199 | AA65: 0.44957742 | AC65: 21.148586 | AD65: 0.62944213 | AF65: 50.592422 | AG65: 0.81042193 | AI65: 15.885793 | AJ65: 0.57461488
A66: Cyprus | B66: 12.206094 | C66: 0.44019503 | E66: 18.731371 | F66: 0.55474815 | H66: 50.103284 | I66: 0.65903918 | K66: 18.959251 | L66: 0.55327691 | N66: 14.911727 | O66: 0.48409171 | Q66: 24.947027 | R66: 0.66999367 | T66: 44.993691 | U66: 0.6648487 | W66: 15.147555 | X66: 0.56465356 | Z66: 14.131659 | AA66: 0.46437133 | AC66: 21.727632 | AD66: 0.60580442 | AF66: 43.412223 | AG66: 0.73661378 | AI66: 20.728486 | AJ66: 0.59559113
... A73: Kosovo | B73: 9.1356352 | C73: 0.46577461 | E73: 7.5419697 | F73: 0.4251123 | H73: 50.793278 | I73: 0.78579296 | K73: 32.529117 | L73: 0.750576 | N73: 9.6987315 | O73: 0.40029163 | Q73: 20.306989 | R73: 0.6210935 | T73: 51.381804 | U73: 0.7765801 | W73: 18.612475 | X73: 0.66231773 | Z73: 9.245883 | AA73: 0.43727851 | AC73: 13.300007 | AD73: 0.60264214 | AF73: 53.57355 | AG73: 0.83806108 | AI73: 23.88056 | AJ73: 0.66049498
A74: Lebanon | B74: m | C74: m | E74: m | F74: m | H74: m | I74: m | K74: m | L74: m | N74: m | O74: m | Q74: m | R74: m | T74: m | U74: m | W74: m | X74: m | Z74: m | AA74: m | AC74: m | AD74: m | AF74: m | AG74: m | AI74: m | AJ74: m
A75: Macao (China) | B75: 6.5204787 | C75: 0.42131021 | E75: 21.353474 | F75: 0.56043342 | H75: 61.655093 | I75: 0.82152565 | K75: 10.470954 | L75: 0.48946456 | N75: 7.1163582 | O75: 0.45329621 | Q75: 25.63311 | R75: 0.62231868 | T75: 58.640892 | U75: 0.66816675 | W75: 8.6096403 | X75: 0.43945395 | Z75: 12.434101 | AA75: 0.44463539 | AC75: 34.422004 | AD75: 0.72745248 | AF75: 45.830906 | AG75: 0.71348533 | AI75: 7.3129887 | AJ75: 0.41704951
A76: Malaysia | B76: 3.0777349 | C76: 0.26995646 | E76: 8.0897406 | F76: 0.58330541 | H76: 61.72611 | I76: 0.82014881 | K76: 27.106414 | L76: 0.9031973 | N76: 3.9772108 | O76: 0.28248588 | Q76: 14.801905 | R76: 0.63669194 | T76: 64.048378 | U76: 0.65918799 | W76: 17.172507 | X76: 0.60851029 | Z76: 5.2861533 | AA76: 0.34837605 | AC76: 19.596158 | AD76: 0.66634211 | AF76: 59.546963 | AG76: 0.75630764 | AI76: 15.570726 | AJ76: 0.59578417
A77: Malta | B77: 8.4260939 | C77: 0.51120596 | E77: 9.9999297 | F77: 0.52876328 | H77: 50.070078 | I77: 0.91129722 | K77: 31.503899 | L77: 0.90948341 | N77: 8.1112572 | O77: 0.51759789 | Q77: 15.659417 | R77: 0.6075154 | T77: 53.149214 | U77: 0.83595173 | W77: 23.080112 | X77: 0.81402081 | Z77: 8.2709579 | AA77: 0.49338112 | AC77: 13.7148 | AD77: 0.6006626 | AF77: 51.4221 | AG77: 0.93951086 | AI77: 26.592142 | AJ77: 0.8442805
A78: Moldova | B78: 8.1599589 | C78: 0.39229703 | E78: 14.88161 | F78: 0.62146644 | H78: 59.271811 | I78: 0.7709991 | K78: 17.68662 | L78: 0.68951632 | N78: 5.2951204 | O78: 0.2918949 | Q78: 14.956574 | R78: 0.65691832 | T78: 60.589965 | U78: 0.79829369 | W78: 19.158341 | X78: 0.6240241 | Z78: 5.0133324 | AA78: 0.30122169 | AC78: 11.308194 | AD78: 0.6449123 | AF78: 59.930882 | AG78: 0.81439861 | AI78: 23.747592 | AJ78: 0.73073034
A79: Montenegro | B79: 14.340338 | C79: 0.41167778 | E79: 18.498009 | F79: 0.55471672 | H79: 51.267299 | I79: 0.57776471 | K79: 15.894354 | L79: 0.45577254 | N79: 11.770909 | O79: 0.39750943 | Q79: 16.825812 | R79: 0.47187255 | T79: 52.159539 | U79: 0.58542516 | W79: 19.243739 | X79: 0.4837894 | Z79: 12.416033 | AA79: 0.40688328 | AC79: 15.980545 | AD79: 0.48315 | AF79: 50.185451 | AG79: 0.58265926 | AI79: 21.417971 | AJ79: 0.58827856
A80: Morocco | B80: 10.24306 | C80: 0.45445893 | E80: 12.924286 | F80: 0.5666968 | H80: 55.553491 | I80: 0.75646068 | K80: 21.279163 | L80: 0.60869378 | N80: 10.658088 | O80: 0.41063713 | Q80: 17.391384 | R80: 0.53044468 | T80: 52.352717 | U80: 0.65009928 | W80: 19.597811 | X80: 0.495797 | Z80: 10.68509 | AA80: 0.48453704 | AC80: 15.802518 | AD80: 0.5270703 | AF80: 50.56809 | AG80: 0.70149153 | AI80: 22.944303 | AJ80: 0.60402512
A81: North Macedonia | B81: m | C81: m | E81: m | F81: m | H81: m | I81: m | K81: m | L81: m | N81: m | O81: m | Q81: m | R81: m | T81: m | U81: m | W81: m | X81: m | Z81: m | AA81: m | AC81: m | AD81: m | AF81: m | AG81: m | AI81: m | AJ81: m
A82: Panama | B82: 13.298635 | C82: 0.54359394 | E82: 10.82963 | F82: 0.60444689 | H82: 47.646405 | I82: 0.66015972 | K82: 28.22533 | L82: 0.70564446 | N82: 11.966909 | O82: 0.52460324 | Q82: 14.655929 | R82: 0.52927992 | T82: 49.276974 | U82: 0.79858929 | W82: 24.100188 | X82: 0.74125508 | Z82: 11.460237 | AA82: 0.57425533 | AC82: 12.870703 | AD82: 0.53695989 | AF82: 49.211084 | AG82: 0.82956053 | AI82: 26.457976 | AJ82: 0.77904936
A83: Peru | B83: 6.7811176 | C83: 0.37601927 | E83: 10.840176 | F83: 0.41145584 | H83: 58.271339 | I83: 0.82802608 | K83: 24.107367 | L83: 0.70205163 | N83: 6.0694877 | O83: 0.36360568 | Q83: 12.209101 | R83: 0.47096183 | T83: 60.380995 | U83: 0.72280581 | W83: 21.340416 | X83: 0.59189594 | Z83: 6.1184816 | AA83: 0.35619002 | AC83: 12.18924 | AD83: 0.44937685 | AF83: 59.521695 | AG83: 0.74563764 | AI83: 22.170584 | AJ83: 0.66796199
A84: Philippines | B84: 9.1491547 | C84: 0.48863412 | E84: 8.561131 | F84: 0.41838185 | H84: 59.225604 | I84: 0.85860981 | K84: 23.064111 | L84: 0.73037474 | N84: 8.2460663 | O84: 0.47638458 | Q84: 12.322466 | R84: 0.5267377 | T84: 62.661685 | U84: 0.77582519 | W84: 16.769782 | X84: 0.6697601 | Z84: 8.5881182 | AA84: 0.45770416 | AC84: 11.78272 | AD84: 0.45980057 | AF84: 61.165857 | AG84: 0.78501106 | AI84: 18.463304 | AJ84: 0.63850554
A85: Qatar | B85: 14.485105 | C85: 0.31630513 | E85: 15.016397 | F85: 0.31056367 | H85: 47.743795 | I85: 0.40182702 | K85: 22.754703 | L85: 0.36552022 | N85: 13.213884 | O85: 0.27904474 | Q85: 19.036807 | R85: 0.36883628 | T85: 48.334558 | U85: 0.36651542 | W85: 19.414751 | X85: 0.37456071 | Z85: 15.055552 | AA85: 0.32804307 | AC85: 18.537114 | AD85: 0.3148317 | AF85: 44.4174 | AG85: 0.43651697 | AI85: 21.989934 | AJ85: 0.36164486
A86: Romania | B86: 8.1173639 | C86: 0.45702461 | E86: 11.521433 | F86: 0.67769333 | H86: 54.371345 | I86: 0.8023836 | K86: 25.989857 | L86: 0.79342255 | N86: 8.4579026 | O86: 0.45608031 | Q86: 19.339138 | R86: 0.72616836 | T86: 55.971102 | U86: 0.89749297 | W86: 16.231857 | X86: 0.71965525 | Z86: 7.3878079 | AA86: 0.43733127 | AC86: 12.691186 | AD86: 0.70499871 | AF86: 56.014207 | AG86: 0.96018403 | AI86: 23.906799 | AJ86: 0.83475283
A87: Russia | B87: 12.017814 | C87: 0.56070812 | E87: 21.124217 | F87: 0.71852003 | H87: 51.982945 | I87: 0.71537505 | K87: 14.875024 | L87: 0.5882311 | N87: 15.481312 | O87: 0.59623019 | Q87: 30.113634 | R87: 0.86679343 | T87: 43.857553 | U87: 0.72109251 | W87: 10.547501 | X87: 0.43533971 | Z87: 11.950812 | AA87: 0.51580301 | AC87: 17.949992 | AD87: 0.67265742 | AF87: 49.530447 | AG87: 0.69193739 | AI87: 20.568748 | AJ87: 0.72119389
A88: Saudi Arabia | B88: 11.114699 | C88: 0.51784721 | E88: 11.513163 | F88: 0.59657058 | H88: 54.275959 | I88: 0.76804148 | K88: 23.096179 | L88: 0.92310578 | N88: 10.467522 | O88: 0.55259616 | Q88: 15.605718 | R88: 0.57059235 | T88: 52.023434 | U88: 0.83187382 | W88: 21.903327 | X88: 0.80297282 | Z88: 12.014204 | AA88: 0.60673599 | AC88: 17.860056 | AD88: 0.67224184 | AF88: 45.561274 | AG88: 0.67466358 | AI88: 24.564466 | AJ88: 0.88633097
A89: Serbia | B89: 12.259633 | C89: 0.49663335 | E89: 16.955498 | F89: 0.62157186 | H89: 52.841956 | I89: 0.72966536 | K89: 17.942912 | L89: 0.55229829 | N89: 15.220997 | O89: 0.5531733 | Q89: 28.205224 | R89: 0.53926793 | T89: 43.244151 | U89: 0.68145148 | W89: 13.329628 | X89: 0.45472716 | Z89: 12.504883 | AA89: 0.47037207 | AC89: 17.352567 | AD89: 0.58082359 | AF89: 51.461024 | AG89: 0.70999056 | AI89: 18.681526 | AJ89: 0.59405247
A90: Singapore | B90: 6.696973 | C90: 0.33695477 | E90: 14.331596 | F90: 0.4892648 | H90: 59.475596 | I90: 0.68443983 | K90: 19.495836 | L90: 0.49371872 | N90: 7.010763 | O90: 0.34558757 | Q90: 14.877482 | R90: 0.47388617 | T90: 60.157103 | U90: 0.55676574 | W90: 17.954652 | X90: 0.45478498 | Z90: 8.3445924 | AA90: 0.36853332 | AC90: 16.507521 | AD90: 0.50905628 | AF90: 57.216658 | AG90: 0.57832338 | AI90: 17.931229 | AJ90: 0.50376498
A91: Chinese Taipei | B91: 5.1947207 | C91: 0.32630746 | E91: 15.737139 | F91: 0.56658077 | H91: 61.643864 | I91: 0.66211982 | K91: 17.424277 | L91: 0.59453528 | N91: 4.7057316 | O91: 0.28976027 | Q91: 12.896313 | R91: 0.47979749 | T91: 62.085374 | U91: 0.6728035 | W91: 20.312581 | X91: 0.67517938 | Z91: 11.013386 | AA91: 0.38630902 | AC91: 32.432444 | AD91: 0.68924394 | AF91: 46.307633 | AG91: 0.76522554 | AI91: 10.246538 | AJ91: 0.42552451
A92: Thailand | B92: 4.9275272 | C92: 0.34650197 | E92: 10.366296 | F92: 0.52267868 | H92: 71.325202 | I92: 0.61438288 | K92: 13.380975 | L92: 0.61332413 | N92: 4.4639434 | O92: 0.32027063 | Q92: 8.7490779 | R92: 0.42187228 | T92: 69.866625 | U92: 0.68118214 | W92: 16.920354 | X92: 0.67572728 | Z92: 4.9193434 | AA92: 0.30643342 | AC92: 14.216816 | AD92: 0.60084866 | AF92: 66.819858 | AG92: 0.57693948 | AI92: 14.043983 | AJ92: 0.54830438
A93: Ukraine | B93: 9.041577 | C93: 0.46022918 | E93: 18.090727 | F93: 0.59951945 | H93: 57.404336 | I93: 0.90911501 | K93: 15.46336 | L93: 0.53467936 | N93: 8.5932915 | O93: 0.44898828 | Q93: 21.227487 | R93: 0.68255788 | T93: 56.356723 | U93: 0.83616871 | W93: 13.822499 | X93: 0.56449285 | Z93: 7.8885491 | AA93: 0.44357842 | AC93: 14.473418 | AD93: 0.53309405 | AF93: 58.581585 | AG93: 0.93346926 | AI93: 19.056447 | AJ93: 0.64703455
... A96: Viet Nam | B96: 3.8189546 | C96: 0.25915113 | E96: 16.112426 | F96: 0.92004709 | H96: 63.908367 | I96: 0.8670526 | K96: 16.160253 | L96: 0.71573993 | N96: 3.384042 | O96: 0.31545664 | Q96: 12.863761 | R96: 0.75324623 | T96: 62.043707 | U96: 0.9211755 | W96: 21.708489 | X96: 0.79810807 | Z96: 5.4107101 | AA96: 0.37643202 | AC96: 26.249637 | AD96: 0.9764365 | AF96: 55.348453 | AG96: 0.95419255 | AI96: 12.991199 | AJ96: 0.57815244
A101: Information on data for Cyprus: https://oe.cd/cyprus-disclaimer
A102: *Data did not meet the PISA technical standards but were accepted as largely comparable (see Annexes A2 and A4).
A104: Note: Information regarding the proportion of the sample covered is shown next to the standard error. No symbol means at least 75% of the population was covered; one dagger (†) means at least 50% but less than 75%; and one double-dagger (‡) means less than 50% was covered. For comparisons across cycles, the coverage information corresponds to the cycle with the lowest sample coverage.

Sheet Table III.B1.6.3
A1: PISA 2018 Results (Volume III) - © OECD 2019
A2: Annex B1 | B2: Annex B1.6 Results (tables): Teachers' support and teaching practices
A3: Version 2 - Last updated: 02-Dec-2019
A4: Disclaimer: http://oe.cd/disclaimer
A6: Table III.B1.6.3
A7: Teacher feedback
A8: Based on students' reports
B11: Index of perceived feedback | H11: Percentage of students who reported the following things occur in their language-of-instruction lessons:
H12: The teacher gives me feedback on my strengths in this subject | T12: The teacher tells me in which areas I can still improve | AF12: The teacher tells me how I can improve my performance
B13: Average | E13: Variability | H13: Never or almost never | K13: Some lessons | N13: Many lessons | Q13: Every lesson or almost every lesson | T13: Never or almost never | W13: Some lessons | Z13: Many lessons | AC13: Every lesson or almost every lesson | AF13: Never or almost never | AI13: Some lessons | AL13: Many lessons | AO13: Every lesson or almost every lesson
B14: Mean index | C14: S.E. | E14: S.D. | F14: S.E. | H14: % | I14: S.E. | K14: % | L14: S.E. | N14: % | O14: S.E. | Q14: % | R14: S.E. | T14: % | U14: S.E. | W14: % | X14: S.E. | Z14: % | AA14: S.E. | AC14: % | AD14: S.E. | AF14: % | AG14: S.E. | AI14: % | AJ14: S.E. | AL14: % | AM14: S.E. | AO14: % | AP14: S.E.
A15: OECD
A16: Australia | B16: 0.35463609 | C16: 0.010455967 | E16: 0.99371515 | F16: 0.0068582693 | H16: 13.259421 | I16: 0.40162185 | K16: 35.169224 | L16: 0.42661278 | N16: 35.251788 | O16: 0.49640896 | Q16: 16.319567 | R16: 0.34014452 | T16: 10.563766 | U16: 0.33116319 | W16: 32.178812 | X16: 0.44667135 | Z16: 38.763398 | AA16: 0.51424233 | AC16: 18.494025 | AD16: 0.39716617 | AF16: 11.4211 | AG16: 0.32684691 | AI16: 32.632585 | AJ16: 0.44604811 | AL16: 37.220075 | AM16: 0.46220304 | AO16: 18.72624 | AP16: 0.43747402
A17: Austria | B17: -0.036971933 | C17: 0.016905921 | E17: 0.98072592 | F17: 0.0081894221 | H17: 37.825831 | I17: 0.7898843 | K17: 32.549092 | L17: 0.73791778 | N17: 21.014045 | O17: 0.5635719 | Q17: 8.611031 | R17: 0.4459316 | T17: 17.65071 | U17: 0.54472864 | W17: 38.759689 | X17: 0.7967246 | Z17: 30.684073 | AA17: 0.69282567 | AC17: 12.905527 | AD17: 0.46351687 | AF17: 20.698364 | AG17: 0.57368166 | AI17: 36.636971 | AJ17: 0.82424966 | AL17: 29.445296 | AM17: 0.72187822 | AO17: 13.219369 | AP17: 0.54003804
A18: Belgium | B18: -0.32354612 | C18: 0.013635331 | E18: 0.89123504 | F18: 0.006931611 | H18: 41.155709 | I18: 0.79914503 | K18: 37.567855 | L18: 0.63832105 | N18: 16.726868 | O18: 0.43930282 | Q18: 4.5495675 | R18: 0.27687069 | T18: 28.109487 | U18: 0.75411565 | W18: 42.479036 | X18: 0.62004246 | Z18: 23.233347 | AA18: 0.52790634 | AC18: 6.1781308 | AD18: 0.25375095 | AF18: 25.589431 | AG18: 0.61702333 | AI18: 42.611941 | AJ18: 0.54012153 | AL18: 23.896527 | AM18: 0.54211533 | AO18: 7.9021015 | AP18: 0.32908852
A19: Canada | B19: m | C19: m | E19: m | F19: m | H19: m | I19: m | K19: m | L19: m | N19: m | O19: m | Q19: m | R19: m | T19: m | U19: m | W19: m | X19: m | Z19: m | AA19: m | AC19: m | AD19: m | AF19: m | AG19: m | AI19: m | AJ19: m | AL19: m | AM19: m | AO19: m | AP19: m
A20: Chile | B20: 0.18262016 | C20: 0.025644321 | E20: 1.0915676 | F20: 0.00846061 | H20: 22.931311 | I20: 0.72961084 | K20: 34.564735 | L20: 0.65441908 | N20: 27.261839 | O20: 0.7569098 | Q20: 15.242115 | R20: 0.68893791 | T20: 22.380701 | U20: 0.73689665 | W20: 28.582945 | X20: 0.62686445 | Z20: 29.419409 | AA20: 0.67243829 | AC20: 19.616945 | AD20: 0.77281015 | AF20: 17.958692 | AG20: 0.63678995 | AI20: 28.217348 | AJ20: 0.67739807 | AL20: 29.570336 | AM20: 0.63026256 | AO20: 24.253624 | AP20: 0.81864253
A21: Colombia | B21: 0.25201457 | C21: 0.020616317 | E21: 0.97311678 | F21: 0.0079514341 | H21: 22.89786 | I21: 0.77547652 | K21: 40.577193 | L21: 0.71610936 | N21: 23.802374 | O21: 0.69994942 | Q21: 12.722572 | R21: 0.56688918 | T21: 12.411129 | U21: 0.53526101 | W21: 35.630814 | X21: 0.7853591 | Z21: 33.242247 | AA21: 0.68322779 | AC21: 18.715811 | AD21: 0.66659833 | AF21: 11.456398 | AG21: 0.51928868 | AI21: 32.90786 | AJ21: 0.7745393 | AL21: 33.48312 | AM21: 0.79645571 | AO21: 22.152623 | AP21: 0.66760801
A22: Czech Republic | B22: -0.2366054 | C22: 0.020943702 | E22: 0.92107913 | F22: 0.009327212 | H22: 33.722557 | I22: 0.88758538 | K22: 41.981565 | L22: 0.75818039 | N22: 17.623745 | O22: 0.68366956 | Q22: 6.6721323 | R22: 0.4018025 | T22: 26.623298 | U22: 0.94920679 | W22: 41.742544 | X22: 0.75634238 | Z22: 23.676953 | AA22: 0.69232497 | AC22: 7.957205 | AD22: 0.44161596 | AF22: 23.459994 | AG22: 0.81227308 | AI22: 42.632743 | AJ22: 0.62674917 | AL22: 24.421894 | AM22: 0.67940725 | AO22: 9.4853694 | AP22: 0.52372439
A23: Denmark | B23: 0.11099286 | C23: 0.01857458 | E23: 0.89803739 | F23: 0.0093342941 | H23: 14.994929 | I23: 0.65113237 | K23: 40.545415 | L23: 0.72423717 | N23: 34.248424 | O23: 0.81748031 | Q23: 10.211233 | R23: 0.51261606 | T23: 12.680329 | U23: 0.59696438 | W23: 41.425826 | X23: 0.71490771 | Z23: 35.037625 | AA23: 0.75400987 | AC23: 10.85622 | AD23: 0.54062883 | AF23: 15.311863 | AG23: 0.63463029 | AI23: 41.892025 | AJ23: 0.69117603 | AL23: 32.407915 | AM23: 0.7372865 | AO23: 10.388196 | AP23: 0.57198447
A24: Estonia | B24: -0.12940233 | C24: 0.016046084 | E24: 0.91707792 | F24: 0.0088610778 | H24: 20.805546 | I24: 0.61971039 | K24: 44.543975 | L24: 0.68819262 | N24: 26.793323 | O24: 0.76477196 | Q24: 7.8571557 | R24: 0.435096 | T24: 27.836436 | U24: 0.80458025 | W24: 39.845465 | X24: 0.70494937 | Z24: 25.15108 | AA24: 0.64816115 | AC24: 7.1670199 | AD24: 0.40377484 | AF24: 18.680195 | AG24: 0.61374713 | AI24: 40.939068 | AJ24: 0.80427709 | AL24: 29.949192 | AM24: 0.78719063 | AO24: 10.431545 | AP24: 0.48191802
A25: Finland | B25: -0.15868092 | C25: 0.016217651 | E25: 0.92758172 | F25: 0.0088334273 | H25: 22.922185 | I25: 0.76348281 | K25: 45.114911 | L25: 0.80299669 | N25: 25.00106 | O25: 0.7936507 | Q25: 6.9618441 | R25: 0.32224584 | T25: 21.433988 | U25: 0.72168835 | W25: 45.3616 | X25: 0.77021589 | Z25: 25.6504 | AA25: 0.66381482 | AC25: 7.5540125 | AD25: 0.31668003 | AF25: 22.558918 | AG25: 0.75664101 | AI25: 44.460808 | AJ25: 0.83205382 | AL25: 25.399194 | AM25: 0.65527499 | AO25: 7.5810794 | AP25: 0.35665928
A26: France | B26: -0.21141598 | C26: 0.0153061 | E26: 0.98671611 | F26: 0.0082139379 | H26: 46.843912 | I26: 0.75242353 | K26: 30.836085 | L26: 0.66725742 | N26: 15.069398 | O26: 0.54647973 | Q26: 7.2506041 | R26: 0.39139481 | T26: 26.777782 | U26: 0.68310992 | W26: 37.140113 | X26: 0.63934327 | Z26: 25.351249 | AA26: 0.55461611 | AC26: 10.730856 | AD26: 0.43981634 | AF26: 23.125428 | AG26: 0.58318238 | AI26: 38.402096 | AJ26: 0.71647172 | AL26: 25.662829 | AM26: 0.63625354 | AO26: 12.809647 | AP26: 0.44972524
A27: Germany | B27: -0.074504193 | C27: 0.015503937 | E27: 0.92041958 | F27: 0.0086879297 | H27: 38.348288 | I27: 0.75336317 | K27: 35.595551 | L27: 0.66991923 | N27: 19.839957 | O27: 0.63871891 | Q27: 6.2162036 | R27: 0.41620767 | T27: 16.141354 | U27: 0.49726232 | W27: 41.269087 | X27: 0.88299809 | Z27: 30.808663 | AA27: 0.7136173 | AC27: 11.780896 | AD27: 0.54685706 | AF27: 20.621021 | AG27: 0.64510831 | AI27: 39.121989 | AJ27: 0.80564398 | AL27: 30.012442 | AM27: 0.81306485 | AO27: 10.244547 | AP27: 0.5671807
A28: Greece | B28: -0.10314606 | C28: 0.016366976 | E28: 0.95253974 | F28: 0.0084601142 | H28: 39.3911 | I28: 0.77347859 | K28: 35.749598 | L28: 0.66327963 | N28: 17.509818 | O28: 0.62082301 | Q28: 7.3494841 | R28: 0.35972944 | T28: 19.560664 | U28: 0.67885283 | W28: 39.389425 | X28: 0.70186003 | Z28: 29.762533 | AA28: 0.73371585 | AC28: 11.287378 | AD28: 0.43290235 | AF28: 21.566028 | AG28: 0.65883962 | AI28: 38.577547 | AJ28: 0.58492409 | AL28: 26.919196 | AM28: 0.53046553 | AO28: 12.937229 | AP28: 0.58583954
A29: Hungary | B29: -0.054489792 | C29: 0.019474522 | E29: 0.92399134 | F29: 0.0074147575 | H29: 26.812394 | I29: 0.78132996 | K29: 40.636871 | L29: 0.78264217 | N29: 24.893313 | O29: 0.72276254 | Q29: 7.6574213 | R29: 0.40394192 | T29: 21.606336 | U29: 0.81667119 | W29: 40.203358 | X29: 0.71989795 | Z29: 29.823545 | AA29: 0.79019642 | AC29: 8.366761 | AD29: 0.3994804 | AF29: 16.121184 | AG29: 0.69178948 | AI29: 38.844057 | AJ29: 0.71107668 | AL29: 34.155226 | AM29: 0.83609628 | AO29: 10.879533 | AP29: 0.48160492
A30: Iceland | B30: -0.20146569 | C30: 0.016602341 | E30: 1.0591679 | F30: 0.011197583 | H30: 36.881166 | I30: 0.87141824 | K30: 33.959884 | L30: 0.8086415 | N30: 20.625129 | O30: 0.70331873 | Q30: 8.5338204 | R30: 0.45109561 | T30: 26.40703 | U30: 0.75525941 | W30: 38.007482 | X30: 0.8921082 | Z30: 25.405871 | AA30: 0.80488976 | AC30: 10.179616 | AD30: 0.46606518 | AF30: 27.199082 | AG30: 0.78754478 | AI30: 36.565 | AJ30: 0.81977577 | AL30: 25.297335 | AM30: 0.80560063 | AO30: 10.938583 | AP30: 0.51296563
A31: Ireland | B31: 0.3033601 | C31: 0.018977434 | E31: 0.96592175 | F31: 0.0088331931 | H31: 15.426024 | I31: 0.64342046 | K31: 37.478454 | L31: 0.67644171 | N31: 32.339127 | O31: 0.61538866 | Q31: 14.756395 | R31: 0.57500742 | T31: 10.074183 | U31: 0.54542115 | W31: 35.119021 | X31: 0.757118 | Z31: 37.10452 | AA31: 0.63630114 | AC31: 17.702275 | AD31: 0.63793584 | AF31: 11.647807 | AG31: 0.50786973 | AI31: 34.885352 | AJ31: 0.77352717 | AL31: 36.164861 | AM31: 0.73041099 | AO31: 17.301979 | AP31: 0.60412386
... A53: OECD average | B53: 0.0061975257 | C53: 0.0030479949 | E53: 0.97390158 | F53: 0.0014319884 | H53: 29.472161 | I53: 0.1265125 | K53: 36.912844 | L53: 0.11773357 | N53: 23.653548 | O53: 0.1082344 | Q53: 9.9614474 | R53: 0.078895812 | T53: 19.796009 | U53: 0.11166781 | W53: 37.166725 | X53: 0.12077608 | Z53: 30.02558 | AA53: 0.11440523 | AC53: 13.011686 | AD53: 0.088408026 | AF53: 18.646187 | AG53: 0.10307769 | AI53: 36.784203 | AJ53: 0.11887767 | AL53: 30.226978 | AM53: 0.11581498 | AO53: 14.342632 | AP53: 0.092763623
A54: Partners
A55: Albania | B55: 0.77015 | C55: 0.017521636 | E55: 0.95495616 | F55: 0.009806737 | H55: 9.7230205 | I55: 0.47034025 | K55: 28.279753 | L55: 0.79371272 | N55: 30.129732 | O55: 0.73152209 | Q55: 31.867494 | R55: 0.71955755 | T55: 7.6130041 | U55: 0.39981634 | W55: 25.3427 | X55: 0.73831881 | Z55: 34.216305 | AA55: 0.7280888 | AC55: 32.827991 | AD55: 0.79664708 | AF55: 4.4159756 | AG55: 0.3167789 | AI55: 19.397083 | AJ55: 0.58209977 | AL55: 33.019553 | AM55: 0.67891123 | AO55: 43.167388 | AP55: 0.80054148
A56: Argentina | B56: -0.16464535 | C56: 0.018920459 | E56: 0.96019262 | F56: 0.0074588972 | H56: 32.480684 | I56: 0.7567683 | K56: 43.200351 | L56: 0.67655487 | N56: 17.432213 | O56: 0.47320731 | Q56: 6.8867523 | R56: 0.41795416 | T56: 30.005051 | U56: 0.78167998 | W56: 36.483479 | X56: 0.60266593 | Z56: 22.858313 | AA56: 0.56589477 | AC56: 10.653157 | AD56: 0.51768185 | AF56: 22.063567 | AG56: 0.68619653 | AI56: 34.877811 | AJ56: 0.6059316 | AL56: 27.115104 | AM56: 0.62198965 | AO56: 15.943518 | AP56: 0.57422051
A57: Baku (Azerbaijan) | B57: 0.42259218 | C57: 0.014215375 | E57: 0.99379084 | F57: 0.0096068284 | H57: 11.498059 | I57: 0.43480097 | K57: 34.881529 | L57: 0.6670315 | N57: 33.150527 | O57: 0.57542364 | Q57: 20.469885 | R57: 0.53893691 | T57: 11.113529 | U57: 0.46626863 | W57: 33.199443 | X57: 0.76744133 | Z57: 35.071037 | AA57: 0.7605381 | AC57: 20.615991 | AD57: 0.53535385 | AF57: 10.406688 | AG57: 0.44066508 | AI57: 29.721663 | AJ57: 0.69427072 | AL57: 35.648869 | AM57: 0.69289365 | AO57: 24.22278 | AP57: 0.57806563
A58: Belarus | B58: 0.16806205 | C58: 0.018501568 | E58: 0.98612042 | F58: 0.0095762169 | H58: 18.556303 | I58: 0.61746456 | K58: 37.886272 | L58: 0.72497719 | N58: 32.401672 | O58: 0.68438672 | Q58: 11.155753 | R58: 0.52544272 | T58: 17.302047 | U58: 0.67532098 | W58: 34.020781 | X58: 0.69972032 | Z58: 35.021314 | AA58: 0.6589492 | AC58: 13.655858 | AD58: 0.53960467 | AF58: 13.870136 | AG58: 0.58059512 | AI58: 33.418405 | AJ58: 0.65173224 | AL58: 36.431876 | AM58: 0.60212393 | AO58: 16.279583 | AP58: 0.66650072
A59: Bosnia and Herzegovina | B59: -0.15035087 | C59: 0.018439422 | E59: 0.9917106 | F59: 0.009646165 | H59: 26.687646 | I59: 0.78662603 | K59: 41.955359 | L59: 0.68474034 | N59: 22.210613 | O59: 0.62552297 | Q59: 9.1463829 | R59: 0.38049252 | T59: 28.583822 | U59: 0.83353362 | W59: 38.27886 | X59: 0.67506502 | Z59: 23.495099 | AA59: 0.67150225 | AC59: 9.6422192 | AD59: 0.43254486 | AF59: 22.070677 | AG59: 0.76041633 | AI59: 38.173335 | AJ59: 0.68284639 | AL59: 27.699226 | AM59: 0.57284119 | AO59: 12.056763 | AP59: 0.49982746
A60: Brazil | B60: -0.15662909 | C60: 0.014421706 | E60: 0.95858958 | F60: 0.0064708094 | H60: 46.698686 | I60: 0.67591502 | K60: 35.230734 | L60: 0.53722686 | N60: 12.331925 | O60: 0.3900767 | Q60: 5.7386555 | R60: 0.2780886 | T60: 25.270779 | U60: 0.60209023 | W60: 37.654854 | X60: 0.48385741 | Z60: 25.022015 | AA60: 0.4900235 | AC60: 12.052352 | AD60: 0.42711959 | AF60: 19.658474 | AG60: 0.47253709 | AI60: 35.503387 | AJ60: 0.60146599 | AL60: 28.300796 | AM60: 0.53421826 | AO60: 16.537343 | AP60: 0.44592055
A61: Brunei Darussalam | B61: 0.3289389 | C61: 0.0090413147 | E61: 0.854307 | F61: 0.0074300606 | H61: 11.610164 | I61: 0.40414047 | K61: 50.622019 | L61: 0.5356883 | N61: 25.463192 | O61: 0.56383445 | Q61: 12.304625 | R61: 0.3916532 | T61: 8.4015236 | U61: 0.32633266 | W61: 38.540484 | X61: 0.63625188 | Z61: 35.623205 | AA61: 0.60864375 | AC61: 17.434788 | AD61: 0.45285633 | AF61: 6.8593149 | AG61: 0.26699588 | AI61: 36.456699 | AJ61: 0.57953596 | AL61: 35.396051 | AM61: 0.5857601 | AO61: 21.287935 | AP61: 0.49464306
A62: B-S-J-Z (China) | B62: 0.27751943 | C62: 0.019664528 | E62: 1.0337583 | F62: 0.0084560806 | H62: 23.841133 | I62: 0.70143278 | K62: 35.626605 | L62: 0.53282633 | N62: 23.489444 | O62: 0.58688031 | Q62: 17.042818 | R62: 0.63597266 | T62: 10.163943 | U62: 0.39963825 | W62: 34.866816 | X62: 0.76094569 | Z62: 33.534575 | AA62: 0.57954881 | AC62: 21.434667 | AD62: 0.72214115 | AF62: 13.974241 | AG62: 0.50253144 | AI62: 36.871292 | AJ62: 0.65721751 | AL62: 29.244063 | AM62: 0.52215616 | AO62: 19.910405 | AP62: 0.68595984
A63: Bulgaria | B63: 0.11133775 | C63: 0.024451076 | E63: 1.1021107 | F63: 0.0089760458 | H63: 28.999507 | I63: 0.9041529 | K63: 31.324432 | L63: 0.7326538 | N63: 23.241824 | O63: 0.7727664 | Q63: 16.434237 | R63: 0.64656289 | T63: 28.421999 | U63: 0.80177999 | W63: 28.526818 | X63: 0.68801111 | Z63: 25.863864 | AA63: 0.77989485 | AC63: 17.18732 | AD63: 0.60169639 | AF63: 16.199629 | AG63: 0.72515475 | AI63: 27.682861 | AJ63: 0.75044705 | AL63: 31.47872 | AM63: 0.76821051 | AO63: 24.638791 | AP63: 0.76970683
A64: Costa Rica | B64: -0.2468784 | C64: 0.02166979 | E64: 1.0482195 | F64: 0.0084372944 | H64: 48.151886 | I64: 0.89944745 | K64: 30.471176 | L64: 0.63571082 | N64: 13.713928 | O64: 0.54460697 | Q64: 7.6630098 | R64: 0.39153523 | T64: 30.864057 | U64: 0.86812745 | W64: 34.751478 | X64: 0.63573325 | Z64: 22.552601 | AA64: 0.57146923 | AC64: 11.831865 | AD64: 0.4525569 | AF64: 26.506897 | AG64: 0.93342605 | AI64: 33.954231 | AJ64: 0.58160198 | AL64: 24.352242 | AM64: 0.62200341 | AO64: 15.18663 | AP64: 0.58516631
A65: Croatia | B65: -0.23061357 | C65: 0.016984744 | E65: 0.93169132 | F65: 0.0081218546 | H65: 40.278735 | I65: 0.83057325 | K65: 39.408444 | L65: 0.59356924 | N65: 15.246394 | O65: 0.53787716 | Q65: 5.0664275 | R65: 0.2878988 | T65: 20.806836 | U65: 0.70814224 | W65: 44.48526 | X65: 0.63412875 | Z65: 25.663781 | AA65: 0.55074153 | AC65: 9.0441225 | AD65: 0.41483418 | AF65: 24.573757 | AG65: 0.70697401 | AI65: 43.365901 | AJ65: 0.65741582 | AL65: 23.009439 | AM65: 0.60448514 | AO65: 9.0509019 | AP65: 0.4020189
A66: Cyprus | B66: 0.010099603 | C66: 0.01542492 | E66: 1.0300361 | F66: 0.0085769744 | H66: 35.671294 | I66: 0.65587397 | K66: 32.584092 | L66: 0.66572349 | N66: 20.49216 | O66: 0.58749667 | Q66: 11.252455 | R66: 0.50116992 | T66: 19.614367 | U66: 0.56504488 | W66: 35.236361 | X66: 0.65173396 | Z66: 30.897262 | AA66: 0.62850362 | AC66: 14.25201 | AD66: 0.49849803 | AF66: 20.108501 | AG66: 0.52728052 | AI66: 33.617798 | AJ66: 0.6351659 | AL66: 30.517171 | AM66: 0.64183872 | AO66: 15.756531 | AP66: 0.55434464
... A73: Kosovo | B73: 0.38174154 | C73: 0.017675815 | E73: 0.95802624 | F73: 0.0090907002 | H73: 13.84618 | I73: 0.54874929 | K73: 38.836141 | L73: 0.81699241 | N73: 27.340028 | O73: 0.75901098 | Q73: 19.977652 | R73: 0.64111292 | T73: 12.496935 | U73: 0.60262885 | W73: 35.2733 | X73: 0.73684598 | Z73: 31.630491 | AA73: 0.71837712 | AC73: 20.599274 | AD73: 0.61142205 | AF73: 9.0424343 | AG73: 0.45277986 | AI73: 32.549611 | AJ73: 0.85805563 | AL73: 31.240782 | AM73: 0.74077586 | AO73: 27.167173 | AP73: 0.70468719
A74: Lebanon | B74: m | C74: m | E74: m | F74: m | H74: m | I74: m | K74: m | L74: m | N74: m | O74: m | Q74: m | R74: m | T74: m | U74: m | W74: m | X74: m | Z74: m | AA74: m | AC74: m | AD74: m | AF74: m | AG74: m | AI74: m | AJ74: m | AL74: m | AM74: m | AO74: m | AP74: m
A75: Macao (China) | B75: -0.13065194 | C75: 0.013982599 | E75: 0.85511031 | F75: 0.0095480549 | H75: 36.266822 | I75: 0.79836752 | K75: 43.370875 | L75: 0.87177989 | N75: 15.391749 | O75: 0.52408723 | Q75: 4.9705542 | R75: 0.33564656 | T75: 14.744068 | U75: 0.57897139 | W75: 46.173835 | X75: 0.79122337 | Z75: 30.867585 | AA75: 0.78287833 | AC75: 8.2145114 | AD75: 0.46756135 | AF75: 17.732592 | AG75: 0.61594875 | AI75: 46.706432 | AJ75: 0.74249413 | AL75: 27.712251 | AM75: 0.74889577 | AO75: 7.8487252 | AP75: 0.41120171
A76: Malaysia | B76: 0.43919797 | C76: 0.019782723 | E76: 0.85843527 | F76: 0.0075984582 | H76: 11.921685 | I76: 0.45011893 | K76: 46.799942 | L76: 0.86065813 | N76: 29.257645 | O76: 0.71321145 | Q76: 12.020729 | R76: 0.47011971 | T76: 5.9171052 | U76: 0.37273279 | W76: 32.592166 | X76: 0.76661965 | Z76: 38.992132 | AA76: 0.65956205 | AC76: 22.498597 | AD76: 0.81879665 | AF76: 7.2060961 | AG76: 0.46573508 | AI76: 32.745065 | AJ76: 0.66990877 | AL76: 35.189826 | AM76: 0.60214663 | AO76: 24.859013 | AP76: 0.79353671
A77: Malta | B77: 0.37552232 | C77: 0.017961202 | E77: 1.008938 | F77: 0.01095127 | H77: 14.87819 | I77: 0.47486892 | K77: 34.109746 | L77: 0.9449816 | N77: 33.202258 | O77: 0.87543207 | Q77: 17.809807 | R77: 0.73831819 | T77: 11.160024 | U77: 0.5223648 | W77: 31.450522 | X77: 0.83140408 | Z77: 36.62572 | AA77: 0.85637953 | AC77: 20.763733 | AD77: 0.71831753 | AF77: 11.280053 | AG77: 0.6375551 | AI77: 31.651419 | AJ77: 0.81877241 | AL77: 36.188297 | AM77: 0.91885877 | AO77: 20.880231 | AP77: 0.73665739
A78: Moldova | B78: 0.1012297 | C78: 0.018948301 | E78: 0.86550969 | F78: 0.010337897 | H78: 27.920924 | I78: 0.84967677 | K78: 38.026041 | L78: 0.70287505 | N78: 23.685979 | O78: 0.72640459 | Q78: 10.367055 | R78: 0.58339611 | T78: 20.211309 | U78: 0.81804249 | W78: 41.133289 | X78: 0.85312818 | Z78: 27.344352 | AA78: 0.758939 | AC78: 11.311051 | AD78: 0.59287953 | AF78: 9.4227837 | AG78: 0.44116655 | AI78: 32.901816 | AJ78: 0.72471748 | AL78: 35.497697 | AM78: 0.75321295 | AO78: 22.177703 | AP78: 0.65654916
A79: Montenegro | B79: 0.022262873 | C79: 0.013555655 | E79: 1.0606027 | F79: 0.0078579483 | H79: 23.108688 | I79: 0.51433784 | K79: 37.945415 | L79: 0.6077593 | N79: 25.140942 | O79: 0.55052939 | Q79: 13.804955 | R79: 0.43900978 | T79: 26.340458 | U79: 0.55624493 | W79: 33.971084 | X79: 0.61101192 | Z79: 25.486602 | AA79: 0.59941007 | AC79: 14.201856 | AD79: 0.44648193 | AF79: 19.787168 | AG79: 0.52219813 | AI79: 33.368243 | AJ79: 0.61238121 | AL79: 28.832151 | AM79: 0.61908002 | AO79: 18.012439 | AP79: 0.50307372
A80: Morocco | B80: -0.099179928 | C80: 0.017242832 | E80: 0.91377831 | F80: 0.0080324253 | H80: 36.980612 | I80: 0.69019591 | K80: 39.567792 | L80: 0.53537584 | N80: 16.448582 | O80: 0.54709718 | Q80: 7.0030141 | R80: 0.30549948 | T80: 22.54987 | U80: 0.68384616 | W80: 39.125568 | X80: 0.65297962 | Z80: 27.887796 | AA80: 0.61995651 | AC80: 10.436766 | AD80: 0.39722685 | AF80: 20.516287 | AG80: 0.68768838 | AI80: 35.228181 | AJ80: 0.56785956 | AL80: 28.127705 | AM80: 0.62603505 | AO80: 16.127827 | AP80: 0.45731518
A81: North Macedonia | B81: m | C81: m | E81: m | F81: m | H81: m | I81: m | K81: m | L81: m | N81: m | O81: m | Q81: m | R81: m | T81: m | U81: m | W81: m | X81: m | Z81: m | AA81: m | AC81: m | AD81: m | AF81: m | AG81: m | AI81: m | AJ81: m | AL81: m | AM81: m | AO81: m | AP81: m
A82: Panama | B82: 0.18623173 | C82: 0.025583878 | E82: 0.97307374 | F82: 0.01191167 | H82: 26.251755 | I82: 0.92012414 | K82: 42.242175 | L82: 0.72421985 | N82: 21.08888 | O82: 0.64236731 | Q82: 10.41719 | R82: 0.48379836 | T82: 16.422918 | U82: 0.91619918 | W82: 32.154972 | X82: 0.80174776 | Z82: 33.309826 | AA82: 0.81803604 | AC82: 18.112284 | AD82: 0.58310196 | AF82: 14.459466 | AG82: 0.90121267 | AI82: 30.479653 | AJ82: 0.76071458 | AL82: 31.067863 | AM82: 0.79307917 | AO82: 23.993018 | AP82: 0.87724461
A83: Peru | B83: 0.26465543 | C83: 0.016112284 | E83: 0.87897652 | F83: 0.0084893386 | H83: 18.716908 | I83: 0.53860501 | K83: 44.510061 | L83: 0.80654646 | N83: 27.64219 | O83: 0.72916882 | Q83: 9.130841 | R83: 0.43046577 | T83: 12.932071 | U83: 0.5583398 | W83: 35.8078 | X83: 0.68280883 | Z83: 35.067722 | AA83: 0.7250829 | AC83: 16.192407 | AD83: 0.53067813 | AF83: 9.2688561 | AG83: 0.40530394 | AI83: 31.322587 | AJ83: 0.67804664 | AL83: 35.918449 | AM83: 0.7266233 | AO83: 23.490109 | AP83: 0.68849299
A84: Philippines | B84: 0.34858341 | C84: 0.017906056 | E84: 0.90945175 | F84: 0.0081870062 | H84: 10.19426 | I84: 0.46242477 | K84: 46.903356 | L84: 0.8061868 | N84: 25.843639 | O84: 0.53162249 | Q84: 17.058745 | R84: 0.65448291 | T84: 9.8678896 | U84: 0.46277742 | W84: 40.970116 | X84: 0.6238573 | Z84: 30.069957 | AA84: 0.54416334 | AC84: 19.092037 | AD84: 0.68394521 | AF84: 8.6762321 | AG84: 0.42029446 | AI84: 36.231312 | AJ84: 0.74735144 | AL84: 28.896758 | AM84: 0.47176627 | AO84: 26.195698 | AP84: 0.72494811
A85: Qatar | B85: 0.2030098 | C85: 0.0096725536 | E85: 1.0401596 | F85: 0.0053162567 | H85: 20.588434 | I85: 0.35132071 | K85: 37.14262 | L85: 0.41866128 | N85: 26.24762 | O85: 0.40821175 | Q85: 16.021326 | R85: 0.35724248 | T85: 18.37896 | U85: 0.35324983 | W85: 33.660248 | X85: 0.42204104 | Z85: 30.375808 | AA85: 0.36465702 | AC85: 17.584985 | AD85: 0.33994697 | AF85: 15.210233 | AG85: 0.32848872 | AI85: 31.638419 | AJ85: 0.3423481 | AL85: 30.856697 | AM85: 0.36270756 | AO85: 22.294651 | AP85: 0.33249799
A86: Romania | B86: 0.00027323052 | C86: 0.022490203 | E86: 0.9237654 | F86: 0.011465861 | H86: 33.333931 | I86: 0.81184617 | K86: 40.336253 | L86: 0.83391762 | N86: 17.943463 | O86: 0.70784552 | Q86: 8.3863528 | R86: 0.53124042 | T86: 23.272035 | U86: 0.93082938 | W86: 38.461887 | X86: 0.82429581 | Z86: 26.993773 | AA86: 0.75902591 | AC86: 11.272305 | AD86: 0.60401175 | AF86: 13.586536 | AG86: 0.75169721 | AI86: 33.150175 | AJ86: 0.83650834 | AL86: 32.823863 | AM86: 0.74465514 | AO86: 20.439426 | AP86: 0.8278788
A87: Russia | B87: 0.221232 | C87: 0.023097822 | E87: 1.0203518 | F87: 0.0079432794 | H87: 23.528858 | I87: 0.84929157 | K87: 33.151863 | L87: 0.72486832 | N87: 29.657748 | O87: 0.90489776 | Q87: 13.661531 | R87: 0.44754274 | T87: 16.456583 | U87: 0.73680397 | W87: 33.853112 | X87: 0.66365324 | Z87: 32.389692 | AA87: 0.66400972 | AC87: 17.300614 | AD87: 0.5976178 | AF87: 13.383389 | AG87: 0.59605202 | AI87: 30.842661 | AJ87: 0.83816826 | AL87: 35.009584 | AM87: 0.74386825 | AO87: 20.764366 | AP87: 0.58575598
A88: Saudi Arabia | B88: -0.034534736 | C88: 0.022423142 | E88: 1.059091 | F88: 0.010193948 | H88: 30.651323 | I88: 0.93388008 | K88: 35.812976 | L88: 0.7625158 | N88: 18.692531 | O88: 0.58734765 | Q88: 14.84317 | R88: 0.67112007 | T88: 31.431825 | U88: 0.80591589 | W88: 31.158444 | X88: 0.72672367 | Z88: 20.220507 | AA88: 0.55396991 | AC88: 17.189225 | AD88: 0.69582938 | AF88: 22.914448 | AG88: 0.71886562 | AI88: 31.022788 | AJ88: 0.66633866 | AL88: 23.701638 | AM88: 0.63248775 | AO88: 22.361127 | AP88: 0.68912412
A89: Serbia | B89: 0.20037047 | C89: 0.019272211 | E89: 1.0396322 | F89: 0.0080113115 | H89: 16.574643 | I89: 0.56943149 | K89: 36.15998 | L89: 0.70451851 | N89: 29.653214 | O89: 0.62016303 | Q89: 17.612164 | R89: 0.5419895 | T89: 17.236671 | U89: 0.66978111 | W89: 34.425905 | X89: 0.67829406 | Z89: 31.318118 | AA89: 0.5982216 | AC89: 17.019307 | AD89: 0.61321523 | AF89: 17.275521 | AG89: 0.66057643 | AI89: 34.133508 | AJ89: 0.60697997 | AL89: 30.072173 | AM89: 0.71360648 | AO89: 18.518798 | AP89: 0.56274311
A90: Singapore | B90: 0.42250556 | C90: 0.012930682 | E90: 0.93574845 | F90: 0.0083519909 | H90: 11.167967 | I90: 0.40865798 | K90: 39.004381 | L90: 0.58949723 | N90: 34.388751 | O90: 0.58316055 | Q90: 15.438901 | R90: 0.51445943 | T90: 7.0854044 | U90: 0.32947319 | W90: 32.347189 | X90: 0.58731236 | Z90: 41.299184 | AA90: 0.63951974 | AC90: 19.268222 | AD90: 0.4767849 | AF90: 7.6829727 | AG90: 0.33142361 | AI90: 33.175646 | AJ90: 0.57458037 | AL90: 40.231084 | AM90: 0.62297923 | AO90: 18.910297 | AP90: 0.4954983
A91: Chinese Taipei | B91: 0.33662696 | C91: 0.014853641 | E91: 0.96898895 | F91: 0.0070572664 | H91: 16.028807 | I91: 0.41719614 | K91: 37.70168 | L91: 0.56552453 | N91: 31.169155 | O91: 0.52297759 | Q91: 15.100359 | R91: 0.51644411 | T91: 10.098578 | U91: 0.40332026 | W91: 33.662826 | X91: 0.5512786 | Z91: 37.654919 | AA91: 0.59309842 | AC91: 18.583677 | AD91: 0.53245474 | AF91: 10.019668 | AG91: 0.43073927 | AI91: 33.787437 | AJ91: 0.56380204 | AL91: 36.846699 | AM91: 0.57969232 | AO91: 19.346197 | AP91: 0.49489392
A92: Thailand | B92: 0.13681371 | C92: 0.014027957 | E92: 0.87876991 | F92: 0.0084959356 | H92: 9.413984 | I92: 0.421821 | K92: 50.142219 | L92: 0.70745486 | N92: 27.108442 | O92: 0.60631833 | Q92: 13.335356 | R92: 0.55186965 | T92: 12.600187 | U92: 0.44966816 | W92: 48.781131 | X92: 0.53802153 | Z92: 25.318731 | AA92: 0.56964629 | AC92: 13.29995 | AD92: 0.52606162 | AF92: 12.694832 | AG92: 0.45678245 | AI92: 43.919749 | AJ92: 0.64245423 | AL92: 27.93429 | AM92: 0.57969538 | AO92: 15.451129 | AP92: 0.48687069
A93: Ukraine | B93: 0.092133469 | C93: 0.016726589 | E93: 0.82630193 | F93: 0.0091970771 | H93: 24.9234 | I93: 0.86582917 | K93: 46.325853 | L93: 0.73003293 | N93: 22.961943 | O93: 0.60706413 | Q93: 5.7888039 | R93: 0.39610753 | T93: 12.083353 | U93: 0.47886451 | W93: 40.958346 | X93: 0.65824915 | Z93: 36.792956 | AA93: 0.6958621 | AC93: 10.165345 | AD93: 0.47703294 | AF93: 10.885312 | AG93: 0.57152617 | AI93: 39.218877 | AJ93: 0.75643573 | AL93: 36.970536 | AM93: 0.67515427 | AO93: 12.925275 | AP93: 0.5571708
... A96: Viet Nam | B96: 0.13949482 | C96: 0.020121795 | E96: 0.8375002 | F96: 0.0096853868 | H96: 21.635817 | I96: 0.86615982 | K96: 49.394533 | L96: 0.93213094 | N96: 20.343973 | O96: 0.71217632 | Q96: 8.6256778 | R96: 0.47681691 | T96: 18.861878 | U96: 0.6783299 | W96: 43.235446 | X96: 0.93986465 | Z96: 26.368385 | AA96: 0.74212444 | AC96: 11.53429 | AD96: 0.63285459 | AF96: 6.0596014 | AG96: 0.4850084 | AI96: 31.506967 | AJ96: 0.73016293 | AL96: 39.387828 | AM96: 0.79286349 | AO96: 23.045604 | AP96: 0.71873797
A101: Information on data for Cyprus: https://oe.cd/cyprus-disclaimer
A102: *Data did not meet the PISA technical standards but were accepted as largely comparable (see Annexes A2 and A4).
A104: Note: Information regarding the proportion of the sample covered is shown next to the standard error. No symbol means at least 75% of the population was covered; one dagger (†) means at least 50% but less than 75%; and one double-dagger (‡) means less than 50% was covered. For comparisons across cycles, the coverage information corresponds to the cycle with the lowest sample coverage.

Sheet Table III.B1.6.4
A1: PISA 2018 Results (Volume III) - © OECD 2019
A2: Annex B1 | B2: Annex B1.6 Results (tables): Teachers' support and teaching practices
A3: Version 2 - Last updated: 02-Dec-2019
A4: Disclaimer: http://oe.cd/disclaimer
A6: Table III.B1.6.4
A7: Prevalence of teacher support in schools
A8: Based on students' reports
B11: Percentage of students who reported the teacher gives extra help when students need it in most or every language-of-instruction lesson | E11: Percentage of students who are in schools where…
E12: Over 90% of students reported the teacher gives extra help when students need it in most or every language-of-instruction lesson | H12: Between 75% and 90% of students reported the teacher gives extra help when students need it in most or every language-of-instruction lesson | K12: Between 25% and 75% of students reported the teacher gives extra help when students need it in most or every language-of-instruction lesson | N12: Between 10% and 25% of students reported the teacher gives extra help when students need it in most or every language-of-instruction lesson | Q12: 10% of students or less reported the teacher gives extra help when students need it in most or every language-of-instruction lesson
B14: % | C14: S.E. | E14: % | F14: S.E. | H14: % | I14: S.E. | K14: % | L14: S.E. | N14: % | O14: S.E. | Q14: % | R14: S.E.
A15: OECD
A16: Australia | B16: 81.089734 | C16: 0.45865061 | E16: 22.016999 | F16: 1.791154 | H16: 50.212531 | I16: 2.1810329 | K16: 27.513345 | L16: 1.9404819 | N16: 0.02283251 | O16: 0.02365631 | Q16: 0.23429251 | R16: 0.13063514
A17: Austria | B17: 64.678006 | C17: 0.84980098 | E17: 3.9477094 | F17: 1.0038768 | H17: 22.903454 | I17: 2.7072429 | K17: 72.635418 | L17: 2.8987316 | N17: 0.41281847 | O17: 0.25244855 | Q17: 0.10059983 | R17: 0.081473236
A18: Belgium | B18: 72.758323 | C18: 0.65858406 | E18: 7.551613 | F18: 1.4839812 | H18: 34.584192 | I18: 2.9549499 | K18: 57.864195 | L18: 2.9551241 | N18: 0 | O18: c | Q18: 0 | R18: c
A19: Canada | B19: m | C19: m | E19: m | F19: m | H19: m | I19: m | K19: m | L19: m | N19: m | O19: m | Q19: m | R19: m
A20: Chile | B20: 80.851451 | C20: 0.74901443 | E20: 20.12661 | F20: 2.7966465 | H20: 54.029159 | I20: 3.7759286 | K20: 25.713761 | L20: 3.1202396 | N20: 0 | O20: c | Q20: 0.13047018 | R20: 0.0924848
A21: Colombia | B21: 75.861433 | C21: 0.83929796 | E21: 8.1659146 | F21: 1.8020666 | H21: 45.547109 | I21: 3.8840973 | K21: 46.225916 | L21: 3.9538683 | N21: 0 | O21: c | Q21: 0.061060022 | R21: 0.061177222
A22: Czech Republic | B22: 78.445575 | C22: 0.86690621 | E22: 24.306469 | F22: 2.549197 | H22: 39.987322 | I22: 2.7035272 | K22: 35.319936 | L22: 2.7913999 | N22: 0.38627293 | O22: 0.29026473 | Q22: 0 | R22: c
A23: Denmark | B23: 78.192051 | C23: 0.70194461 | E23: 15.191018 | F23: 2.4957689 | H23: 46.76314 | I23: 3.130332 | K23: 38.045841 | L23: 2.9579911 | N23: 0 | O23: c | Q23: 0 | R23: c
A24: Estonia | B24: 73.559126 | C24: 0.77063473 | E24: 10.410657 | F24: 1.2030127 | H24: 37.040168 | I24: 2.1752771 | K24: 52.493381 | L24: 2.2057457 | N24: 0 | O24: c | Q24: 0.055794283 | R24: 0.055714091
A25: Finland | B25: 85.308866 | C25: 0.53049583 | E25: 33.883436 | F25: 3.4414748 | H25: 51.971646 | I25: 4.0136995 | K25: 14.082066 | L25: 2.2468396 | N25: 0 | O25: c | Q25: 0.062851812 | R25: 0.063144913
A26: France | B26: 65.18571 | C26: 0.84635973 | E26: 2.3644146 | F26: 0.94313807 | H26: 22.454349 | I26: 2.5526808 | K26: 75.109922 | L26: 2.6921552 | N26: 0 | O26: c | Q26: 0.07131507 | R26: 0.10333758
A27: Germany | B27: 72.54655 | C27: 0.79655911 | E27: 8.4553452 | F27: 1.8736941 | H27: 36.939171 | I27: 3.5744711 | K27: 54.605484 | L27: 3.3086843 | N27: 0 | O27: c | Q27: 0 | R27: c
A28: Greece | B28: 66.962563 | C28: 0.81622343 | E28: 3.7928272 | F28: 1.1023511 | H28: 25.233466 | I28: 2.6047008 | K28: 70.863059 | L28: 2.5864881 | N28: 0 | O28: c | Q28: 0.11064836 | R28: 0.080158132
A29: Hungary | B29: 72.543813 | C29: 0.92908328 | E29: 6.5426644 | F29: 1.505395 | H29: 38.189975 | I29: 3.6750567 | K29: 54.729236 | L29: 3.8035917 | N29: 0.48582821 | O29: 0.28296287 | Q29: 0.052296657 | R29: 0.052506635
A30: Iceland | B30: 77.233781 | C30: 0.74121254 | E30: 7.7915732 | F30: 0.14800835 | H30: 57.074868 | I30: 0.2356966 | K30: 34.743676 | L30: 0.22553513 | N30: 0.22051121 | O30: 0.02077548 | Q30: 0.16937158 | R30: 0.059265328
A31: Ireland | B31: 74.847839 | C31: 0.80387066 | E31: 6.011604 | F31: 1.8995759 | H31: 45.168867 | I31: 4.1786477 | K31: 48.819529 | L31: 4.1784208 | N31: 0 | O31: c | Q31: 0 | R31: c
A32: Israel | B32: 65.510898 | C32: 1.1266821 | E32: 5.3180067 | F32: 1.7690105 | H32: 24.232852 | I32: 3.5801238 | K32: 70.449141 | L32: 3.2853648 | N32: 0 | O32: c | Q32: 0 | R32: c
A33: Italy | B33: 72.406808 | C33: 0.75001919 | E33: 7.3178636 | F33: 1.5408315 | H33: 40.509839 | I33: 2.9225091 | K33: 52.152539 | L33: 2.9181756 | N33: 0 | O33: c | Q33: 0.019758185 | R33: 0.016339458
A34: Japan | B34: 81.048675 | C34: 0.73308939 | E34: 18.712458 | F34: 3.0265333 | H34: 55.841886 | I34: 4.1496034 | K34: 25.445656 | L34: 3.4986259 | N34: 0 | O34: c | Q34: 0 | R34: c
A35: Korea | B35: 79.618484 | C35: 0.80873948 | E35: 13.371725 | F35: 2.6984941 | H35: 54.993183 | I35: 3.9457546 | K35: 31.635092 | L35: 3.4946484 | N35: 0 | O35: c | Q35: 0 | R35: c
A36: Latvia | B36: 79.387912 | C36: 0.70395399 | E36: 17.765117 | F36: 1.7743561 | H36: 48.615198 | I36: 1.9671783 | K36: 33.619685 | L36: 1.8126633 | N36: 0 | O36: c | Q36: 0 | R36: c
A37: Lithuania | B37: 76.899828 | C37: 0.6623341 | E37: 13.869441 | F37: 1.2042173 | H37: 45.194084 | I37: 1.9719195 | K37: 40.781339 | L37: 1.92848 | N37: 0.072096603 | O37: 0.072878615 | Q37: 0.083039101 | R37: 0.061647279
A38: Luxembourg | B38: 71.43933 | C38: 0.62703176 | E38: 0 | F38: c | H38: 32.612882 | I38: 0.10113772 | K38: 67.387118 | L38: 0.10113772 | N38: 0 | O38: c | Q38: 0 | R38: c
A39: Mexico | B39: 82.64012 | C39: 0.6261497 | E39: 27.316927 | F39: 3.0407159 | H39: 50.05908 | I39: 2.9751749 | K39: 22.280289 | L39: 2.5294776 | N39: 0.27057105 | O39: 0.27590416 | Q39: 0.073133352 | R39: 0.074446932
A40: Netherlands* | B40: 68.969164 | C40: 1.0087823 | E40: 3.075941 | F40: 1.402252 | H40: 32.041795 | I40: 3.8870166 | K40: 64.882264 | L40: 3.9473556 | N40: 0 | O40: c | Q40: 0 | R40: c
A41: New Zealand | B41: 82.102805 | C41: 0.54653365 | E41: 17.034469 | F41: 2.3804677 | H41: 64.754553 | I41: 3.0148862 | K41: 18.210978 | L41: 2.4761168 | N41: 0 | O41: c | Q41: 0 | R41: c
A42: Norway | B42: 71.044108 | C42: 0.81859729 | E42: 4.4714041 | F42: 1.222823 | H42: 39.767644 | I42: 3.4223116 | K42: 55.465233 | L42: 3.3430667 | N42: 0.19929684 | O42: 0.20826783 | Q42: 0.096422338 | R42: 0.099226783
A43: Poland | B43: 67.707828 | C43: 0.89683178 | E43: 3.3142853 | F43: 1.0510819 | H43: 30.544235 | I43: 2.8606912 | K43: 64.719921 | L43: 3.0499515 | N43: 0.79244651 | O43: 0.56960969 | Q43: 0.62911235 | R43: 0.20978629
A44: Portugal* | B44: 85.591751 | C44: 0.58645142 | E44: 33.780153 | F44: 3.2749888 | H44: 55.477309 | I44: 3.3942566 | K44: 10.742537 | L44: 1.9371703 | N44: 0 | O44: c | Q44: 0 | R44: c
A45: Slovak Republic | B45: 73.505248 | C45: 0.76775296 | E45: 12.302926 | F45: 1.34191 | H45: 36.918231 | I45: 3.1549803 | K45: 50.440975 | L45: 2.9944179 | N45: 0.20145754 | O45: 0.20467994 | Q45: 0.13641022 | R45: 0.13126888
A46: Slovenia | B46: 59.420064 | C46: 0.70496871 | E46: 2.5471018 | F46: 0.34314002 | H46: 12.039526 | I46: 0.34597149 | K46: 82.093845 | L46: 0.50409505 | N46: 2.6817958 | O46: 0.2764004 | Q46: 0.63773054 | R46: 0.2225869
A47: Spain | B47: 68.859888 | C47: 0.62092354 | E47: 3.8049477 | F47: 0.74320982 | H47: 32.576012 | I47: 1.9357263 | K47: 63.215728 | L47: 1.9364795 | N47: 0.38221696 | O47: 0.34072138 | Q47: 0.021094844 | R47: 0.021188094
A48: Sweden | B48: 76.393049 | C48: 0.85051532 | E48: 9.1630203 | F48: 1.9303786 | H48: 50.601747 | I48: 3.6873328 | K48: 40.215909 | L48: 3.7232123 | N48: 0 | O48: c | Q48: 0.019323503 | R48: 0.0202232
A49: Switzerland | B49: 74.033788 | C49: 0.82661587 | E49: 12.513169 | F49: 2.2601386 | H49: 34.305425 | I49: 3.337416 | K49: 52.860378 | L49: 3.8465152 | N49: 0.24655443 | O49: 0.014512098 | Q49: 0.074473755 | R49: 0.074982585
A50: Turkey | B50: 73.834443 | C50: 0.69766391 | E50: 4.2076085 | F50: 1.189464 | H50: 46.28663 | I50: 4.0369287 | K50: 49.505762 | L50: 3.8832016 | N50: 0 | O50: c | Q50: 0 | R50: c
A51: United Kingdom | B51: 81.35279 | C51: 0.61949335 | E51: 16.228547 | F51: 2.456753 | H51: 57.760815 | I51: 2.9955188 | K51: 25.853518 | L51: 2.8145446 | N51: 0.15711971 | O51: 0.16227865 | Q51: 0 | R51: c
A52: United States* | B52: 77.322743 | C52: 0.71269802 | E52: 9.0473877 | F52: 2.218109 | H52: 51.365685 | I52: 4.1294667 | K52: 39.586928 | L52: 4.0503517 | N52: 0 | O52: c | Q52: 0 | R52: c
A53: OECD average | B53: 74.698737 | C53: 0.12717782 | E53: 11.547815 | F53: 0.32327566 | H53: 41.79439 | I53: 0.52150599 | K53: 46.397489 | L53: 0.49202091 | N53: 0.18143941 | O53: 0.026920597 | Q53: 0.078866624 | R53: 0.012521182
A54: Partners
A55: Albania | B55: 87.353961 | C55: 0.53161511 | E55: 41.322637 | F55: 2.6326786 | H55: 47.971898 | I55: 2.6296135 | K55: 10.561154 | L55: 1.4947399 | N55: 0.094833077 | O55: 0.091054222 | Q55: 0.04947814 | R55: 0.051460504
A56: Argentina | B56: 78.733458 | C56: 0.74873474 | E56: 17.167408 | F56: 2.5193589 | H56: 52.269116 | I56: 3.1963439 | K56: 30.401516 | L56: 2.5247427 | N56: 0.08424115 | O56: 0.081394869 | Q56: 0.077718367 | R56: 0.078604875
A57: Baku (Azerbaijan) | B57: 79.983153 | C57: 0.56925336 | E57: 9.9869108 | F57: 2.1032949 | H57: 66.68066 | I57: 3.3144997 | K57: 23.332429 | L57: 2.9854843 | N57: 0 | O57: c | Q57: 0 | R57: c
A58: Belarus | B58: 82.294673 | C58: 0.6808016 | E58: 28.188168 | F58: 3.0107448 | H58: 47.591848 | I58: 3.5133576 | K58: 24.05142 | L58: 2.8662104 | N58: 0.1204031 | O58: 0.12038789 | Q58: 0.048161241 | R58: 0.04817161
A59: Bosnia and Herzegovina | B59: 76.473813 | C59: 0.93881328 | E59: 10.684151 | F59: 2.1224911 | H59: 47.645284 | I59: 3.5958205 | K59: 41.549511 | L59: 3.8558732 | N59: 0.12105422 | O59: 0.086286197 | Q59: 0 | R59: c
A60: Brazil | B60: 77.761931 | C60: 0.54091394 | E60: 16.425019 | F60: 1.7940032 | H60: 46.148797 | I60: 2.2617691 | K60: 36.897686 | L60: 2.1198163 | N60: 0.42720484 | O60: 0.26765114 | Q60: 0.10129357 | R60: 0.061933696
A61: Brunei Darussalam | B61: 81.213614 | C61: 0.46403888 | E61: 3.9871745 | F61: 0.037367379 | H61: 84.330353 | I61: 0.074608726 | K61: 11.682472 | L61: 0.061685142 | N61: 0 | O61: c | Q61: 0 | R61: c
A62: B-S-J-Z (China) | B62: 85.538994 | C62: 0.54098944 | E62: 32.035228 | F62: 3.4899416 | H62: 56.447096 | I62: 3.6095164 | K62: 11.514841 | L62: 2.5763568 | N62: 0 | O62: c | Q62: 0.0028353989 | R62: 0.0028418102
A63: Bulgaria | B63: 69.906292 | C63: 0.93163044 | E63: 5.2982921 | F63: 1.4849365 | H63: 35.309591 | I63: 3.0197383 | K63: 59.392117 | L63: 2.9263255 | N63: 0 | O63: c | Q63: 0 | R63: c
A64: Costa Rica | B64: 81.495812 | C64: 0.61710294 | E64: 17.473671 | F64: 3.0721579 | H64: 63.633001 | I64: 3.3774706 | K64: 18.893327 | L64: 2.3831396 | N64: 0 | O64: c | Q64: 0 | R64: c
A65: Croatia | B65: 66.64988 | C65: 0.80699808 | E65: 2.2022137 | F65: 0.85478087 | H65: 21.837009 | I65: 2.8958218 | K65: 75.716575 | L65: 2.7994865 | N65: 0.2442026 | O65: 0.24559715 | Q65: 0 | R65: c
A66: Cyprus | B66: 70.532484 | C66: 0.62766561 | E66: 1.2590159 | F66: 0.31302839 | H66: 29.349669 | I66: 0.84749564 | K66: 69.391315 | L66: 0.81106828 | N66: 0 | O66: c | Q66: 0 | R66: c
A67: Dominican Republic | B67: 81.029386 | C67: 0.63353632 | E67: 17.686287 | F67: 3.0328266 | H67: 59.61264 | I67: 4.0050304 | K67: 22.377152 | L67: 3.2916237 | N67: 0 | O67: c | Q67: 0.32392114 | R67: 0.24439884
A68: Georgia | B68: 67.877427 | C68: 0.8116425 | E68: 8.4516254 | F68: 1.4798892 | H68: 22.55234 | I68: 2.3883845 | K68: 68.05683 | L68: 2.4755409 | N68: 0.53115995 | O68: 0.42221204 | Q68: 0.40804396 | R68: 0.17136419
A69: Hong Kong (China)* | B69: 74.313264 | C69: 0.82694839 | E69: 6.7532115 | F69: 2.0030057 | H69: 46.681592 | I69: 3.7731794 | K69: 46.565196 | L69: 3.7228143 | N69: 0 | O69: c | Q69: 0 | R69: c
A70: Indonesia | B70: 80.93844 | C70: 0.67192091 | E70: 14.364351 | F70: 2.8733104 | H70: 62.780243 | I70: 3.940005 | K70: 22.855406 | L70: 3.3368897 | N70: 0 | O70: c | Q70: 0 | R70: c
A71: Jordan | B71: 85.382664 | C71: 0.63351562 | E71: 37.854086 | F71: 3.272678 | H71: 47.170658 | I71: 3.1757591 | K71: 14.975256 | L71: 2.4970038 | N71: 0 | O71: c | Q71: 0 | R71: c
A72: Kazakhstan | B72: 81.50909 | C72: 0.43061479 | E72: 17.49122 | F72: 1.9013064 | H72: 59.931258 | I72: 2.7395 | K72: 22.506506 | L72: 2.2140133 | N72: 0.047158442 | O72: 0.033704021 | Q72: 0.023857805 | R72: 0.01716575
A73: Kosovo | B73: 82.628935 | C73: 0.5778997 | E73: 18.840844 | F73: 1.4739267 | H73: 64.231003 | I73: 1.548749 | K73: 16.708223 | L73: 1.2555059 | N73: 0.16365734 | O73: 0.16350567 | Q73: 0.056272529 | R73: 0.058105303
A74: Lebanon | B74: m | C74: m | E74: m | F74: m | H74: m | I74: m | K74: m | L74: m | N74: m | O74: m | Q74: m | R74: m
A75: Macao (China) | B75: 72.304943 | C75: 0.73353403 | E75: 1.1055583 | F75: 0.00098660003 | H75: 43.559159 | I75: 0.049364391 | K75: 55.335283 | L75: 0.049790333 | N75: 0 | O75: c | Q75: 0 | R75: c
A76: Malaysia | B76: 84.217306 | C76: 0.65730131 | E76: 32.679843 | F76: 2.8496007 | H76: 51.773971 | I76: 3.2904154 | K76: 15.546186 | L76: 2.7739297 | N76: 0 | O76: c | Q76: 0 | R76: c
A77: Malta | B77: 80.456732 | C77: 0.67657466 | E77: 13.887565 | F77: 0.1134924 | H77: 70.911014 | I77: 0.12645193 | K77: 15.20142 | L77: 0.10197319 | N77: 0 | O77: c | Q77: 0 | R77: c
A78: Moldova | B78: 79.804128 | C78: 0.69122045 | E78: 16.849185 | F78: 2.456588 | H78: 51.640355 | I78: 3.6310394 | K78: 31.510459 | L78: 3.3604367 | N78: 0 | O78: c | Q78: 0 | R78: c
A79: Montenegro | B79: 76.264152 | C79: 0.52349358 | E79: 3.2962742 | F79: 0.30029352 | H79: 52.900698 | I79: 0.46978623 | K79: 43.803027 | L79: 0.5345419 | N79: 0 | O79: c | Q79: 0 | R79: c
A80: Morocco | B80: 65.85857 | C80: 0.81606417 | E80: 0.1471077 | F80: 0.14755909 | H80: 19.466734 | I80: 3.3283622 | K80: 80.086596 | L80: 3.351652 | N80: 0.29956209 | O80: 0.30042314 | Q80: 0 | R80: c
A81: North Macedonia | B81: m | C81: m | E81: m | F81: m | H81: m | I81: m | K81: m | L81: m | N81: m | O81: m | Q81: m | R81: m
A82: Panama | B82: 75.7613 | C82: 0.71932183 | E82: 11.904438 | F82: 1.6726378 | H82: 47.39186 | I82: 2.5476266 | K82: 40.611483 | L82: 2.4200126 | N82: 0 | O82: c | Q82: 0.092219411 | R82: 0.053289728
A83: Peru | B83: 80.21508 | C83: 0.64107563 | E83: 20.832717 | F83: 2.26675 | H83: 48.593735 | I83: 3.2314842 | K83: 30.433328 | L83: 2.8027188 | N83: 0.091137846 | O83: 0.090841262 | Q83: 0.049081178 | R83: 0.029201402
A84: Philippines | B84: 82.017119 | C84: 0.66365723 | E84: 15.500726 | F84: 2.4799686 | H84: 65.643729 | I84: 3.6989637 | K84: 18.855545 | L84: 3.2024887 | N84: 0 | O84: c | Q84: 0 | R84: c
A85: Qatar | B85: 81.42533 | C85: 0.30143728 | E85: 8.53211 | F85: 0.041857661 | H85: 70.129165 | I85: 0.080184525 | K85: 21.338725 | L85: 0.078590911 | N85: 0 | O85: c | Q85: 0 | R85: c
A86: Romania | B86: 72.63192 | C86: 0.76597155 | E86: 4.079428 | F86: 1.2858334 | H86: 40.389461 | I86: 3.900373 | K86: 55.409763 | L86: 3.6945435 | N86: 0 | O86: c | Q86: 0.12134767 | R86: 0.12153652
A87: Russia | B87: 80.931839 | C87: 0.79785826 | E87: 20.391846 | F87: 2.6866991 | H87: 50.151131 | I87: 3.3122742 | K87: 29.457023 | L87: 3.6920187 | N87: 0 | O87: c | Q87: 0 | R87: c
A88: Saudi Arabia | B88: 82.868793 | C88: 0.72197441 | E88: 26.64902 | F88: 3.0937287 | H88: 56.765007 | I88: 3.3117235 | K88: 16.585973 | L88: 2.601596 | N88: 0 | O88: c | Q88: 0 | R88: c
A89: Serbia | B89: 78.092968 | C89: 0.70179971 | E89: 9.5974011 | F89: 1.8969013 | H89: 53.333364 | I89: 3.4313421 | K89: 37.011409 | L89: 3.334981 | N89: 0 | O89: c | Q89: 0.057825417 | R89: 0.057804974
A90: Singapore | B90: 83.89819 | C90: 0.50065126 | E90: 24.253 | F90: 1.111475 | H90: 60.847614 | I90: 0.89532858 | K90: 14.899387 | L90: 0.64407646 | N90: 0 | O90: c | Q90: 0 | R90: c
A91: Chinese Taipei | B91: 79.045306 | C91: 0.59736087 | E91: 10.219216 | F91: 2.4510539 | H91: 58.441074 | I91: 3.8489768 | K91: 31.339709 | L91: 3.4561195 | N91: 0 | O91: c | Q91: 0 | R91: c
A92: Thailand | B92: 78.695906 | C92: 0.83395239 | E92: 12.84096 | F92: 2.2720937 | H92: 56.209421 | I92: 3.8919595 | K92: 30.85671 | L92: 3.6353706 | N92: 0.040479841 | O92: 0.040424131 | Q92: 0.052429307 | R92: 0.037171182
A93: Ukraine | B93: 63.272609 | C93: 0.73803781 | E93: 1.6775979 | F93: 0.45946557 | H93: 13.876457 | I93: 2.2023808 | K93: 83.84439 | L93: 2.3271048 | N93: 0.60155517 | O93: 0.3789335 | Q93: 0 | R93: c
A94: United Arab Emirates | B94: 80.527876 | C94: 0.3760167 | E94: 17.439549 | F94: 1.0667434 | H94: 52.836491 | I94: 1.787362 | K94: 29.71606 | L94: 1.7242206 | N94: 0 | O94: c | Q94: 0.0079001608 | R94: 0.0035180762
A95: Uruguay | B95: 76.425122 | C95: 0.89895439 | E95: 11.370328 | F95: 2.360383 | H95: 45.653539 | I95: 3.6060456 | K95: 42.806899 | L95: 3.4108961 | N95: 0 | O95: c | Q95: 0.16923439 | R95: 0.23943201
A96: Viet Nam | B96: 86.304884 | C96: 0.79258935 | E96: 37.736352 | F96: 4.093412 | H96: 52.559372 | I96: 4.6109622 | K96: 9.0298097 | L96: 2.4621273 | N96: 0 | O96: c | Q96: 0.67446566 | R96: 0.67921899
A101: Information on data for Cyprus: https://oe.cd/cyprus-disclaimer
A102: *Data did not meet the PISA technical standards but were accepted as largely comparable (see Annexes A2 and A4).
A104: Note: Information regarding the proportion of the sample covered is shown next to the standard error. No symbol means at least 75% of the population was covered; one dagger (†) means at least 50% but less than 75%; and one double-dagger (‡) means less than 50% was covered. For comparisons across cycles, the coverage information corresponds to the cycle with the lowest sample coverage.

Sheet Table III.B1.6.5
A1: PISA 2018 Results (Volume III) - © OECD 2019
A2: Annex B1 | B2: Annex B1.6 Results (tables): Teachers' support and teaching practices
A3: Version 2 - Last updated: 02-Dec-2019
A4: Disclaimer: http://oe.cd/disclaimer
A6: Table III.B1.6.5
A7: Teacher support, by student characteristics
A8: Based on students' reports
B11: Index of teacher support, by the following student characteristics:
B12: Gender | K12: Socio-economic status1 | T12: Education level | AC12: Immigrant background
B13: Boys | E13: Girls | H13: Girls - boys | K13: Disadvantaged students | N13: Advantaged students | Q13: Advantaged -disadvantaged | T13: Lower secondary (ISCED 2) | W13: Upper secondary (ISCED 3) | Z13: ISCED 3 - ISCED 2 | AC13: Non-immigrant students | AF13: Immigrant students | AI13: Immigrant - non-immigrant
B14: Mean index | C14: S.E. | E14: Mean index | F14: S.E. | H14: Dif. | I14: S.E. | K14: Mean index | L14: S.E. | N14: Mean index | O14: S.E. | Q14: Dif. | R14: S.E. | T14: Mean index | U14: S.E. | W14: Mean index | X14: S.E. | Z14: Dif. | AA14: S.E. | AC14: Mean index | AD14: S.E. | AF14: Mean index | AG14: S.E. | AI14: Dif. | AJ14: S.E.
A15: OECD
A16: Australia | B16: 0.24173593 | C16: 0.017097084 | E16: 0.26266572 | F16: 0.016618135 | H16: 0.020929789 | I16: 0.02262311 | K16: 0.1799749 | L16: 0.020980908 | N16: 0.341597 | O16: 0.021722968 | Q16: 0.1616221 | R16: 0.027406657 | T16: 0.24407906 | U16: 0.013466219 | W16: 0.35093068 | X16: 0.035223447 | Z16: 0.10685161 | AA16: 0.038645758 | AC16: 0.24783815 | AD16: 0.014172981 | AF16: 0.25533617 | AG16: 0.022658717 | AI16: 0.0074980174 | AJ16: 0.024636218
A17: Austria | B17: -0.39626627 | C17: 0.024052764 | E17: -0.49732553 | F17: 0.029499091 | H17: -0.10105926 | I17: 0.033777552 | K17: -0.24441894 | L17: 0.035981122 | N17: -0.61179731 | O17: 0.037323845 | Q17: -0.36737837 | R17: 0.046313671 | T17: m | U17: m | W17: m | X17: m | Z17: m | AA17: m | AC17: -0.49374427 | AD17: 0.022989807 | AF17: -0.28891557 | AG17: 0.035437242 | AI17: 0.2048287 | AJ17: 0.038405426
A18: Belgium | B18: -0.18724136 | C18: 0.01990064 | E18: -0.1476316 | F18: 0.022128204 | H18: 0.039609756 | I18: 0.025418009 | K18: -0.065970604 | L18: 0.02332313 | N18: -0.26887694 | O18: 0.027323205 | Q18: -0.20290634 | R18: 0.035704807 | T18: 0.23790244 | U18: 0.040619672 | W18: -0.20230315 | X18: 0.017528045 | Z18: -0.44020559 | AA18: 0.042943079 | AC18: -0.17056915 | AD18: 0.017740635 | AF18: -0.16508205 | AG18: 0.03435843 | AI18: 0.0054870995 | AJ18: 0.035157373
A19: Canada | B19: m | C19: m | E19: m | F19: m | H19: m | I19: m | K19: m | L19: m | N19: m | O19: m | Q19: m | R19: m | T19: m | U19: m | W19: m | X19: m | Z19: m | AA19: m | AC19: m | AD19: m | AF19: m | AG19: m | AI19: m | AJ19: m
A20: Chile | B20: 0.41957402 | C20: 0.022022612 | E20: 0.45460465 | F20: 0.02856433 | H20: 0.035030637 | I20: 0.029354831 | K20: 0.48571353 | L20: 0.031577291 | N20: 0.36119179 | O20: 0.032817383 | Q20: -0.12452174 | R20: 0.046251941 | T20: 0.67711552 | U20: 0.05883181 | W20: 0.42376922 | X20: 0.021641638 | Z20: -0.2533463 | AA20: 0.063220275 | AC20: 0.44688177 | AD20: 0.021040615 | AF20: 0.26315881 | AG20: 0.060387824 | AI20: -0.18372296 | AJ20: 0.061723162
A21: Colombia | B21: 0.34739884 | C21: 0.020228628 | E21: 0.33394633 | F21: 0.024045813 | H21: -0.013452508 | I21: 0.024537949 | K21: 0.32423854 | L21: 0.028411449 | N21: 0.31125538 | O21: 0.033313984 | Q21: -0.012983155 | R21: 0.039655326 | T21: 0.33602851 | U21: 0.023253838 | W21: 0.34326897 | X21: 0.023002914 | Z21: 0.0072404589 | AA21: 0.028294031 | AC21: 0.34260022 | AD21: 0.018267354 | AF21: 0.49219404 | AG21: 0.14441405 | AI21: 0.14959382 | AJ21: 0.14274514
A22: Czech Republic | B22: -0.20248476 | C22: 0.026418681 | E22: -0.23485482 | F22: 0.029478311 | H22: -0.032370055 | I22: 0.034021173 | K22: -0.18973188 | L22: 0.04014189 | N22: -0.27234664 | O22: 0.030847402 | Q22: -0.082614762 | R22: 0.048307568 | T22: -0.17307022 | U22: 0.033060614 | W22: -0.26923677 | X22: 0.030334593 | Z22: -0.096166548 | AA22: 0.045923001 | AC22: -0.21299091 | AD22: 0.021135871 | AF22: -0.35408709 | AG22: 0.10842028 | AI22: -0.14109618 | AJ22: 0.10426672
A23: Denmark | B23: 0.16949896 | C23: 0.021414105 | E23: 0.11196783 | F23: 0.024238492 | H23: -0.057531132 | I23: 0.027129177 | K23: 0.070989719 | L23: 0.025074489 | N23: 0.20522597 | O23: 0.027188891 | Q23: 0.13423625 | R23: 0.033350668 | T23: 0.14119666 | U23: 0.018432537 | W23: c | X23: c | Z23: c | AA23: c | AC23: 0.15612086 | AD23: 0.019020922 | AF23: 0.028014776 | AG23: 0.033243863 | AI23: -0.12810608 | AJ23: 0.032328044
A24: Estonia | B24: -0.09634675 | C24: 0.022804977 | E24: -0.12868813 | F24: 0.020699214 | H24: -0.032341381 | I24: 0.029935107 | K24: -0.13803667 | L24: 0.030847973 | N24: -0.08042095 | O24: 0.026202199 | Q24: 0.057615717 | R24: 0.037947624 | T24: -0.10905062 | U24: 0.0158913 | W24: -0.36158459 | X24: 0.079418247 | Z24: -0.25253397 | AA24: 0.080044195 | AC24: -0.097722635 | AD24: 0.016138365 | AF24: -0.23246033 | AG24: 0.044960095 | AI24: -0.13473769 | AJ24: 0.046098957
A25: Finland | B25: 0.21175349 | C25: 0.020340171 | E25: 0.21032934 | F25: 0.022601578 | H25: -0.0014241487 | I25: 0.025356598 | K25: 0.14436753 | L25: 0.027112468 | N25: 0.27125117 | O25: 0.028712588 | Q25: 0.12688364 | R25: 0.036259738 | T25: 0.21251552 | U25: 0.017601641 | W25: c | X25: c | Z25: c | AA25: c | AC25: 0.21274639 | AD25: 0.018305636 | AF25: 0.16953871 | AG25: 0.062190546 | AI25: -0.043207674 | AJ25: 0.0641255
A26: France | B26: -0.21781346 | C26: 0.024607358 | E26: -0.22248859 | F26: 0.024662847 | H26: -0.0046751309 | I26: 0.030826404 | K26: -0.091311889 | L26: 0.026545341 | N26: -0.27583256 | O26: 0.029624225 | Q26: -0.18452067 | R26: 0.037156518 | T26: 0.032398315 | U26: 0.038257593 | W26: -0.2711226 | X26: 0.02187046 | Z26: -0.30352091 | AA26: 0.046225387 | AC26: -0.22896056 | AD26: 0.02066289 | AF26: -0.16210369 | AG26: 0.037522229 | AI26: 0.066856872 | AJ26: 0.040085564
A27: Germany | B27: -0.1989793 | C27: 0.020786792 | E27: -0.27881065 | F27: 0.025082177 | H27: -0.079831348 | I27: 0.026881358 | K27: -0.11438157 | L27: 0.034830949 | N27: -0.37007045 | O27: 0.031348558 | Q27: -0.25568887 | R27: 0.045549486 | T27: -0.23758655 | U27: 0.019221304 | W27: -0.20595254 | X27: 0.082296879 | Z27: 0.031634007 | AA27: 0.084974046 | AC27: -0.2831703 | AD27: 0.022557277 | AF27: -0.079931134 | AG27: 0.032893456 | AI27: 0.20323916 | AJ27: 0.04083856
A28: Greece | B28: -0.1652399 | C28: 0.024560071 | E28: -0.17606148 | F28: 0.023184018 | H28: -0.010821583 | I28: 0.024047798 | K28: -0.08281703 | L28: 0.036041528 | N28: -0.22419468 | O28: 0.035497447 | Q28: -0.14137765 | R28: 0.046189554 | T28: 0.10607482 | U28: 0.072430149 | W28: -0.1826229 | X28: 0.021031329 | Z28: -0.28869772 | AA28: 0.0755666 | AC28: -0.18229904 | AD28: 0.021253502 | AF28: -0.091191101 | AG28: 0.037305288 | AI28: 0.091107935 | AJ28: 0.036990954
A29: Hungary | B29: -0.081249493 | C29: 0.026470805 | E29: -0.23395692 | F29: 0.025890401 | H29: -0.15270743 | I29: 0.029890407 | K29: -0.13344409 | L29: 0.03175615 | N29: -0.16536776 | O29: 0.03830536 | Q29: -0.03192367 | R29: 0.045440624 | T29: -0.030757673 | U29: 0.057491326 | W29: -0.17194512 | X29: 0.021914506 | Z29: -0.14118745 | AA29: 0.057510315 | AC29: -0.15879316 | AD29: 0.021617177 | AF29: -0.13410713 | AG29: 0.08860284 | AI29: 0.02468603 | AJ29: 0.088027383
A30: Iceland | B30: 0.20861032 | C30: 0.026416138 | E30: 0.21269185 | F30: 0.018699984 | H30: 0.0040815318 | I30: 0.031676465 | K30: 0.17767116 | L30: 0.035304689 | N30: 0.24266951 | O30: 0.03341371 | Q30: 0.064998353 | R30: 0.04539005 | T30: 0.21019384 | U30: 0.016577597 | W30: c | X30: c | Z30: c | AA30: c | AC30: 0.22660949 | AD30: 0.016855595 | AF30: -0.0064709201 | AG30: 0.08221962 | AI30: -0.23308041 | AJ30: 0.08432936
A31: Ireland | B31: 0.2057631 | C31: 0.028685536 | E31: 0.11007284 | F31: 0.023679603 | H31: -0.095690267 | I31: 0.03303041 | K31: 0.13775315 | L31: 0.031400805 | N31: 0.1950337 | O31: 0.031898634 | Q31: 0.057280553 | R31: 0.042425352 | T31: 0.2104617 | U31: 0.024919806 | W31: 0.06547292 | X31: 0.026814235 | Z31: -0.14498878 | AA31: 0.031958112 | AC31: 0.15686725 | AD31: 0.023251691 | AF31: 0.16059673 | AG31: 0.033590809 | AI31: 0.0037294768 | AJ31: 0.038383533
A32: Israel | B32: -0.13088282 | C32: 0.029696488 | E32: -0.058780681 | F32: 0.037895892 | H32: 0.072102138 | I32: 0.038184533 | K32: 0.071222367 | L32: 0.03630438 | N32: -0.11255245 | O32: 0.055828959 | P32: † | Q32: -0.18377482 | R32: 0.061915766 | S32: † | T32: -0.17368032 | U32: 0.051751409 | W32: -0.081389371 | X32: 0.032288039 | Z32: 0.092290952 | AA32: 0.062977894 | AC32: -0.080408692 | AD32: 0.03045355 | AF32: -0.19055679 | AG32: 0.041514681 | AI32: -0.1101481 | AJ32: 0.041456994
A33: Italy | B33: 0.020855307 | C33: 0.02377462 | E33: 0.028625337 | F33: 0.025334594 | H33: 0.0077700301 | I33: 0.0314653 | K33: 0.056841516 | L33: 0.030588272 | N33: 0.0076248994 | O33: 0.029091757 | Q33: -0.049216617 | R33: 0.039606983 | T33: 0.12223131 | U33: 0.2213228 | W33: 0.023681537 | X33: 0.018453908 | Z33: -0.098549778 | AA33: 0.2178026 | AC33: 0.031693242 | AD33: 0.019709088 | AF33: -0.046922367 | AG33: 0.04461059 | AI33: -0.078615609 | AJ33: 0.045525849
A34: Japan | B34: 0.066182542 | C34: 0.026159673 | E34: 0.066978866 | F34: 0.020942674 | H34: 0.00079632403 | I34: 0.027103456 | K34: 0.04695517 | L34: 0.034877807 | N34: 0.10089275 | O34: 0.030915093 | Q34: 0.053937579 | R34: 0.040384679 | T34: m | U34: m | W34: 0.066589892 | X34: 0.019388032 | Z34: m | AA34: m | AC34: w | AD34: w | AF34: w | AG34: w | AI34: w | AJ34: w
A35: Korea | B35: 0.21793659 | C35: 0.027236161 | E35: 0.1305168 | F35: 0.024340828 | H35: -0.08741979 | I35: 0.035048848 | K35: 0.14503087 | L35: 0.026161603 | N35: 0.25704837 | O35: 0.029027177 | Q35: 0.1120175 | R35: 0.035961001 | T35: 0.20905179 | U35: 0.05641774 | W35: 0.17009491 | X35: 0.021523378 | Z35: -0.038956883 | AA35: 0.062655683 | AC35: 0.17686164 | AD35: 0.01944216 | AF35: c | AG35: c | AI35: c | AJ35: c
A36: Latvia | B36: 0.016001109 | C36: 0.022771999 | E36: 0.084236354 | F36: 0.019400835 | H36: 0.068235245 | I36: 0.024231881 | K36: 0.05564932 | L36: 0.026392451 | N36: 0.081759866 | O36: 0.027825195 | Q36: 0.026110546 | R36: 0.032690055 | T36: 0.053183611 | U36: 0.018029103 | W36: -0.0070632743 | X36: 0.074959474 | Z36: -0.060246885 | AA36: 0.079009431 | AC36: 0.054763797 | AD36: 0.01736334 | AF36: -0.038544019 | AG36: 0.064193519 | AI36: -0.093307816 | AJ36: 0.063549551
A37: Lithuania | B37: 0.024646761 | C37: 0.017979974 | E37: 0.053878236 | F37: 0.020572443 | H37: 0.029231475 | I37: 0.023596194 | K37: 0.10233174 | L37: 0.031144478 | N37: 0.038881241 | O37: 0.023021676 | Q37: -0.063450499 | R37: 0.037494223 | T37: 0.039089371 | U37: 0.015297192 | W37: m | X37: m | Z37: m | AA37: m | AC37: 0.041064071 | AD37: 0.01533967 | AF37: -0.12761017 | AG37: 0.090409833 | AI37: -0.16867424 | AJ37: 0.088992658
A38: Luxembourg | B38: -0.20090954 | C38: 0.024120579 | E38: -0.24598913 | F38: 0.020553954 | H38: -0.045079584 | I38: 0.034868983 | K38: -0.12174941 | L38: 0.028865271 | N38: -0.26258589 | O38: 0.029438351 | Q38: -0.14083647 | R38: 0.044215999 | T38: -0.17333658 | U38: 0.020116044 | W38: -0.28509159 | X38: 0.023189337 | Z38: -0.11175501 | AA38: 0.032682846 | AC38: -0.32533846 | AD38: 0.024055981 | AF38: -0.14580561 | AG38: 0.017480819 | AI38: 0.17953285 | AJ38: 0.029886064
A39: Mexico | B39: 0.3825254 | C39: 0.024301233 | E39: 0.42833052 | F39: 0.022588482 | H39: 0.045805121 | I39: 0.029151118 | K39: 0.47036508 | L39: 0.032756817 | N39: 0.32962781 | O39: 0.032043774 | Q39: -0.14073727 | R39: 0.045371434 | T39: 0.34942019 | U39: 0.048527051 | W39: 0.42130401 | X39: 0.017043557 | Z39: 0.071883822 | AA39: 0.04817711 | AC39: 0.40794288 | AD39: 0.018685109 | AF39: 0.31918449 | AG39: 0.16195152 | AI39: -0.088758397 | AJ39: 0.16197568
A40: Netherlands* | B40: -0.38853203 | C40: 0.020646035 | E40: -0.46176391 | F40: 0.028204222 | H40: -0.073231871 | I40: 0.02879853 | K40: -0.42295765 | L40: 0.040079421 | N40: -0.39428025 | O40: 0.029183232 | Q40: 0.028677395 | R40: 0.043280671 | T40: -0.42043216 | U40: 0.026266464 | W40: -0.43462336 | X40: 0.028840697 | Z40: -0.014191205 | AA40: 0.038307224 | AC40: -0.42698129 | AD40: 0.021103471 | AF40: -0.42882741 | AG40: 0.051558454 | AI40: -0.001846113 | AJ40: 0.052686795
A41: New Zealand | B41: 0.2626646 | C41: 0.020429245 | E41: 0.23346394 | F41: 0.020100062 | H41: -0.029200654 | I41: 0.026145559 | K41: 0.2085331 | L41: 0.026788954 | N41: 0.31338367 | O41: 0.026725098 | Q41: 0.10485058 | R41: 0.036890328 | T41: 0.17595716 | U41: 0.057377617 | W41: 0.25317699 | X41: 0.015897296 | Z41: 0.077219825 | AA41: 0.05923064 | AC41: 0.2519519 | AD41: 0.018449615 | AF41: 0.24176042 | AG41: 0.02551436 | AI41: -0.010191484 | AJ41: 0.031331011
A42: Norway | B42: -0.050505696 | C42: 0.023146925 | E42: -0.08282915 | F42: 0.02504898 | H42: -0.032323454 | I42: 0.026003563 | K42: -0.12277641 | L42: 0.032158906 | N42: -0.055134203 | O42: 0.033092755 | Q42: 0.067642209 | R42: 0.042176928 | T42: -0.067309791 | U42: 0.020160222 | W42: c | X42: c | Z42: c | AA42: c | AC42: -0.061754338 | AD42: 0.021047933 | AF42: -0.11055695 | AG42: 0.043652031 | AI42: -0.048802608 | AJ42: 0.043846427
A43: Poland | B43: -0.26478772 | C43: 0.025821502 | E43: -0.2488433 | F43: 0.024912263 | H43: 0.015944424 | I43: 0.030039813 | K43: -0.27320314 | L43: 0.033121459 | N43: -0.30226939 | O43: 0.037254155 | Q43: -0.029066251 | R43: 0.049937646 | T43: -0.2510787 | U43: 0.020731823 | W43: c | X43: c | Z43: c | AA43: c | AC43: -0.25204284 | AD43: 0.020171846 | AF43: c | AG43: c | AI43: c | AJ43: c
A44: Portugal* | B44: 0.43940191 | C44: 0.022710931 | E44: 0.51079111 | F44: 0.022733714 | H44: 0.071389205 | I44: 0.029393292 | K44: 0.55117413 | L44: 0.030321711 | N44: 0.40358228 | O44: 0.03312813 | Q44: -0.14759186 | R44: 0.03982898 | T44: 0.53237845 | U44: 0.02987076 | W44: 0.45029282 | X44: 0.020651812 | Z44: -0.082085626 | AA44: 0.035985573 | AC44: 0.48143966 | AD44: 0.017296668 | AF44: 0.38881623 | AG44: 0.054786971 | AI44: -0.092623429 | AJ44: 0.054026499
A45: Slovak Republic | B45: -0.13972103 | C45: 0.020732662 | E45: -0.21355131 | F45: 0.025128529 | H45: -0.073830281 | I45: 0.027360711 | K45: -0.068931667 | L45: 0.03524973 | N45: -0.27305537 | O45: 0.030637408 | Q45: -0.2041237 | R45: 0.044710269 | T45: -0.026501424 | U45: 0.028565602 | W45: -0.303662 | X45: 0.02259415 | Z45: -0.27716058 | AA45: 0.035564264 | AC45: -0.17872375 | AD45: 0.018801237 | AF45: -0.069929051 | AG45: 0.12557042 | AI45: 0.1087947 | AJ45: 0.12615151
A46: Slovenia | B46: -0.53873249 | C46: 0.022749751 | E46: -0.68868612 | F46: 0.017534438 | H46: -0.14995363 | I46: 0.029855198 | K46: -0.52636883 | L46: 0.027711712 | N46: -0.63435446 | O46: 0.027194372 | Q46: -0.10798563 | R46: 0.042299946 | T46: -0.44385072 | U46: 0.087523181 | W46: -0.62454182 | X46: 0.013404664 | Z46: -0.18069109 | AA46: 0.08882983 | AC46: -0.61860187 | AD46: 0.014527663 | AF46: -0.55749111 | AG46: 0.057098745 | AI46: 0.061110756 | AJ46: 0.059989171
A47: Spain | B47: 0.038065622 | C47: 0.015002726 | E47: 0.095963029 | F47: 0.016982121 | H47: 0.057897407 | I47: 0.016939592 | K47: 0.11593952 | L47: 0.020175888 | N47: 0.01642441 | O47: 0.022764869 | Q47: -0.099515112 | R47: 0.026173207 | T47: 0.066752189 | U47: 0.013663523 | W47: c | X47: c | Z47: c | AA47: c | AC47: 0.068396123 | AD47: 0.014993139 | AF47: 0.051966741 | AG47: 0.024146708 | AI47: -0.016429382 | AJ47: 0.02746413
A48: Sweden | B48: 0.15719411 | C48: 0.027194983 | E48: 0.13029791 | F48: 0.021834371 | H48: -0.026896203 | I48: 0.025972775 | K48: 0.050371733 | L48: 0.03657523 | N48: 0.21456235 | O48: 0.036529609 | Q48: 0.16419061 | R48: 0.047152805 | T48: 0.13645202 | U48: 0.021043984 | W48: 0.57538134 | X48: 0.12423901 | Z48: 0.43892932 | AA48: 0.12704458 | AC48: 0.14529945 | AD48: 0.022082825 | AF48: 0.1545734 | AG48: 0.037686398 | AI48: 0.0092739501 | AJ48: 0.037190149
A49: Switzerland | B49: -0.0988536 | C49: 0.025074874 | E49: -0.20078935 | F49: 0.027650605 | H49: -0.10193575 | I49: 0.02852606 | K49: -0.060926257 | L49: 0.036544679 | N49: -0.2559457 | O49: 0.035201352 | Q49: -0.19501945 | R49: 0.04722682 | T49: -0.10940872 | U49: 0.028575543 | W49: -0.24263667 | X49: 0.033656524 | Z49: -0.13322795 | AA49: 0.044278109 | AC49: -0.20030253 | AD49: 0.026214234 | AF49: -0.066500318 | AG49: 0.028263855 | AI49: 0.13380221 | AJ49: 0.032868197
A50: Turkey | B50: 0.16449142 | C50: 0.022566504 | E50: 0.27047907 | F50: 0.022795894 | H50: 0.10598765 | I50: 0.031063892 | K50: 0.21792554 | L50: 0.025600076 | N50: 0.16841003 | O50: 0.035808151 | Q50: -0.049515514 | R50: 0.042340135 | T50: c | U50: c | W50: 0.21687881 | X50: 0.017027299 | Z50: c | AA50: c | AC50: 0.2218397 | AD50: 0.016909863 | AF50: -0.009100612 | AG50: 0.13608754 | AI50: -0.23094031 | AJ50: 0.13557131
A51: United Kingdom | B51: 0.3060316 | C51: 0.022152545 | E51: 0.30161921 | F51: 0.022292647 | H51: -0.0044123924 | I51: 0.026803893 | K51: 0.28963684 | L51: 0.026617683 | N51: 0.34427587 | O51: 0.032677896 | Q51: 0.054639028 | R51: 0.040067006 | T51: c | U51: c | W51: 0.30381927 | X51: 0.017728423 | Z51: c | AA51: c | AC51: 0.30264447 | AD51: 0.019449032 | AF51: 0.29340581 | AG51: 0.028614175 | AI51: -0.0092386554 | AJ51: 0.030987207
A52: United States* | B52: 0.1593723 | C52: 0.023310537 | E52: 0.13236284 | F52: 0.02680217 | H52: -0.027009457 | I52: 0.029513409 | K52: 0.1082731 | L52: 0.029415524 | N52: 0.25811161 | O52: 0.037721701 | Q52: 0.14983851 | R52: 0.04846971 | T52: 0.10748457 | U52: 0.055905139 | W52: 0.14920184 | X52: 0.021812019 | Z52: 0.041717266 | AA52: 0.061333356 | AC52: 0.16146255 | AD52: 0.022781939 | AF52: 0.092644565 | AG52: 0.033502584 | AI52: -0.068817983 | AJ52: 0.037700764
A53: OECD average | B53: 0.019476603 | C53: 0.0038935579 | E53: 0.0011880867 | F53: 0.0040052797 | H53: -0.018288516 | I53: 0.0048096506 | K53: 0.037609237 | L53: 0.0051885392 | N53: -0.002674315 | O53: 0.0053698327 | Q53: -0.040283552 | R53: 0.0070371195 | T53: 0.061996987 | U53: 0.0096840001 | W53: 0.0060745521 | X53: 0.0077578268 | Z53: -0.0819898 | AA53: 0.01487537 | AC53: 0.0046462803 | AD53: 0.0033980627 | AF53: -0.011969773 | AG53: 0.012078387 | AI53: -0.019175865 | AJ53: 0.012181808
A54: Partners
A55: Albania | B55: 0.66066947 | C55: 0.021584647 | E55: 0.77448308 | F55: 0.016746297 | H55: 0.11381361 | I55: 0.026011982 | K55: 0.69771399 | L55: 0.028150245 | N55: 0.73560795 | O55: 0.024137089 | Q55: 0.037893954 | R55: 0.035091313 | T55: 0.73294817 | U55: 0.027463737 | W55: 0.70695847 | X55: 0.018281263 | Z55: -0.025989695 | AA55: 0.034953429 | AC55: 0.72211095 | AD55: 0.014699103 | AF55: 0.23763679 | AG55: 0.23556671 | AI55: -0.48447416 | AJ55: 0.23637985
A56: Argentina | B56: 0.36569924 | C56: 0.025995698 | E56: 0.4140311 | F56: 0.02464949 | H56: 0.048331866 | I56: 0.023894072 | K56: 0.44980766 | L56: 0.031283594 | N56: 0.30746817 | O56: 0.030380915 | Q56: -0.14233948 | R56: 0.039908042 | T56: 0.45996097 | U56: 0.025498172 | W56: 0.35740437 | X56: 0.027662157 | Z56: -0.1025566 | AA56: 0.032544649 | AC56: 0.39433008 | AD56: 0.022349136 | AF56: 0.4085936 | AG56: 0.058755446 | AI56: 0.014263522 | AJ56: 0.061166615
A57: Baku (Azerbaijan) | B57: 0.47765768 | C57: 0.020121658 | E57: 0.52813274 | F57: 0.017147734 | H57: 0.050475062 | I57: 0.025129119 | K57: 0.50225803 | L57: 0.021537224 | N57: 0.50390302 | O57: 0.030961291 | Q57: 0.0016449918 | R57: 0.038107464 | T57: 0.46132377 | U57: 0.021517044 | W57: 0.52640732 | X57: 0.018277265 | Z57: 0.065083554 | AA57: 0.028671006 | AC57: 0.51344056 | AD57: 0.01427052 | AF57: 0.36091051 | AG57: 0.065456158 | AI57: -0.15253006 | AJ57: 0.066902952
A58: Belarus | B58: 0.355915 | C58: 0.022626319 | E58: 0.39357167 | F58: 0.022375679 | H58: 0.037656665 | I58: 0.023745351 | K58: 0.37715342 | L58: 0.026594689 | N58: 0.41998578 | O58: 0.034577687 | Q58: 0.042832367 | R58: 0.042435132 | T58: 0.36344966 | U58: 0.028139912 | W58: 0.38223286 | X58: 0.020024915 | Z58: 0.018783198 | AA58: 0.028940047 | AC58: 0.37840601 | AD58: 0.019557013 | AF58: 0.26785147 | AG58: 0.064283933 | AI58: -0.11055454 | AJ58: 0.063698123
A59: Bosnia and Herzegovina | B59: -0.024448504 | C59: 0.027341395 | E59: -0.034253817 | F59: 0.031248846 | H59: -0.0098053128 | I59: 0.033903375 | K59: 0.021088829 | L59: 0.028053864 | N59: -0.13045253 | O59: 0.033721008 | Q59: -0.15154136 | R59: 0.037834096 | T59: -0.044592894 | U59: 0.041671072 | W59: -0.026310461 | X59: 0.028028536 | Z59: 0.018282433 | AA59: 0.052096501 | AC59: -0.02988628 | AD59: 0.024458855 | AF59: 0.028502162 | AG59: 0.072888035 | AI59: 0.058388442 | AJ59: 0.07217183
A60: Brazil | B60: 0.44807133 | C60: 0.015318769 | E60: 0.41681429 | F60: 0.016438716 | H60: -0.031257036 | I60: 0.019715866 | K60: 0.46342876 | L60: 0.022995793 | N60: 0.44468558 | O60: 0.028052071 | Q60: -0.01874318 | R60: 0.034152817 | T60: 0.45746624 | U60: 0.027525653 | W60: 0.42423988 | X60: 0.01471915 | Z60: -0.033226352 | AA60: 0.032095374 | AC60: 0.4345414 | AD60: 0.012601952 | AF60: 0.27642304 | AG60: 0.10808973 | AI60: -0.15811836 | AJ60: 0.10814313
A61: Brunei Darussalam | B61: 0.2454283 | C61: 0.012799488 | E61: 0.20822744 | F61: 0.012984217 | H61: -0.037200859 | I61: 0.01758245 | K61: 0.15799031 | L61: 0.018179711 | N61: 0.29792501 | O61: 0.018315055 | Q61: 0.13993471 | R61: 0.024122623 | T61: 0.23365038 | U61: 0.1218806 | W61: 0.22692502 | X61: 0.0094965719 | Z61: -0.0067253632 | AA61: 0.1227407 | AC61: 0.2307681 | AD61: 0.010047098 | AF61: 0.20181947 | AG61: 0.036710744 | AI61: -0.028948633 | AJ61: 0.038967612
A62: B-S-J-Z (China) | B62: 0.35282005 | C62: 0.020315294 | E62: 0.373685 | F62: 0.020319088 | H62: 0.020864954 | I62: 0.020454126 | K62: 0.24788287 | L62: 0.032566308 | N62: 0.46000979 | O62: 0.023599177 | Q62: 0.21212692 | R62: 0.035507787 | T62: 0.41030399 | U62: 0.03727088 | W62: 0.33071859 | X62: 0.016481369 | Z62: -0.079585403 | AA62: 0.041016747 | AC62: 0.36395285 | AD62: 0.0177371 | AF62: c | AG62: c | AI62: c | AJ62: c
A63: Bulgaria | B63: 0.1034271 | C63: 0.027045103 | E63: 0.095480266 | F63: 0.027291306 | H63: -0.0079468302 | I63: 0.029996124 | K63: 0.20984756 | L63: 0.030327294 | N63: -0.032151765 | O63: 0.038423475 | Q63: -0.24199932 | R63: 0.046989481 | T63: c | U63: c | W63: 0.10048227 | X63: 0.022855189 | Z63: c | AA63: c | AC63: 0.10188227 | AD63: 0.023267773 | AF63: -0.14859274 | AG63: 0.19520285 | AI63: -0.25047501 | AJ63: 0.20080881
A64: Costa Rica | B64: 0.46035492 | C64: 0.018598137 | E64: 0.48119789 | F64: 0.025383958 | H64: 0.020842965 | I64: 0.029886331 | K64: 0.52707188 | L64: 0.02302113 | N64: 0.44588955 | O64: 0.040919351 | Q64: -0.081182326 | R64: 0.047845302 | T64: 0.42748397 | U64: 0.017916769 | W64: 0.52281329 | X64: 0.027428096 | Z64: 0.09532932 | AA64: 0.032239448 | AC64: 0.46989973 | AD64: 0.017728615 | AF64: 0.50305607 | AG64: 0.038545334 | AI64: 0.03315634 | AJ64: 0.040936439
A65: Croatia | B65: -0.2760979 | C65: 0.02358361 | E65: -0.41069816 | F65: 0.02422852 | H65: -0.13460027 | I65: 0.031223038 | K65: -0.34648572 | L65: 0.025675843 | N65: -0.364815 | O65: 0.027710733 | Q65: -0.018329279 | R65: 0.037933262 | T65: c | U65: c | W65: -0.34463746 | X65: 0.018131531 | Z65: c | AA65: c | AC65: -0.35100161 | AD65: 0.018972144 | AF65: -0.2951729 | AG65: 0.045262124 | AI65: 0.055828709 | AJ65: 0.047897545
A66: Cyprus | B66: -0.087953152 | C66: 0.020521295 | E66: -0.013196965 | F66: 0.017508467 | H66: 0.074756187 | I66: 0.025905014 | K66: -0.039502026 | L66: 0.034418488 | N66: -0.06627326 | O66: 0.029548714 | Q66: -0.026771235 | R66: 0.047573877 | T66: -0.044902182 | U66: 0.07593313 | W66: -0.051002203 | X66: 0.014296266 | Z66: -0.0061000216 | AA66: 0.077509938 | AC66: -0.062416468 | AD66: 0.014701665 | AF66: 0.03126735 | AG66: 0.037085635 | AI66: 0.093683819 | AJ66: 0.039065938
A67: Dominican Republic | B67: 0.54765125 | C67: 0.019452398 | E67: 0.60054367 | F67: 0.026606624 | H67: 0.052892415 | I67: 0.028447584 | K67: 0.64623666 | L67: 0.030001599 | N67: 0.50553905 | O67: 0.037491019 | Q67: -0.1406976 | R67: 0.042876847 | T67: 0.57717124 | U67: 0.023810102 | W67: 0.57274338 | X67: 0.024329655 | Z67: -0.0044278687 | AA67: 0.032078889 | AC67: 0.58336764 | AD67: 0.019904243 | AF67: 0.5392961 | AG67: 0.099563584 | AI67: -0.044071539 | AJ67: 0.10315736
A68: Georgia | B68: 0.29856724 | C68: 0.02305838 | E68: 0.2788258 | F68: 0.026006127 | H68: -0.019741433 | I68: 0.031237071 | K68: 0.3041655 | L68: 0.030763657 | N68: 0.30474639 | O68: 0.030066368 | Q68: 0.0005808916 | R68: 0.041407181 | T68: 0.30988635 | U68: 0.040232725 | W68: 0.28527857 | X68: 0.021621542 | Z68: -0.024607786 | AA68: 0.047278039 | AC68: 0.2938806 | AD68: 0.019529041 | AF68: -0.015271243 | AG68: 0.11881264 | AI68: -0.30915184 | AJ68: 0.11953922
A69: Hong Kong (China)* | B69: 0.013515267 | C69: 0.024147978 | E69: -0.047679317 | F69: 0.02428405 | H69: -0.061194584 | I69: 0.029670545 | K69: -0.020960021 | L69: 0.033604961 | N69: -0.019644635 | O69: 0.035496981 | Q69: 0.0013153864 | R69: 0.04700531 | T69: 0.024661238 | U69: 0.029152608 | W69: -0.036701202 | X69: 0.023494509 | Z69: -0.06136244 | AA69: 0.035682931 | AC69: -0.025195213 | AD69: 0.020170925 | AF69: 0.005613426 | AG69: 0.029046441 | AI69: 0.030808639 | AJ69: 0.029809152
A70: Indonesia | B70: 0.37737516 | C70: 0.018219977 | E70: 0.3997627 | F70: 0.020644672 | H70: 0.022387545 | I70: 0.024238995 | K70: 0.39216548 | L70: 0.033328921 | N70: 0.34034944 | O70: 0.036596134 | Q70: -0.051816039 | R70: 0.049061922 | T70: 0.40891213 | U70: 0.018936994 | W70: 0.37230406 | X70: 0.02336254 | Z70: -0.036608066 | AA70: 0.030227443 | AC70: 0.39280894 | AD70: 0.015420049 | AF70: -0.38749122 | AG70: 0.29239235 | AI70: -0.78030016 | AJ70: 0.29076784
A71: Jordan | B71: 0.52517241 | C71: 0.028796922 | E71: 0.67188367 | F71: 0.025561112 | H71: 0.14671126 | I71: 0.038749167 | K71: 0.56290813 | L71: 0.03614876 | N71: 0.62018816 | O71: 0.030571772 | Q71: 0.057280026 | R71: 0.044409408 | T71: 0.60086788 | U71: 0.018971893 | W71: m | X71: m | Z71: m | AA71: m | AC71: 0.60720637 | AD71: 0.021585613 | AF71: 0.61654732 | AG71: 0.03096764 | AI71: 0.0093409448 | AJ71: 0.037196961
A72: Kazakhstan | B72: 0.29458006 | C72: 0.012723059 | E72: 0.39963433 | F72: 0.013567496 | H72: 0.10505427 | I72: 0.016158521 | K72: 0.33189659 | L72: 0.015358914 | N72: 0.40349109 | O72: 0.017796423 | Q72: 0.071594498 | R72: 0.019857083 | T72: 0.29015231 | U72: 0.015867659 | W72: 0.41433448 | X72: 0.016063172 | Z72: 0.12418217 | AA72: 0.021021006 | AC72: 0.34761243 | AD72: 0.011217467 | AF72: 0.33421207 | AG72: 0.028273336 | AI72: -0.013400352 | AJ72: 0.030799574
A73: Kosovo | B73: 0.42316176 | C73: 0.019766098 | E73: 0.54177899 | F73: 0.017721836 | H73: 0.11861723 | I73: 0.025129787 | K73: 0.52349209 | L73: 0.025204686 | N73: 0.42693097 | O73: 0.029680528 | Q73: -0.09656112 | R73: 0.039130585 | T73: 0.53252671 | U73: 0.029328304 | W73: 0.46797199 | X73: 0.016223791 | Z73: -0.064554717 | AA73: 0.034098692 | AC73: 0.48596541 | AD73: 0.013875228 | AF73: 0.37654227 | AG73: 0.14072797 | AI73: -0.10942314 | AJ73: 0.14123012
A74: Lebanon | B74: m | C74: m | E74: m | F74: m | H74: m | I74: m | K74: m | L74: m | N74: m | O74: m | Q74: m | R74: m | T74: m | U74: m | W74: m | X74: m | Z74: m | AA74: m | AC74: m | AD74: m | AF74: m | AG74: m | AI74: m | AJ74: m
A75: Macao (China) | B75: -0.069126534 | C75: 0.018382872 | E75: -0.093393463 | F75: 0.016670382 | H75: -0.024266929 | I75: 0.024583549 | K75: -0.11184123 | L75: 0.027489532 | N75: -0.11113232 | O75: 0.029416251 | Q75: 0.00070890846 | R75: 0.043187607 | T75: -0.037097397 | U75: 0.019286071 | W75: -0.1115952 | X75: 0.017460166 | Z75: -0.0744978 | AA75: 0.026905662 | AC75: -0.16794732 | AD75: 0.023384761 | AF75: -0.029019496 | AG75: 0.017845047 | AI75: 0.13892782 | AJ75: 0.031697742
A76: Malaysia | B76: 0.3758878 | C76: 0.026162412 | E76: 0.43471504 | F76: 0.018878491 | H76: 0.058827231 | I76: 0.024480371 | K76: 0.40566356 | L76: 0.030004541 | N76: 0.43157332 | O76: 0.028284046 | Q76: 0.025909759 | R76: 0.0395716 | T76: 0.048085005 | U76: 0.066529174 | W76: 0.42709403 | X76: 0.017815226 | Z76: 0.37900903 | AA76: 0.063157269 | AC76: 0.41330458 | AD76: 0.019505659 | AF76: 0.39073989 | AG76: 0.074561598 | AI76: -0.022564689 | AJ76: 0.072524977
A77: Malta | B77: 0.32110686 | C77: 0.024188462 | E77: 0.36099552 | F77: 0.022231474 | H77: 0.03988866 | I77: 0.028840707 | K77: 0.33872035 | L77: 0.032234207 | N77: 0.32806294 | O77: 0.037395903 | Q77: -0.010657411 | R77: 0.051781264 | T77: c | U77: c | W77: 0.34066828 | X77: 0.018349732 | Z77: c | AA77: c | AC77: 0.34426204 | AD77: 0.018603769 | AF77: 0.35603656 | AG77: 0.06719428 | AI77: 0.011774522 | AJ77: 0.069596361
A78: Moldova | B78: 0.43961633 | C78: 0.024503055 | E78: 0.4862374 | F78: 0.021857429 | H78: 0.046621067 | I78: 0.02253927 | K78: 0.48276678 | L78: 0.026469647 | N78: 0.4139102 | O78: 0.034386497 | Q78: -0.068856575 | R78: 0.037931343 | T78: 0.47279948 | U78: 0.021020815 | W78: 0.37601556 | X78: 0.050079445 | Z78: -0.096783919 | AA78: 0.051676373 | AC78: 0.46794491 | AD78: 0.020955986 | AF78: 0.34465305 | AG78: 0.12853972 | AI78: -0.12329186 | AJ78: 0.12566664
A79: Montenegro | B79: 0.11450246 | C79: 0.021523505 | E79: 0.1241564 | F79: 0.019569307 | H79: 0.0096539356 | I79: 0.030316732 | K79: 0.23818489 | L79: 0.022447788 | N79: -0.015731646 | O79: 0.026331695 | Q79: -0.25391653 | R79: 0.030596428 | T79: 0.11008034 | U79: 0.11020731 | W79: 0.11950247 | X79: 0.013635552 | Z79: 0.0094221297 | AA79: 0.1099626 | AC79: 0.13202444 | AD79: 0.014263634 | AF79: -0.092398327 | AG79: 0.069541608 | AI79: -0.22442276 | AJ79: 0.072154194
A80: Morocco | B80: 0.090397724 | C80: 0.021535144 | E80: 0.082829369 | F80: 0.025659765 | H80: -0.0075683557 | I80: 0.024858772 | K80: 0.15322589 | L80: 0.031230529 | N80: 0.010615116 | O80: 0.040664404 | Q80: -0.14261078 | R80: 0.049132836 | T80: 0.16763769 | U80: 0.020473952 | W80: -0.0024793068 | X80: 0.036932816 | Z80: -0.17011699 | AA80: 0.043675057 | AC80: 0.091019825 | AD80: 0.020638522 | AF80: -0.17648719 | AG80: 0.12418264 | AI80: -0.26750701 | AJ80: 0.12522001
A81: North Macedonia | B81: m | C81: m | E81: m | F81: m | H81: m | I81: m | K81: m | L81: m | N81: m | O81: m | Q81: m | R81: m | T81: m | U81: m | W81: m | X81: m | Z81: m | AA81: m | AC81: m | AD81: m | AF81: m | AG81: m | AI81: m | AJ81: m
A82: Panama | B82: 0.35155345 | C82: 0.023123433 | E82: 0.3053202 | F82: 0.022455985 | H82: -0.046233251 | I82: 0.02794674 | K82: 0.44697032 | L82: 0.027390881 | N82: 0.21087403 | O82: 0.033685113 | Q82: -0.23609629 | R82: 0.043065438 | T82: 0.43122465 | U82: 0.02942714 | W82: 0.2885518 | X82: 0.021075437 | Z82: -0.14267286 | AA82: 0.035245149 | AC82: 0.33045989 | AD82: 0.017098465 | AF82: 0.24961593 | AG82: 0.090904473 | AI82: -0.080843954 | AJ82: 0.089082565
A83: Peru | B83: 0.38893671 | C83: 0.020630356 | E83: 0.38035725 | F83: 0.020131057 | H83: -0.0085794575 | I83: 0.02600479 | K83: 0.4618839 | L83: 0.027290487 | N83: 0.30398389 | O83: 0.031326485 | Q83: -0.15790001 | R83: 0.041560323 | T83: 0.47564617 | U83: 0.029027219 | W83: 0.36022417 | X83: 0.017347398 | Z83: -0.115422 | AA83: 0.032666137 | AC83: 0.3871477 | AD83: 0.015784944 | AF83: c | AG83: c | AI83: c | AJ83: c
A84: Philippines | B84: 0.40622316 | C84: 0.020045405 | E84: 0.51220564 | F84: 0.020180725 | H84: 0.10598248 | I84: 0.020451079 | K84: 0.39624432 | L84: 0.023140187 | N84: 0.43637243 | O84: 0.033545305 | Q84: 0.040128111 | R84: 0.037790008 | T84: 0.4659332 | U84: 0.017407057 | W84: -0.013617691 | X84: 0.16225783 | Z84: -0.47955089 | AA84: 0.16376162 | AC84: 0.47838567 | AD84: 0.01806078 | AF84: 0.046501511 | AG84: 0.1129721 | AI84: -0.43188416 | AJ84: 0.11703522
A85: Qatar | B85: 0.29609867 | C85: 0.012622255 | E85: 0.45332421 | F85: 0.009824192 | H85: 0.15722554 | I85: 0.015376767 | K85: 0.34640549 | L85: 0.018226702 | N85: 0.37401529 | O85: 0.014739841 | Q85: 0.027609803 | R85: 0.023696121 | T85: 0.32681105 | U85: 0.019252446 | W85: 0.39171737 | X85: 0.0090890148 | Z85: 0.064906325 | AA85: 0.021312712 | AC85: 0.35675757 | AD85: 0.013502119 | AF85: 0.39817881 | AG85: 0.01074136 | AI85: 0.041421241 | AJ85: 0.01805833
A86: Romania | B86: 0.21145022 | C86: 0.024986148 | E86: 0.23707746 | F86: 0.031144569 | H86: 0.025627246 | I86: 0.030993825 | K86: 0.23756153 | L86: 0.042556094 | N86: 0.16919838 | O86: 0.041005785 | Q86: -0.068363151 | R86: 0.056180999 | T86: 0.42003555 | U86: 0.070801216 | W86: 0.20995853 | X86: 0.024076816 | Z86: -0.21007702 | AA86: 0.072558014 | AC86: 0.22313941 | AD86: 0.024548123 | AF86: c | AG86: c | AI86: c | AJ86: c
A87: Russia | B87: 0.16485312 | C87: 0.033358396 | E87: 0.23433872 | F87: 0.022901297 | H87: 0.069485605 | I87: 0.02472364 | K87: 0.25397546 | L87: 0.039339515 | N87: 0.15036561 | O87: 0.029503485 | Q87: -0.10360985 | R87: 0.043244406 | T87: 0.18576258 | U87: 0.027014569 | W87: 0.31163211 | X87: 0.040447124 | Z87: 0.12586953 | AA87: 0.043202933 | AC87: 0.20314233 | AD87: 0.02625001 | AF87: 0.15597837 | AG87: 0.0510329 | AI87: -0.047163959 | AJ87: 0.048289298
A88: Saudi Arabia | B88: 0.51976042 | C88: 0.02989108 | E88: 0.56620046 | F88: 0.029295296 | H88: 0.046440041 | I88: 0.041956236 | K88: 0.52427832 | L88: 0.031154389 | N88: 0.59599631 | O88: 0.035465629 | Q88: 0.071717993 | R88: 0.04284767 | T88: 0.51458011 | U88: 0.036088662 | W88: 0.54889695 | X88: 0.023247438 | Z88: 0.03431684 | AA88: 0.040929791 | AC88: 0.53950656 | AD88: 0.021548548 | AF88: 0.63360578 | AG88: 0.039852127 | AI88: 0.094099224 | AJ88: 0.041384025
A89: Serbia | B89: 0.039668262 | C89: 0.022048666 | E89: 0.035809225 | F89: 0.029661733 | H89: -0.0038590378 | I89: 0.030690137 | K89: 0.11074397 | L89: 0.029365607 | N89: -0.026652443 | O89: 0.03546333 | Q89: -0.13739641 | R89: 0.042748368 | T89: c | U89: c | W89: 0.035855665 | X89: 0.021501984 | Z89: c | AA89: c | AC89: 0.040413228 | AD89: 0.020293725 | AF89: 0.024806459 | AG89: 0.060268049 | AI89: -0.015606769 | AJ89: 0.055281833
A90: Singapore | B90: 0.26947403 | C90: 0.014931968 | E90: 0.21839162 | F90: 0.014863164 | H90: -0.05108241 | I90: 0.019332753 | K90: 0.21691526 | L90: 0.021254615 | N90: 0.25536917 | O90: 0.024648169 | Q90: 0.038453914 | R90: 0.031240522 | T90: 0.28167782 | U90: 0.13597887 | W90: 0.24406388 | X90: 0.011486095 | Z90: -0.037613933 | AA90: 0.13815141 | AC90: 0.23451369 | AD90: 0.012377668 | AF90: 0.28686956 | AG90: 0.021351034 | AI90: 0.052355869 | AJ90: 0.023712435
A91: Chinese Taipei | B91: 0.019823533 | C91: 0.018533128 | E91: 0.067200497 | F91: 0.017874265 | H91: 0.047376964 | I91: 0.020364822 | K91: 0.015905998 | L91: 0.027050615 | N91: 0.075946119 | O91: 0.026803677 | Q91: 0.060040122 | R91: 0.036318789 | T91: 0.14664385 | U91: 0.021205924 | W91: -0.013986626 | X91: 0.019872397 | Z91: -0.16063048 | AA91: 0.028389339 | AC91: 0.042935773 | AD91: 0.015205375 | AF91: 0.093939472 | AG91: 0.11043329 | AI91: 0.0510037 | AJ91: 0.10948043
A92: Thailand | B92: 0.33076435 | C92: 0.025824823 | E92: 0.32925363 | F92: 0.02634012 | H92: -0.0015107225 | I92: 0.025876062 | K92: 0.32752893 | L92: 0.030821742 | N92: 0.27622293 | O92: 0.044158738 | Q92: -0.051306003 | R92: 0.048402415 | T92: 0.34207651 | U92: 0.03573391 | W92: 0.32677471 | X92: 0.023777464 | Z92: -0.015301797 | AA92: 0.034898804 | AC92: 0.33156041 | AD92: 0.023107918 | AF92: 0.13150338 | AG92: 0.16672483 | AI92: -0.20005703 | AJ92: 0.16851052
A93: Ukraine | B93: m | C93: m | E93: m | F93: m | H93: m | I93: m | K93: m | L93: m | N93: m | O93: m | Q93: m | R93: m | T93: m | U93: m | W93: m | X93: m | Z93: m | AA93: m | AC93: m | AD93: m | AF93: m | AG93: m | AI93: m | AJ93: m
A94: United Arab Emirates | B94: 0.32778701 | C94: 0.015844836 | E94: 0.42171164 | F94: 0.020100392 | H94: 0.093924637 | I94: 0.025614368 | K94: 0.39793922 | L94: 0.018581829 | N94: 0.36412622 | O94: 0.027640797 | Q94: -0.033813001 | R94: 0.031006546 | T94: 0.33378632 | U94: 0.026811098 | W94: 0.38160752 | X94: 0.015155067 | Z94: 0.047821199 | AA94: 0.03646546 | AC94: 0.39825126 | AD94: 0.013848087 | AF94: 0.36946837 | AG94: 0.018859322 | AI94: -0.028782882 | AJ94: 0.023046526
A95: Uruguay | B95: 0.27136738 | C95: 0.030776188 | E95: 0.26935839 | F95: 0.026608572 | H95: -0.0020089837 | I95: 0.029885551 | K95: 0.34774967 | L95: 0.031102276 | N95: 0.19363863 | O95: 0.045805674 | Q95: -0.15411104 | R95: 0.053471517 | T95: 0.3839972 | U95: 0.029295157 | W95: 0.21267792 | X95: 0.032084332 | Z95: -0.17131928 | AA95: 0.04217509 | AC95: 0.26712069 | AD95: 0.02507931 | AF95: 0.32990694 | AG95: 0.12490293 | AI95: 0.062786248 | AJ95: 0.12256262
A96: Viet Nam | B96: 0.3969778 | C96: 0.020267668 | E96: 0.36567874 | F96: 0.024012332 | H96: -0.031299063 | I96: 0.024616153 | K96: 0.35794673 | L96: 0.030377753 | N96: 0.38508355 | O96: 0.031091551 | Q96: 0.027136819 | R96: 0.03954397 | T96: 0.27157076 | U96: 0.082402079 | W96: 0.38646832 | X96: 0.019161695 | Z96: 0.11489756 | AA96: 0.085180756 | AC96: 0.38259881 | AD96: 0.019066809 | AF96: c | AG96: c | AI96: c | AJ96: c
A101: Information on data for Cyprus: https://oe.cd/cyprus-disclaimer
A102: *Data did not meet the PISA technical standards but were accepted as largely comparable (see Annexes A2 and A4).
A104: 1. A socio-economically disadvantaged (advantaged) student is a student in the bottom (top) quarter of the PISA index of economic, social and cultural status (ESCS) in his or her own country/economy.
A105: Notes: Values that are statistically significant are indicated in bold (see Annex A3).
A106: Information regarding the proportion of the sample covered is shown next to the standard error. No symbol means at least 75% of the population was covered; one dagger (†) means at least 50% but less than 75%; and one double-dagger (‡) means less than 50% was covered. For comparisons across cycles, the coverage information corresponds to the cycle with the lowest sample coverage.

Sheet Table III.B1.6.6
A1: PISA 2018 Results (Volume III) - © OECD 2019
A2: Annex B1 | B2: Annex B1.6 Results (tables): Teachers' support and teaching practices
A3: Version 2 - Last updated: 02-Dec-2019
A4: Disclaimer: http://oe.cd/disclaimer
A6: Table III.B1.6.6
A7: Teacher support, by school characteristics
A8: Based on students' reports
B11: Index of teacher support, by the following school characteristics: | AR11: Variation in the index of teacher support
B12: School socio-economic profile1 | N12: School location | Z12: School type | AI12: Concentration of immigrant students2
B13: Disadvantaged schools | E13: Socio-economically average schools | H13: Advantaged schools | K13: Advantaged -disadvantaged schools | N13: Rural area or village (fewer than 3 000 people) | Q13: Town (3 000 to 100 000 people) | T13: City (over 100 000 people) | W13: City - rural area | Z13: Public | AC13: Private | AF13: Private - public | AI13: Low concentration | AL13: High concentration | AO13: High concentration - low concentration | AR13: Total variation3 | AU13: Variation between schools4 | AX13: Variation within schools | BA13: Proportion of variation that lies between schools
B14: Mean index | C14: S.E. | E14: Mean index | F14: S.E. | H14: Mean index | I14: S.E. | K14: Dif. | L14: S.E. | N14: Mean index | O14: S.E. | Q14: Mean index | R14: S.E. | T14: Mean index | U14: S.E. | W14: Dif. | X14: S.E. | Z14: Mean index | AA14: S.E. | AC14: Mean index | AD14: S.E. | AF14: Dif. | AG14: S.E. | AI14: Mean index | AJ14: S.E. | AL14: Mean index | AM14: S.E. | AO14: Dif. | AP14: S.E. | AR14: Variance | AS14: S.E. | AU14: Variance | AV14: S.E. | AX14: Variance | AY14: S.E. | BA14: %
A15: OECD
A16: Australia | B16: 0.14670049 | C16: 0.030287562 | E16: 0.27748297 | F16: 0.016091863 | H16: 0.3062235 | I16: 0.02655324 | K16: 0.15952301 | L16: 0.039047157 | N16: 0.17889175 | O16: 0.076038344 | Q16: 0.22753143 | R16: 0.024907267 | T16: 0.26494692 | U16: 0.015565245 | W16: 0.086055166 | X16: 0.07659767 | Z16: 0.19578146 | AA16: 0.015169937 | AC16: 0.33369872 | AD16: 0.020096813 | AF16: 0.13791726 | AG16: 0.024778509 | AI16: 0.23341555 | AJ16: 0.026735278 | AL16: 0.25916816 | AM16: 0.014425189 | AO16: 0.025752608 | AP16: 0.030897505 | AR16: 0.93489474 | AS16: 0.020801721 | AU16: 0.04267726 | AV16: 0.0058496212 | AX16: 0.89221751 | AY16: 0.0149521 | BA16: 4.5649266
A17: Austria | B17: -0.16104659 | C17: 0.042813527 | E17: -0.46750093 | F17: 0.030664176 | H17: -0.67853243 | I17: 0.036720954 | K17: -0.51748585 | L17: 0.055136053 | N17: -0.27933345 | O17: 0.083199813 | Q17: -0.46193274 | R17: 0.030848848 | T17: -0.43460399 | U17: 0.041663022 | W17: -0.15527055 | X17: 0.093566642 | Z17: -0.43478754 | AA17: 0.022749204 | AC17: -0.49407556 | AD17: 0.087391981 | AF17: -0.05928803 | AG17: 0.093418399 | AI17: -0.44374712 | AJ17: 0.040959258 | AL17: -0.4482485 | AM17: 0.026081893 | AO17: -0.0045013871 | AP17: 0.051340186 | AR17: 1.1713145 | AS17: 0.034275249 | AU17: 0.09137155 | AV17: 0.011562193 | AX17: 1.0799429 | AY17: 0.022713056 | BA17: 7.8007703
A18: Belgium | B18: -0.014587748 | C18: 0.036436592 | E18: -0.17346757 | F18: 0.025225206 | H18: -0.29691697 | I18: 0.035549147 | K18: -0.28232922 | L18: 0.052265253 | N18: c | O18: c | Q18: -0.1767357 | R18: 0.021800051 | T18: -0.12398336 | U18: 0.028666275 | W18: c | X18: c | Z18: m | AA18: m | AC18: m | AD18: m | AF18: m | AG18: m | AI18: -0.18569077 | AJ18: 0.02525736 | AL18: -0.14646271 | AM18: 0.026062385 | AO18: 0.039228057 | AP18: 0.038680097 | AR18: 0.97781706 | AS18: 0.024031075 | AU18: 0.05413517 | AV18: 0.0086761407 | AX18: 0.92368189 | AY18: 0.015354934 | BA18: 5.5363288
A19: Canada | B19: m | C19: m | E19: m | F19: m | H19: m | I19: m | K19: m | L19: m | N19: m | O19: m | Q19: m | R19: m | T19: m | U19: m | W19: m | X19: m | Z19: m | AA19: m | AC19: m | AD19: m | AF19: m | AG19: m | AI19: m | AJ19: m | AL19: m | AM19: m | AO19: m | AP19: m | AR19: m | AS19: m | AU19: m | AV19: m | AX19: m | AY19: m | BA19: m
A20: Chile | B20: 0.53679881 | C20: 0.033213649 | E20: 0.43579564 | F20: 0.030223692 | H20: 0.34345014 | I20: 0.0438877 | K20: -0.19334866 | L20: 0.054588841 | N20: 0.48252435 | O20: 0.14969634 | Q20: 0.48890798 | R20: 0.034935134 | T20: 0.39339201 | U20: 0.029737477 | W20: -0.089132343 | X20: 0.15309006 | Z20: 0.40759502 | AA20: 0.037007455 | AC20: 0.45268964 | AD20: 0.025847066 | AF20: 0.045094622 | AG20: 0.045892089 | AI20: 0.44851441 | AJ20: 0.021946447 | AL20: 0.34454173 | AM20: 0.062258725 | AO20: -0.10397268 | AP20: 0.065418998 | AR20: 0.81506222 | AS20: 0.028377378 | AU20: 0.068155246 | AV20: 0.0090827332 | AX20: 0.74690699 | AY20: 0.019294646 | BA20: 8.361968
A21: Colombia | B21: 0.30846458 | C21: 0.032530993 | E21: 0.36087352 | F21: 0.024773996 | H21: 0.33404791 | I21: 0.042620509 | K21: 0.025583328 | L21: 0.053843814 | N21: 0.35168147 | O21: 0.050237749 | Q21: 0.32395745 | R21: 0.032000396 | T21: 0.34734763 | U21: 0.023992552 | W21: -0.004333841 | X21: 0.05600671 | Z21: 0.33672281 | AA21: 0.018709058 | AC21: 0.35629353 | AD21: 0.049107593 | AF21: 0.019570718 | AG21: 0.050804214 | AI21: 0.34053714 | AJ21: 0.01858889 | AL21: m | AM21: m | AO21: m | AP21: m | AR21: 0.78429198 | AS21: 0.020865867 | AU21: 0.039121319 | AV21: 0.0053249353 | AX21: 0.74517066 | AY21: 0.015540931 | BA21: 4.9881063
A22: Czech Republic | B22: -0.15988455 | C22: 0.044618929 | E22: -0.22955304 | F22: 0.03231255 | H22: -0.25357052 | I22: 0.039029924 | K22: -0.093685971 | L22: 0.0575767 | N22: -0.093461897 | O22: 0.063722533 | Q22: -0.22490522 | R22: 0.029838079 | T22: -0.22955817 | U22: 0.044950398 | W22: -0.13609627 | X22: 0.080545496 | Z22: -0.21870791 | AA22: 0.023500495 | AC22: -0.15807067 | AD22: 0.096661011 | AF22: 0.060637247 | AG22: 0.099331331 | AI22: -0.2096645 | AJ22: 0.022122291 | AL22: -0.28278441 | AM22: 0.095951351 | AO22: -0.073119912 | AP22: 0.099537405 | AR22: 0.95141566 | AS22: 0.033469543 | AU22: 0.095607946 | AV22: 0.012705786 | AX22: 0.85580769 | AY22: 0.020763757 | BA22: 10.04902
A23: Denmark | B23: 0.091222221 | C23: 0.032406587 | E23: 0.15801896 | F23: 0.026282799 | H23: 0.15350851 | I23: 0.034747272 | K23: 0.062286287 | L23: 0.046685328 | N23: 0.21946917 | O23: 0.044626861 | Q23: 0.14875914 | R23: 0.022460477 | T23: 0.028967184 | U23: 0.06219426 | W23: -0.19050199 | X23: 0.076070239 | Z23: 0.096972777 | AA23: 0.020369164 | AC23: 0.2563639 | AD23: 0.038186027 | AF23: 0.15939113 | AG23: 0.041997319 | AI23: 0.1858603 | AJ23: 0.021440025 | AL23: 0.043359494 | AM23: 0.028271929 | AO23: -0.1425008 | AP23: 0.032019555 | AR23: 0.71871644 | AS23: 0.021017663 | AU23: 0.040228009 | AV23: 0.0064329422 | AX23: 0.67848845 | AY23: 0.014584722 | BA23: 5.5972018
A24: Estonia | B24: -0.064510864 | C24: 0.032122599 | E24: -0.13607306 | F24: 0.021587576 | H24: -0.11419994 | I24: 0.036199403 | K24: -0.049689078 | L24: 0.04723061 | N24: 0.026741794 | O24: 0.036632659 | Q24: -0.13502533 | R24: 0.02279257 | T24: -0.18535741 | U24: 0.027785447 | W24: -0.2120992 | X24: 0.045510618 | Z24: -0.12474735 | AA24: 0.015175693 | AC24: 0.18501111 | AD24: 0.10770091 | AF24: 0.30975846 | AG24: 0.10635585 | AI24: -0.080262874 | AJ24: 0.020220513 | AL24: -0.17241366 | AM24: 0.027475328 | AO24: -0.092150784 | AP24: 0.034271697 | AR24: 0.87133735 | AS24: 0.030944789 | AU24: 0.072238873 | AV24: 0.010918808 | AX24: 0.7990985 | AY24: 0.020025981 | BA24: 8.2905741
A25: Finland | B25: 0.16754408 | C25: 0.033247471 | E25: 0.19951277 | F25: 0.028439761 | H25: 0.27742415 | I25: 0.031444739 | K25: 0.10988006 | L25: 0.048003311 | N25: 0.27335853 | O25: 0.089089486 | Q25: 0.20783264 | R25: 0.023178624 | T25: 0.20532593 | U25: 0.03313448 | W25: -0.068032603 | X25: 0.096915089 | Z25: 0.20715676 | AA25: 0.017968138 | AC25: 0.31242842 | AD25: 0.07578879 | AF25: 0.10527166 | AG25: 0.077419969 | AI25: 0.21713378 | AJ25: 0.020311869 | AL25: 0.18193487 | AM25: 0.041329015 | AO25: -0.035198909 | AP25: 0.048279195 | AR25: 0.82048744 | AS25: 0.02557452 | AU25: 0.041178058 | AV25: 0.0073449674 | AX25: 0.77930936 | AY25: 0.018229552 | BA25: 5.0187311
A26: France | B26: -0.03635817 | C26: 0.038461484 | E26: -0.22921221 | F26: 0.02918869 | H26: -0.38135571 | I26: 0.037787349 | K26: -0.34499754 | L26: 0.055490165 | N26: -0.047019773 | O26: 0.12460731 | Q26: -0.20581607 | R26: 0.023964959 | T26: -0.29818806 | U26: 0.041738605 | W26: -0.25116829 | X26: 0.1243358 | Z26: -0.2333701 | AA26: 0.020736014 | AC26: -0.17254992 | AD26: 0.040992371 | AF26: 0.060820187 | AG26: 0.044210469 | AI26: -0.23644155 | AJ26: 0.026301573 | AL26: -0.19712105 | AM26: 0.032563357 | AO26: 0.0393205 | AP26: 0.044252132 | AR26: w | AS26: w | AU26: w | AV26: w | AX26: w | AY26: w | BA26: w
A27: Germany | B27: 0.021218126 | C27: 0.032507849 | E27: -0.26238738 | F27: 0.03074351 | H27: -0.41288946 | I27: 0.038366149 | K27: -0.43410758 | L27: 0.048915102 | N27: c | O27: c | Q27: -0.25261152 | R27: 0.026185771 | T27: -0.22164976 | U27: 0.04647158 | W27: c | X27: c | Z27: -0.23696893 | AA27: 0.021344358 | AC27: -0.46561725 | AD27: 0.088938772 | AF27: -0.22864832 | AG27: 0.093859738 | AI27: -0.38454263 | AJ27: 0.03885172 | AL27: -0.18649596 | AM27: 0.021802914 | AO27: 0.19804667 | AP27: 0.046442962 | AR27: 0.99121356 | AS27: 0.033096485 | AU27: 0.069756768 | AV27: 0.010529392 | AX27: 0.9214568 | AY27: 0.022567092 | BA27: 7.0375113
A28: Greece | B28: 0.025880571 | C28: 0.048413234 | E28: -0.22860906 | F28: 0.025154523 | H28: -0.24699923 | I28: 0.044266044 | K28: -0.2728798 | L28: 0.060423141 | N28: 0.070955537 | O28: 0.052646504 | Q28: -0.2063841 | R28: 0.027332359 | T28: -0.17771675 | U28: 0.040552628 | W28: -0.24867229 | X28: 0.066520368 | Z28: -0.18949416 | AA28: 0.020401112 | AC28: 0.17621937 | AD28: 0.11456207 | AF28: 0.36571353 | AG28: 0.11576535 | AI28: -0.17371221 | AJ28: 0.028218471 | AL28: -0.16680121 | AM28: 0.031524557 | AO28: 0.0069109942 | AP28: 0.043093469 | AR28: 0.97633207 | AS28: 0.03122879 | AU28: 0.062120357 | AV28: 0.0094907439 | AX28: 0.9142117 | AY28: 0.021738046 | BA28: 6.3626261
A29: Hungary | B29: -0.086485079 | C29: 0.040569474 | E29: -0.17052724 | F29: 0.031901228 | H29: -0.20205181 | I29: 0.045117005 | K29: -0.11556673 | L29: 0.061053986 | N29: -0.10149873 | O29: 0.079099862 | Q29: -0.13916221 | R29: 0.028169507 | T29: -0.18778011 | U29: 0.035349129 | W29: -0.086281373 | X29: 0.084531909 | Z29: -0.16288086 | AA29: 0.02513688 | AC29: -0.14280083 | AD29: 0.047722816 | AF29: 0.02008003 | AG29: 0.056333806 | AI29: -0.1598671 | AJ29: 0.022002687 | AL29: -0.12421426 | AM29: 0.071381008 | AO29: 0.035652835 | AP29: 0.073663319 | AR29: 0.98458838 | AS29: 0.027118504 | AU29: 0.054864158 | AV29: 0.0095933652 | AX29: 0.92972422 | AY29: 0.017525139 | BA29: 5.5722938
A30: Iceland | B30: 0.20919524 | C30: 0.030561933 | E30: 0.15731063 | F30: 0.023581221 | H30: 0.32053182 | I30: 0.033726315 | K30: 0.11133658 | L30: 0.04481657 | N30: 0.24683882 | O30: 0.034945123 | Q30: 0.17304374 | R30: 0.02419323 | T30: 0.26182601 | U30: 0.025961013 | W30: 0.01498719 | X30: 0.04038397 | Z30: 0.21377749 | AA30: 0.016704331 | AC30: c | AD30: c | AF30: c | AG30: c | AI30: 0.19721369 | AJ30: 0.020088567 | AL30: 0.26836588 | AM30: 0.036643086 | AO30: 0.071152185 | AP30: 0.045072267 | AR30: 0.89667779 | AS30: 0.039761905 | AU30: 0.0467441 | AV30: 0.01064768 | AX30: 0.8499337 | AY30: 0.029114224 | BA30: 5.2130318
A31: Ireland | B31: 0.19207723 | C31: 0.031864915 | E31: 0.14129876 | F31: 0.031377316 | H31: 0.15569286 | I31: 0.036571012 | K31: -0.036384375 | L31: 0.047986142 | N31: 0.25978535 | O31: 0.038187628 | Q31: 0.14865705 | R31: 0.024333102 | T31: 0.098463849 | U31: 0.049472536 | W31: -0.1613215 | X31: 0.062250555 | Z31: 0.16903049 | AA31: 0.030407698 | AC31: 0.14780966 | AD31: 0.027922368 | AF31: -0.021220829 | AG31: 0.041201316 | AI31: 0.11620835 | AJ31: 0.038147754 | AL31: 0.17441451 | AM31: 0.021806011 | AO31: 0.058206158 | AP31: 0.040475229 | AR31: 0.96857548 | AS31: 0.027832896 | AU31: 0.035079002 | AV31: 0.0074937544 | AX31: 0.93349647 | AY31: 0.020339141 | BA31: 3.6217108
A32: Israel | B32: 0.19429721 | C32: 0.063371631 | E32: -0.15845131 | F32: 0.038494064 | H32: -0.29295922 | I32: 0.085394683 | J32: † | K32: -0.48725644 | L32: 0.098467699 | M32: † | N32: -0.013991166 | O32: 0.10452166 | Q32: -0.014684258 | R32: 0.04741268 | T32: -0.25156956 | U32: 0.04720355 | V32: † | W32: -0.2375784 | X32: 0.11101911 | Y32: † | Z32: -0.093975227 | AA32: 0.028358293 | AC32: m | AD32: m | AF32: m | AG32: m | AI32: -0.0018746466 | AJ32: 0.043674838 | AL32: -0.17864592 | AM32: 0.040794625 | AO32: -0.17677127 | AP32: 0.061636543 | AR32: 1.1801368 | AS32: 0.042006765 | AU32: 0.14655327 | AV32: 0.017311386 | AX32: 1.0335835 | AY32: 0.02469538 | BA32: 12.418329
A33: Italy | B33: 0.14073043 | C33: 0.041013028 | E33: -0.0012543813 | F33: 0.026563503 | H33: -0.039556761 | I33: 0.037632051 | K33: -0.18028719 | L33: 0.053598766 | N33: 0.22970815 | O33: 0.059580445 | Q33: 0.049261922 | R33: 0.023617623 | T33: -0.040217531 | U33: 0.03736953 | W33: -0.26992568 | X33: 0.073786733 | Z33: 0.010480762 | AA33: 0.018662397 | AC33: 0.40887343 | AD33: 0.092646704 | AF33: 0.39839266 | AG33: 0.094263753 | AI33: 0.075241608 | AJ33: 0.022156053 | AL33: -0.060327356 | AM33: 0.031171611 | AO33: -0.13556896 | AP33: 0.03756811 | AR33: 0.94702852 | AS33: 0.028501872 | AU33: 0.049770753 | AV33: 0.0093906779 | AX33: 0.89725776 | AY33: 0.019111195 | BA33: 5.255465
A34: Japan | B34: 0.039245285 | C34: 0.043017572 | E34: 0.054589599 | F34: 0.02483113 | H34: 0.11740257 | I34: 0.041132291 | K34: 0.078157288 | L34: 0.06314787 | N34: m | O34: m | Q34: 0.079972415 | R34: 0.032888033 | T34: 0.061781557 | U34: 0.024511609 | W34: m | X34: m | Z34: 0.077686344 | AA34: 0.022692495 | AC34: 0.044883159 | AD34: 0.036391606 | AF34: -0.032803185 | AG34: 0.042905702 | AI34: w | AJ34: w | AL34: w | AM34: w | AO34: w | AP34: w | AR34: 0.93492621 | AS34: 0.028212693 | AU34: 0.039437965 | AV34: 0.0072720692 | AX34: 0.89548823 | AY34: 0.020940623 | BA34: 4.218297
A35: Korea | B35: 0.15196044 | C35: 0.031876135 | E35: 0.16149896 | F35: 0.026940005 | H35: 0.22961103 | I35: 0.048790924 | K35: 0.077650593 | L35: 0.055591812 | N35: c | O35: c | Q35: 0.17937527 | R35: 0.064760652 | T35: 0.16921866 | U35: 0.021067537 | W35: c | X35: c | Z35: 0.1693189 | AA35: 0.022343341 | AC35: 0.18356085 | AD35: 0.03921159 | AF35: 0.014241949 | AG35: 0.046800768 | AI35: 0.17520403 | AJ35: 0.019267586 | AL35: c | AM35: c | AO35: c | AP35: c | AR35: 0.84245366 | AS35: 0.026220558 | AU35: 0.058629119 | AV35: 0.0082342554 | AX35: 0.78382451 | AY35: 0.017986303 | BA35: 6.9593287
A36: Latvia | B36: 0.16678325 | C36: 0.033206017 | E36: 0.0043678933 | F36: 0.021143168 | H36: 0.027967699 | I36: 0.033729773 | K36: -0.13881555 | L36: 0.043304472 | N36: 0.18022029 | O36: 0.042224067 | Q36: 0.025608622 | R36: 0.020777575 | T36: 0.040809938 | U36: 0.029839194 | W36: -0.13941035 | X36: 0.052728004 | Z36: 0.051765428 | AA36: 0.016880994 | AC36: 0.45616085 | AD36: 0.08323002 | AF36: 0.40439542 | AG36: 0.079903725 | AI36: 0.061815481 | AJ36: 0.020034229 | AL36: 0.0060220208 | AM36: 0.030364376 | AO36: -0.055793461 | AP36: 0.036574279 | AR36: 0.75990248 | AS36: 0.024461726 | AU36: 0.042076313 | AV36: 0.0068078313 | AX36: 0.71782616 | AY36: 0.017653895 | BA36: 5.5370674
A37: Lithuania | B37: 0.19592146 | C37: 0.040033953 | E37: -0.034856354 | F37: 0.019153534 | H37: 0.031672342 | I37: 0.02430144 | K37: -0.16424911 | L37: 0.043937122 | N37: 0.20062688 | O37: 0.044282579 | Q37: -0.00044734647 | R37: 0.021681488 | T37: -0.0067423496 | U37: 0.018831637 | W37: -0.20736923 | X37: 0.045528541 | Z37: 0.035398275 | AA37: 0.015728692 | AC37: 0.1225148 | AD37: 0.049640519 | AF37: 0.087116522 | AG37: 0.051533519 | AI37: 0.044238812 | AJ37: 0.015628795 | AL37: -0.10313491 | AM37: 0.04838427 | AO37: -0.14737372 | AP37: 0.049839675 | AR37: 0.85308456 | AS37: 0.024507515 | AU37: 0.047475087 | AV37: 0.0080672666 | AX37: 0.80560949 | AY37: 0.016440249 | BA37: 5.5651093
A38: Luxembourg | B38: -0.025045009 | C38: 0.031126875 | E38: -0.29465261 | F38: 0.023901022 | H38: -0.27555691 | I38: 0.024908184 | K38: -0.2505119 | L38: 0.040637642 | N38: m | O38: m | Q38: -0.20758242 | R38: 0.018278777 | T38: -0.24504397 | U38: 0.019139711 | W38: m | X38: m | Z38: -0.24750855 | AA38: 0.01624837 | AC38: -0.11130843 | AD38: 0.028086231 | AF38: 0.13620012 | AG38: 0.032970878 | AI38: c | AJ38: c | AL38: -0.22360248 | AM38: 0.014302193 | AO38: c | AP38: c | AR38: 1.1326102 | AS38: 0.03072362 | AU38: 0.040649954 | AV38: 0.011566717 | AX38: 1.0919603 | AY38: 0.019156902 | BA38: 3.5890508
A39: Mexico | B39: 0.4749844 | C39: 0.042483038 | E39: 0.40839731 | F39: 0.023071209 | H39: 0.33068753 | I39: 0.0408379 | K39: -0.14429687 | L39: 0.057942194 | N39: 0.51886565 | O39: 0.049793275 | Q39: 0.40111276 | R39: 0.030183742 | T39: 0.38200004 | U39: 0.025008155 | W39: -0.13686561 | X39: 0.05557038 | Z39: 0.40147746 | AA39: 0.019944307 | AC39: 0.44263008 | AD39: 0.057281577 | AF39: 0.041152621 | AG39: 0.061943614 | AI39: 0.41105987 | AJ39: 0.018930885 | AL39: 0.2956507 | AM39: 0.098954508 | AO39: -0.11540918 | AP39: 0.10158985 | AR39: 0.76990455 | AS39: 0.024420053 | AU39: 0.05122114 | AV39: 0.0079995074 | AX39: 0.71868341 | AY39: 0.016420545 | BA39: 6.6529207
A40: Netherlands* | B40: -0.38591435 | C40: 0.047130657 | E40: -0.45472721 | F40: 0.026261382 | H40: -0.40617007 | I40: 0.03587779 | K40: -0.020255724 | L40: 0.060185165 | N40: c | O40: c | Q40: -0.40570668 | R40: 0.02599954 | T40: -0.460681 | U40: 0.036560031 | W40: c | X40: c | Z40: -0.37660165 | AA40: 0.028563671 | AC40: -0.45284757 | AD40: 0.031349108 | AF40: -0.076245927 | AG40: 0.045589045 | AI40: -0.40860583 | AJ40: 0.030557189 | AL40: -0.44708713 | AM40: 0.029277543 | AO40: -0.038481303 | AP40: 0.044651099 | AR40: 0.82754058 | AS40: 0.0291653 | AU40: 0.038086235 | AV40: 0.007982146 | AX40: 0.78945431 | AY40: 0.021183154 | BA40: 4.6023402
A41: New Zealand | B41: 0.27818597 | C41: 0.033232104 | E41: 0.2256293 | F41: 0.021700104 | H41: 0.26335062 | I41: 0.029836309 | K41: -0.014835354 | L41: 0.042412843 | N41: 0.14060817 | O41: 0.099187035 | Q41: 0.25521293 | R41: 0.022978141 | T41: 0.24666688 | U41: 0.022919342 | W41: 0.10605871 | X41: 0.10080364 | Z41: 0.24162976 | AA41: 0.015547757 | AC41: 0.35088118 | AD41: 0.069336916 | AF41: 0.10925143 | AG41: 0.069971373 | AI41: 0.21716063 | AJ41: 0.039553526 | AL41: 0.25677448 | AM41: 0.016683548 | AO41: 0.039613847 | AP41: 0.043203471 | AR41: 0.86943477 | AS41: 0.024557758 | AU41: 0.020470407 | AV41: 0.0053028399 | AX41: 0.84896437 | AY41: 0.019254917 | BA41: 2.35445
A42: Norway | B42: -0.050825861 | C42: 0.035973141 | E42: -0.089247948 | F42: 0.029082856 | H42: -0.038959464 | I42: 0.039146962 | K42: 0.011866397 | L42: 0.056718047 | N42: -0.055464335 | O42: 0.055094809 | Q42: -0.064389997 | R42: 0.024370015 | T42: -0.10905972 | U42: 0.050379132 | W42: -0.05359538 | X42: 0.071535563 | Z42: w | AA42: w | AC42: w | AD42: w | AF42: w | AG42: w | AI42: -0.050987294 | AJ42: 0.026307678 | AL42: -0.086433398 | AM42: 0.026913614 | AO42: -0.035446104 | AP42: 0.03465899 | AR42: 0.94928199 | AS42: 0.028919315 | AU42: 0.050275488 | AV42: 0.0085658791 | AX42: 0.8990065 | AY42: 0.020353435 | BA42: 5.2961593
A43: Poland | B43: -0.16336775 | C43: 0.037387482 | E43: -0.2756514 | F43: 0.027526084 | H43: -0.31332379 | I43: 0.046265069 | K43: -0.14995604 | L43: 0.061154463 | N43: -0.11134164 | O43: 0.035845584 | Q43: -0.28392512 | R43: 0.027782621 | T43: -0.39327359 | U43: 0.054946323 | W43: -0.28193195 | X43: 0.06486903 | Z43: -0.26757096 | AA43: 0.021405525 | AC43: -0.029596242 | AD43: 0.051441241 | AF43: 0.23797472 | AG43: 0.056189083 | AI43: -0.25053855 | AJ43: 0.020161616 | AL43: c | AM43: c | AO43: c | AP43: c | AR43: 1.015066 | AS43: 0.030872114 | AU43: 0.070448478 | AV43: 0.011852546 | AX43: 0.94461756 | AY43: 0.019019568 | BA43: 6.9402852
A44: Portugal* | B44: 0.54858662 | C44: 0.035787809 | E44: 0.46330253 | F44: 0.0214147 | H44: 0.42496251 | I44: 0.035900165 | K44: -0.12362411 | L44: 0.051327846 | N44: 0.69645865 | O44: 0.080530461 | Q44: 0.46883272 | R44: 0.019647875 | T44: 0.48102125 | U44: 0.035735199 | W44: -0.2154374 | X44: 0.091324736 | Z44: 0.4357649 | AA44: 0.017801739 | AC44: 0.72206965 | AD44: 0.03978988 | AF44: 0.28630474 | AG44: 0.04275581 | AI44: 0.4821697 | AJ44: 0.019912662 | AL44: 0.45089267 | AM44: 0.037466483 | AO44: -0.03127703 | AP44: 0.043183799 | AR44: 0.79533976 | AS44: 0.026099956 | AU44: 0.029469058 | AV44: 0.00631783 | AX44: 0.76587071 | AY44: 0.019782126 | BA44: 3.7052162
A45: Slovak Republic | B45: 0.049481946 | C45: 0.038053457 | E45: -0.21241352 | F45: 0.024781513 | H45: -0.32106494 | I45: 0.031310725 | K45: -0.37054689 | L45: 0.048404329 | N45: -0.0021859871 | O45: 0.054195961 | Q45: -0.18382898 | R45: 0.02015795 | T45: -0.34521759 | U45: 0.05250067 | W45: -0.3430316 | X45: 0.069451266 | Z45: -0.16408905 | AA45: 0.019279339 | AC45: -0.27163808 | AD45: 0.066190743 | AF45: -0.10754903 | AG45: 0.068764745 | AI45: -0.18458191 | AJ45: 0.019117944 | AL45: 0.12702579 | AM45: 0.075493652 | AO45: 0.3116077 | AP45: 0.08037091 | AR45: 0.97095895 | AS45: 0.03201782 | AU45: 0.060090602 | AV45: 0.011021391 | AX45: 0.91086833 | AY45: 0.020996429 | BA45: 6.1887894
A46: Slovenia | B46: -0.53593988 | C46: 0.028486439 | E46: -0.63480109 | F46: 0.018169515 | H46: -0.64134817 | I46: 0.031385781 | K46: -0.10540829 | L46: 0.043399394 | N46: -0.39036801 | O46: 0.063379525 | Q46: -0.60948638 | R46: 0.017649683 | T46: -0.69838997 | U46: 0.029155786 | W46: -0.30802196 | X46: 0.066263337 | Z46: -0.6239939 | AA46: 0.014782458 | AC46: -0.53042552 | AD46: 0.081491526 | AF46: 0.093568386 | AG46: 0.083537273 | AI46: -0.63092764 | AJ46: 0.016817388 | AL46: -0.56655547 | AM46: 0.025203292 | AO46: 0.064372167 | AP46: 0.030795406 | AR46: 1.0661412 | AS46: 0.033031989 | AU46: 0.074021368 | AV46: 0.011769049 | AX46: 0.99211993 | AY46: 0.021262941 | BA46: 6.9429231
A47: Spain | B47: 0.15875496 | C47: 0.022249666 | E47: 0.037369426 | F47: 0.022770112 | H47: 0.033985049 | I47: 0.026434028 | K47: -0.12476991 | L47: 0.034443871 | N47: 0.20329085 | O47: 0.052802607 | Q47: 0.067898944 | R47: 0.019184588 | T47: 0.054748707 | U47: 0.024230073 | W47: -0.14854214 | X47: 0.062071557 | Z47: 0.028274946 | AA47: 0.01519418 | AC47: 0.14338608 | AD47: 0.028421944 | AF47: 0.11511113 | AG47: 0.032458993 | AI47: 0.10055767 | AJ47: 0.020064627 | AL47: 0.027142706 | AM47: 0.022116167 | AO47: -0.073414963 | AP47: 0.032177279 | AR47: 0.98525351 | AS47: 0.021454593 | AU47: 0.096667293 | AV47: 0.0086115465 | AX47: 0.88858624 | AY47: 0.012843047 | BA47: 9.8114128
A48: Sweden | B48: 0.13366927 | C48: 0.051346241 | E48: 0.13432917 | F48: 0.026041469 | H48: 0.17047353 | I48: 0.040345016 | K48: 0.036804264 | L48: 0.067223735 | N48: 0.20696528 | O48: 0.071569066 | Q48: 0.14343864 | R48: 0.024848238 | T48: 0.13302996 | U48: 0.040250282 | W48: -0.073935321 | X48: 0.082152225 | Z48: 0.13003967 | AA48: 0.022698388 | AC48: 0.20057164 | AD48: 0.054411063 | AF48: 0.07053197 | AG48: 0.059734074 | AI48: 0.16198805 | AJ48: 0.027747509 | AL48: 0.13074441 | AM48: 0.029632134 | AO48: -0.031243639 | AP48: 0.040865057 | AR48: 0.93974102 | AS48: 0.032736465 | AU48: 0.052408957 | AV48: 0.0093372155 | AX48: 0.88733206 | AY48: 0.023399251 | BA48: 5.5769577
A49: Switzerland | B49: -0.035544014 | C49: 0.042067623 | E49: -0.15167327 | F49: 0.036113529 | H49: -0.24863177 | I49: 0.034043783 | K49: -0.21308776 | L49: 0.055797531 | N49: -0.025233846 | O49: 0.10784865 | Q49: -0.13560324 | R49: 0.025317225 | T49: -0.26455341 | U49: 0.051862242 | W49: -0.23931957 | X49: 0.12090997 | Z49: -0.16929554 | AA49: 0.022739192 | AC49: 0.32000469 | AD49: 0.17362225 | AF49: 0.48930023 | AG49: 0.17613466 | AI49: -0.010197152 | AJ49: 0.088018929 | AL49: -0.1634925 | AM49: 0.022514881 | AO49: -0.15329535 | AP49: 0.090329987 | AR49: 1.015492 | AS49: 0.033368707 | AU49: 0.061284404 | AV49: 0.01063942 | AX49: 0.95420754 | AY49: 0.022729286 | BA49: 6.0349474
A50: Turkey | B50: 0.25205954 | C50: 0.034149415 | E50: 0.18967602 | F50: 0.024809131 | H50: 0.23805481 | I50: 0.042386425 | K50: -0.014004726 | L50: 0.053175938 | N50: c | O50: c | Q50: 0.31716735 | R50: 0.030520841 | T50: 0.16904933 | U50: 0.022373218 | W50: c | X50: c | Z50: 0.1883019 | AA50: 0.017210624 | AC50: 0.42806899 | AD50: 0.053220702 | AF50: 0.23976709 | AG50: 0.0552145 | AI50: 0.21543921 | AJ50: 0.016871866 | AL50: c | AM50: c | AO50: c | AP50: c | AR50: 0.87488008 | AS50: 0.026046893 | AU50: 0.04460613 | AV50: 0.0079208561 | AX50: 0.83027395 | AY50: 0.018126036 | BA50: 5.0985422
A51: United Kingdom | B51: 0.32308502 | C51: 0.034816887 | E51: 0.2923894 | F51: 0.020429303 | H51: 0.30701363 | I51: 0.04483168 | K51: -0.016071392 | L51: 0.055987785 | N51: 0.29195445 | O51: 0.093979025 | Q51: 0.30784555 | R51: 0.023296388 | T51: 0.33031719 | U51: 0.034142251 | W51: 0.038362737 | X51: 0.10020942 | Z51: 0.27966016 | AA51: 0.023261069 | AC51: 0.33338085 | AD51: 0.026721906 | AF51: 0.053720687 | AG51: 0.034051965 | AI51: 0.30902704 | AJ51: 0.024553448 | AL51: 0.29887697 | AM51: 0.024113669 | AO51: -0.010150073 | AP51: 0.033365816 | AR51: 0.88233143 | AS51: 0.023864541 | AU51: 0.033421524 | AV51: 0.006351982 | AX51: 0.84890991 | AY51: 0.017512559 | BA51: 3.7878652
A52: United States* | B52: 0.11544579 | C52: 0.031211389 | E52: 0.12518732 | F52: 0.028759476 | H52: 0.21708638 | I52: 0.056502936 | K52: 0.10164059 | L52: 0.066010325 | N52: 0.11526592 | O52: 0.064641962 | Q52: 0.12946024 | R52: 0.033321695 | T52: 0.15786058 | U52: 0.036632999 | W52: 0.042594664 | X52: 0.074706815 | Z52: 0.10869273 | AA52: 0.019878611 | AC52: 0.64201979 | AD52: 0.07835571 | AF52: 0.53332707 | AG52: 0.080686805 | AI52: 0.16194937 | AJ52: 0.03282523 | AL52: 0.13283003 | AM52: 0.025576026 | AO52: -0.029119343 | AP52: 0.041615188 | AR52: 0.88188374 | AS52: 0.025767518 | AU52: 0.029493849 | AV52: 0.0071294104 | AX52: 0.8523899 | AY52: 0.018638108 | BA52: 3.3444147
A53: OECD average | B53: 0.088966196 | C53: 0.0063189473 | E53: -0.010500817 | F53: 0.0044214303 | H53: -0.024470572 | I53: 0.0066808834 | K53: -0.11343677 | L53: 0.0090950623 | N53: 0.1301487 | O53: 0.01383831 | Q53: 0.012101374 | R53: 0.0047168465 | T53: -0.023522574 | U53: 0.0061519675 | W53: -0.13689022 | X53: 0.01546218 | Z53: 0.0071040094 | AA53: 0.0036503991 | AC53: 0.13095595 | AD53: 0.012286684 | AF53: 0.12715176 | AG53: 0.01284343 | AI53: 0.021855675 | AJ53: 0.0051170259 | AL53: -0.017937952 | AM53: 0.0076308529 | AO53: -0.019830838 | AP53: 0.0097905651 | AR53: 0.92446047 | AS53: 0.0048788227 | AU53: 0.055709577 | AV53: 0.0015764412 | AX53: 0.8687509 | AY53: 0.0033275186 | BA53: 5.9398479
A54: Partners
A55: Albania | B55: 0.70180206 | C55: 0.03166627 | E55: 0.72332625 | F55: 0.021774614 | H55: 0.71857082 | I55: 0.03204574 | K55: 0.016768766 | L55: 0.045356935 | N55: 0.7243691 | O55: 0.034680153 | Q55: 0.71802707 | R55: 0.024551904 | T55: 0.71020727 | U55: 0.028792634 | W55: -0.014161828 | X55: 0.045954636 | Z55: 0.70925197 | AA55: 0.014679928 | AC55: 0.77380293 | AD55: 0.047232252 | AF55: 0.064550957 | AG55: 0.04848893 | AI55: 0.71898172 | AJ55: 0.014598674 | AL55: 0.58390177 | AM55: 0.07669543 | AO55: -0.13507995 | AP55: 0.07890822 | AR55: 0.63139135 | AS55: 0.026818715 | AU55: 0.026227377 | AV55: 0.0056234591 | AX55: 0.60516398 | AY55: 0.021195256 | BA55: 4.1539021
A56: Argentina | B56: 0.51801142 | C56: 0.034870543 | E56: 0.3823274 | F56: 0.033375496 | H56: 0.29052414 | I56: 0.041567759 | K56: -0.22748728 | L56: 0.056088968 | N56: 0.58163794 | O56: 0.050803851 | Q56: 0.38205026 | R56: 0.031749688 | T56: 0.37923035 | U56: 0.026737714 | W56: -0.20240759 | X56: 0.055414325 | Z56: 0.41142791 | AA56: 0.026201762 | AC56: 0.34737852 | AD56: 0.038232153 | AF56: -0.064049388 | AG56: 0.045047358 | AI56: 0.38218438 | AJ56: 0.024744904 | AL56: 0.44283528 | AM56: 0.046761633 | AO56: 0.060650891 | AP56: 0.053283984 | AR56: 0.84412521 | AS56: 0.035842538 | AU56: 0.076191354 | AV56: 0.016955774 | AX56: 0.76793384 | AY56: 0.018886763 | BA56: 9.0260725
A57: Baku (Azerbaijan) | B57: 0.5389455 | C57: 0.020574131 | E57: 0.47874516 | F57: 0.017632441 | H57: 0.51419493 | I57: 0.02885298 | K57: -0.024750575 | L57: 0.034974647 | N57: c | O57: c | Q57: 0.50751529 | R57: 0.021214538 | T57: 0.53190777 | U57: 0.026509615 | W57: c | X57: c | Z57: 0.50160451 | AA57: 0.013915253 | AC57: c | AD57: c | AF57: c | AG57: c | AI57: 0.50935362 | AJ57: 0.014796136 | AL57: 0.4706248 | AM57: 0.032390369 | AO57: -0.03872883 | AP57: 0.034938237 | AR57: 0.86180609 | AS57: 0.025825288 | AU57: 0.010391366 | AV57: 0.0037770324 | AX57: 0.8514147 | AY57: 0.022048255 | BA57: 1.2057662
A58: Belarus | B58: 0.38282868 | C58: 0.031352601 | E58: 0.3821861 | F58: 0.029695945 | H58: 0.34908226 | I58: 0.038379031 | K58: -0.033746425 | L58: 0.050863167 | N58: 0.466814 | O58: 0.045001746 | Q58: 0.40780754 | R58: 0.029534786 | T58: 0.32025983 | U58: 0.029693275 | W58: -0.14655416 | X58: 0.054248731 | Z58: 0.37312743 | AA58: 0.019235302 | AC58: c | AD58: c | AF58: c | AG58: c | AI58: 0.36944029 | AJ58: 0.020504988 | AL58: 0.42631428 | AM58: 0.057111273 | AO58: 0.056873989 | AP58: 0.061430996 | AR58: 0.7741819 | AS58: 0.028159179 | AU58: 0.052315775 | AV58: 0.010139677 | AX58: 0.72186614 | AY58: 0.018019503 | BA58: 6.757556
A59: Bosnia and Herzegovina | B59: 0.11983288 | C59: 0.035971598 | E59: -0.036239818 | F59: 0.031613477 | H59: -0.15817397 | I59: 0.044720221 | K59: -0.27800685 | L59: 0.054194127 | N59: 0.15654429 | O59: 0.05980695 | Q59: -0.049195883 | R59: 0.029849609 | T59: -0.018959008 | U59: 0.039547706 | W59: -0.1755033 | X59: 0.06572568 | Z59: -0.030856369 | AA59: 0.023830162 | AC59: c | AD59: c | AF59: c | AG59: c | AI59: -0.035519715 | AJ59: 0.024226619 | AL59: 0.11531244 | AM59: 0.12466613 | AO59: 0.15083216 | AP59: 0.1262523 | AR59: 1.1317487 | AS59: 0.034513295 | AU59: 0.054564888 | AV59: 0.01201861 | AX59: 1.0771838 | AY59: 0.022494685 | BA59: 4.82129
A60: Brazil | B60: 0.48516605 | C60: 0.026303208 | E60: 0.37805738 | F60: 0.018853155 | H60: 0.48650171 | I60: 0.03331614 | K60: 0.0013356557 | L60: 0.041944259 | N60: 0.52131477 | O60: 0.053597649 | Q60: 0.47558764 | R60: 0.016801943 | T60: 0.38789622 | U60: 0.020785375 | W60: -0.13341855 | X60: 0.055873279 | Z60: 0.40336207 | AA60: 0.011843515 | AC60: 0.58173811 | AD60: 0.042372334 | AF60: 0.17837603 | AG60: 0.043179251 | AI60: 0.43047446 | AJ60: 0.012377267 | AL60: 0.59611198 | AM60: 0.072422763 | AO60: 0.16563752 | AP60: 0.072104574 | AR60: 0.81533325 | AS60: 0.024819976 | AU60: 0.056304562 | AV60: 0.007902069 | AX60: 0.75902866 | AY60: 0.016917907 | BA60: 6.9057117
A61: Brunei Darussalam | B61: 0.16542769 | C61: 0.019309643 | E61: 0.25581345 | F61: 0.01152105 | H61: 0.23107435 | I61: 0.021461916 | K61: 0.065646654 | L61: 0.026260774 | N61: 0.26815581 | O61: 0.027328401 | Q61: 0.21839342 | R61: 0.010232536 | T61: 0.23860466 | U61: 0.02672001 | W61: -0.029551156 | X61: 0.042294003 | Z61: 0.22998192 | AA61: 0.0096090165 | AC61: 0.21079243 | AD61: 0.027357986 | AF61: -0.019189491 | AG61: 0.028345546 | AI61: 0.23322064 | AJ61: 0.0097684158 | AL61: 0.19214529 | AM61: 0.027444 | AO61: -0.041075353 | AP61: 0.02872953 | AR61: 0.60425115 | AS61: 0.019469852 | AU61: 0.017186165 | AV61: 0.0051184924 | AX61: 0.58706496 | AY61: 0.01435136 | BA61: 2.844209
A62: B-S-J-Z (China) | B62: 0.30202449 | C62: 0.04268339 | E62: 0.32027283 | F62: 0.023369761 | H62: 0.5039236 | I62: 0.019857573 | K62: 0.20189911 | L62: 0.045541071 | N62: 0.40920005 | O62: 0.040477434 | Q62: 0.30344476 | R62: 0.029025305 | T62: 0.41050432 | U62: 0.020681647 | W62: 0.001304263 | X62: 0.043916153 | Z62: 0.36350482 | AA62: 0.019112055 | AC62: 0.35861355 | AD62: 0.043954435 | AF62: -0.0048912619 | AG62: 0.047827282 | AI62: 0.36280115 | AJ62: 0.017596311 | AL62: m | AM62: m | AO62: m | AP62: m | AR62: 0.79119378 | AS62: 0.024066959 | AU62: 0.033798552 | AV62: 0.005204141 | AX62: 0.75739525 | AY62: 0.018862817 | BA62: 4.2718425
A63: Bulgaria | B63: 0.33071343 | C63: 0.036077317 | E63: 0.084809274 | F63: 0.038435898 | H63: -0.082970009 | I63: 0.049348581 | K63: -0.41368344 | L63: 0.063431788 | N63: 0.25475599 | O63: 0.23239767 | Q63: 0.16938203 | R63: 0.029649339 | T63: -0.040559393 | U63: 0.043438346 | W63: -0.29531539 | X63: 0.23215105 | Z63: 0.087267915 | AA63: 0.023749128 | AC63: c | AD63: c | AF63: c | AG63: c | AI63: 0.099717349 | AJ63: 0.023630252 | AL63: 0.093203114 | AM63: 0.11204577 | AN63: † | AO63: -0.0065142346 | AP63: 0.12095816 | AQ63: † | AR63: 1.1916378 | AS63: 0.040626783 | AU63: 0.10511738 | AV63: 0.01523575 | AX63: 1.0865204 | AY63: 0.025391035 | BA63: 8.8212528
A64: Costa Rica | B64: 0.49435482 | C64: 0.028758188 | E64: 0.4404303 | F64: 0.020992544 | H64: 0.50885621 | I64: 0.053187505 | K64: 0.014501386 | L64: 0.061159242 | N64: 0.52493103 | O64: 0.032390271 | Q64: 0.47112856 | R64: 0.020358316 | T64: 0.39943989 | U64: 0.066178707 | W64: -0.12549113 | X64: 0.073019472 | Z64: 0.46901395 | AA64: 0.018224179 | AC64: 0.48273175 | AD64: 0.073537816 | AF64: 0.013717803 | AG64: 0.079818099 | AI64: 0.48839648 | AJ64: 0.021486438 | AL64: 0.44026843 | AM64: 0.030913926 | AO64: -0.048128045 | AP64: 0.039781156 | AR64: 0.81289011 | AS64: 0.028246967 | AU64: 0.041280569 | AV64: 0.0088358802 | AX64: 0.77160956 | AY64: 0.019411087 | BA64: 5.0782471
A65: Croatia | B65: -0.2633341 | C65: 0.037390986 | E65: -0.34803789 | F65: 0.025127915 | H65: -0.41632889 | I65: 0.035222706 | K65: -0.15299478 | L65: 0.048164627 | N65: c | O65: c | Q65: -0.3110354 | R65: 0.024636392 | T65: -0.39897875 | U65: 0.025361721 | W65: c | X65: c | Z65: -0.3417575 | AA65: 0.018333908 | AC65: -0.4587351 | AD65: 0.16820116 | AF65: -0.1169776 | AG65: 0.16818125 | AI65: -0.31631406 | AJ65: 0.025719263 | AL65: -0.38467757 | AM65: 0.032466611 | AO65: -0.068363511 | AP65: 0.044846318 | AR65: 1.038227 | AS65: 0.027040403 | AU65: 0.054206941 | AV65: 0.0081589403 | AX65: 0.98402004 | AY65: 0.018881463 | BA65: 5.221107
A66: Cyprus | B66: -0.057786633 | C66: 0.030444818 | E66: -0.087180404 | F66: 0.018354994 | H66: 0.026807327 | I66: 0.027114271 | K66: 0.08459396 | L66: 0.044840487 | N66: 0.066378446 | O66: 0.053346154 | Q66: -0.027661118 | R66: 0.017136871 | T66: -0.1100299 | U66: 0.023650454 | W66: -0.17640834 | X66: 0.058028354 | Z66: -0.087618025 | AA66: 0.016594882 | AC66: 0.13108502 | AD66: 0.037844503 | AF66: 0.21870304 | AG66: 0.044163138 | AI66: -0.10694659 | AJ66: 0.020146446 | AL66: 0.015846662 | AM66: 0.019289606 | AO66: 0.12279325 | AP66: 0.028028955 | AR66: 1.1878229 | AS66: 0.040891789 | AU66: 0.047359394 | AV66: 0.0094304769 | AX66: 1.1404635 | AY66: 0.031461313 | BA66: 3.9870753
A67: Dominican Republic | B67: 0.58625879 | C67: 0.033777834 | E67: 0.59389277 | F67: 0.02377134 | H67: 0.52704212 | I67: 0.041567943 | K67: -0.059216671 | L67: 0.050218659 | N67: 0.61404149 | O67: 0.038321433 | Q67: 0.58469951 | R67: 0.022682159 | T67: 0.54251147 | U67: 0.034883989 | W67: -0.071530021 | X67: 0.053623739 | Z67: 0.58507682 | AA67: 0.019345858 | AC67: 0.52428749 | AD67: 0.054060558 | AF67: -0.060789327 | AG67: 0.057619544 | AI67: 0.58633983 | AJ67: 0.017377585 | AL67: 0.4465294 | AM67: 0.08254358 | AO67: -0.13981043 | AP67: 0.081359483 | AR67: 0.79551309 | AS67: 0.028622186 | AU67: 0.030657701 | AV67: 0.0079080937 | AX67: 0.76485541 | AY67: 0.020714093 | BA67: 3.8538275
A68: Georgia | B68: 0.40162093 | C68: 0.039783775 | E68: 0.27350274 | F68: 0.026439929 | H68: 0.21011847 | I68: 0.035196272 | K68: -0.19150246 | L68: 0.048142733 | N68: 0.38283414 | O68: 0.037354741 | Q68: 0.34776287 | R68: 0.037234409 | T68: 0.20369281 | U68: 0.0257379 | W68: -0.17914133 | X68: 0.043659142 | Z68: 0.26670645 | AA68: 0.020651964 | AC68: 0.46163381 | AD68: 0.053684074 | AF68: 0.19492736 | AG68: 0.057884116 | AI68: 0.29358664 | AJ68: 0.019007849 | AL68: 0.15595656 | AM68: 0.10850456 | AO68: -0.13763008 | AP68: 0.11086488 | AR68: 0.92695183 | AS68: 0.027992763 | AU68: 0.045735907 | AV68: 0.0083774509 | AX68: 0.88121595 | AY68: 0.019615312 | BA68: 4.9340115
A69: Hong Kong (China)* | B69: -0.053593268 | C69: 0.047182269 | E69: 0.017877638 | F69: 0.023183252 | H69: -0.047946866 | I69: 0.047325074 | K69: 0.0056464021 | L69: 0.065656204 | N69: c | O69: c | Q69: 0.031233194 | R69: 0.054546242 | T69: -0.0027923462 | U69: 0.027433706 | W69: c | X69: c | Z69: -0.047881427 | AA69: 0.065599979 | AC69: 0.010890374 | AD69: 0.025630203 | AF69: 0.0587718 | AG69: 0.071326508 | AI69: 0.073287994 | AJ69: 0.092839754 | AL69: -0.020561941 | AM69: 0.020549984 | AO69: -0.093849935 | AP69: 0.097939868 | AR69: 0.93776006 | AS69: 0.029035443 | AU69: 0.039658257 | AV69: 0.0076096616 | AX69: 0.89810179 | AY69: 0.021425782 | BA69: 4.2290411
A70: Indonesia | B70: 0.34254567 | C70: 0.035276599 | E70: 0.43047458 | F70: 0.019678106 | H70: 0.34820402 | I70: 0.037101773 | K70: 0.0056583436 | L70: 0.049360128 | N70: 0.327922 | O70: 0.038032065 | Q70: 0.43163359 | R70: 0.017136506 | T70: 0.31272121 | U70: 0.046938097 | W70: -0.015200787 | X70: 0.061547297 | Z70: 0.38783676 | AA70: 0.018951591 | AC70: 0.38987331 | AD70: 0.026252328 | AF70: 0.0020365484 | AG70: 0.033388568 | AI70: 0.39045505 | AJ70: 0.015178596 | AL70: c | AM70: c | AO70: c | AP70: c | AR70: 0.72664148 | AS70: 0.021749573 | AU70: 0.017079339 | AV70: 0.0044268343 | AX70: 0.70956214 | AY70: 0.017322739 | BA70: 2.3504493
A71: Jordan | B71: 0.63968518 | C71: 0.04850226 | E71: 0.55209808 | F71: 0.025733018 | H71: 0.66010087 | I71: 0.046851946 | K71: 0.020415681 | L71: 0.064713899 | N71: 0.69863102 | O71: 0.087829821 | Q71: 0.58202462 | R71: 0.033470078 | T71: 0.59753105 | U71: 0.023983628 | W71: -0.10109997 | X71: 0.090234442 | Z71: 0.5765382 | AA71: 0.022381499 | AC71: 0.69102271 | AD71: 0.047910287 | AF71: 0.11448451 | AG71: 0.055896609 | AI71: 0.63093603 | AJ71: 0.030677869 | AL71: 0.55803632 | AM71: 0.032533961 | AO71: -0.072899706 | AP71: 0.050962624 | AR71: 0.90550709 | AS71: 0.046068687 | AU71: 0.075062701 | AV71: 0.013260164 | AX71: 0.8304444 | AY71: 0.032808525 | BA71: 8.2895765
A72: Kazakhstan | B72: 0.36025496 | C72: 0.02548609 | E72: 0.33859945 | F72: 0.014182333 | H72: 0.34594182 | I72: 0.025352889 | K72: -0.014313139 | L72: 0.033995882 | N72: 0.39713417 | O72: 0.02309702 | Q72: 0.35960452 | R72: 0.025145326 | T72: 0.31154016 | U72: 0.013609356 | W72: -0.085594009 | X72: 0.027276631 | Z72: 0.34447902 | AA72: 0.011117776 | AC72: 0.36212889 | AD72: 0.037771627 | AF72: 0.017649867 | AG72: 0.039807861 | AI72: 0.35271574 | AJ72: 0.012542768 | AL72: 0.32418125 | AM72: 0.023342376 | AO72: -0.028534495 | AP72: 0.02748175 | AR72: 0.74349797 | AS72: 0.015563712 | AU72: 0.031431279 | AV72: 0.0042531898 | AX72: 0.71206669 | AY72: 0.011310522 | BA72: 4.2274866
A73: Kosovo | B73: 0.53615513 | C73: 0.025234994 | E73: 0.51699496 | F73: 0.020066444 | H73: 0.36519817 | I73: 0.029780704 | K73: -0.17095696 | L73: 0.035602284 | N73: 0.61215788 | O73: 0.039209334 | Q73: 0.48220069 | R73: 0.017960065 | T73: 0.4233934 | U73: 0.031073012 | W73: -0.18876448 | X73: 0.050125515 | Z73: 0.48070509 | AA73: 0.014943145 | AC73: c | AD73: c | AF73: c | AG73: c | AI73: 0.48485731 | AJ73: 0.014591556 | AL73: c | AM73: c | AO73: c | AP73: c | AR73: 0.79229343 | AS73: 0.035275221 | AU73: 0.028127166 | AV73: 0.0080264343 | AX73: 0.76416628 | AY73: 0.027248786 | BA73: 3.5500946
A74: Lebanon | B74: m | C74: m | E74: m | F74: m | H74: m | I74: m | K74: m | L74: m | N74: m | O74: m | Q74: m | R74: m | T74: m | U74: m | W74: m | X74: m | Z74: m | AA74: m | AC74: m | AD74: m | AF74: m | AG74: m | AI74: m | AJ74: m | AL74: m | AM74: m | AO74: m | AP74: m | AR74: m | AS74: m | AU74: m | AV74: m | AX74: m | AY74: m | BA74: m
A75: Macao (China) | B75: -0.0061933755 | C75: 0.028810789 | E75: -0.077748303 | F75: 0.018578392 | H75: -0.16460688 | I75: 0.025493097 | K75: -0.1584135 | L75: 0.038996435 | N75: c | O75: c | Q75: m | R75: m | T75: -0.081885215 | U75: 0.012571083 | W75: c | X75: c | Z75: -0.26748085 | AA75: 0.073432945 | AC75: -0.069818742 | AD75: 0.01294882 | AF75: 0.19766211 | AG75: 0.075721765 | AI75: m | AJ75: m | AL75: -0.081113718 | AM75: 0.012548512 | AO75: m | AP75: m | AR75: 0.78911215 | AS75: 0.03889415 | AU75: 0.02760992 | AV75: 0.0071954672 | AX75: 0.76150223 | AY75: 0.031698682 | BA75: 3.4988589
A76: Malaysia | B76: 0.41316411 | C76: 0.035599156 | E76: 0.39391864 | F76: 0.032750516 | H76: 0.42340171 | I76: 0.043069968 | K76: 0.010237603 | L76: 0.058322288 | N76: 0.50037738 | O76: 0.034585362 | Q76: 0.45409892 | R76: 0.029239108 | T76: 0.30774215 | U76: 0.035045647 | W76: -0.19263522 | X76: 0.047367161 | Z76: 0.4191109 | AA76: 0.019027123 | AC76: 0.20712586 | AD76: 0.077947274 | AF76: -0.21198505 | AG76: 0.077882843 | AI76: 0.40534965 | AJ76: 0.019638771 | AL76: 0.4257323 | AM76: 0.08063315 | AO76: 0.020382641 | AP76: 0.082300965 | AR76: 0.65781081 | AS76: 0.022997824 | AU76: 0.054669851 | AV76: 0.0085297008 | AX76: 0.60314095 | AY76: 0.014468123 | BA76: 8.3108778
A77: Malta | B77: 0.28213688 | C77: 0.040210581 | E77: 0.39683088 | F77: 0.024584515 | H77: 0.28643602 | I77: 0.030842496 | K77: 0.0042991463 | L77: 0.051503244 | N77: 0.45226983 | O77: 0.042748297 | Q77: 0.32798341 | R77: 0.019880946 | T77: m | U77: m | W77: m | X77: m | Z77: 0.34322906 | AA77: 0.025602302 | AC77: 0.33767578 | AD77: 0.024171776 | AF77: -0.0055532719 | AG77: 0.03411751 | AI77: 0.35086915 | AJ77: 0.02044345 | AL77: 0.31148735 | AM77: 0.032590442 | AO77: -0.039381807 | AP77: 0.036205993 | AR77: 1.038079 | AS77: 0.076470844 | AU77: 0.077859188 | AV77: 0.026850607 | AX77: 0.96021989 | AY77: 0.049620236 | BA77: 7.5003142
A78: Moldova | B78: 0.53072812 | C78: 0.038374199 | E78: 0.5080268 | F78: 0.022553983 | H78: 0.30738784 | I78: 0.051982607 | K78: -0.22334028 | L78: 0.065684354 | N78: 0.56698273 | O78: 0.025594826 | Q78: 0.4174975 | R78: 0.030459722 | T78: 0.3057617 | U78: 0.061086857 | W78: -0.26122103 | X78: 0.06638328 | Z78: 0.46209155 | AA78: 0.020474371 | AC78: c | AD78: c | AF78: c | AG78: c | AI78: 0.46756428 | AJ78: 0.019883783 | AL78: 0.30285025 | AM78: 0.11352221 | AO78: -0.16471403 | AP78: 0.1101104 | AR78: 0.70837831 | AS78: 0.028855465 | AU78: 0.048088351 | AV78: 0.0095033254 | AX78: 0.66028997 | AY78: 0.01935214 | BA78: 6.7885127
A79: Montenegro | B79: 0.3005961 | C79: 0.026512933 | E79: 0.16077511 | F79: 0.016195563 | H79: -0.13379762 | I79: 0.028145324 | K79: -0.43439372 | L79: 0.037859356 | N79: c | O79: c | Q79: 0.16075968 | R79: 0.016502675 | T79: 0.036858491 | U79: 0.024820605 | W79: c | X79: c | Z79: 0.11854547 | AA79: 0.014028636 | AC79: c | AD79: c | AF79: c | AG79: c | AI79: 0.15281036 | AJ79: 0.016219992 | AL79: -0.020367532 | AM79: 0.027413052 | AO79: -0.17317789 | AP79: 0.032110735 | AR79: 1.2475744 | AS79: 0.04942644 | AU79: 0.048640596 | AV79: 0.010609106 | AX79: 1.1989338 | AY79: 0.038817333 | BA79: 3.898813
A80: Morocco | B80: 0.22516904 | C80: 0.030367648 | E80: 0.10535213 | F80: 0.026154056 | H80: -0.078168708 | I80: 0.050606766 | K80: -0.30333775 | L80: 0.060308083 | N80: 0.23091236 | O80: 0.032074125 | Q80: 0.1054742 | R80: 0.035695675 | T80: 0.019470769 | U80: 0.034074139 | W80: -0.21144159 | X80: 0.045318421 | Z80: 0.085789147 | AA80: 0.020443364 | AC80: 0.099357147 | AD80: 0.095899228 | AF80: 0.013568 | AG80: 0.098058208 | AI80: 0.086773877 | AJ80: 0.020084476 | AL80: m | AM80: m | AO80: m | AP80: m | AR80: 1.0236498 | AS80: 0.031934306 | AU80: 0.052701108 | AV80: 0.0098224601 | AX80: 0.9709487 | AY80: 0.022111844 | BA80: 5.1483531
A81: North Macedonia | B81: m | C81: m | E81: m | F81: m | H81: m | I81: m | K81: m | L81: m | N81: m | O81: m | Q81: m | R81: m | T81: m | U81: m | W81: m | X81: m | Z81: m | AA81: m | AC81: m | AD81: m | AF81: m | AG81: m | AI81: m | AJ81: m | AL81: m | AM81: m | AO81: m | AP81: m | AR81: m | AS81: m | AU81: m | AV81: m | AX81: m | AY81: m | BA81: m
A82: Panama | B82: 0.47564662 | C82: 0.028283832 | E82: 0.36942704 | F82: 0.017447516 | H82: 0.12601456 | I82: 0.045986221 | K82: -0.34963205 | L82: 0.054497837 | N82: 0.42336274 | O82: 0.07136412 | Q82: 0.39976222 | R82: 0.018152989 | T82: 0.17251315 | U82: 0.043558533 | W82: -0.2508496 | X82: 0.085748946 | Z82: 0.35966915 | AA82: 0.015124415 | AC82: 0.21361314 | AD82: 0.057409341 | AF82: -0.14605601 | AG82: 0.05982521 | AI82: 0.34911295 | AJ82: 0.017930924 | AL82: 0.22070103 | AM82: 0.071017092 | AO82: -0.12841193 | AP82: 0.076083433 | AR82: 0.82230061 | AS82: 0.030159643 | AU82: 0.060215256 | AV82: 0.011013065 | AX82: 0.76208534 | AY82: 0.019146578 | BA82: 7.3227787
A83: Peru | B83: 0.4827234 | C83: 0.028019988 | E83: 0.37232602 | F83: 0.021313749 | H83: 0.31625943 | I83: 0.036313601 | K83: -0.16646398 | L83: 0.04496305 | N83: 0.43390246 | O83: 0.037835317 | Q83: 0.36795184 | R83: 0.022056338 | T83: 0.35579286 | U83: 0.03771546 | W83: -0.078109599 | X83: 0.051832484 | Z83: 0.3946088 | AA83: 0.019630391 | AC83: 0.35544191 | AD83: 0.034475757 | AF83: -0.039166886 | AG83: 0.04258595 | AI83: 0.38559794 | AJ83: 0.015916411 | AL83: c | AM83: c | AO83: c | AP83: c | AR83: 0.75680304 | AS83: 0.023331098 | AU83: 0.054574756 | AV83: 0.0085073378 | AX83: 0.70222826 | AY83: 0.01482376 | BA83: 7.2112231
A84: Philippines | B84: 0.41875661 | C84: 0.034877369 | E84: 0.49176903 | F84: 0.01724425 | H84: 0.44769659 | I84: 0.045192666 | K84: 0.028939978 | L84: 0.056345406 | N84: 0.47629945 | O84: 0.058769716 | Q84: 0.46984002 | R84: 0.027512258 | T84: 0.45317537 | U84: 0.026157597 | W84: -0.023124079 | X84: 0.065050915 | Z84: 0.4650185 | AA84: 0.016539609 | AC84: 0.45134668 | AD84: 0.050455059 | AF84: -0.013671828 | AG84: 0.050626802 | AI84: 0.4646871 | AJ84: 0.017546494 | AL84: c | AM84: c | AO84: c | AP84: c | AR84: 0.73291296 | AS84: 0.022964558 | AU84: 0.030825125 | AV84: 0.0075785191 | AX84: 0.70208785 | AY84: 0.015386038 | BA84: 4.2058372
A85: Qatar | B85: 0.38206766 | C85: 0.019486804 | E85: 0.42305645 | F85: 0.011282412 | H85: 0.2836181 | I85: 0.01591221 | K85: -0.098449562 | L85: 0.026854802 | N85: 0.62890621 | O85: 0.041932487 | Q85: 0.40443322 | R85: 0.012765399 | T85: 0.34312846 | U85: 0.010746838 | W85: -0.28577775 | X85: 0.043293071 | Z85: 0.43839498 | AA85: 0.012406117 | AC85: 0.29820022 | AD85: 0.013557958 | AF85: -0.14019476 | AG85: 0.019951848 | AI85: 0.47159318 | AJ85: 0.035986645 | AL85: 0.37256518 | AM85: 0.0083038626 | AO85: -0.099028002 | AP85: 0.035897832 | AR85: 0.94716984 | AS85: 0.040793262 | AU85: 0.044682274 | AV85: 0.0087083439 | AX85: 0.90248759 | AY85: 0.032084918 | BA85: 4.7174511
A86: Romania | B86: 0.304266 | C86: 0.048470787 | E86: 0.22015133 | F86: 0.031101538 | H86: 0.15441565 | I86: 0.057465456 | K86: -0.14985035 | L86: 0.080180144 | N86: 0.22052186 | O86: 0.15393923 | Q86: 0.26532085 | R86: 0.026765689 | T86: 0.16566754 | U86: 0.041321122 | W86: -0.054854322 | X86: 0.16166679 | Z86: 0.21736814 | AA86: 0.023464417 | AC86: c | AD86: c | AF86: c | AG86: c | AI86: 0.22650185 | AJ86: 0.023283947 | AL86: c | AM86: c | AO86: c | AP86: c | AR86: 0.94158828 | AS86: 0.041151274 | AU86: 0.065307889 | AV86: 0.018705385 | AX86: 0.87628039 | AY86: 0.022445891 | BA86: 6.9359283
A87: Russia | B87: 0.37349116 | C87: 0.051047529 | E87: 0.16992781 | F87: 0.0302864 | H87: 0.092895111 | I87: 0.035060348 | K87: -0.28059605 | L87: 0.058598388 | N87: 0.49963872 | O87: 0.065665235 | Q87: 0.17713491 | R87: 0.034570278 | T87: 0.12186916 | U87: 0.029565089 | W87: -0.37776955 | X87: 0.068826087 | Z87: 0.19602571 | AA87: 0.026816962 | AC87: m | AD87: m | AF87: m | AG87: m | AI87: 0.19868551 | AJ87: 0.030603457 | AL87: 0.20513305 | AM87: 0.041010179 | AO87: 0.0064475378 | AP87: 0.050442643 | AR87: 0.92835909 | AS87: 0.026946003 | AU87: 0.059683256 | AV87: 0.0079585807 | AX87: 0.86867584 | AY87: 0.018987423 | BA87: 6.4288979
A88: Saudi Arabia | B88: 0.56398441 | C88: 0.040365265 | E88: 0.51697854 | F88: 0.026479126 | H88: 0.57254077 | I88: 0.048672549 | K88: 0.0085563584 | L88: 0.059422496 | N88: 0.54729188 | O88: 0.098616653 | Q88: 0.52584561 | R88: 0.033247395 | T88: 0.55687867 | U88: 0.02560624 | W88: 0.0095867912 | X88: 0.099836675 | Z88: 0.52639637 | AA88: 0.022449917 | AC88: 0.64884042 | AD88: 0.053169429 | AF88: 0.12244405 | AG88: 0.057395023 | AI88: 0.52484825 | AJ88: 0.028665576 | AL88: 0.57415987 | AM88: 0.025507713 | AO88: 0.049311618 | AP88: 0.037840838 | AR88: 0.81565982 | AS88: 0.036851022 | AU88: 0.053718573 | AV88: 0.011186145 | AX88: 0.76194127 | AY88: 0.025664876 | BA88: 6.5859041
A89: Serbia | B89: 0.14634929 | C89: 0.033298398 | E89: 0.021289664 | F89: 0.028681272 | H89: -0.031357048 | I89: 0.051521993 | K89: -0.17770634 | L89: 0.061342998 | N89: c | O89: c | Q89: 0.088098076 | R89: 0.030029942 | T89: -0.0098540986 | U89: 0.031716621 | W89: c | X89: c | Z89: 0.027917591 | AA89: 0.020511738 | AC89: 0.38792416 | AD89: 0.14973493 | AF89: 0.36000657 | AG89: 0.15239025 | AI89: 0.083362373 | AJ89: 0.025898069 | AL89: -0.033556752 | AM89: 0.038534889 | AO89: -0.11691913 | AP89: 0.046967274 | AR89: 1.171034 | AS89: 0.034161985 | AU89: 0.053610336 | AV89: 0.01001973 | AX89: 1.1174237 | AY89: 0.024142257 | BA89: 4.5780344
A90: Singapore | B90: 0.28546717 | C90: 0.017721135 | E90: 0.23364674 | F90: 0.016327654 | H90: 0.22462314 | I90: 0.025315831 | K90: -0.060844038 | L90: 0.031666594 | N90: m | O90: m | Q90: m | R90: m | T90: 0.24180101 | U90: 0.011470674 | W90: m | X90: m | Z90: 0.24257647 | AA90: 0.010488869 | AC90: 0.26161449 | AD90: 0.055872475 | AF90: 0.019038017 | AG90: 0.055886788 | AI90: 0.26339522 | AJ90: 0.037153897 | AL90: 0.24264909 | AM90: 0.011422591 | AO90: -0.02074613 | AP90: 0.037340678 | AR90: 0.79729253 | AS90: 0.023274221 | AU90: 0.033346428 | AV90: 0.0062961347 | AX90: 0.76394611 | AY90: 0.016978086 | BA90: 4.1824584
A91: Chinese Taipei | B91: 0.04341424 | C91: 0.030874421 | E91: 0.014276074 | F91: 0.022044623 | H91: 0.10187171 | I91: 0.026779005 | K91: 0.058457472 | L91: 0.039428967 | N91: 0.13402419 | O91: 0.14882471 | Q91: 0.055682937 | R91: 0.026673443 | T91: 0.034203919 | U91: 0.020132897 | W91: -0.099820273 | X91: 0.15038727 | Z91: 0.068799559 | AA91: 0.016905745 | AC91: -0.011895059 | AD91: 0.029544036 | AF91: -0.080694618 | AG91: 0.033148011 | AI91: 0.043489869 | AJ91: 0.015215904 | AL91: c | AM91: c | AO91: c | AP91: c | AR91: 0.84385902 | AS91: 0.020676456 | AU91: 0.021419613 | AV91: 0.0040371917 | AX91: 0.82243938 | AY91: 0.016639264 | BA91: 2.5382929
