Workbook

Sheet TOC
A1: PISA 2018 Results (Volume III) - © OECD 2019
A2: Annex B1 | B2: Annex B1.13 Results (tables): Students' self-efficacy and fear of failure
A3: Version 2 - Last updated: 24-Jul-2020
A4: Disclaimer: http://oe.cd/disclaimer
A6: Annex B1 | B6: Annex B1.13 Results (tables): Students' self-efficacy and fear of failure
A7: Version 2 - Last updated: 02-Dec-2019
A8: Disclaimer: http://oe.cd/disclaimer
A10: TOC | B10: PISA 2018 Results - Volume III
A12: Chapter 13 | B12: Self-efficacy and fear of failure
A13: Tables
A15: ='Table III.B1.13.1'!A10 -> Table III.B1.13.1 | B15: ='Table III.B1.13.1'!A11 -> Students' self-efficacy | G15: Note:
A16: ='Table III.B1.13.2'!A10 -> Table III.B1.13.2 | B16: ='Table III.B1.13.2'!A11 -> Students' fear of failure | G16: In 2018, some regions in Spain conducted their high-stakes exams for tenth-grade students earlier in the year than in the past, which resulted in the testing period for these exams coinciding with the end of the PISA testing window. Because of this overlap, a number of students were negatively disposed towards the PISA test and did not try their best to demonstrate their proficiency. Although the data of only a minority of students show clear signs of lack of engagement (see PISA 2018 Results Volume I, Annex A9), the comparability of PISA 2018 data for Spain with those from earlier PISA assessments cannot be fully ensured.
A17: ='Table III.B1.13.3'!A10 -> Table III.B1.13.3 | B17: ='Table III.B1.13.3'!A11 -> Prevalence of self-efficacy in schools
A18: ='Table III.B1.13.4'!A10 -> Table III.B1.13.4 | B18: ='Table III.B1.13.4'!A11 -> Prevalence of fear of failure in schools
A19: ='Table III.B1.13.5'!A10 -> Table III.B1.13.5 | B19: ='Table III.B1.13.5'!A11 -> Index of self-efficacy, by student characteristics
A20: ='Table III.B1.13.6'!A10 -> Table III.B1.13.6 | B20: ='Table III.B1.13.6'!A11 -> Index of fear of failure, by student characteristics
A21: ='Table III.B1.13.7'!A10 -> Table III.B1.13.7 | B21: ='Table III.B1.13.7'!A11 -> Index of self-efficacy, by school characteristics
A22: ='Table III.B1.13.8'!A10 -> Table III.B1.13.8 | B22: ='Table III.B1.13.8'!A11 -> Index of fear of failure, by school characteristics
A23: ='Table III.B1.13.9'!A10 -> Table III.B1.13.9 | B23: ='Table III.B1.13.9'!A11 -> Self-efficacy and reading performance
A24: ='Table III.B1.13.10'!A10 -> Table III.B1.13.10 | B24: ='Table III.B1.13.10'!A11 -> Fear of failure and reading performance
A25: ='Table III.B1.13.11'!A10 -> Table III.B1.13.11 | B25: ='Table III.B1.13.11'!A11 -> School-level self-efficacy and reading performance
A26: ='Table III.B1.13.12'!A10 -> Table III.B1.13.12 | B26: ='Table III.B1.13.12'!A11 -> School-level fear of failure and reading performance
A27: ='Table III.B1.13.13'!A10 -> Table III.B1.13.13 | B27: ='Table III.B1.13.13'!A11 -> Self-efficacy, fear of failure and test performance, by gender
A28: ='Table III.B1.13.14'!A10 -> Table III.B1.13.14 | B28: ='Table III.B1.13.14'!A11 -> Fear of failure, by proficiency levels in reading and gender
A29: ='Table III.B1.13.15'!A10 -> Table III.B1.13.15 | B29: ='Table III.B1.13.15'!A11 -> Fear of failure and life satisfaction
A32: Symbols for missing data
A33: c: There were too few observations to provide reliable estimates (i.e. there were fewer than 30 students or fewer than 5 schools with valid data).
A34: m: Data are not available. There are no observations in the sample; these data were not collected by the country; or these data were collected but subsequently removed from the publication for technical reasons.
A35: w: Results were withdrawn at the request of the country concerned.

Sheet INFORMATION ON SCALED INDICES
A1: PISA 2018 Results (Volume III) - © OECD 2019
A2: Annex B1 | B2: Annex B1.13 Results (tables): Students' self-efficacy and fear of failure
A3: Version 2 - Last updated: 24-Jul-2020
A4: Disclaimer: http://oe.cd/disclaimer
A6: Annex B1 | B6: Annex B1.13 Results (tables): Students' self-efficacy and fear of failure
A7: Version 2 - Last updated: 02-Dec-2019
A8: Disclaimer: http://oe.cd/disclaimer
A10: Information on scaled indices used in PISA 2015 Results (Volume III): What School Life Means for Students’ Lives
A15: Full name of the index | B15: Name in dataset | C15: Questionnaire | D15: Item 1 | E15: Item 2 | F15: Item 3 | G15: Item 4 | H15: Item 5 | I15: Item 6 | J15: Item 7
A16: Adaptive instruction | B16: adaptivity | C16: Student | D16: ST212Q01HA | E16: ST212Q02HA | F16: ST212Q03HA
A17: Attitudes towards competition | B17: compete | C17: Student | D17: ST181Q02HA | E17: ST181Q03HA | F17: ST181Q04HA
A18: Enjoyment of reading | B18: joyread | C18: Student | D18: ST160Q01IR | E18: ST160Q02IA | F18: ST160Q03IA | G18: ST160Q04IR | H18: ST160Q05IR
A19: Exposure to bullying | B19: beingbullied | C19: Student | D19: ST038Q03NA | E19: ST038Q04NA | F19: ST038Q05NA
A20: Fear of failure | B20: gfofail | C20: Student | D20: ST183Q01HA | E20: ST183Q02HA | F20: ST183Q03HA
A21: Disciplinary climate | B21: disclima | C21: Student | D21: ST097Q01TA | E21: ST097Q02TA | F21: ST097Q03TA | G21: ST097Q04TA | H21: ST097Q05TA
A22: Learning goals | B22: mastgoal | C22: Student | D22: ST208Q01HA | E22: ST208Q02HA | F22: ST208Q04HA
A23: Meaning in life | B23: eudmo | C23: Student | D23: ST185Q01HA | E23: ST185Q02HA | F23: ST185Q03HA
A24: Motivation to master tasks | B24: workmast | C24: Student | D24: ST182Q03HA | E24: ST182Q04HA | F24: ST182Q05HA
A25: Parents’ emotional support | B25: emosups | C25: Student | D25: ST123Q02NA | E25: ST123Q03NA | F25: ST123Q04NA
A26: Parents’ perceived school quality | B26: pqschool | C26: Parent | D26: PA007Q01TR | E26: PA007Q02TR | F26: PA007Q03TR | G26: PA007Q04TR | H26: PA007Q05TR | I26: PA007Q06TR | J26: PA007Q07TR
A27: Positive feelings | B27: swbp | C27: Student | D27: ST186Q01HA | E27: ST186Q03HA | F27: ST186Q05HA
A28: School policies for parental involvement | B28: paschpol | C28: Parent | D28: PA007Q09NR | E28: PA007Q11NR | F28: PA007Q12NR | G28: PA007Q13NR | H28: PA007Q14NR | I28: PA007Q15NR
A29: Self-efficacy | B29: resilience | C29: Student | D29: ST188Q01HA | E29: ST188Q02HA | F29: ST188Q03HA | G29: ST188Q06HA | H29: ST188Q07HA
A30: Sense of belonging | B30: belong | C30: Student | D30: ST034Q01TA | E30: ST034Q02TR | F30: ST034Q03TR | G30: ST034Q04TA | H30: ST034Q05TR | I30: ST034Q06TA
A31: Shortage of educational staff | B31: staffshort | C31: School | D31: SC017Q01NA | E31: SC017Q02NA | F31: SC017Q03NA | G31: SC017Q04NA
A32: Student competition | B32: percomp | C32: Student | D32: ST205Q01HA | E32: ST205Q02HA | F32: ST205Q03HA
A33: Student co-operation | B33: percoop | C33: Student | D33: ST206Q01HA | E33: ST206Q02HA | F33: ST206Q03HA
A34: Teacher behaviour hindering learning | B34: teachbeha | C34: School | D34: SC061Q06TA | E34: SC061Q07TA | F34: SC061Q08TA | G34: SC061Q09TA | H34: SC061Q10TA
A35: Teacher enthusiasm | B35: teachint | C35: Student | D35: ST213Q01HA | E35: ST213Q02HA | F35: ST213Q03HA | G35: ST213Q04HA
A36: Teacher feedback | B36: perfeed | C36: Student | D36: ST104Q02NA | E36: ST104Q03NA | F36: ST104Q04NA
A37: Teacher support | B37: teachsup | C37: Student | D37: ST100Q01TR | E37: ST100Q02TR | F37: ST100Q03TR | G37: ST100Q04TR
A38: Teacher-directed instruction | B38: dirins | C38: Student | D38: ST102Q01TR | E38: ST102Q02TR | F38: ST102Q03TR | G38: ST102Q04TR
A39: Teachers' stimulation of reading engagement | B39: stimread | C39: Student | D39: ST152Q05IA | E39: ST152Q06IA | F39: ST152Q07IA | G39: ST152Q08IA
A40: Value of school | B40: attlnact | C40: Student | D40: ST036Q05TR | E40: ST036Q06TR | F40: ST036Q08TR

Sheet Table III.B1.13.1
A1: PISA 2018 Results (Volume III) - © OECD 2019
A2: Annex B1 | B2: Annex B1.13 Results (tables): Students' self-efficacy and fear of failure
A3: Version 2 - Last updated: 24-Jul-2020
A4: Disclaimer: http://oe.cd/disclaimer
A6: Annex B1 | B6: Annex B1.13 Results (tables): Students' self-efficacy and fear of failure
A7: Version 2 - Last updated: 02-Dec-2019
A8: Disclaimer: http://oe.cd/disclaimer
A10: Table III.B1.13.1
A11: Students' self-efficacy
A12: Based on students' reports
B15: Index of self-efficacy | H15: Percentage of students who reported the following:
H16: I usually manage one way or another | T16: I feel proud that I have accomplished things | AF16: I feel that I can handle many things at a time | AR16: My belief in myself gets me through hard times | BD16: When I’m in a difficult situation, I can usually find my way out of it
B17: Average | E17: Variability | H17: Strongly disagree | K17: Disagree | N17: Agree | Q17: Strongly agree | T17: Strongly disagree | W17: Disagree | Z17: Agree | AC17: Strongly agree | AF17: Strongly disagree | AI17: Disagree | AL17: Agree | AO17: Strongly agree | AR17: Strongly disagree | AU17: Disagree | AX17: Agree | BA17: Strongly agree | BD17: Strongly disagree | BG17: Disagree | BJ17: Agree | BM17: Strongly agree
B18: Mean index | C18: S.E. | E18: S.D. | F18: S.E. | H18: % | I18: S.E. | K18: % | L18: S.E. | N18: % | O18: S.E. | Q18: % | R18: S.E. | T18: % | U18: S.E. | W18: % | X18: S.E. | Z18: % | AA18: S.E. | AC18: % | AD18: S.E. | AF18: % | AG18: S.E. | AI18: % | AJ18: S.E. | AL18: % | AM18: S.E. | AO18: % | AP18: S.E. | AR18: % | AS18: S.E. | AU18: % | AV18: S.E. | AX18: % | AY18: S.E. | BA18: % | BB18: S.E. | BD18: % | BE18: S.E. | BG18: % | BH18: S.E. | BJ18: % | BK18: S.E. | BM18: % | BN18: S.E.
A19: OECD
A20: Australia | B20: 0.025454753 | C20: 0.011074198 | E20: 0.96396868 | F20: 0.0074270658 | H20: 1.3114081 | I20: 0.10836053 | K20: 5.4329621 | L20: 0.25060364 | N20: 72.388897 | O20: 0.46620165 | Q20: 20.866733 | R20: 0.41435161 | T20: 1.4385259 | U20: 0.10943328 | W20: 6.6908825 | X20: 0.26204659 | Z20: 59.24037 | AA20: 0.5143654 | AC20: 32.630222 | AD20: 0.48428705 | AF20: 3.9053294 | AG20: 0.21248115 | AI20: 23.537721 | AJ20: 0.39793276 | AL20: 56.748512 | AM20: 0.48367188 | AO20: 15.808438 | AP20: 0.36385299 | AR20: 6.9823906 | AS20: 0.27422856 | AU20: 26.147341 | AV20: 0.40807636 | AX20: 50.070708 | AY20: 0.47804626 | BA20: 16.79956 | BB20: 0.42230805 | BD20: 2.5940682 | BE20: 0.1633024 | BG20: 11.582586 | BH20: 0.40096442 | BJ20: 64.664542 | BK20: 0.51826837 | BM20: 21.158803 | BN20: 0.46767474
A21: Austria | B21: 0.081056302 | C21: 0.019159826 | E21: 1.0352059 | F21: 0.012227692 | H21: 3.4165014 | I21: 0.27220461 | K21: 12.060781 | L21: 0.53224198 | N21: 64.192939 | O21: 0.66528582 | Q21: 20.329778 | R21: 0.62134942 | T21: 2.6027281 | U21: 0.24669008 | W21: 12.501031 | X21: 0.50093289 | Z21: 47.183795 | AA21: 0.71675726 | AC21: 37.712446 | AD21: 0.80010563 | AF21: 4.0306302 | AG21: 0.24507164 | AI21: 25.101438 | AJ21: 0.6296848 | AL21: 52.359556 | AM21: 0.71060476 | AO21: 18.508376 | AP21: 0.53624424 | AR21: 6.4810813 | AS21: 0.30123323 | AU21: 20.877628 | AV21: 0.61452482 | AX21: 44.669962 | AY21: 0.68399142 | BA21: 27.971329 | BB21: 0.7520461 | BD21: 3.0602049 | BE21: 0.28280722 | BG21: 13.321744 | BH21: 0.51342105 | BJ21: 55.943834 | BK21: 0.74724587 | BM21: 27.674218 | BN21: 0.79639637
A22: Belgium (Flemish) | B22: -0.20960614 | C22: 0.016417729 | E22: 0.81999745 | F22: 0.013130932 | H22: 1.8118609 | I22: 0.20546118 | K22: 9.3084136 | L22: 0.40638595 | N22: 70.826908 | O22: 0.55561219 | Q22: 18.052818 | R22: 0.57985791 | T22: 1.045412 | U22: 0.27419639 | W22: 7.8534516 | X22: 0.38140221 | Z22: 64.432908 | AA22: 0.76781352 | AC22: 26.668228 | AD22: 0.84163771 | AF22: 2.7571259 | AG22: 0.26602345 | AI22: 33.599429 | AJ22: 0.7819275 | AL22: 54.224424 | AM22: 0.71289467 | AO22: 9.4190215 | AP22: 0.51749957 | AR22: 9.9410057 | AS22: 0.51435775 | AU22: 32.729608 | AV22: 0.78813462 | AX22: 46.028887 | AY22: 0.87451632 | BA22: 11.300499 | BB22: 0.42651019 | BD22: 2.5123041 | BE22: 0.36800964 | BG22: 14.634247 | BH22: 0.52186633 | BJ22: 68.828629 | BK22: 0.69626535 | BM22: 14.02482 | BN22: 0.51410305
A23: Canada | B23: 0.1310839 | C23: 0.009257815 | E23: 1.0089946 | F23: 0.0070374299 | H23: 1.4750641 | I23: 0.11868756 | K23: 5.4623717 | L23: 0.22999744 | N23: 66.782338 | O23: 0.46607484 | Q23: 26.280227 | R23: 0.41855183 | T23: 1.3930927 | U23: 0.12091025 | W23: 7.3093525 | X23: 0.28713147 | Z23: 56.428026 | AA23: 0.45702361 | AC23: 34.869529 | AD23: 0.45178523 | AF23: 4.0023347 | AG23: 0.19177686 | AI23: 23.397901 | AJ23: 0.40673431 | AL23: 52.497873 | AM23: 0.46602717 | AO23: 20.101892 | AP23: 0.37263103 | AR23: 6.0687222 | AS23: 0.22019877 | AU23: 23.34896 | AV23: 0.42776323 | AX23: 50.257568 | AY23: 0.45463631 | BA23: 20.32475 | BB23: 0.35104382 | BD23: 2.033931 | BE23: 0.11048526 | BG23: 10.577852 | BH23: 0.34657335 | BJ23: 61.852648 | BK23: 0.469268 | BM23: 25.535569 | BN23: 0.36833226
A24: Chile | B24: 0.2908346 | C24: 0.016741893 | E24: 1.1276964 | F24: 0.012727525 | H24: 2.1912686 | I24: 0.25432808 | K24: 5.5936711 | L24: 0.32392629 | N24: 61.188596 | O24: 0.71039016 | Q24: 31.026464 | R24: 0.70061188 | T24: 2.054412 | U24: 0.20911182 | W24: 6.9600796 | X24: 0.32838211 | Z24: 50.379253 | AA24: 0.80804346 | AC24: 40.606255 | AD24: 0.82134069 | AF24: 2.6721283 | AG24: 0.25028178 | AI24: 18.947168 | AJ24: 0.67971282 | AL24: 55.053184 | AM24: 0.78349396 | AO24: 23.32752 | AP24: 0.58697827 | AR24: 6.3241938 | AS24: 0.42869547 | AU24: 18.436436 | AV24: 0.48267572 | AX24: 44.575791 | AY24: 0.64400025 | BA24: 30.663579 | BB24: 0.59648318 | BD24: 3.3956318 | BE24: 0.26320971 | BG24: 12.223894 | BH24: 0.49068516 | BJ24: 54.10166 | BK24: 0.72826183 | BM24: 30.278814 | BN24: 0.60821095
A25: Colombia | B25: 0.29779172 | C25: 0.01765865 | E25: 0.98767509 | F25: 0.013871157 | H25: 2.5048176 | I25: 0.27022169 | K25: 8.1854416 | L25: 0.40086279 | N25: 70.325015 | O25: 0.81030738 | Q25: 18.984726 | R25: 0.66397186 | T25: 1.5563283 | U25: 0.21356963 | W25: 5.0545993 | X25: 0.3386767 | Z25: 56.42234 | AA25: 0.78789435 | AC25: 36.966733 | AD25: 0.81923763 | AF25: 1.951953 | AG25: 0.23180615 | AI25: 23.400633 | AJ25: 0.79266358 | AL25: 56.178765 | AM25: 0.85550782 | AO25: 18.468649 | AP25: 0.60537313 | AR25: 2.2218159 | AS25: 0.22104039 | AU25: 6.9510214 | AV25: 0.38994296 | AX25: 55.400256 | AY25: 0.85742342 | BA25: 35.426907 | BB25: 0.83267392 | BD25: 1.8030114 | BE25: 0.19800411 | BG25: 8.0630787 | BH25: 0.45026762 | BJ25: 60.73404 | BK25: 0.73873804 | BM25: 29.39987 | BN25: 0.73584232
A26: Czech Republic | B26: -0.27959011 | C26: 0.01265873 | E26: 0.8824418 | F26: 0.012237406 | H26: 2.141574 | I26: 0.27265731 | K26: 6.6169843 | L26: 0.4250862 | N26: 75.000142 | O26: 0.71085122 | Q26: 16.2413 | R26: 0.57180223 | T26: 4.1467873 | U26: 0.30137143 | W26: 25.523847 | X26: 0.57054598 | Z26: 56.304115 | AA26: 0.64297105 | AC26: 14.025251 | AD26: 0.41455629 | AF26: 3.6940265 | AG26: 0.30004433 | AI26: 28.137797 | AJ26: 0.69392582 | AL26: 57.601645 | AM26: 0.76051366 | AO26: 10.566531 | AP26: 0.4240845 | AR26: 8.0483725 | AS26: 0.33243295 | AU26: 29.378858 | AV26: 0.65964615 | AX26: 48.684408 | AY26: 0.72235967 | BA26: 13.888362 | BB26: 0.48597722 | BD26: 2.87984 | BE26: 0.24016774 | BG26: 15.618483 | BH26: 0.49506 | BJ26: 66.843566 | BK26: 0.72123993 | BM26: 14.658111 | BN26: 0.55255807
A27: Denmark | B27: 0.050364812 | C27: 0.015434761 | E27: 0.92254834 | F27: 0.013052558 | H27: 1.6282564 | I27: 0.1962395 | K27: 7.5122246 | L27: 0.43469868 | N27: 69.156185 | O27: 0.71582331 | Q27: 21.703334 | R27: 0.69953613 | T27: 1.3436796 | U27: 0.18733607 | W27: 11.3618 | X27: 0.52737888 | Z27: 65.246948 | AA27: 0.8429147 | AC27: 22.047572 | AD27: 0.72941665 | AF27: 2.3710225 | AG27: 0.26151071 | AI27: 19.942631 | AJ27: 0.5308533 | AL27: 60.028947 | AM27: 0.70576766 | AO27: 17.6574 | AP27: 0.61120593 | AR27: 4.875242 | AS27: 0.32917146 | AU27: 23.798372 | AV27: 0.57727258 | AX27: 52.735447 | AY27: 0.72422455 | BA27: 18.590939 | BB27: 0.60257509 | BD27: 1.2851337 | BE27: 0.16305063 | BG27: 8.7403644 | BH27: 0.45178886 | BJ27: 65.735494 | BK27: 0.7422745 | BM27: 24.239008 | BN27: 0.71656953
A28: Estonia | B28: -0.028236006 | C28: 0.015075036 | E28: 0.94413614 | F28: 0.012214669 | H28: 2.3836489 | I28: 0.22522681 | K28: 5.7229001 | L28: 0.33617965 | N28: 70.152462 | O28: 0.65148985 | Q28: 21.740989 | R28: 0.60611477 | T28: 1.9323474 | U28: 0.19757194 | W28: 13.166339 | X28: 0.51221938 | Z28: 61.564801 | AA28: 0.71123176 | AC28: 23.336512 | AD28: 0.66634122 | AF28: 2.3324627 | AG28: 0.25044619 | AI28: 26.230649 | AJ28: 0.77207181 | AL28: 58.220961 | AM28: 0.81730472 | AO28: 13.215927 | AP28: 0.55276917 | AR28: 5.8142941 | AS28: 0.3892194 | AU28: 22.735819 | AV28: 0.7089475 | AX28: 53.484801 | AY28: 0.79209647 | BA28: 17.965086 | BB28: 0.579236 | BD28: 2.1376048 | BE28: 0.22798512 | BG28: 11.310478 | BH28: 0.45918405 | BJ28: 66.631283 | BK28: 0.73368156 | BM28: 19.920634 | BN28: 0.62376709
A29: Finland | B29: -0.033589725 | C29: 0.015050031 | E29: 0.94733985 | F29: 0.01168246 | H29: 1.5837205 | I29: 0.16562185 | K29: 4.9037379 | L29: 0.28103129 | N29: 68.327861 | O29: 0.74747324 | Q29: 25.18468 | R29: 0.69647748 | T29: 1.879759 | U29: 0.18535392 | W29: 9.2373658 | X29: 0.40742325 | Z29: 61.554169 | AA29: 0.71850071 | AC29: 27.328706 | AD29: 0.68070372 | AF29: 3.8084575 | AG29: 0.24554754 | AI29: 27.882965 | AJ29: 0.73492781 | AL29: 55.895226 | AM29: 0.7379619 | AO29: 12.413351 | AP29: 0.50982604 | AR29: 5.3449852 | AS29: 0.3133208 | AU29: 24.112196 | AV29: 0.61259881 | AX29: 56.351975 | AY29: 0.6884458 | BA29: 14.190843 | BB29: 0.54908945 | BD29: 2.4961591 | BE29: 0.24214459 | BG29: 13.432396 | BH29: 0.5367671 | BJ29: 66.363552 | BK29: 0.66787042 | BM29: 17.707893 | BN29: 0.50488999
A30: France | B30: -0.10217827 | C30: 0.01438554 | E30: 0.99589463 | F30: 0.012076276 | H30: 1.9678354 | I30: 0.22017692 | K30: 5.6004215 | L30: 0.35694696 | N30: 63.299759 | O30: 0.72463263 | Q30: 29.131984 | R30: 0.70699374 | T30: 2.2158074 | U30: 0.19194975 | W30: 11.149439 | X30: 0.43254723 | Z30: 57.946033 | AA30: 0.68792372 | AC30: 28.688721 | AD30: 0.71292949 | AF30: 4.0033233 | AG30: 0.28659852 | AI30: 28.976805 | AJ30: 0.65737112 | AL30: 49.75207 | AM30: 0.72062686 | AO30: 17.267802 | AP30: 0.44489901 | AR30: 13.818555 | AS30: 0.54013276 | AU30: 27.653888 | AV30: 0.61314 | AX30: 39.994325 | AY30: 0.78133111 | BA30: 18.533232 | BB30: 0.51803101 | BD30: 4.0158974 | BE30: 0.28142366 | BG30: 20.496688 | BH30: 0.56650857 | BJ30: 55.413174 | BK30: 0.67336555 | BM30: 20.07424 | BN30: 0.53747709
A31: Germany | B31: -0.02022071 | C31: 0.015029133 | D31: † | E31: 0.95367033 | F31: 0.01637254 | G31: † | H31: 2.9641187 | I31: 0.32029183 | J31: † | K31: 12.24113 | L31: 0.59769902 | M31: † | N31: 66.344174 | O31: 0.89725737 | P31: † | Q31: 18.450576 | R31: 0.59736383 | S31: † | T31: 2.4782516 | U31: 0.28991644 | V31: † | W31: 15.246331 | X31: 0.54119448 | Y31: † | Z31: 51.467535 | AA31: 0.9689193 | AB31: † | AC31: 30.807883 | AD31: 0.82190795 | AE31: † | AF31: 3.3023149 | AG31: 0.28073701 | AH31: † | AI31: 27.443515 | AJ31: 0.6880958 | AK31: † | AL31: 53.700672 | AM31: 0.85021882 | AN31: † | AO31: 15.553498 | AP31: 0.55893772 | AQ31: † | AR31: 6.6862614 | AS31: 0.39006337 | AT31: † | AU31: 24.987678 | AV31: 0.72809824 | AW31: † | AX31: 44.923929 | AY31: 0.93239336 | AZ31: † | BA31: 23.402131 | BB31: 0.74842653 | BC31: † | BD31: 2.4815713 | BE31: 0.25865196 | BF31: † | BG31: 13.022251 | BH31: 0.59769162 | BI31: † | BJ31: 58.398693 | BK31: 0.86837326 | BL31: † | BM31: 26.097485 | BN31: 0.79813431 | BO31: †
A32: Greece | B32: 0.046908181 | C32: 0.016475358 | E32: 0.95335113 | F32: 0.011591818 | H32: 3.4304068 | I32: 0.36612265 | K32: 8.1008561 | L32: 0.39153021 | N32: 70.919041 | O32: 0.73774912 | Q32: 17.549697 | R32: 0.62513001 | T32: 2.5042908 | U32: 0.21088178 | W32: 13.280443 | X32: 0.52293895 | Z32: 57.947424 | AA32: 0.69687531 | AC32: 26.267842 | AD32: 0.63243966 | AF32: 2.3884792 | AG32: 0.26115089 | AI32: 22.726965 | AJ32: 0.65684574 | AL32: 55.834214 | AM32: 0.81553182 | AO32: 19.050342 | AP32: 0.62712744 | AR32: 3.7438489 | AS32: 0.24278462 | AU32: 17.84078 | AV32: 0.48618621 | AX32: 53.650056 | AY32: 0.63076598 | BA32: 24.765315 | BB32: 0.6353778 | BD32: 2.3197092 | BE32: 0.20536855 | BG32: 11.788027 | BH32: 0.53615729 | BJ32: 64.366703 | BK32: 0.7084927 | BM32: 21.525561 | BN32: 0.65264486
A33: Hungary | B33: 0.17362568 | C33: 0.013354649 | E33: 0.94555971 | F33: 0.012327475 | H33: 2.0627099 | I33: 0.27649984 | K33: 6.7284262 | L33: 0.33172397 | N33: 71.40126 | O33: 0.75082365 | Q33: 19.807604 | R33: 0.57366709 | T33: 1.5623362 | U33: 0.20320432 | W33: 7.5944288 | X33: 0.41223013 | Z33: 56.473915 | AA33: 0.64823937 | AC33: 34.36932 | AD33: 0.62927158 | AF33: 2.7503524 | AG33: 0.22528121 | AI33: 23.309078 | AJ33: 0.64627938 | AL33: 55.618636 | AM33: 0.81092904 | AO33: 18.321933 | AP33: 0.59932818 | AR33: 3.569778 | AS33: 0.25088453 | AU33: 16.059513 | AV33: 0.59006896 | AX33: 55.001067 | AY33: 0.6615102 | BA33: 25.369641 | BB33: 0.59135764 | BD33: 2.0913014 | BE33: 0.19805058 | BG33: 8.186547 | BH33: 0.34537622 | BJ33: 62.458105 | BK33: 0.81717233 | BM33: 27.264047 | BN33: 0.72306141
A34: Iceland | B34: 0.10457168 | C34: 0.020267438 | E34: 1.1681931 | F34: 0.017200678 | H34: 2.484458 | I34: 0.28425976 | K34: 6.2977829 | L34: 0.39211966 | N34: 60.201935 | O34: 0.69265516 | Q34: 31.015824 | R34: 0.72975111 | T34: 2.7266997 | U34: 0.27147745 | W34: 14.041027 | X34: 0.58417703 | Z34: 55.439257 | AA34: 0.91386998 | AC34: 27.793016 | AD34: 0.85134258 | AF34: 3.663174 | AG34: 0.3371057 | AI34: 20.756528 | AJ34: 0.65365324 | AL34: 54.460636 | AM34: 0.88723701 | AO34: 21.119662 | AP34: 0.67296463 | AR34: 6.4597743 | AS34: 0.41952545 | AU34: 24.191531 | AV34: 0.80476536 | AX34: 47.808986 | AY34: 1.0023856 | BA34: 21.539709 | BB34: 0.80379331 | BD34: 2.6570976 | BE34: 0.34055504 | BG34: 13.394536 | BH34: 0.57356988 | BJ34: 60.012053 | BK34: 0.81763592 | BM34: 23.936313 | BN34: 0.7106104
A35: Ireland | B35: -0.044074469 | C35: 0.012108059 | E35: 0.87585914 | F35: 0.011966808 | H35: 0.87445259 | I35: 0.11478544 | K35: 5.4326954 | L35: 0.24663032 | N35: 76.807688 | O35: 0.55203728 | Q35: 16.885164 | R35: 0.52607166 | T35: 0.95000286 | U35: 0.1390177 | W35: 8.9628724 | X35: 0.44380162 | Z35: 62.373553 | AA35: 0.73065776 | AC35: 27.713572 | AD35: 0.66269736 | AF35: 3.0204384 | AG35: 0.26960239 | AI35: 24.739375 | AJ35: 0.55132287 | AL35: 58.662411 | AM35: 0.69663619 | AO35: 13.577776 | AP35: 0.44905619 | AR35: 6.0139528 | AS35: 0.36742155 | AU35: 27.854684 | AV35: 0.61941336 | AX35: 50.580998 | AY35: 0.65987687 | BA35: 15.550364 | BB35: 0.57806646 | BD35: 1.9755895 | BE35: 0.19053798 | BG35: 12.551371 | BH35: 0.39904456 | BJ35: 66.584224 | BK35: 0.69411418 | BM35: 18.888815 | BN35: 0.55112281
A36: Israel | B36: 0.16964463 | C36: 0.019791403 | E36: 1.1421438 | F36: 0.012880829 | H36: 6.3648119 | I36: 0.4346486 | K36: 9.4514183 | L36: 0.45760064 | N36: 58.795164 | O36: 0.82252854 | Q36: 25.388606 | R36: 0.70059927 | T36: 3.9082055 | U36: 0.30278521 | W36: 13.880036 | X36: 0.62374013 | Z36: 43.08944 | AA36: 0.70265018 | AC36: 39.122319 | AD36: 0.79093369 | AF36: 6.0078547 | AG36: 0.38113269 | AI36: 25.213236 | AJ36: 0.63578828 | AL36: 46.479766 | AM36: 0.76462194 | AO36: 22.299143 | AP36: 0.56301799 | AR36: 5.0507038 | AS36: 0.29733341 | AU36: 15.390997 | AV36: 0.55430821 | AX36: 45.0737 | AY36: 0.70176467 | BA36: 34.4846 | BB36: 0.69733206 | BD36: 3.942447 | BE36: 0.28173012 | BG36: 11.491281 | BH36: 0.41226365 | BJ36: 54.805605 | BK36: 0.66086351 | BM36: 29.760667 | BN36: 0.67236821
A37: Italy | B37: -0.030853486 | C37: 0.012599343 | E37: 0.94445088 | F37: 0.011848825 | H37: 4.1892303 | I37: 0.29222447 | K37: 11.218604 | L37: 0.46875903 | N37: 66.849081 | O37: 0.71535245 | Q37: 17.743084 | R37: 0.59312267 | T37: 2.5144588 | U37: 0.19700266 | W37: 11.321541 | X37: 0.4239446 | Z37: 58.136554 | AA37: 0.68549894 | AC37: 28.027447 | AD37: 0.65032597 | AF37: 3.4807622 | AG37: 0.24785246 | AI37: 28.720556 | AJ37: 0.62753931 | AL37: 53.801528 | AM37: 0.71098379 | AO37: 13.997154 | AP37: 0.49466804 | AR37: 7.8830378 | AS37: 0.40601968 | AU37: 20.090612 | AV37: 0.52961475 | AX37: 48.64921 | AY37: 0.83303486 | BA37: 23.37714 | BB37: 0.68469831 | BD37: 3.1720143 | BE37: 0.24651111 | BG37: 11.256241 | BH37: 0.43680519 | BJ37: 59.588972 | BK37: 0.65757664 | BM37: 25.982772 | BN37: 0.66247591
A38: Japan | B38: -0.61381946 | C38: 0.014328841 | E38: 0.95278627 | F38: 0.014206953 | H38: 5.0960215 | I38: 0.29953238 | K38: 30.055372 | L38: 0.61620843 | N38: 51.979593 | O38: 0.75829874 | Q38: 12.869013 | R38: 0.45316283 | T38: 5.303839 | U38: 0.32539483 | W38: 25.919057 | X38: 0.55407661 | Z38: 51.482743 | AA38: 0.66171184 | AC38: 17.294362 | AD38: 0.60840107 | AF38: 12.510799 | AG38: 0.43095083 | AI38: 46.064387 | AJ38: 0.66203141 | AL38: 34.718908 | AM38: 0.6390201 | AO38: 6.7059071 | AP38: 0.33537761 | AR38: 9.0638009 | AS38: 0.40953558 | AU38: 34.681009 | AV38: 0.63642775 | AX38: 43.983831 | AY38: 0.74059757 | BA38: 12.271359 | BB38: 0.49495322 | BD38: 6.391026 | BE38: 0.31663675 | BG38: 35.053772 | BH38: 0.64806333 | BJ38: 48.642811 | BK38: 0.73767541 | BM38: 9.9123914 | BN38: 0.4407101
A39: Korea | B39: -0.036204302 | C39: 0.015000535 | E39: 1.0022312 | F39: 0.011941905 | H39: 1.4427787 | I39: 0.17231899 | K39: 12.953045 | L39: 0.4795788 | N39: 69.734604 | O39: 0.56987418 | Q39: 15.869572 | R39: 0.50081328 | T39: 0.9320801 | U39: 0.13096272 | W39: 7.6664388 | X39: 0.39492819 | Z39: 55.442896 | AA39: 0.63579707 | AC39: 35.958585 | AD39: 0.67976399 | AF39: 5.2512463 | AG39: 0.26720609 | AI39: 39.817105 | AJ39: 0.72788164 | AL39: 42.736942 | AM39: 0.78252178 | AO39: 12.194707 | AP39: 0.47557494 | AR39: 3.282234 | AS39: 0.24724807 | AU39: 19.653068 | AV39: 0.5829055 | AX39: 56.58644 | AY39: 0.69004049 | BA39: 20.478259 | BB39: 0.5607854 | BD39: 2.2008992 | BE39: 0.21306039 | BG39: 17.147703 | BH39: 0.55075976 | BJ39: 61.997226 | BK39: 0.68949563 | BM39: 18.654172 | BN39: 0.51825985
A40: Latvia | B40: -0.19181672 | C40: 0.011866624 | E40: 0.86767368 | F40: 0.013360506 | H40: 3.3516267 | I40: 0.26690194 | K40: 14.022177 | L40: 0.47167079 | N40: 70.550224 | O40: 0.67018225 | Q40: 12.075972 | R40: 0.39392607 | T40: 3.1448109 | U40: 0.26849205 | W40: 17.638237 | X40: 0.55330663 | Z40: 59.60946 | AA40: 0.79538935 | AC40: 19.607492 | AD40: 0.59919695 | AF40: 3.2133719 | AG40: 0.2795015 | AI40: 27.279351 | AJ40: 0.6438399 | AL40: 59.044346 | AM40: 0.76614997 | AO40: 10.462931 | AP40: 0.41261526 | AR40: 4.8450299 | AS40: 0.29858974 | AU40: 23.156117 | AV40: 0.6788562 | AX40: 56.62155 | AY40: 0.72402318 | BA40: 15.377304 | BB40: 0.54177975 | BD40: 2.4404975 | BE40: 0.22655507 | BG40: 13.631175 | BH40: 0.54667947 | BJ40: 66.707027 | BK40: 0.75007662 | BM40: 17.2213 | BN40: 0.4973108
A41: Lithuania | B41: 0.23197156 | C41: 0.013951089 | E41: 1.0469495 | F41: 0.012274423 | H41: 3.1777004 | I41: 0.27182162 | K41: 7.2198175 | L41: 0.38987975 | N41: 64.497554 | O41: 0.66895844 | Q41: 25.104928 | R41: 0.60846474 | T41: 2.0471064 | U41: 0.19296697 | W41: 9.4076026 | X41: 0.39489467 | Z41: 44.953027 | AA41: 0.60706097 | AC41: 43.592264 | AD41: 0.61225967 | AF41: 4.3413705 | AG41: 0.26232943 | AI41: 23.675085 | AJ41: 0.60160287 | AL41: 51.11151 | AM41: 0.64875824 | AO41: 20.872035 | AP41: 0.55498279 | AR41: 4.4801734 | AS41: 0.31749724 | AU41: 14.461602 | AV41: 0.54191217 | AX41: 48.957099 | AY41: 0.65274113 | BA41: 32.101126 | BB41: 0.57008556 | BD41: 2.5329293 | BE41: 0.20402131 | BG41: 12.28032 | BH41: 0.48382018 | BJ41: 57.716514 | BK41: 0.72547862 | BM41: 27.470237 | BN41: 0.60598872
A42: Luxembourg | B42: -0.0051981077 | C42: 0.015987346 | E42: 1.0605552 | F42: 0.013007622 | H42: 3.9634659 | I42: 0.2582365 | K42: 9.441434 | L42: 0.4089479 | N42: 62.538136 | O42: 0.75198206 | Q42: 24.056964 | R42: 0.61859508 | T42: 3.2119214 | U42: 0.26014668 | W42: 13.795446 | X42: 0.50581037 | Z42: 53.503191 | AA42: 0.74339254 | AC42: 29.489442 | AD42: 0.63942458 | AF42: 3.6882068 | AG42: 0.26425412 | AI42: 23.530016 | AJ42: 0.60138455 | AL42: 54.36172 | AM42: 0.71442924 | AO42: 18.420058 | AP42: 0.60192341 | AR42: 7.6128588 | AS42: 0.39927944 | AU42: 23.904374 | AV42: 0.65457316 | AX42: 47.099684 | AY42: 0.75042793 | BA42: 21.383083 | BB42: 0.55559459 | BD42: 3.9230418 | BE42: 0.28290363 | BG42: 15.417697 | BH42: 0.47707137 | BJ42: 56.182097 | BK42: 0.82251166 | BM42: 24.477164 | BN42: 0.67649049
A43: Mexico | B43: 0.36081506 | C43: 0.0146747 | D43: † | E43: 1.0162176 | F43: 0.011086358 | G43: † | H43: 1.9157447 | I43: 0.31079629 | J43: † | K43: 6.930539 | L43: 0.38875466 | M43: † | N43: 65.366144 | O43: 0.76787062 | P43: † | Q43: 25.787572 | R43: 0.6767053 | S43: † | T43: 1.1916155 | U43: 0.1605542 | V43: † | W43: 4.1097927 | X43: 0.30631021 | Y43: † | Z43: 52.456627 | AA43: 0.7607872 | AB43: † | AC43: 42.241965 | AD43: 0.77078916 | AE43: † | AF43: 1.8303819 | AG43: 0.19123684 | AH43: † | AI43: 20.488677 | AJ43: 0.62566077 | AK43: † | AL43: 56.843252 | AM43: 0.7895916 | AN43: † | AO43: 20.837689 | AP43: 0.63718682 | AQ43: † | AR43: 2.6515846 | AS43: 0.22477646 | AT43: † | AU43: 11.582573 | AV43: 0.4452879 | AW43: † | AX43: 52.976559 | AY43: 0.6989653 | AZ43: † | BA43: 32.789284 | BB43: 0.68378213 | BC43: † | BD43: 1.8855951 | BE43: 0.18401324 | BF43: † | BG43: 9.0441475 | BH43: 0.46125156 | BI43: † | BJ43: 56.864091 | BK43: 0.72380979 | BL43: † | BM43: 32.206166 | BN43: 0.66909847 | BO43: †
A44: Netherlands* | B44: -0.11302529 | C44: 0.016987893 | E44: 0.84274423 | F44: 0.01627351 | H44: 1.2481415 | I44: 0.21527239 | K44: 8.7305407 | L44: 0.46511388 | N44: 73.558887 | O44: 0.79115705 | Q44: 16.462431 | R44: 0.63011925 | T44: 1.1958234 | U44: 0.18344852 | W44: 10.060388 | X44: 0.51599844 | Z44: 66.597603 | AA44: 0.9611741 | AC44: 22.146185 | AD44: 0.87115852 | AF44: 3.0283551 | AG44: 0.3005636 | AI44: 31.277378 | AJ44: 0.79090203 | AL44: 54.965249 | AM44: 1.0096148 | AO44: 10.729018 | AP44: 0.68503989 | AR44: 5.1165303 | AS44: 0.34688931 | AU44: 25.801032 | AV44: 0.80237482 | AX44: 55.381955 | AY44: 0.91912989 | BA44: 13.700483 | BB44: 0.70538167 | BD44: 1.7677058 | BE44: 0.22851797 | BG44: 10.619655 | BH44: 0.61766229 | BJ44: 70.024927 | BK44: 0.86099969 | BM44: 17.587712 | BN44: 0.64332996
A45: New Zealand | B45: -0.021569788 | C45: 0.012845167 | E45: 0.90648635 | F45: 0.011084225 | H45: 1.0128737 | I45: 0.16104271 | K45: 5.4437006 | L45: 0.28763908 | N45: 74.562568 | O45: 0.60934318 | Q45: 18.980858 | R45: 0.59159264 | T45: 0.92390748 | U45: 0.12637264 | W45: 6.2074462 | X45: 0.36392941 | Z45: 58.963416 | AA45: 0.70049332 | AC45: 33.905231 | AD45: 0.66256736 | AF45: 4.3470928 | AG45: 0.25935315 | AI45: 28.129754 | AJ45: 0.68673489 | AL45: 53.428978 | AM45: 0.748901 | AO45: 14.094175 | AP45: 0.49204475 | AR45: 6.9653514 | AS45: 0.368239 | AU45: 26.860458 | AV45: 0.66235144 | AX45: 50.827265 | AY45: 0.70811527 | BA45: 15.346926 | BB45: 0.55665586 | BD45: 2.4279948 | BE45: 0.22439522 | BG45: 12.495854 | BH45: 0.4313216 | BJ45: 64.904056 | BK45: 0.77371903 | BM45: 20.172095 | BN45: 0.53088103
A46: Norway | B46: m | C46: m | E46: m | F46: m | H46: m | I46: m | K46: m | L46: m | N46: m | O46: m | Q46: m | R46: m | T46: m | U46: m | W46: m | X46: m | Z46: m | AA46: m | AC46: m | AD46: m | AF46: m | AG46: m | AI46: m | AJ46: m | AL46: m | AM46: m | AO46: m | AP46: m | AR46: m | AS46: m | AU46: m | AV46: m | AX46: m | AY46: m | BA46: m | BB46: m | BD46: m | BE46: m | BG46: m | BH46: m | BJ46: m | BK46: m | BM46: m | BN46: m
A47: Poland | B47: -0.056447681 | C47: 0.014631594 | E47: 0.95136786 | F47: 0.012300251 | H47: 3.2181886 | I47: 0.29731719 | K47: 8.2986909 | L47: 0.41958317 | N47: 71.354442 | O47: 0.73173987 | Q47: 17.128679 | R47: 0.54984756 | T47: 2.0975319 | U47: 0.19752831 | W47: 8.3046085 | X47: 0.42702268 | Z47: 58.647483 | AA47: 0.81418007 | AC47: 30.950377 | AD47: 0.83605131 | AF47: 2.7722949 | AG47: 0.20857902 | AI47: 24.362816 | AJ47: 0.64000628 | AL47: 59.150744 | AM47: 0.75852154 | AO47: 13.714145 | AP47: 0.48707953 | AR47: 6.4029519 | AS47: 0.34642198 | AU47: 25.011242 | AV47: 0.5533625 | AX47: 52.800461 | AY47: 0.6580057 | BA47: 15.785345 | BB47: 0.55822355 | BD47: 2.4168906 | BE47: 0.19956049 | BG47: 14.586333 | BH47: 0.52071966 | BJ47: 66.524115 | BK47: 0.73668848 | BM47: 16.472661 | BN47: 0.58943234
A48: Portugal* | B48: -0.012476872 | C48: 0.012861223 | E48: 0.89412546 | F48: 0.011501876 | H48: 1.2156548 | I48: 0.16236496 | K48: 8.1696711 | L48: 0.42959309 | N48: 70.956434 | O48: 0.59500568 | Q48: 19.65824 | R48: 0.55945676 | T48: 1.2362512 | U48: 0.15273388 | W48: 6.3657041 | X48: 0.37028106 | Z48: 64.18586 | AA48: 0.76383774 | AC48: 28.212185 | AD48: 0.64898146 | AF48: 2.6584194 | AG48: 0.24031962 | AI48: 29.831774 | AJ48: 0.71305364 | AL48: 54.914289 | AM48: 0.80130686 | AO48: 12.595518 | AP48: 0.56726806 | AR48: 5.3108076 | AS48: 0.29685417 | AU48: 21.995039 | AV48: 0.63430107 | AX48: 51.778164 | AY48: 0.76930852 | BA48: 20.915989 | BB48: 0.56239702 | BD48: 2.0927784 | BE48: 0.2074245 | BG48: 12.77765 | BH48: 0.55573137 | BJ48: 67.209167 | BK48: 0.62638061 | BM48: 17.920405 | BN48: 0.53978391
A49: Slovak Republic | B49: -0.2800567 | C49: 0.014510003 | E49: 0.95730474 | F49: 0.014078743 | H49: 5.6477213 | I49: 0.37075583 | K49: 14.645798 | L49: 0.54057872 | N49: 65.861899 | O49: 0.77738081 | Q49: 13.844582 | R49: 0.52257094 | T49: 3.7955947 | U49: 0.26490952 | W49: 19.700156 | X49: 0.51766372 | Z49: 59.525138 | AA49: 0.72107642 | AC49: 16.979111 | AD49: 0.54209273 | AF49: 4.1663414 | AG49: 0.29993225 | AI49: 30.427611 | AJ49: 0.68157351 | AL49: 54.534101 | AM49: 0.65271066 | AO49: 10.871946 | AP49: 0.41599 | AR49: 7.1177928 | AS49: 0.43149347 | AU49: 27.044504 | AV49: 0.73792646 | AX49: 50.670193 | AY49: 0.80340739 | BA49: 15.167511 | BB49: 0.59774653 | BD49: 4.5417994 | BE49: 0.32267838 | BG49: 15.979459 | BH49: 0.51545388 | BJ49: 62.66943 | BK49: 0.70116696 | BM49: 16.809311 | BN49: 0.58083522
A50: Slovenia | B50: -0.049101545 | C50: 0.015968704 | E50: 0.96778388 | F50: 0.012003224 | H50: 2.3553611 | I50: 0.20532033 | K50: 8.4561239 | L50: 0.46085297 | N50: 69.693012 | O50: 0.65391605 | Q50: 19.495503 | R50: 0.59524084 | T50: 2.4935378 | U50: 0.2519856 | W50: 18.893879 | X50: 0.59929896 | Z50: 58.971661 | AA50: 0.72995889 | AC50: 19.640922 | AD50: 0.65297496 | AF50: 2.7054475 | AG50: 0.26459434 | AI50: 22.695172 | AJ50: 0.73019463 | AL50: 60.00603 | AM50: 0.79505581 | AO50: 14.593351 | AP50: 0.57379627 | AR50: 4.2070335 | AS50: 0.33094179 | AU50: 19.025085 | AV50: 0.70784138 | AX50: 58.483989 | AY50: 0.78603956 | BA50: 18.283892 | BB50: 0.59697748 | BD50: 2.7003556 | BE50: 0.25524275 | BG50: 12.712532 | BH50: 0.57991365 | BJ50: 65.448834 | BK50: 0.60825703 | BM50: 19.138279 | BN50: 0.59891525
A51: Spain | B51: 0.17235319 | C51: 0.0091687346 | E51: 1.0058126 | F51: 0.0079810872 | H51: 2.9107165 | I51: 0.18184628 | K51: 12.32182 | L51: 0.2669466 | N51: 62.025219 | O51: 0.40106227 | Q51: 22.742244 | R51: 0.3514739 | T51: 1.5414066 | U51: 0.12328712 | W51: 5.9719711 | X51: 0.20617095 | Z51: 52.491301 | AA51: 0.39840181 | AC51: 39.995322 | AD51: 0.39162717 | AF51: 2.180207 | AG51: 0.15689167 | AI51: 16.02417 | AJ51: 0.29941412 | AL51: 58.016481 | AM51: 0.37240307 | AO51: 23.779142 | AP51: 0.3435386 | AR51: 5.6754598 | AS51: 0.15881498 | AU51: 20.952478 | AV51: 0.338875 | AX51: 48.285868 | AY51: 0.42204817 | BA51: 25.086194 | BB51: 0.36032495 | BD51: 2.8793218 | BE51: 0.16771733 | BG51: 13.265127 | BH51: 0.31074575 | BJ51: 58.68902 | BK51: 0.40135798 | BM51: 25.166531 | BN51: 0.33264359
A52: Sweden | B52: -0.063153079 | C52: 0.01780299 | E52: 1.0392364 | F52: 0.015411272 | H52: 1.6802832 | I52: 0.19670626 | K52: 5.1741049 | L52: 0.38850567 | N52: 63.212141 | O52: 0.80075918 | Q52: 29.933471 | R52: 0.71444946 | T52: 4.3611162 | U52: 0.28930375 | W52: 21.503285 | X52: 0.68390128 | Z52: 56.868123 | AA52: 0.77579078 | AC52: 17.267476 | AD52: 0.59040397 | AF52: 3.9164144 | AG52: 0.28718611 | AI52: 21.596973 | AJ52: 0.67303504 | AL52: 57.586103 | AM52: 0.84988387 | AO52: 16.90051 | AP52: 0.63205307 | AR52: 7.4069356 | AS52: 0.46527296 | AU52: 26.945416 | AV52: 0.69739953 | AX52: 48.80491 | AY52: 0.82925661 | BA52: 16.842739 | BB52: 0.66105584 | BD52: 2.8972776 | BE52: 0.25412041 | BG52: 14.051432 | BH52: 0.54173005 | BJ52: 61.381789 | BK52: 0.80702307 | BM52: 21.669501 | BN52: 0.68708825
A53: Switzerland | B53: 0.023866608 | C53: 0.013910617 | E53: 0.94762935 | F53: 0.012569066 | H53: 2.8284938 | I53: 0.25905936 | K53: 9.5839223 | L53: 0.45340441 | N53: 65.678242 | O53: 0.95630648 | Q53: 21.909342 | R53: 0.76468373 | T53: 2.2240949 | U53: 0.23432438 | W53: 11.565819 | X53: 0.57215948 | Z53: 54.022929 | AA53: 0.81870476 | AC53: 32.187157 | AD53: 0.75633705 | AF53: 2.784826 | AG53: 0.23840212 | AI53: 26.019175 | AJ53: 0.74120364 | AL53: 55.662916 | AM53: 0.79190643 | AO53: 15.533082 | AP53: 0.56734168 | AR53: 5.961526 | AS53: 0.34259964 | AU53: 22.797993 | AV53: 0.76229801 | AX53: 48.57979 | AY53: 0.92274132 | BA53: 22.66069 | BB53: 0.60428492 | BD53: 2.4284751 | BE53: 0.28903037 | BG53: 12.639317 | BH53: 0.56509635 | BJ53: 61.827441 | BK53: 0.88893263 | BM53: 23.104768 | BN53: 0.66986285
A54: Turkey | B54: 0.35795632 | C54: 0.016493007 | E54: 1.1437711 | F54: 0.013723003 | H54: 3.7199815 | I54: 0.3529346 | K54: 9.1797125 | L54: 0.36671147 | N54: 62.466879 | O54: 0.65356728 | Q54: 24.633427 | R54: 0.60488412 | T54: 2.7686373 | U54: 0.26010319 | W54: 6.0947958 | X54: 0.34692784 | Z54: 43.567156 | AA54: 0.7108303 | AC54: 47.569411 | AD54: 0.76671273 | AF54: 3.5855357 | AG54: 0.23944973 | AI54: 17.302441 | AJ54: 0.53467881 | AL54: 52.298912 | AM54: 0.69726498 | AO54: 26.813111 | AP54: 0.63850348 | AR54: 3.7535964 | AS54: 0.24800192 | AU54: 11.983389 | AV54: 0.47650183 | AX54: 51.538332 | AY54: 0.59899159 | BA54: 32.724683 | BB54: 0.61903633 | BD54: 2.9846069 | BE54: 0.20457034 | BG54: 11.424214 | BH54: 0.40253446 | BJ54: 53.716976 | BK54: 0.61982964 | BM54: 31.874203 | BN54: 0.6011097
A55: United Kingdom | B55: -0.17425838 | C55: 0.012769806 | E55: 0.94961835 | F55: 0.010540684 | H55: 1.5327062 | I55: 0.13284841 | K55: 8.2272903 | L55: 0.32471918 | N55: 72.956458 | O55: 0.61354835 | Q55: 17.283546 | R55: 0.56034771 | T55: 2.1141993 | U55: 0.19626714 | W55: 11.706954 | X55: 0.43990756 | Z55: 61.928977 | AA55: 0.65939656 | AC55: 24.249869 | AD55: 0.63245433 | AF55: 5.3178996 | AG55: 0.31232804 | AI55: 28.479672 | AJ55: 0.5649881 | AL55: 52.767074 | AM55: 0.60167277 | AO55: 13.435354 | AP55: 0.45156113 | AR55: 9.5714727 | AS55: 0.43257816 | AU55: 31.724552 | AV55: 0.66571511 | AX55: 44.385084 | AY55: 0.66691741 | BA55: 14.318892 | BB55: 0.48001601 | BD55: 3.4899223 | BE55: 0.25820254 | BG55: 16.23319 | BH55: 0.46355187 | BJ55: 62.209906 | BK55: 0.62585015 | BM55: 18.066982 | BN55: 0.46824057
A56: United States* | B56: 0.16978398 | C56: 0.016128047 | E56: 1.0025116 | F56: 0.013049778 | H56: 1.3841047 | I56: 0.18197215 | K56: 4.9783717 | L56: 0.37212579 | N56: 70.365455 | O56: 0.76115471 | Q56: 23.272069 | R56: 0.72354852 | T56: 1.0951344 | U56: 0.13684403 | W56: 6.6274074 | X56: 0.41521977 | Z56: 56.733966 | AA56: 0.81049555 | AC56: 35.543492 | AD56: 0.83681236 | AF56: 3.4964257 | AG56: 0.25623746 | AI56: 22.872835 | AJ56: 0.62891843 | AL56: 53.780587 | AM56: 0.72758395 | AO56: 19.850153 | AP56: 0.66589003 | AR56: 4.9923202 | AS56: 0.32424741 | AU56: 19.882601 | AV56: 0.70394492 | AX56: 52.692019 | AY56: 0.8114517 | BA56: 22.433059 | BB56: 0.71502785 | BD56: 1.6816617 | BE56: 0.18105409 | BG56: 10.558126 | BH56: 0.43454224 | BJ56: 61.525832 | BK56: 0.69891348 | BM56: 26.23438 | BN56: 0.5802294
A57: OECD average | B57: 0.0089612818 | C57: 0.0025007442 | E57: 0.97705367 | F57: 0.002104637 | H57: 2.569103 | I57: 0.042212868 | K57: 8.8806376 | L57: 0.068358863 | N57: 67.508815 | O57: 0.1169595 | Q57: 21.041444 | R57: 0.10066207 | T57: 2.2203259 | U57: 0.036553037 | W57: 11.463163 | X57: 0.077461431 | Z57: 56.432833 | AA57: 0.1222323 | AC57: 29.883678 | AD57: 0.11555664 | AF57: 3.6649113 | AG57: 0.044766548 | AI57: 25.887188 | AJ57: 0.10832899 | AL57: 54.25131 | AM57: 0.12394769 | AO57: 16.19659 | AP57: 0.089528534 | AR57: 6.104041 | AS57: 0.05834373 | AU57: 22.501346 | AV57: 0.10319017 | AX57: 50.233202 | AY57: 0.12343966 | BA57: 21.161411 | BB57: 0.10019978 | BD57: 2.7371193 | BE57: 0.040275932 | BG57: 13.378049 | BH57: 0.082699686 | BJ57: 61.599112 | BK57: 0.11906519 | BM57: 22.285719 | BN57: 0.10078169
A58: Partners
A59: Albania | B59: 0.60308797 | C59: 0.018799615 | E59: 1.0607756 | F59: 0.01036703 | H59: 2.0590865 | I59: 0.20846405 | K59: 4.4609505 | L59: 0.2997355 | N59: 58.096021 | O59: 0.84580068 | Q59: 35.383942 | R59: 0.81515396 | T59: 1.3388712 | U59: 0.17435117 | W59: 6.4039288 | X59: 0.39771673 | Z59: 48.486721 | AA59: 0.85469847 | AC59: 43.770479 | AD59: 0.93931887 | AF59: 1.7559994 | AG59: 0.20707407 | AI59: 20.316488 | AJ59: 0.57512342 | AL59: 53.197739 | AM59: 0.61785519 | AO59: 24.729773 | AP59: 0.69188585 | AR59: 1.6058129 | AS59: 0.17629307 | AU59: 6.0828461 | AV59: 0.37024018 | AX59: 43.822545 | AY59: 0.89118167 | BA59: 48.488796 | BB59: 0.84483218 | BD59: 0.96663494 | BE59: 0.13446909 | BG59: 3.7250184 | BH59: 0.25865673 | BJ59: 53.978917 | BK59: 0.69944368 | BM59: 41.32943 | BN59: 0.76322907
A60: Argentina | B60: 0.013835965 | C60: 0.016154227 | E60: 1.0273425 | F60: 0.010819117 | H60: 5.0650791 | I60: 0.34735262 | K60: 7.4603203 | L60: 0.4286754 | N60: 66.90695 | O60: 0.65049562 | Q60: 20.56765 | R60: 0.53972544 | T60: 3.6506525 | U60: 0.27715693 | W60: 12.729721 | X60: 0.512537 | Z60: 54.189003 | AA60: 0.70313908 | AC60: 29.430623 | AD60: 0.67546377 | AF60: 5.8219242 | AG60: 0.29092066 | AI60: 32.982191 | AJ60: 0.644055 | AL60: 46.567671 | AM60: 0.80841665 | AO60: 14.628213 | AP60: 0.52357464 | AR60: 6.2866111 | AS60: 0.31995516 | AU60: 15.463678 | AV60: 0.44984916 | AX60: 48.002498 | AY60: 0.80254261 | BA60: 30.247212 | BB60: 0.73494126 | BD60: 5.3328742 | BE60: 0.34272552 | BG60: 12.336741 | BH60: 0.43045719 | BJ60: 53.628136 | BK60: 0.75505453 | BM60: 28.702249 | BN60: 0.76080419
A61: Baku (Azerbaijan) | B61: 0.31031352 | C61: 0.021125646 | D61: † | E61: 1.2934782 | F61: 0.015898119 | G61: † | H61: 6.841825 | I61: 0.45612105 | J61: † | K61: 8.6882419 | L61: 0.47193668 | M61: † | N61: 56.030591 | O61: 0.84397285 | P61: † | Q61: 28.439342 | R61: 0.78353361 | S61: † | T61: 5.3947068 | U61: 0.34696361 | V61: † | W61: 7.7453268 | X61: 0.42092427 | Y61: † | Z61: 49.943553 | AA61: 0.83369386 | AB61: † | AC61: 36.916413 | AD61: 0.78963699 | AE61: † | AF61: 4.9468059 | AG61: 0.32837084 | AH61: † | AI61: 12.68333 | AJ61: 0.51836822 | AK61: † | AL61: 52.836551 | AM61: 0.91930242 | AN61: † | AO61: 29.533313 | AP61: 0.78750572 | AQ61: † | AR61: 5.3470165 | AS61: 0.38075253 | AT61: † | AU61: 10.841083 | AV61: 0.40993549 | AW61: † | AX61: 52.198294 | AY61: 0.82215986 | AZ61: † | BA61: 31.613606 | BB61: 0.76387339 | BC61: † | BD61: 4.7385899 | BE61: 0.31801236 | BF61: † | BG61: 9.6717014 | BH61: 0.41814252 | BI61: † | BJ61: 54.421611 | BK61: 0.90139765 | BL61: † | BM61: 31.168098 | BN61: 0.7579464 | BO61: †
A62: Belarus | B62: -0.21550022 | C62: 0.014657118 | E62: 0.81458542 | F62: 0.012044078 | H62: 2.1723354 | I62: 0.21894229 | K62: 12.156672 | L62: 0.453988 | N62: 77.424107 | O62: 0.55019018 | Q62: 8.2468856 | R62: 0.49887637 | T62: 2.6358292 | U62: 0.23238948 | W62: 24.157154 | X62: 0.71795741 | Z62: 57.856267 | AA62: 0.75046336 | AC62: 15.350749 | AD62: 0.58572522 | AF62: 2.5903569 | AG62: 0.239769 | AI62: 40.931085 | AJ62: 0.79762146 | AL62: 49.186328 | AM62: 0.68212823 | AO62: 7.29223 | AP62: 0.41075163 | AR62: 2.6625859 | AS62: 0.24297178 | AU62: 18.191438 | AV62: 0.56421118 | AX62: 63.417036 | AY62: 0.73497647 | BA62: 15.72894 | BB62: 0.56807831 | BD62: 1.5760482 | BE62: 0.19471647 | BG62: 8.3404083 | BH62: 0.39115419 | BJ62: 70.45598 | BK62: 0.66291703 | BM62: 19.627564 | BN62: 0.62619552
A63: Bosnia and Herzegovina | B63: 0.25472324 | C63: 0.015449638 | E63: 1.0726241 | F63: 0.015212951 | H63: 5.211481 | I63: 0.34984885 | K63: 8.7868347 | L63: 0.36436755 | N63: 63.145611 | O63: 0.69565557 | Q63: 22.856074 | R63: 0.54865974 | T63: 2.2505857 | U63: 0.23558888 | W63: 7.2847779 | X63: 0.37091205 | Z63: 57.522568 | AA63: 0.73543004 | AC63: 32.942068 | AD63: 0.72425933 | AF63: 2.9736917 | AG63: 0.25949898 | AI63: 16.089271 | AJ63: 0.556401 | AL63: 57.625563 | AM63: 0.77499226 | AO63: 23.311475 | AP63: 0.63971727 | AR63: 3.2951065 | AS63: 0.29431707 | AU63: 10.138837 | AV63: 0.42755583 | AX63: 56.299873 | AY63: 0.71999224 | BA63: 30.266184 | BB63: 0.6608676 | BD63: 2.8811594 | BE63: 0.24454923 | BG63: 9.7334459 | BH63: 0.40979552 | BJ63: 58.645579 | BK63: 0.61842959 | BM63: 28.739815 | BN63: 0.6409585
A64: Brazil | B64: -0.1603741 | C64: 0.013140228 | E64: 0.97554237 | F64: 0.011653322 | H64: 4.5433143 | I64: 0.27395322 | K64: 19.017602 | L64: 0.55640417 | N64: 61.413722 | O64: 0.71460763 | Q64: 15.025362 | R64: 0.49699869 | T64: 2.3836501 | U64: 0.17815111 | W64: 9.5308819 | X64: 0.38746999 | Z64: 57.694877 | AA64: 0.70258612 | AC64: 30.390591 | AD64: 0.64527915 | AF64: 5.9634388 | AG64: 0.27597595 | AI64: 37.131343 | AJ64: 0.57512499 | AL64: 43.400509 | AM64: 0.55683935 | AO64: 13.504709 | AP64: 0.37321451 | AR64: 5.6012482 | AS64: 0.27696732 | AU64: 19.650106 | AV64: 0.55251464 | AX64: 55.004381 | AY64: 0.63766853 | BA64: 19.744265 | BB64: 0.51310973 | BD64: 4.6937798 | BE64: 0.28711443 | BG64: 17.970308 | BH64: 0.54451639 | BJ64: 58.810743 | BK64: 0.67758898 | BM64: 18.52517 | BN64: 0.58450116
A65: Brunei Darussalam | B65: -0.17661626 | C65: 0.008104737 | E65: 0.80851628 | F65: 0.0092924779 | H65: 2.0055447 | I65: 0.16000611 | K65: 10.729253 | L65: 0.39609453 | N65: 76.605413 | O65: 0.54503255 | Q65: 10.659789 | R65: 0.39245971 | T65: 1.3763554 | U65: 0.16345294 | W65: 12.086619 | X65: 0.40367545 | Z65: 61.659806 | AA65: 0.59499338 | AC65: 24.87722 | AD65: 0.5093626 | AF65: 5.0620789 | AG65: 0.26990604 | AI65: 38.468104 | AJ65: 0.6016801 | AL65: 47.065456 | AM65: 0.66964238 | AO65: 9.4043608 | AP65: 0.34058985 | AR65: 3.0176854 | AS65: 0.19901866 | AU65: 20.290801 | AV65: 0.49467962 | AX65: 58.67748 | AY65: 0.6406173 | BA65: 18.014033 | BB65: 0.49389434 | BD65: 3.23783 | BE65: 0.21221552 | BG65: 18.535187 | BH65: 0.40482299 | BJ65: 59.381338 | BK65: 0.58877253 | BM65: 18.845645 | BN65: 0.45581244
A66: B-S-J-Z (China) | B66: -0.1219947 | C66: 0.016429308 | E66: 0.93843387 | F66: 0.014113526 | H66: 1.2897311 | I66: 0.17243056 | K66: 16.742348 | L66: 0.57028939 | N66: 69.178949 | O66: 0.74621722 | Q66: 12.788971 | R66: 0.67719684 | T66: 0.93271119 | U66: 0.1406031 | W66: 8.5791671 | X66: 0.40516119 | Z66: 65.337466 | AA66: 0.70864613 | AC66: 25.150656 | AD66: 0.74730016 | AF66: 1.970182 | AG66: 0.19521445 | AI66: 37.416075 | AJ66: 0.85201236 | AL66: 48.940773 | AM66: 0.89717096 | AO66: 11.672969 | AP66: 0.49778575 | AR66: 1.4936884 | AS66: 0.18290732 | AU66: 17.305783 | AV66: 0.45784234 | AX66: 63.384798 | AY66: 0.79352955 | BA66: 17.81573 | BB66: 0.65653806 | BD66: 1.3839412 | BE66: 0.17019548 | BG66: 24.181007 | BH66: 0.66911129 | BJ66: 60.508099 | BK66: 0.77698315 | BM66: 13.926952 | BN66: 0.5150234
A67: Bulgaria | B67: 0.046469201 | C67: 0.023760467 | E67: 1.1801715 | F67: 0.018925373 | H67: 8.9385152 | I67: 0.64920491 | K67: 9.4974156 | L67: 0.54467761 | N67: 59.613926 | O67: 0.94278628 | Q67: 21.950144 | R67: 0.66119381 | T67: 5.418037 | U67: 0.41973589 | W67: 12.723127 | X67: 0.61706435 | Z67: 51.156355 | AA67: 0.89223321 | AC67: 30.702481 | AD67: 0.86136846 | AF67: 6.2698756 | AG67: 0.43209263 | AI67: 20.018945 | AJ67: 0.70152708 | AL67: 53.792429 | AM67: 0.80857098 | AO67: 19.918751 | AP67: 0.68005176 | AR67: 6.1037921 | AS67: 0.4503598 | AU67: 16.405513 | AV67: 0.72239795 | AX67: 52.981454 | AY67: 1.0110065 | BA67: 24.509241 | BB67: 0.69890304 | BD67: 5.3787922 | BE67: 0.42979855 | BG67: 11.116054 | BH67: 0.57433512 | BJ67: 56.909129 | BK67: 0.91361497 | BM67: 26.596024 | BN67: 0.68683756
A68: Costa Rica | B68: 0.46638075 | C68: 0.015263415 | E68: 1.0626066 | F68: 0.0097304161 | H68: 2.1280822 | I68: 0.2279102 | K68: 6.4032697 | L68: 0.34282664 | N68: 61.331178 | O68: 0.65591467 | Q68: 30.13747 | R68: 0.62366393 | T68: 1.4750014 | U68: 0.15822897 | W68: 2.9888189 | X68: 0.23083796 | Z68: 43.079215 | AA68: 0.68557736 | AC68: 52.456965 | AD68: 0.74904436 | AF68: 2.0132498 | AG68: 0.19604221 | AI68: 19.136651 | AJ68: 0.56240464 | AL68: 53.173355 | AM68: 0.65147089 | AO68: 25.676745 | AP68: 0.60255247 | AR68: 3.6088512 | AS68: 0.24059883 | AU68: 12.082548 | AV68: 0.43944154 | AX68: 47.088981 | AY68: 0.59853566 | BA68: 37.219619 | BB68: 0.66076725 | BD68: 2.4276017 | BE68: 0.2230182 | BG68: 8.9227387 | BH68: 0.38450906 | BJ68: 53.739617 | BK68: 0.7762107 | BM68: 34.910042 | BN68: 0.71640083
A69: Croatia | B69: 0.23591765 | C69: 0.012117903 | E69: 0.96488379 | F69: 0.010341798 | H69: 2.1072487 | I69: 0.26859733 | K69: 6.4639647 | L69: 0.30615722 | N69: 69.182562 | O69: 0.6487393 | Q69: 22.246225 | R69: 0.56978291 | T69: 1.2437737 | U69: 0.14529231 | W69: 4.9061888 | X69: 0.34564645 | Z69: 55.745142 | AA69: 0.63048827 | AC69: 38.104895 | AD69: 0.66758744 | AF69: 2.2299054 | AG69: 0.19586657 | AI69: 20.554586 | AJ69: 0.51750296 | AL69: 57.500773 | AM69: 0.56940449 | AO69: 19.714736 | AP69: 0.45788252 | AR69: 3.4839242 | AS69: 0.234004 | AU69: 14.011248 | AV69: 0.50418105 | AX69: 54.60116 | AY69: 0.6650548 | BA69: 27.903667 | BB69: 0.581822 | BD69: 1.7362325 | BE69: 0.15649628 | BG69: 9.6571361 | BH69: 0.4015793 | BJ69: 64.008234 | BK69: 0.5487637 | BM69: 24.598397 | BN69: 0.43733952
A70: Cyprus | B70: 0.082799355 | C70: 0.016291989 | E70: 1.0994695 | F70: 0.01276506 | H70: 5.844605 | I70: 0.36233261 | K70: 9.0368639 | L70: 0.44026747 | N70: 64.722135 | O70: 0.71153196 | Q70: 20.396396 | R70: 0.55542823 | T70: 3.4342638 | U70: 0.29588332 | W70: 11.002305 | X70: 0.42604958 | Z70: 54.134835 | AA70: 0.72849602 | AC70: 31.428596 | AD70: 0.70055714 | AF70: 3.621645 | AG70: 0.33687896 | AI70: 20.957175 | AJ70: 0.64389481 | AL70: 55.619601 | AM70: 0.79137618 | AO70: 19.801579 | AP70: 0.598113 | AR70: 5.595524 | AS70: 0.3154039 | AU70: 17.057367 | AV70: 0.61033016 | AX70: 50.836823 | AY70: 0.72634035 | BA70: 26.510285 | BB70: 0.6254927 | BD70: 3.6927386 | BE70: 0.32119923 | BG70: 13.152211 | BH70: 0.50263333 | BJ70: 58.563421 | BK70: 0.81388861 | BM70: 24.591629 | BN70: 0.73219044
A71: Dominican Republic | B71: 0.31140091 | C71: 0.029766587 | D71: † | E71: 1.2245894 | F71: 0.019473246 | G71: † | H71: 6.7713002 | I71: 0.56568808 | J71: † | K71: 7.7973517 | L71: 0.49830668 | M71: † | N71: 58.719863 | O71: 0.94696949 | P71: † | Q71: 26.711486 | R71: 1.003348 | S71: † | T71: 4.895245 | U71: 0.41543032 | V71: † | W71: 7.8736869 | X71: 0.57048135 | Y71: † | Z71: 46.301984 | AA71: 1.1292553 | AB71: † | AC71: 40.929084 | AD71: 1.2943399 | AE71: † | AF71: 4.6666205 | AG71: 0.41138099 | AH71: † | AI71: 18.163993 | AJ71: 0.70641178 | AK71: † | AL71: 50.861474 | AM71: 0.86866414 | AN71: † | AO71: 26.307913 | AP71: 0.94103642 | AQ71: † | AR71: 5.7203964 | AS71: 0.49661496 | AT71: † | AU71: 10.5622 | AV71: 0.64873894 | AW71: † | AX71: 45.821254 | AY71: 0.9279069 | AZ71: † | BA71: 37.89615 | BB71: 1.0314875 | BC71: † | BD71: 4.6500328 | BE71: 0.45216002 | BF71: † | BG71: 8.9934285 | BH71: 0.62309233 | BI71: † | BJ71: 53.17446 | BK71: 0.86766958 | BL71: † | BM71: 33.182079 | BN71: 1.038216 | BO71: †
A72: Georgia | B72: -0.045882966 | C72: 0.018991235 | E72: 1.0885929 | F72: 0.015939218 | H72: 6.6251134 | I72: 0.4129895 | K72: 11.511061 | L72: 0.5236823 | N72: 62.437821 | O72: 0.92228098 | Q72: 19.426005 | R72: 0.65888689 | T72: 5.7710168 | U72: 0.38293301 | W72: 21.7548 | X72: 0.73228374 | Z72: 52.118777 | AA72: 0.78713541 | AC72: 20.355407 | AD72: 0.63502415 | AF72: 4.804438 | AG72: 0.33209418 | AI72: 26.650246 | AJ72: 0.72738178 | AL72: 52.408559 | AM72: 0.81731123 | AO72: 16.136757 | AP72: 0.62290908 | AR72: 4.514737 | AS72: 0.32483608 | AU72: 11.948054 | AV72: 0.59242256 | AX72: 54.930888 | AY72: 0.81359381 | BA72: 28.606321 | BB72: 0.74175264 | BD72: 3.7289533 | BE72: 0.29520773 | BG72: 13.55012 | BH72: 0.65966464 | BJ72: 59.627859 | BK72: 0.89412715 | BM72: 23.093068 | BN72: 0.72670843
A73: Hong Kong (China)* | B73: -0.28238347 | C73: 0.015735148 | E73: 0.91323719 | F73: 0.011780275 | H73: 2.3128409 | I73: 0.21614781 | K73: 23.49169 | L73: 0.74967236 | N73: 65.069544 | O73: 0.69115346 | Q73: 9.125925 | R73: 0.4368494 | T73: 2.3321717 | U73: 0.20852707 | W73: 14.068934 | X73: 0.50073712 | Z73: 63.925296 | AA73: 0.64708123 | AC73: 19.673598 | AD73: 0.70149548 | AF73: 3.8367869 | AG73: 0.22873881 | AI73: 30.515333 | AJ73: 0.67937536 | AL73: 55.077701 | AM73: 0.70730221 | AO73: 10.57018 | AP73: 0.41684652 | AR73: 3.7200273 | AS73: 0.25173583 | AU73: 24.581691 | AV73: 0.73076354 | AX73: 60.189862 | AY73: 0.76916833 | BA73: 11.508419 | BB73: 0.41683702 | BD73: 2.7047567 | BE73: 0.21048552 | BG73: 24.308192 | BH73: 0.69911981 | BJ73: 61.268456 | BK73: 0.61774171 | BM73: 11.718595 | BN73: 0.5319343
A74: Indonesia | B74: -0.017665951 | C74: 0.014383021 | E74: 0.873759 | F74: 0.014768978 | H74: 3.1536231 | I74: 0.29448906 | K74: 24.772739 | L74: 0.70958749 | N74: 63.299807 | O74: 0.78497662 | Q74: 8.7738304 | R74: 0.46511453 | T74: 1.3875054 | U74: 0.20497624 | W74: 8.550975 | X74: 0.46489506 | Z74: 69.231959 | AA74: 0.81904305 | AC74: 20.82956 | AD74: 0.69478955 | AF74: 1.8966142 | AG74: 0.20395051 | AI74: 27.46351 | AJ74: 0.8771154 | AL74: 59.222224 | AM74: 0.87320439 | AO74: 11.417652 | AP74: 0.55555287 | AR74: 1.5899998 | AS74: 0.21114721 | AU74: 7.8126902 | AV74: 0.41812168 | AX74: 65.943073 | AY74: 0.79061762 | BA74: 24.654237 | BB74: 0.7499282 | BD74: 1.5613788 | BE74: 0.22105436 | BG74: 9.2370133 | BH74: 0.48219351 | BJ74: 69.260446 | BK74: 0.93906012 | BM74: 19.941162 | BN74: 0.73793113
A75: Jordan | B75: 0.24081201 | C75: 0.023808988 | E75: 1.1575232 | F75: 0.014407995 | H75: 11.521492 | I75: 0.68359418 | K75: 8.291362 | L75: 0.36075885 | N75: 61.381965 | O75: 0.7788721 | Q75: 18.805181 | R75: 0.70733866 | T75: 3.6042277 | U75: 0.31294417 | W75: 10.71227 | X75: 0.50476078 | Z75: 43.470341 | AA75: 0.76624106 | AC75: 42.213162 | AD75: 0.92639398 | AF75: 4.468013 | AG75: 0.32618547 | AI75: 16.660917 | AJ75: 0.50714579 | AL75: 51.320375 | AM75: 0.79333989 | AO75: 27.550695 | AP75: 0.7523335 | AR75: 4.3082948 | AS75: 0.29829353 | AU75: 9.0427106 | AV75: 0.40158548 | AX75: 43.551438 | AY75: 0.74374428 | BA75: 43.097557 | BB75: 0.83542757 | BD75: 6.5203587 | BE75: 0.36913437 | BG75: 13.789918 | BH75: 0.55428811 | BJ75: 48.762902 | BK75: 0.79976443 | BM75: 30.926821 | BN75: 0.78741413
A76: Kazakhstan | B76: -0.018006676 | C76: 0.010392508 | E76: 1.0143709 | F76: 0.0078322267 | H76: 5.4555372 | I76: 0.19070313 | K76: 16.547823 | L76: 0.39099348 | N76: 64.713944 | O76: 0.40702982 | Q76: 13.282696 | R76: 0.32597356 | T76: 6.8105594 | U76: 0.23688107 | W76: 32.722222 | X76: 0.48863321 | Z76: 46.723929 | AA76: 0.41452417 | AC76: 13.743289 | AD76: 0.33527363 | AF76: 3.5067585 | AG76: 0.18270461 | AI76: 19.707003 | AJ76: 0.42569445 | AL76: 60.218163 | AM76: 0.42548491 | AO76: 16.568075 | AP76: 0.34227499 | AR76: 3.5722149 | AS76: 0.17702917 | AU76: 11.22708 | AV76: 0.35724427 | AX76: 61.967863 | AY76: 0.50328437 | BA76: 23.232842 | BB76: 0.41600984 | BD76: 3.1101689 | BE76: 0.1504534 | BG76: 8.9980048 | BH76: 0.23793999 | BJ76: 64.971082 | BK76: 0.4344431 | BM76: 22.920744 | BN76: 0.45589747
A77: Kosovo | B77: 0.33059986 | C77: 0.014543005 | E77: 1.013869 | F77: 0.013431243 | H77: 4.4638828 | I77: 0.33243304 | K77: 7.7209166 | L77: 0.45345184 | N77: 68.630687 | O77: 0.72629585 | Q77: 19.184513 | R77: 0.60117465 | T77: 2.006093 | U77: 0.23272244 | W77: 7.6729641 | X77: 0.48589778 | Z77: 57.917608 | AA77: 0.86656793 | AC77: 32.403335 | AD77: 0.72882953 | AF77: 2.4134176 | AG77: 0.25023928 | AI77: 21.988195 | AJ77: 0.65366346 | AL77: 55.739065 | AM77: 0.81398417 | AO77: 19.859323 | AP77: 0.55984093 | AR77: 1.7895814 | AS77: 0.21860182 | AU77: 7.2461343 | AV77: 0.51177791 | AX77: 48.024399 | AY77: 0.7773521 | BA77: 42.939886 | BB77: 0.7383698 | BD77: 1.9439211 | BE77: 0.22123088 | BG77: 6.0258744 | BH77: 0.37139096 | BJ77: 58.695387 | BK77: 0.72506023 | BM77: 33.334817 | BN77: 0.73755456
A78: Lebanon | B78: -0.15220992 | C78: 0.034028138 | E78: 1.1417953 | F78: 0.01645132 | H78: 17.969945 | I78: 1.0245964 | K78: 15.296115 | L78: 0.90047116 | N78: 48.603448 | O78: 1.4198571 | Q78: 18.130491 | R78: 0.78277442 | T78: 5.7993661 | U78: 0.45684509 | W78: 18.898003 | X78: 0.88893501 | Z78: 41.226487 | AA78: 1.0119064 | AC78: 34.076144 | AD78: 1.1300616 | AF78: 8.2655057 | AG78: 0.56705902 | AI78: 21.152149 | AJ78: 0.90370103 | AL78: 49.035252 | AM78: 1.0499989 | AO78: 21.547094 | AP78: 0.7045088 | AR78: 7.4060266 | AS78: 0.64924476 | AU78: 22.439634 | AV78: 0.9297625 | AX78: 42.190787 | AY78: 0.92180872 | BA78: 27.963552 | BB78: 0.94624911 | BD78: 10.652291 | BE78: 0.69381582 | BG78: 16.832359 | BH78: 0.78001853 | BJ78: 46.973777 | BK78: 1.0701084 | BM78: 25.541573 | BN78: 0.75571213
A79: Macao (China) | B79: -0.3369565 | C79: 0.012678426 | E79: 0.83100833 | F79: 0.011960989 | H79: 1.00412 | I79: 0.1711972 | K79: 19.794682 | L79: 0.60853765 | N79: 69.394712 | O79: 0.78208481 | Q79: 9.8064855 | R79: 0.44555318 | T79: 1.2756309 | U79: 0.17645224 | W79: 13.729988 | X79: 0.52856302 | Z79: 60.86352 | AA79: 0.70856996 | AC79: 24.130861 | AD79: 0.65062322 | AF79: 4.5660976 | AG79: 0.34868072 | AI79: 44.468911 | AJ79: 0.82028695 | AL79: 42.426575 | AM79: 0.88270486 | AO79: 8.5384162 | AP79: 0.40264203 | AR79: 4.301688 | AS79: 0.33851323 | AU79: 30.306974 | AV79: 0.79497364 | AX79: 53.20363 | AY79: 0.77224196 | BA79: 12.187708 | BB79: 0.54588997 | BD79: 2.4992116 | BE79: 0.22691685 | BG79: 25.800893 | BH79: 0.66355332 | BJ79: 59.738068 | BK79: 0.76817316 | BM79: 11.961827 | BN79: 0.58054409
A80: Malaysia | B80: -0.21514857 | C80: 0.011609706 | E80: 0.72634508 | F80: 0.0099997252 | H80: 2.7912964 | I80: 0.27103335 | K80: 34.626121 | L80: 0.98213083 | N80: 56.63465 | O80: 0.94512411 | Q80: 5.9479333 | R80: 0.30261347 | T80: 1.7399415 | U80: 0.19355104 | W80: 12.819068 | X80: 0.55228336 | Z80: 66.531673 | AA80: 0.62417616 | AC80: 18.909318 | AD80: 0.58902594 | AF80: 3.5191325 | AG80: 0.24765717 | AI80: 41.009161 | AJ80: 0.88577717 | AL80: 48.077148 | AM80: 0.86602238 | AO80: 7.3945581 | AP80: 0.3658705 | AR80: 1.8488594 | AS80: 0.19657175 | AU80: 17.768405 | AV80: 0.53784217 | AX80: 63.366404 | AY80: 0.69116568 | BA80: 17.016332 | BB80: 0.63190878 | BD80: 1.6244336 | BE80: 0.20008445 | BG80: 18.615914 | BH80: 0.56065212 | BJ80: 66.75392 | BK80: 0.59000897 | BM80: 13.005732 | BN80: 0.44213269
A81: Malta | B81: 0.092822193 | C81: 0.016874515 | E81: 1.019614 | F81: 0.013951955 | H81: 3.0398009 | I81: 0.32681898 | K81: 6.4114856 | L81: 0.48186537 | N81: 66.217977 | O81: 0.85578151 | Q81: 24.330736 | R81: 0.68934925 | T81: 1.7895407 | U81: 0.2148769 | W81: 7.8413529 | X81: 0.49368648 | Z81: 52.864322 | AA81: 0.94238155 | AC81: 37.504785 | AD81: 0.77870697 | AF81: 4.1064607 | AG81: 0.36280132 | AI81: 26.166324 | AJ81: 0.83327646 | AL81: 50.127998 | AM81: 0.86078991 | AO81: 19.599218 | AP81: 0.76340955 | AR81: 5.504691 | AS81: 0.37572672 | AU81: 20.24059 | AV81: 0.60582035 | AX81: 51.233628 | AY81: 0.80834996 | BA81: 23.021091 | BB81: 0.71639134 | BD81: 3.0478576 | BE81: 0.30892138 | BG81: 14.109038 | BH81: 0.62645238 | BJ81: 60.953953 | BK81: 0.89328469 | BM81: 21.889152 | BN81: 0.71216579
A82: Moldova | B82: 0.058919855 | C82: 0.014599712 | E82: 0.87921578 | F82: 0.012753132 | H82: 1.6198992 | I82: 0.17211057 | K82: 11.150616 | L82: 0.45747158 | N82: 74.170145 | O82: 0.60916765 | Q82: 13.05934 | R82: 0.51489846 | T82: 1.4911283 | U82: 0.18232861 | W82: 13.827204 | X82: 0.55310492 | Z82: 63.211273 | AA82: 0.80734356 | AC82: 21.470394 | AD82: 0.71879718 | AF82: 1.9759262 | AG82: 0.18450825 | AI82: 26.401913 | AJ82: 0.59693165 | AL82: 57.234184 | AM82: 0.72359578 | AO82: 14.387977 | AP82: 0.52485283 | AR82: 2.1591167 | AS82: 0.220655 | AU82: 11.644638 | AV82: 0.49150788 | AX82: 57.596485 | AY82: 0.66997112 | BA82: 28.599761 | BB82: 0.70991091 | BD82: 1.7103348 | BE82: 0.1712771 | BG82: 10.502681 | BH82: 0.37287933 | BJ82: 62.27011 | BK82: 0.75631179 | BM82: 25.516875 | BN82: 0.68196615
A83: Montenegro | B83: 0.37101717 | C83: 0.014994298 | E83: 1.1052176 | F83: 0.012175445 | H83: 4.8993569 | I83: 0.29237898 | K83: 8.0483919 | L83: 0.35621713 | N83: 61.280085 | O83: 0.71769916 | Q83: 25.772166 | R83: 0.62376075 | T83: 2.4231507 | U83: 0.16808099 | W83: 6.2665056 | X83: 0.34477374 | Z83: 51.373503 | AA83: 0.76171428 | AC83: 39.936841 | AD83: 0.67546151 | AF83: 2.8921772 | AG83: 0.23498658 | AI83: 14.345153 | AJ83: 0.50509535 | AL83: 54.759861 | AM83: 0.74307679 | AO83: 28.002808 | AP83: 0.6425232 | AR83: 4.2376719 | AS83: 0.27033289 | AU83: 11.69127 | AV83: 0.42425298 | AX83: 50.016077 | AY83: 0.66769006 | BA83: 34.054982 | BB83: 0.60223838 | BD83: 2.7185064 | BE83: 0.26109347 | BG83: 6.908809 | BH83: 0.37130028 | BJ83: 56.106601 | BK83: 0.6417658 | BM83: 34.266084 | BN83: 0.64085694
A84: Morocco | B84: 0.023013153 | C84: 0.021929808 | D84: † | E84: 1.0319077 | F84: 0.014776509 | G84: † | H84: 7.61808 | I84: 0.55982069 | J84: † | K84: 11.949944 | L84: 0.54682005 | M84: † | N84: 66.166042 | O84: 0.91178038 | P84: † | Q84: 14.265934 | R84: 0.48304528 | S84: † | T84: 3.5047857 | U84: 0.29682146 | V84: † | W84: 10.650134 | X84: 0.58324604 | Y84: † | Z84: 49.393513 | AA84: 0.82824508 | AB84: † | AC84: 36.451567 | AD84: 0.96552227 | AE84: † | AF84: 4.1799268 | AG84: 0.36508853 | AH84: † | AI84: 24.754405 | AJ84: 0.6971154 | AK84: † | AL84: 52.003133 | AM84: 0.77834702 | AN84: † | AO84: 19.062536 | AP84: 0.58967476 | AQ84: † | AR84: 4.6085816 | AS84: 0.37563269 | AT84: † | AU84: 15.519156 | AV84: 0.57271152 | AW84: † | AX84: 52.156168 | AY84: 0.72571369 | AZ84: † | BA84: 27.716095 | BB84: 0.75955453 | BC84: † | BD84: 5.0659279 | BE84: 0.41405237 | BF84: † | BG84: 14.659692 | BH84: 0.54693222 | BI84: † | BJ84: 55.982003 | BK84: 0.88918978 | BL84: † | BM84: 24.292377 | BN84: 0.74462931 | BO84: †
A85: North Macedonia | B85: 0.52234611 | C85: 0.0175679 | E85: 1.1339652 | F85: 0.011056708 | H85: 5.8230823 | I85: 0.29290092 | K85: 9.9520787 | L85: 0.47816056 | N85: 56.399935 | O85: 0.67873165 | Q85: 27.824904 | R85: 0.71783875 | T85: 2.6550109 | U85: 0.24093989 | W85: 5.3305438 | X85: 0.33308612 | Z85: 47.523223 | AA85: 0.8074273 | AC85: 44.491222 | AD85: 0.79391882 | AF85: 2.8701041 | AG85: 0.2442218 | AI85: 12.057222 | AJ85: 0.57174196 | AL85: 54.97938 | AM85: 0.70644746 | AO85: 30.093294 | AP85: 0.659032 | AR85: 3.0649147 | AS85: 0.2356688 | AU85: 9.3241864 | AV85: 0.50130462 | AX85: 46.967548 | AY85: 0.80815327 | BA85: 40.643351 | BB85: 0.75248113 | BD85: 3.0999291 | BE85: 0.25602741 | BG85: 6.9769038 | BH85: 0.41056404 | BJ85: 52.627705 | BK85: 0.78550835 | BM85: 37.295462 | BN85: 0.80459512
A86: Panama | B86: 0.41714421 | C86: 0.020074038 | D86: † | E86: 1.0816462 | F86: 0.015041071 | G86: † | H86: 3.9918233 | I86: 0.39019101 | J86: † | K86: 9.0481463 | L86: 0.6168209 | M86: † | N86: 57.425979 | O86: 1.043216 | P86: † | Q86: 29.534052 | R86: 0.89607407 | S86: † | T86: 3.1412814 | U86: 0.39767481 | V86: † | W86: 5.1691645 | X86: 0.43415618 | Y86: † | Z86: 46.221113 | AA86: 0.94107846 | AB86: † | AC86: 45.468441 | AD86: 0.87563655 | AE86: † | AF86: 4.1083346 | AG86: 0.32564521 | AH86: † | AI86: 21.43827 | AJ86: 0.69382601 | AK86: † | AL86: 50.644643 | AM86: 0.86986137 | AN86: † | AO86: 23.808752 | AP86: 0.77903098 | AQ86: † | AR86: 3.6642963 | AS86: 0.41100825 | AT86: † | AU86: 9.03426 | AV86: 0.60688545 | AW86: † | AX86: 44.538717 | AY86: 0.93785735 | AZ86: † | BA86: 42.762726 | BB86: 1.0211986 | BC86: † | BD86: 3.1805366 | BE86: 0.33283156 | BF86: † | BG86: 8.5668642 | BH86: 0.57534545 | BI86: † | BJ86: 50.034068 | BK86: 0.85278412 | BL86: † | BM86: 38.218531 | BN86: 0.79202241 | BO86: †
A87: Peru | B87: 0.26519791 | C87: 0.015672921 | D87: † | E87: 0.94758903 | F87: 0.011713186 | G87: † | H87: 1.9225678 | I87: 0.22310585 | J87: † | K87: 9.2827891 | L87: 0.48533925 | M87: † | N87: 70.26502 | O87: 0.74152422 | P87: † | Q87: 18.529623 | R87: 0.62326411 | S87: † | T87: 1.3667098 | U87: 0.18108007 | V87: † | W87: 5.3552824 | X87: 0.40718757 | Y87: † | Z87: 54.898111 | AA87: 0.88600442 | AB87: † | AC87: 38.379897 | AD87: 0.79246538 | AE87: † | AF87: 1.6154721 | AG87: 0.17491905 | AH87: † | AI87: 24.429932 | AJ87: 0.76981216 | AK87: † | AL87: 56.870556 | AM87: 0.8804763 | AN87: † | AO87: 17.08404 | AP87: 0.65189975 | AQ87: † | AR87: 1.8054016 | AS87: 0.20996922 | AT87: † | AU87: 10.433947 | AV87: 0.48174889 | AW87: † | AX87: 56.393205 | AY87: 0.78615677 | AZ87: † | BA87: 31.367446 | BB87: 0.76259676 | BC87: † | BD87: 1.3919673 | BE87: 0.22052588 | BF87: † | BG87: 8.3485155 | BH87: 0.5063222 | BI87: † | BJ87: 60.270333 | BK87: 0.8033743 | BL87: † | BM87: 29.989184 | BN87: 0.75234557 | BO87: †
A88: Philippines | B88: 0.016183591 | C88: 0.017541096 | E88: 0.91802492 | F88: 0.011855532 | H88: 3.3310787 | I88: 0.309103 | K88: 12.431015 | L88: 0.47371737 | N88: 73.076683 | O88: 0.64835372 | Q88: 11.161224 | R88: 0.48164529 | T88: 2.8754961 | U88: 0.24510115 | W88: 7.6516908 | X88: 0.4083721 | Z88: 56.25433 | AA88: 0.76658563 | AC88: 33.218483 | AD88: 0.80605085 | AF88: 3.1328119 | AG88: 0.19521859 | AI88: 20.730921 | AJ88: 0.51392057 | AL88: 61.538434 | AM88: 0.67671563 | AO88: 14.597834 | AP88: 0.56578402 | AR88: 3.0545285 | AS88: 0.2103555 | AU88: 14.099578 | AV88: 0.51039894 | AX88: 64.556529 | AY88: 0.63629971 | BA88: 18.289364 | BB88: 0.66100812 | BD88: 3.1789646 | BE88: 0.21921894 | BG88: 13.859372 | BH88: 0.50535653 | BJ88: 62.682789 | BK88: 0.6296637 | BM88: 20.278875 | BN88: 0.60743491
A89: Qatar | B89: 0.067148494 | C89: 0.010529958 | E89: 1.091273 | F89: 0.0068011474 | H89: 8.3736172 | I89: 0.28108584 | K89: 11.457165 | L89: 0.30182089 | N89: 56.899725 | O89: 0.46580179 | Q89: 23.269493 | R89: 0.36203799 | T89: 3.5701375 | U89: 0.18134977 | W89: 9.8474988 | X89: 0.30515441 | Z89: 44.995793 | AA89: 0.47580149 | AC89: 41.586571 | AD89: 0.46285707 | AF89: 4.8620814 | AG89: 0.20347054 | AI89: 20.744344 | AJ89: 0.3605561 | AL89: 50.023713 | AM89: 0.42169562 | AO89: 24.369861 | AP89: 0.33470141 | AR89: 7.2366083 | AS89: 0.25049644 | AU89: 23.355247 | AV89: 0.35257764 | AX89: 46.096097 | AY89: 0.42412259 | BA89: 23.312048 | BB89: 0.32333502 | BD89: 4.7630996 | BE89: 0.18813552 | BG89: 13.409681 | BH89: 0.29817377 | BJ89: 53.928687 | BK89: 0.41589752 | BM89: 27.898533 | BN89: 0.37501301
A90: Romania | B90: 0.14389896 | C90: 0.016561932 | E90: 0.93393263 | F90: 0.01196038 | H90: 2.6943131 | I90: 0.41218278 | K90: 4.7436241 | L90: 0.35230599 | N90: 74.422069 | O90: 0.75668169 | Q90: 18.139994 | R90: 0.61240683 | T90: 1.8856629 | U90: 0.21610369 | W90: 10.92879 | X90: 0.49662604 | Z90: 61.076101 | AA90: 0.85562588 | AC90: 26.109446 | AD90: 0.76377574 | AF90: 3.7204768 | AG90: 0.32220673 | AI90: 28.244358 | AJ90: 0.75593749 | AL90: 53.024975 | AM90: 0.92269823 | AO90: 15.010191 | AP90: 0.5954659 | AR90: 2.7474949 | AS90: 0.27476724 | AU90: 11.866915 | AV90: 0.55699625 | AX90: 55.761195 | AY90: 0.76460879 | BA90: 29.624395 | BB90: 0.68990897 | BD90: 2.3435402 | BE90: 0.29126791 | BG90: 6.4039513 | BH90: 0.39041066 | BJ90: 60.461339 | BK90: 0.78914846 | BM90: 30.791169 | BN90: 0.73776627
A91: Russia | B91: -0.30226193 | C91: 0.013980365 | E91: 0.9239563 | F91: 0.012299205 | H91: 4.3453433 | I91: 0.28945279 | K91: 28.823834 | L91: 0.61375258 | N91: 58.216227 | O91: 0.54631578 | Q91: 8.614595 | R91: 0.41699063 | T91: 3.6591404 | U91: 0.2378044 | W91: 20.106248 | X91: 0.68651149 | Z91: 61.62683 | AA91: 0.77895287 | AC91: 14.607782 | AD91: 0.53774339 | AF91: 3.7893413 | AG91: 0.27132236 | AI91: 34.977438 | AJ91: 0.5648423 | AL91: 52.073574 | AM91: 0.69371465 | AO91: 9.1596462 | AP91: 0.38944179 | AR91: 4.9560844 | AS91: 0.30626548 | AU91: 19.857128 | AV91: 0.67542132 | AX91: 59.009398 | AY91: 0.86685672 | BA91: 16.177389 | BB91: 0.41386534 | BD91: 3.2068022 | BE91: 0.28083764 | BG91: 14.679472 | BH91: 0.55482942 | BJ91: 65.016461 | BK91: 0.62024581 | BM91: 17.097264 | BN91: 0.49641498
A92: Saudi Arabia | B92: 0.27925788 | C92: 0.023350179 | E92: 1.160534 | F92: 0.018207162 | H92: 9.031089 | I92: 0.63489676 | K92: 8.278639 | L92: 0.39475481 | N92: 58.025283 | O92: 0.82482785 | Q92: 24.664989 | R92: 0.6450088 | T92: 3.853743 | U92: 0.36244346 | W92: 8.6874959 | X92: 0.44900428 | Z92: 42.376037 | AA92: 0.67397856 | AC92: 45.082724 | AD92: 0.88479082 | AF92: 6.1965696 | AG92: 0.37350194 | AI92: 19.509652 | AJ92: 0.64683062 | AL92: 47.665256 | AM92: 0.75581375 | AO92: 26.628523 | AP92: 0.60941516 | AR92: 5.1114445 | AS92: 0.43145668 | AU92: 8.5526493 | AV92: 0.4522107 | AX92: 40.160584 | AY92: 0.71504251 | BA92: 46.175323 | BB92: 0.83356556 | BD92: 7.0520963 | BE92: 0.46194963 | BG92: 12.820633 | BH92: 0.47050123 | BJ92: 50.653685 | BK92: 0.71781673 | BM92: 29.473586 | BN92: 0.6130995
A93: Serbia | B93: 0.36049121 | C93: 0.017287381 | E93: 1.1470781 | F93: 0.013594934 | H93: 4.5673628 | I93: 0.36164833 | K93: 10.940811 | L93: 0.3811722 | N93: 56.562808 | O93: 0.64559065 | Q93: 27.929019 | R93: 0.61452838 | T93: 2.5419927 | U93: 0.27686103 | W93: 6.446259 | X93: 0.41110742 | Z93: 43.870859 | AA93: 0.75186149 | AC93: 47.140889 | AD93: 0.853251 | AF93: 3.3566771 | AG93: 0.2482612 | AI93: 17.087782 | AJ93: 0.48621747 | AL93: 51.439057 | AM93: 0.60597013 | AO93: 28.116484 | AP93: 0.54488972 | AR93: 4.1861294 | AS93: 0.27569716 | AU93: 14.258904 | AV93: 0.50311418 | AX93: 47.220448 | AY93: 0.65464017 | BA93: 34.33452 | BB93: 0.63223091 | BD93: 3.129078 | BE93: 0.30495561 | BG93: 9.2002122 | BH93: 0.41647531 | BJ93: 56.414139 | BK93: 0.78531537 | BM93: 31.25657 | BN93: 0.65739281
A94: Singapore | B94: 0.055301133 | C94: 0.012762321 | E94: 0.90656531 | F94: 0.010450005 | H94: 0.76743518 | I94: 0.11219524 | K94: 5.1049136 | L94: 0.27622386 | N94: 76.393603 | O94: 0.53309495 | Q94: 17.734048 | R94: 0.49436312 | T94: 0.91381881 | U94: 0.12672911 | W94: 4.3740665 | X94: 0.27094206 | Z94: 56.136145 | AA94: 0.65309214 | AC94: 38.575969 | AD94: 0.67003312 | AF94: 5.5066379 | AG94: 0.30588184 | AI94: 32.630102 | AJ94: 0.55289084 | AL94: 49.269367 | AM94: 0.55876458 | AO94: 12.593893 | AP94: 0.47961636 | AR94: 4.6057463 | AS94: 0.30728762 | AU94: 18.744923 | AV94: 0.49893716 | AX94: 55.316564 | AY94: 0.59329607 | BA94: 21.332767 | BB94: 0.51072179 | BD94: 2.1819242 | BE94: 0.1961734 | BG94: 12.10054 | BH94: 0.38411742 | BJ94: 64.188436 | BK94: 0.65458726 | BM94: 21.5291 | BN94: 0.59620426
A95: Chinese Taipei | B95: -0.20307257 | C95: 0.012275764 | E95: 0.92513194 | F95: 0.011239418 | H95: 2.0996358 | I95: 0.20541359 | K95: 12.627315 | L95: 0.38160079 | N95: 72.455058 | O95: 0.58591613 | Q95: 12.817991 | R95: 0.45453165 | T95: 2.1976592 | U95: 0.13256096 | W95: 12.205067 | X95: 0.42407743 | Z95: 62.145157 | AA95: 0.50130887 | AC95: 23.452117 | AD95: 0.56714791 | AF95: 4.866105 | AG95: 0.27642805 | AI95: 38.192308 | AJ95: 0.66764078 | AL95: 46.228128 | AM95: 0.63549125 | AO95: 10.713459 | AP95: 0.37318381 | AR95: 4.0286914 | AS95: 0.24937999 | AU95: 23.100958 | AV95: 0.62147614 | AX95: 58.346295 | AY95: 0.70176518 | BA95: 14.524055 | BB95: 0.40910171 | BD95: 2.3904615 | BE95: 0.18377486 | BG95: 17.958717 | BH95: 0.51068256 | BJ95: 65.741694 | BK95: 0.62417994 | BM95: 13.909128 | BN95: 0.44235973
A96: Thailand | B96: 0.027705711 | C96: 0.016017827 | E96: 0.83100484 | F96: 0.010717394 | H96: 1.9676754 | I96: 0.24638722 | K96: 9.4561043 | L96: 0.44709585 | N96: 76.871644 | O96: 0.55537571 | Q96: 11.704576 | R96: 0.45229661 | T96: 1.2408211 | U96: 0.18404533 | W96: 5.1842096 | X96: 0.35944937 | Z96: 61.937913 | AA96: 0.76352333 | AC96: 31.637056 | AD96: 0.9597258 | AF96: 2.1560232 | AG96: 0.17678088 | AI96: 30.378718 | AJ96: 0.84589887 | AL96: 57.841906 | AM96: 0.78145223 | AO96: 9.6233536 | AP96: 0.40189907 | AR96: 1.2124316 | AS96: 0.15777054 | AU96: 8.8936636 | AV96: 0.35919827 | AX96: 69.880103 | AY96: 0.68273775 | BA96: 20.013801 | BB96: 0.73737035 | BD96: 1.329819 | BE96: 0.16993556 | BG96: 12.719681 | BH96: 0.57858031 | BJ96: 70.686255 | BK96: 0.74803846 | BM96: 15.264245 | BN96: 0.57628195
A97: Ukraine | B97: -0.029336095 | C97: 0.015454057 | E97: 0.89150508 | F97: 0.011941799 | H97: 2.6629151 | I97: 0.24113282 | K97: 7.0260614 | L97: 0.46670383 | N97: 74.885163 | O97: 0.65019289 | Q97: 15.425861 | R97: 0.54590258 | T97: 1.8128346 | U97: 0.21281978 | W97: 10.195793 | X97: 0.41063086 | Z97: 61.918323 | AA97: 0.70789976 | AC97: 26.07305 | AD97: 0.77613303 | AF97: 3.4655506 | AG97: 0.26294968 | AI97: 37.432511 | AJ97: 0.69748043 | AL97: 46.293456 | AM97: 0.5919999 | AO97: 12.808483 | AP97: 0.51675151 | AR97: 3.249184 | AS97: 0.23638882 | AU97: 16.33378 | AV97: 0.52757283 | AX97: 58.317549 | AY97: 0.71044769 | BA97: 22.099488 | BB97: 0.67694104 | BD97: 2.1427158 | BE97: 0.20754364 | BG97: 11.616239 | BH97: 0.39778318 | BJ97: 63.808029 | BK97: 0.61529523 | BM97: 22.433016 | BN97: 0.62446693
A98: United Arab Emirates | B98: 0.30974747 | C98: 0.013185455 | E98: 1.1490241 | F98: 0.0077256305 | H98: 4.7157349 | I98: 0.20441712 | K98: 7.580654 | L98: 0.22553139 | N98: 61.745007 | O98: 0.46609479 | Q98: 25.958604 | R98: 0.39309633 | T98: 2.7579859 | U98: 0.18808502 | W98: 8.6117143 | X98: 0.28171827 | Z98: 46.231184 | AA98: 0.46584325 | AC98: 42.399116 | AD98: 0.54812698 | AF98: 3.9424379 | AG98: 0.16881724 | AI98: 19.589628 | AJ98: 0.42237752 | AL98: 49.962591 | AM98: 0.45101711 | AO98: 26.505343 | AP98: 0.42609698 | AR98: 3.8492045 | AS98: 0.19702181 | AU98: 13.843308 | AV98: 0.53634093 | AX98: 48.082954 | AY98: 0.51657135 | BA98: 34.224533 | BB98: 0.54973498 | BD98: 3.1771645 | BE98: 0.14772837 | BG98: 11.540711 | BH98: 0.40574696 | BJ98: 53.592515 | BK98: 0.42974552 | BM98: 31.68961 | BN98: 0.46652746
A99: Uruguay | B99: 0.13810179 | C99: 0.016414412 | E99: 1.0618532 | F99: 0.013991107 | H99: 3.7925708 | I99: 0.32411909 | K99: 6.1529017 | L99: 0.35298615 | N99: 67.182719 | O99: 0.66337511 | Q99: 22.871809 | R99: 0.56865066 | T99: 2.8709228 | U99: 0.28323653 | W99: 7.1388839 | X99: 0.41553524 | Z99: 55.274372 | AA99: 0.82742534 | AC99: 34.715822 | AD99: 0.7738566 | AF99: 3.899177 | AG99: 0.35420052 | AI99: 22.810448 | AJ99: 0.69828174 | AL99: 54.896952 | AM99: 0.73090705 | AO99: 18.393422 | AP99: 0.60821461 | AR99: 6.3451141 | AS99: 0.45081205 | AU99: 17.87985 | AV99: 0.69493464 | AX99: 48.806603 | AY99: 0.82702336 | BA99: 26.968433 | BB99: 0.66523983 | BD99: 3.627761 | BE99: 0.32769842 | BG99: 11.125811 | BH99: 0.51503429 | BJ99: 57.513454 | BK99: 0.76296669 | BM99: 27.732974 | BN99: 0.7380402
A100: Viet Nam | B100: m | C100: m | E100: m | F100: m | H100: 2.3826163 | I100: 0.22684975 | K100: 10.051698 | L100: 0.5877971 | N100: 78.936616 | O100: 0.72456834 | Q100: 8.6290695 | R100: 0.72183341 | T100: 1.3293295 | U100: 0.16999681 | W100: 5.4721255 | X100: 0.37049113 | Z100: 64.236624 | AA100: 1.0689127 | AC100: 28.961921 | AD100: 1.0878908 | AF100: 5.5461791 | AG100: 0.49137239 | AI100: 64.324987 | AJ100: 0.8949483 | AL100: 26.64566 | AM100: 0.69995761 | AO100: 3.4831741 | AP100: 0.34291379 | AR100: 1.5992244 | AS100: 0.17812838 | AU100: 8.777113 | AV100: 0.49319205 | AX100: 67.749298 | AY100: 0.74045136 | BA100: 21.874365 | BB100: 0.76280331 | BD100: 1.8921385 | BE100: 0.17530435 | BG100: 19.052667 | BH100: 0.6034771 | BJ100: 64.932797 | BK100: 0.77559907 | BM100: 14.122397 | BN100: 0.55167723
A105: Information on data for Cyprus: https://oe.cd/cyprus-disclaimer
A106: *Data did not meet the PISA technical standards but were accepted as largely comparable (see Annexes A2 and A4).
A108: Note: Information regarding the proportion of the sample covered is shown next to the standard error. No symbol means at least 75% of the population was covered; one dagger (†) means at least 50% but less than 75%; and one double-dagger (‡) means less than 50% was covered. For comparisons across cycles, the coverage information corresponds to the cycle with the lowest sample coverage.

Sheet Table III.B1.13.2
A1: PISA 2018 Results (Volume III) - © OECD 2019
A2: Annex B1 | B2: Annex B1.13 Results (tables): Students' self-efficacy and fear of failure
A3: Version 2 - Last updated: 24-Jul-2020
A4: Disclaimer: http://oe.cd/disclaimer
A6: Annex B1 | B6: Annex B1.13 Results (tables): Students' self-efficacy and fear of failure
A7: Version 2 - Last updated: 02-Dec-2019
A8: Disclaimer: http://oe.cd/disclaimer
A10: Table III.B1.13.2
A11: Students' fear of failure
A12: Based on students' reports
B15: Index of fear of failure1 | H15: Percentage of students who reported the following:
H16: When I am failing, I worry about what others think of me | T16: When I am failing, I am afraid that I might not have enough talent | AF16: When I am failing, this makes me doubt my plans for the future
B17: Average | E17: Variability | H17: Strongly disagree | K17: Disagree | N17: Agree | Q17: Strongly agree | T17: Strongly disagree | W17: Disagree | Z17: Agree | AC17: Strongly agree | AF17: Strongly disagree | AI17: Disagree | AL17: Agree | AO17: Strongly agree
B18: Mean index | C18: S.E. | E18: S.D. | F18: S.E. | H18: % | I18: S.E. | K18: % | L18: S.E. | N18: % | O18: S.E. | Q18: % | R18: S.E. | T18: % | U18: S.E. | W18: % | X18: S.E. | Z18: % | AA18: S.E. | AC18: % | AD18: S.E. | AF18: % | AG18: S.E. | AI18: % | AJ18: S.E. | AL18: % | AM18: S.E. | AO18: % | AP18: S.E.
A19: OECD
A20: Australia | B20: 0.23229905 | C20: 0.0096878794 | E20: 1.0038961 | F20: 0.0067099588 | H20: 11.803457 | I20: 0.31793968 | K20: 26.550725 | L20: 0.47840175 | N20: 41.434108 | O20: 0.48399444 | Q20: 20.211709 | R20: 0.37287852 | T20: 9.6466772 | U20: 0.2977983 | W20: 26.609396 | X20: 0.46522257 | Z20: 42.43288 | AA20: 0.49097593 | AC20: 21.311047 | AD20: 0.36258759 | AF20: 9.4654778 | AG20: 0.30767512 | AI20: 22.595597 | AJ20: 0.47690674 | AL20: 40.701463 | AM20: 0.44428687 | AO20: 27.237462 | AP20: 0.40372735
A21: Austria | B21: -0.25980957 | C21: 0.014803103 | E21: 1.050622 | F21: 0.008889925 | H21: 18.943757 | I21: 0.61773919 | K21: 29.637735 | L21: 0.64709837 | N21: 33.62136 | O21: 0.64561746 | Q21: 17.797147 | R21: 0.52090018 | T21: 23.083427 | U21: 0.61135987 | W21: 33.468062 | X21: 0.65097872 | Z21: 29.355324 | AA21: 0.6771301 | AC21: 14.093187 | AD21: 0.43441002 | AF21: 28.926273 | AG21: 0.64298218 | AI21: 30.342577 | AJ21: 0.641702 | AL21: 26.771119 | AM21: 0.67103794 | AO21: 13.96003 | AP21: 0.44760578
A22: Belgium (Flemish) | B22: -0.19157854 | C22: 0.016591179 | E22: 0.89387001 | F22: 0.011080352 | H22: 15.919749 | I22: 0.62989416 | K22: 36.971318 | L22: 0.74569327 | N22: 36.889361 | O22: 0.76615212 | Q22: 10.219572 | R22: 0.45865123 | T22: 15.412319 | U22: 0.62896023 | W22: 40.324498 | X22: 0.85571505 | Z22: 34.744355 | AA22: 0.82177932 | AC22: 9.5188287 | AD22: 0.55175796 | AF22: 13.181548 | AG22: 0.55773045 | AI22: 34.162552 | AJ22: 0.67485293 | AL22: 39.286781 | AM22: 0.77000174 | AO22: 13.369118 | AP22: 0.57073129
A23: Canada | B23: 0.27240935 | C23: 0.010925187 | E23: 1.0408883 | F23: 0.0065744893 | H23: 13.454367 | I23: 0.3879788 | K23: 24.737197 | L23: 0.42414884 | N23: 39.605385 | O23: 0.55083436 | Q23: 22.20305 | R23: 0.44260901 | T23: 10.795772 | U23: 0.30719863 | W23: 23.780644 | X23: 0.4848829 | Z23: 40.909922 | AA23: 0.54313379 | AC23: 24.513662 | AD23: 0.42662876 | AF23: 10.85889 | AG23: 0.31870047 | AI23: 20.687435 | AJ23: 0.52095999 | AL23: 37.272934 | AM23: 0.44001596 | AO23: 31.18074 | AP23: 0.46283059
A24: Chile | B24: 0.084430888 | C24: 0.014684018 | E24: 0.99884825 | F24: 0.0099608423 | H24: 20.322911 | I24: 0.61702767 | K24: 28.393103 | L24: 0.56365439 | N24: 35.256181 | O24: 0.68449682 | Q24: 16.027806 | R24: 0.55798432 | T24: 12.072966 | U24: 0.46633205 | W24: 24.336289 | X24: 0.51173378 | Z24: 43.066 | AA24: 0.71323847 | AC24: 20.524745 | AD24: 0.61713749 | AF24: 17.214537 | AG24: 0.53985558 | AI24: 23.614192 | AJ24: 0.57766763 | AL24: 35.316174 | AM24: 0.57903303 | AO24: 23.855097 | AP24: 0.70561968
A25: Colombia | B25: -0.19415028 | C25: 0.013330394 | E25: 0.94044848 | F25: 0.0084640358 | H25: 17.096868 | I25: 0.5388127 | K25: 34.542785 | L25: 0.71451999 | N25: 38.249359 | O25: 0.7182557 | Q25: 10.110988 | R25: 0.36676027 | T25: 15.199443 | U25: 0.49051644 | W25: 33.953197 | X25: 0.75547916 | Z25: 39.540179 | AA25: 0.74746657 | AC25: 11.307182 | AD25: 0.42271747 | AF25: 20.487604 | AG25: 0.66191281 | AI25: 36.004412 | AJ25: 0.85319102 | AL25: 31.844014 | AM25: 0.81998794 | AO25: 11.663969 | AP25: 0.44318624
A26: Czech Republic | B26: -0.045775045 | C26: 0.014980797 | E26: 0.9092499 | F26: 0.0095703152 | H26: 12.166626 | I26: 0.52563952 | K26: 29.18431 | L26: 0.72709027 | N26: 44.415852 | O26: 0.84160733 | Q26: 14.233212 | R26: 0.55229673 | T26: 11.72501 | U26: 0.43254684 | W26: 36.772307 | X26: 0.70418975 | Z26: 39.758571 | AA26: 0.70422595 | AC26: 11.744111 | AD26: 0.44948572 | AF26: 13.455808 | AG26: 0.5245059 | AI26: 32.019483 | AJ26: 0.69137113 | AL26: 38.926691 | AM26: 0.73917789 | AO26: 15.598018 | AP26: 0.59149757
A27: Denmark | B27: -0.016519313 | C27: 0.01166113 | E27: 0.91101216 | F27: 0.010389548 | H27: 10.73302 | I27: 0.42200936 | K27: 31.014883 | L27: 0.72346292 | N27: 44.19766 | O27: 0.81619646 | Q27: 14.054437 | R27: 0.51561115 | T27: 9.688828 | U27: 0.40657133 | W27: 32.517586 | X27: 0.71978163 | Z27: 43.963529 | AA27: 0.88670629 | AC27: 13.830057 | AD27: 0.47068271 | AF27: 15.86483 | AG27: 0.58405284 | AI27: 37.147298 | AJ27: 0.75167319 | AL27: 32.872674 | AM27: 0.70985684 | AO27: 14.115199 | AP27: 0.5066289
A28: Estonia | B28: -0.17345962 | C28: 0.014530711 | E28: 0.91434187 | F28: 0.010287953 | H28: 14.717519 | I28: 0.57984225 | K28: 38.893368 | L28: 0.7595652 | N28: 36.571607 | O28: 0.69628017 | Q28: 9.8175052 | R28: 0.46967806 | T28: 12.988536 | U28: 0.49702867 | W28: 38.537059 | X28: 0.84435861 | Z28: 37.251101 | AA28: 0.75432027 | AC28: 11.223304 | AD28: 0.48703298 | AF28: 16.100521 | AG28: 0.60242404 | AI28: 38.722278 | AJ28: 0.76067036 | AL28: 33.146856 | AM28: 0.81060926 | AO28: 12.030345 | AP28: 0.53741847
A29: Finland | B29: -0.19242 | C29: 0.011428239 | E29: 0.9556142 | F29: 0.0086248965 | H29: 13.213189 | I29: 0.48612681 | K29: 36.429218 | L29: 0.69767145 | N29: 38.32274 | O29: 0.65461961 | Q29: 12.034852 | R29: 0.47109991 | T29: 14.667636 | U29: 0.45014215 | W29: 40.373949 | X29: 0.65726809 | Z29: 33.221298 | AA29: 0.64112022 | AC29: 11.737117 | AD29: 0.42825062 | AF29: 17.479274 | AG29: 0.46018181 | AI29: 41.117309 | AJ29: 0.72892834 | AL29: 29.508177 | AM29: 0.5457323 | AO29: 11.895239 | AP29: 0.42010107
A30: France | B30: 0.059087179 | C30: 0.01468641 | E30: 1.0569129 | F30: 0.0099957113 | H30: 25.857809 | I30: 0.72793814 | K30: 26.651749 | L30: 0.5588779 | N30: 31.188766 | O30: 0.72563799 | Q30: 16.301676 | R30: 0.51661944 | T30: 15.353742 | U30: 0.50031339 | W30: 22.814903 | X30: 0.55620503 | Z30: 40.517002 | AA30: 0.63309152 | AC30: 21.314353 | AD30: 0.59141781 | AF30: 15.546267 | AG30: 0.50754364 | AI30: 22.251413 | AJ30: 0.62842189 | AL30: 36.483559 | AM30: 0.61462305 | AO30: 25.718761 | AP30: 0.63502775
A31: Germany | B31: -0.37427442 | C31: 0.0180551 | E31: 1.0183801 | F31: 0.011451342 | H31: 20.053878 | I31: 0.8431494 | K31: 32.348282 | L31: 0.68756343 | N31: 33.009841 | O31: 0.71736649 | Q31: 14.587999 | R31: 0.55420455 | T31: 26.967061 | U31: 0.71958733 | W31: 35.270181 | X31: 0.79961119 | Z31: 26.73849 | AA31: 0.60919188 | AC31: 11.024268 | AD31: 0.52694696 | AF31: 29.145877 | AG31: 0.741584 | AI31: 33.415358 | AJ31: 0.86154025 | AL31: 24.858745 | AM31: 0.65351813 | AO31: 12.58002 | AP31: 0.57107347
... A35: Ireland | B35: 0.20648534 | C35: 0.012770212 | E35: 0.98480207 | F35: 0.0078243814 | H35: 9.9065245 | I35: 0.35528986 | K35: 26.435265 | L35: 0.6105998 | N35: 43.483329 | O35: 0.74981311 | Q35: 20.174881 | R35: 0.57007462 | T35: 9.3168838 | U35: 0.3796065 | W35: 28.039598 | X35: 0.69948348 | Z35: 43.001926 | AA35: 0.62747865 | AC35: 19.641593 | AD35: 0.5205573 | AF35: 9.8007084 | AG35: 0.38184025 | AI35: 25.288565 | AJ35: 0.58185342 | AL35: 40.173667 | AM35: 0.60456506 | AO35: 24.73706 | AP35: 0.55007287
A36: Israel | B36: m | C36: m | E36: m | F36: m | H36: m | I36: m | K36: m | L36: m | N36: m | O36: m | Q36: m | R36: m | T36: m | U36: m | W36: m | X36: m | Z36: m | AA36: m | AC36: m | AD36: m | AF36: m | AG36: m | AI36: m | AJ36: m | AL36: m | AM36: m | AO36: m | AP36: m
A37: Italy | B37: 0.038334486 | C37: 0.015846573 | E37: 0.96696901 | F37: 0.009279689 | H37: 16.301488 | I37: 0.50397937 | K37: 26.762261 | L37: 0.70816034 | N37: 40.765176 | O37: 0.67892114 | Q37: 16.171075 | R37: 0.51063972 | T37: 12.631151 | U37: 0.44314993 | W37: 28.744887 | X37: 0.72920562 | Z37: 41.568066 | AA37: 0.69583425 | AC37: 17.055896 | AD37: 0.56734849 | AF37: 14.341252 | AG37: 0.53718711 | AI37: 28.247356 | AJ37: 0.55085608 | AL37: 37.903316 | AM37: 0.71525643 | AO37: 19.508077 | AP37: 0.62996324
A38: Japan | B38: 0.37930291 | C38: 0.014998334 | E38: 0.95613776 | F38: 0.0084388135 | H38: 6.9637091 | I38: 0.38843786 | K38: 16.417074 | L38: 0.54305806 | N38: 47.554638 | O38: 0.68373445 | Q38: 29.064579 | R38: 0.6165603 | T38: 7.1508244 | U38: 0.38958113 | W38: 18.816035 | X38: 0.60539225 | Z38: 46.513112 | AA38: 0.65804557 | AC38: 27.520029 | AD38: 0.64317674 | AF38: 10.989597 | AG38: 0.44312465 | AI38: 28.133202 | AJ38: 0.68474578 | AL38: 39.218493 | AM38: 0.72104578 | AO38: 21.658709 | AP38: 0.58823212
A39: Korea | B39: 0.18566831 | C39: 0.014495243 | E39: 0.96348033 | F39: 0.0084372758 | H39: 7.0200652 | I39: 0.29470544 | K39: 18.005832 | L39: 0.52435554 | N39: 52.079964 | O39: 0.73822867 | Q39: 22.894138 | R39: 0.6727556 | T39: 9.7753236 | U39: 0.42485781 | W39: 23.815263 | X39: 0.54542118 | Z39: 47.076374 | AA39: 0.6914581 | AC39: 19.33304 | AD39: 0.61971751 | AF39: 14.143471 | AG39: 0.45223013 | AI39: 32.327406 | AJ39: 0.62999673 | AL39: 37.520458 | AM39: 0.65952666 | AO39: 16.008665 | AP39: 0.50233017
A40: Latvia | B40: -0.10366924 | C40: 0.012693906 | E40: 0.88686744 | F40: 0.009284561 | H40: 11.942754 | I40: 0.48197618 | K40: 33.315966 | L40: 0.64683561 | N40: 42.657226 | O40: 0.73671558 | Q40: 12.084054 | R40: 0.50580504 | T40: 12.08492 | U40: 0.49798371 | W40: 38.151916 | X40: 0.75590203 | Z40: 38.216744 | AA40: 0.72938575 | AC40: 11.546421 | AD40: 0.51509507 | AF40: 14.33131 | AG40: 0.46664214 | AI40: 36.534136 | AJ40: 0.75197675 | AL40: 35.937896 | AM40: 0.64416014 | AO40: 13.196659 | AP40: 0.49278635
A41: Lithuania | B41: -0.071558232 | C41: 0.013997853 | E41: 1.0295511 | F41: 0.0080414114 | H41: 16.947469 | I41: 0.52859747 | K41: 21.404597 | L41: 0.57447103 | N41: 40.13685 | O41: 0.64100998 | Q41: 21.511084 | R41: 0.56560924 | T41: 17.95689 | U41: 0.50325088 | W41: 29.312392 | X41: 0.68926423 | Z41: 37.360676 | AA41: 0.65697925 | AC41: 15.370042 | AD41: 0.4860898 | AF41: 23.341016 | AG41: 0.61014291 | AI41: 26.790044 | AJ41: 0.61031635 | AL41: 32.452886 | AM41: 0.73993198 | AO41: 17.416054 | AP41: 0.50001698
A42: Luxembourg | B42: -0.14100757 | C42: 0.015880179 | E42: 1.0570931 | F42: 0.010059249 | H42: 23.035988 | I42: 0.60821324 | K42: 27.307972 | L42: 0.62479796 | N42: 33.413806 | O42: 0.63786747 | Q42: 16.242234 | R42: 0.55048679 | T42: 20.956046 | U42: 0.60020024 | W42: 29.978975 | X42: 0.69314705 | Z42: 33.03467 | AA42: 0.63548301 | AC42: 16.03031 | AD42: 0.57069038 | AF42: 20.430229 | AG42: 0.55195512 | AI42: 25.937455 | AJ42: 0.61178175 | AL42: 34.659392 | AM42: 0.74332387 | AO42: 18.972924 | AP42: 0.64021378
A43: Mexico | B43: 0.062019913 | C43: 0.016003699 | E43: 0.94820353 | F43: 0.0081433061 | H43: 16.030936 | I43: 0.61615452 | K43: 30.156055 | L43: 0.77986236 | N43: 39.420311 | O43: 0.719808 | Q43: 14.392697 | R43: 0.48987446 | T43: 10.309088 | U43: 0.50242935 | W43: 26.876592 | X43: 0.71220656 | Z43: 45.326556 | AA43: 0.68653042 | AC43: 17.487764 | AD43: 0.53384154 | AF43: 15.490595 | AG43: 0.58695121 | AI43: 27.326782 | AJ43: 0.61044226 | AL43: 38.547554 | AM43: 0.61922558 | AO43: 18.63507 | AP43: 0.61268531
A44: Netherlands* | B44: -0.39469159 | C44: 0.015530625 | E44: 0.91241908 | F44: 0.012949683 | H44: 18.784404 | I44: 0.70861507 | K44: 36.279991 | L44: 0.84617003 | N44: 34.434278 | O44: 0.80571522 | Q44: 10.501327 | R44: 0.45971296 | T44: 21.415015 | U44: 0.82574219 | W44: 43.159428 | X44: 0.91247921 | Z44: 27.43868 | AA44: 0.71380874 | AC44: 7.9868775 | AD44: 0.39775503 | AF44: 22.443754 | AG44: 0.71623639 | AI44: 41.893278 | AJ44: 1.0253188 | AL44: 27.09772 | AM44: 0.71759802 | AO44: 8.5652482 | AP44: 0.50564501
A45: New Zealand | B45: 0.24532442 | C45: 0.014285319 | E45: 1.0140315 | F45: 0.0081445068 | H45: 11.01365 | I45: 0.39464942 | K45: 24.380925 | L45: 0.6381211 | N45: 42.137063 | O45: 0.64727115 | Q45: 22.468361 | R45: 0.51429178 | T45: 10.271918 | U45: 0.47079228 | W45: 27.189041 | X45: 0.59169631 | Z45: 41.237041 | AA45: 0.6586614 | AC45: 21.302 | AD45: 0.49889089 | AF45: 9.5745059 | AG45: 0.38796492 | AI45: 22.880475 | AJ45: 0.66568964 | AL45: 38.482514 | AM45: 0.71858503 | AO45: 29.062505 | AP45: 0.67613848
A46: Norway | B46: m | C46: m | E46: m | F46: m | H46: m | I46: m | K46: m | L46: m | N46: m | O46: m | Q46: m | R46: m | T46: m | U46: m | W46: m | X46: m | Z46: m | AA46: m | AC46: m | AD46: m | AF46: m | AG46: m | AI46: m | AJ46: m | AL46: m | AM46: m | AO46: m | AP46: m
A47: Poland | B47: 0.01326819 | C47: 0.015209123 | E47: 0.90759421 | F47: 0.0093948243 | H47: 13.756837 | I47: 0.50649915 | K47: 32.731618 | L47: 0.69383047 | N47: 40.254212 | O47: 0.69621545 | Q47: 13.257333 | R47: 0.49083495 | T47: 10.219884 | U47: 0.42259707 | W47: 32.672157 | X47: 0.69544621 | Z47: 43.524619 | AA47: 0.74185543 | AC47: 13.58334 | AD47: 0.56415891 | AF47: 11.226686 | AG47: 0.42669346 | AI47: 30.827536 | AJ47: 0.7425101 | AL47: 40.670168 | AM47: 0.72808231 | AO47: 17.275609 | AP47: 0.61576354
A48: Portugal* | B48: -0.0084365309 | C48: 0.014999662 | E48: 0.97137878 | F48: 0.008444135 | H48: 14.09032 | I48: 0.52850745 | K48: 29.436005 | L48: 0.5724507 | N48: 40.604754 | O48: 0.79048192 | Q48: 15.86892 | R48: 0.45292618 | T48: 12.839671 | U48: 0.52278809 | W48: 31.167869 | X48: 0.67069731 | Z48: 41.531485 | AA48: 0.69323874 | AC48: 14.460974 | AD48: 0.54650713 | AF48: 15.225003 | AG48: 0.54899846 | AI48: 30.594175 | AJ48: 0.8823381 | AL48: 36.344257 | AM48: 0.83490322 | AO48: 17.836564 | AP48: 0.53776315
A49: Slovak Republic | B49: 0.010826973 | C49: 0.013972758 | E49: 0.88647927 | F49: 0.0095907561 | H49: 12.693995 | I49: 0.50029945 | K49: 28.202759 | L49: 0.59072996 | N49: 46.081918 | O49: 0.73026759 | Q49: 13.021327 | R49: 0.55425096 | T49: 9.245386 | U49: 0.39330577 | W49: 30.624645 | X49: 0.66450714 | Z49: 47.457589 | AA49: 0.69418122 | AC49: 12.672381 | AD49: 0.49876258 | AF49: 13.302595 | AG49: 0.50639508 | AI49: 33.929512 | AJ49: 0.68978782 | AL49: 39.445068 | AM49: 0.75010125 | AO49: 13.322825 | AP49: 0.47797132
A50: Slovenia | B50: 0.0044316269 | C50: 0.013272585 | E50: 0.95600393 | F50: 0.0094946131 | H50: 11.351808 | I50: 0.49039354 | K50: 25.53381 | L50: 0.75770032 | N50: 47.950971 | O50: 0.79124471 | Q50: 15.163412 | R50: 0.54274256 | T50: 12.074032 | U50: 0.54730282 | W50: 33.110779 | X50: 0.67229448 | Z50: 40.399671 | AA50: 0.68924908 | AC50: 14.415518 | AD50: 0.49177214 | AF50: 14.265841 | AG50: 0.53932477 | AI50: 31.997837 | AJ50: 0.72365303 | AL50: 37.868066 | AM50: 0.85736201 | AO50: 15.868256 | AP50: 0.53552864
A51: Spain | B51: -0.11563539 | C51: 0.0086858595 | E51: 0.9805364 | F51: 0.0050847138 | H51: 20.017302 | I51: 0.35416803 | K51: 29.285495 | L51: 0.37223268 | N51: 35.6552 | O51: 0.4065698 | Q51: 15.042004 | R51: 0.28359227 | T51: 16.388902 | U51: 0.31553223 | W51: 30.790087 | X51: 0.38807222 | Z51: 37.256777 | AA51: 0.4557407 | AC51: 15.564234 | AD51: 0.29522865 | AF51: 19.911663 | AG51: 0.3513926 | AI51: 32.057738 | AJ51: 0.27517742 | AL51: 31.361329 | AM51: 0.35130037 | AO51: 16.66927 | AP51: 0.28288264
A52: Sweden | B52: -0.0045663598 | C52: 0.014582631 | E52: 1.0197914 | F52: 0.010535129 | H52: 14.639365 | I52: 0.54975954 | K52: 32.038066 | L52: 0.78237701 | N52: 37.725122 | O52: 0.71185095 | Q52: 15.597447 | R52: 0.59283011 | T52: 14.145707 | U52: 0.51795608 | W52: 29.571874 | X52: 0.77372718 | Z52: 38.704026 | AA52: 0.68552175 | AC52: 17.578393 | AD52: 0.59995815 | AF52: 15.180925 | AG52: 0.54481709 | AI52: 32.282228 | AJ52: 0.67102556 | AL52: 33.778826 | AM52: 0.68055464 | AO52: 18.758021 | AP52: 0.59071327
A53: Switzerland | B53: -0.28302917 | C53: 0.016990314 | E53: 1.0108501 | F53: 0.0097444589 | H53: 24.607229 | I53: 0.78646501 | K53: 31.941431 | L53: 0.6939894 | N53: 30.805979 | O53: 0.75240134 | Q53: 12.645361 | R53: 0.55443289 | T53: 22.973404 | U53: 0.68415072 | W53: 33.097049 | X53: 0.78269214 | Z53: 30.886589 | AA53: 0.67482509 | AC53: 13.042957 | AD53: 0.54380704 | AF53: 23.118081 | AG53: 0.66259082 | AI53: 31.653297 | AJ53: 0.68903145 | AL53: 30.12281 | AM53: 0.65126238 | AO53: 15.105811 | AP53: 0.62518364
A54: Turkey | B54: 0.11556677 | C54: 0.014253426 | E54: 1.012175 | F54: 0.0090136623 | H54: 14.526371 | I54: 0.40314811 | K54: 19.093092 | L54: 0.49887757 | N54: 42.652595 | O54: 0.63002227 | Q54: 23.727942 | R54: 0.58636358 | T54: 14.94559 | U54: 0.4758786 | W54: 28.312584 | X54: 0.51189215 | Z54: 38.222287 | AA54: 0.63361576 | AC54: 18.519539 | AD54: 0.54095619 | AF54: 13.851271 | AG54: 0.51280681 | AI54: 21.723314 | AJ54: 0.47990208 | AL54: 40.964442 | AM54: 0.58352333 | AO54: 23.460972 | AP54: 0.58903679
A55: United Kingdom | B55: 0.27461105 | C55: 0.015456154 | E55: 1.0296528 | F55: 0.0078472267 | H55: 12.303127 | I55: 0.46851347 | K55: 24.861628 | L55: 0.55838612 | N55: 39.837494 | O55: 0.65998249 | Q55: 22.997751 | R55: 0.55681739 | T55: 10.217324 | U55: 0.36285968 | W55: 26.580149 | X55: 0.5242427 | Z55: 40.184725 | AA55: 0.63732285 | AC55: 23.017802 | AD55: 0.60651049 | AF55: 9.2514982 | AG55: 0.34171923 | AI55: 20.318096 | AJ55: 0.47406561 | AL55: 38.353464 | AM55: 0.62364669 | AO55: 32.076941 | AP55: 0.6178715
A56: United States* | B56: 0.16818458 | C56: 0.022107752 | E56: 1.0754222 | F56: 0.0088584026 | H56: 15.699213 | I56: 0.61931021 | K56: 25.859452 | L56: 0.72250188 | N56: 36.838582 | O56: 0.74906642 | Q56: 21.602754 | R56: 0.71496711 | T56: 13.664035 | U56: 0.58147594 | W56: 25.96194 | X56: 0.71242473 | Z56: 37.771202 | AA56: 0.74035184 | AC56: 22.602824 | AD56: 0.76607802 | AF56: 12.675094 | AG56: 0.47892654 | AI56: 22.779993 | AJ56: 0.57014301 | AL56: 36.44732 | AM56: 0.70889789 | AO56: 28.097593 | AP56: 0.87408219
A57: OECD average | B57: -0.011477624 | C57: 0.0024980962 | E57: 0.9794039 | F57: 0.0015659078 | H57: 15.121459 | I57: 0.091065631 | K57: 28.497056 | L57: 0.11165799 | N57: 39.779682 | O57: 0.11947545 | Q57: 16.601803 | R57: 0.089189873 | T57: 14.027305 | U57: 0.086309911 | W57: 30.904959 | X57: 0.11499934 | Z57: 38.917032 | AA57: 0.11641696 | AC57: 16.150704 | AD57: 0.089551385 | AF57: 16.131656 | AG57: 0.089928671 | AI57: 30.102526 | AJ57: 0.11546668 | AL57: 35.273064 | AM57: 0.11543442 | AO57: 18.492755 | AP57: 0.095348241
A58: Partners
A59: Albania | B59: -0.24200651 | C59: 0.014463698 | E59: 0.9779319 | F59: 0.010347082 | H59: 18.374657 | I59: 0.56058532 | K59: 29.923856 | L59: 0.70201372 | N59: 38.180978 | O59: 0.77556824 | Q59: 13.520509 | R59: 0.57366778 | T59: 20.774162 | U59: 0.57577276 | W59: 34.656189 | X59: 0.73574444 | Z59: 33.747759 | AA59: 0.66633432 | AC59: 10.821889 | AD59: 0.46241544 | AF59: 22.502148 | AG59: 0.67808077 | AI59: 31.71711 | AJ59: 0.73555346 | AL59: 31.593977 | AM59: 0.71416941 | AO59: 14.186764 | AP59: 0.4763256
A60: Argentina | B60: -0.10420981 | C60: 0.012414957 | E60: 0.99586507 | F60: 0.0085777635 | H60: 26.40715 | I60: 0.65114923 | K60: 32.287178 | L60: 0.57948333 | N60: 29.047942 | O60: 0.55139013 | Q60: 12.25773 | R60: 0.4282172 | T60: 15.494326 | U60: 0.46676977 | W60: 27.820786 | X60: 0.5998913 | Z60: 39.546051 | AA60: 0.62344401 | AC60: 17.138837 | AD60: 0.50631339 | AF60: 20.405964 | AG60: 0.50932368 | AI60: 28.575232 | AJ60: 0.55992651 | AL60: 30.798505 | AM60: 0.6447925 | AO60: 20.220298 | AP60: 0.53775592
A61: Baku (Azerbaijan) | B61: 0.036575734 | C61: 0.015108972 | D61: † | E61: 1.0717523 | F61: 0.0096139044 | G61: † | H61: 17.803952 | I61: 0.53678629 | K61: 18.351305 | L61: 0.64094674 | N61: 42.176685 | O61: 0.77037981 | Q61: 21.668058 | R61: 0.63158317 | T61: 16.895252 | U61: 0.53759023 | W61: 26.697837 | X61: 0.60814545 | Z61: 37.81884 | AA61: 0.71019489 | AC61: 18.588071 | AD61: 0.5272543 | AF61: 18.362484 | AG61: 0.64455577 | AI61: 23.779545 | AJ61: 0.68766326 | AL61: 38.125361 | AM61: 0.75945063 | AO61: 19.73261 | AP61: 0.64205257
A62: Belarus | B62: -0.1343899 | C62: 0.012375309 | E62: 0.78785279 | F62: 0.0084815677 | H62: 11.81572 | I62: 0.40486181 | K62: 38.827437 | L62: 0.64560544 | N62: 41.414126 | O62: 0.6591916 | Q62: 7.9427169 | R62: 0.43422619 | T62: 8.8520523 | U62: 0.3785076 | W62: 38.104912 | X62: 0.67268498 | Z62: 46.047274 | AA62: 0.6645282 | AC62: 6.9957621 | AD62: 0.38526037 | AF62: 11.35659 | AG62: 0.43557252 | AI62: 40.40016 | AJ62: 0.76798153 | AL62: 39.474663 | AM62: 0.6165336 | AO62: 8.7685861 | AP62: 0.43745824
A63: Bosnia and Herzegovina | B63: -0.36969473 | C63: 0.015063158 | E63: 0.95130396 | F63: 0.0093169464 | H63: 25.799436 | I63: 0.62446883 | K63: 35.207652 | L63: 0.65209482 | N63: 30.731129 | O63: 0.62132885 | Q63: 8.2617837 | R63: 0.3800318 | T63: 20.975926 | U63: 0.50543936 | W63: 39.510155 | X63: 0.74333448 | Z63: 31.755105 | AA63: 0.72098063 | AC63: 7.7588135 | AD63: 0.38471906 | AF63: 22.234263 | AG63: 0.59230691 | AI63: 31.857825 | AJ63: 0.66194634 | AL63: 34.603279 | AM63: 0.60170412 | AO63: 11.304634 | AP63: 0.45453405
A64: Brazil | B64: 0.036401036 | C64: 0.01563731 | E64: 1.0091781 | F64: 0.0071125681 | H64: 17.737611 | I64: 0.5053427 | K64: 27.049378 | L64: 0.53567626 | N64: 38.397771 | O64: 0.64967202 | Q64: 16.815241 | R64: 0.44860278 | T64: 13.122324 | U64: 0.43531751 | W64: 27.987708 | X64: 0.57552713 | Z64: 40.627132 | AA64: 0.54637746 | AC64: 18.262837 | AD64: 0.49670983 | AF64: 15.950705 | AG64: 0.49125095 | AI64: 27.203326 | AJ64: 0.51093071 | AL64: 37.082365 | AM64: 0.62736118 | AO64: 19.763604 | AP64: 0.49194767
A65: Brunei Darussalam | B65: 0.4146667 | C65: 0.012942619 | E65: 0.96533647 | F65: 0.0080528853 | H65: 8.5146905 | I65: 0.39439074 | K65: 17.609083 | L65: 0.47840203 | N65: 45.097772 | O65: 0.66304913 | Q65: 28.778455 | R65: 0.59786344 | T65: 8.5600038 | U65: 0.38911748 | W65: 21.465961 | X65: 0.59174188 | Z65: 43.543012 | AA65: 0.58968015 | AC65: 26.431024 | AD65: 0.51851756 | AF65: 8.4556697 | AG65: 0.35343371 | AI65: 18.586278 | AJ65: 0.51032384 | AL65: 39.320297 | AM65: 0.58887327 | AO65: 33.637755 | AP65: 0.56768748
A66: B-S-J-Z (China) | B66: 0.0010926295 | C66: 0.012374986 | E66: 0.8639762 | F66: 0.012737816 | H66: 5.9762532 | I66: 0.37670348 | K66: 16.019677 | L66: 0.63865062 | N66: 58.304811 | O66: 0.76645677 | Q66: 19.699259 | R66: 0.56570605 | T66: 11.718886 | U66: 0.47927088 | W66: 34.948642 | X66: 0.64703786 | Z66: 42.882284 | AA66: 0.62903359 | AC66: 10.450188 | AD66: 0.49908235 | AF66: 13.89686 | AG66: 0.5406273 | AI66: 35.533662 | AJ66: 0.64768968 | AL66: 40.356535 | AM66: 0.63768695 | AO66: 10.212942 | AP66: 0.46065923
A67: Bulgaria | B67: -0.13322878 | C67: 0.01501636 | E67: 1.0069746 | F67: 0.010866572 | H67: 21.028273 | I67: 0.64475158 | K67: 25.034116 | L67: 0.66451419 | N67: 40.190849 | O67: 0.76867394 | Q67: 13.746763 | R67: 0.55081409 | T67: 16.889718 | U67: 0.53563256 | W67: 32.411907 | X67: 0.73672157 | Z67: 37.37574 | AA67: 0.7273494 | AC67: 13.322635 | AD67: 0.53102986 | AF67: 20.037096 | AG67: 0.70594855 | AI67: 29.212383 | AJ67: 0.84939362 | AL67: 35.779018 | AM67: 0.79531675 | AO67: 14.971503 | AP67: 0.57269095
A68: Costa Rica | B68: -0.22761316 | C68: 0.015855289 | E68: 1.0100623 | F68: 0.0081211727 | H68: 21.065202 | I68: 0.58537015 | K68: 31.623227 | L68: 0.70660059 | N68: 32.423023 | O68: 0.73047894 | Q68: 14.888549 | R68: 0.5307328 | T68: 19.236233 | U68: 0.51786494 | W68: 32.824925 | X68: 0.61600263 | Z68: 33.868962 | AA68: 0.6120952 | AC68: 14.069881 | AD68: 0.50164838 | AF68: 25.777274 | AG68: 0.62626997 | AI68: 32.675952 | AJ68: 0.53013245 | AL68: 27.399588 | AM68: 0.61520727 | AO68: 14.147185 | AP68: 0.47082099
A69: Croatia | B69: -0.22163659 | C69: 0.013852827 | E69: 0.94531666 | F69: 0.0092612624 | H69: 17.869108 | I69: 0.52129477 | K69: 34.905528 | L69: 0.6875262 | N69: 37.288263 | O69: 0.64418622 | Q69: 9.9371008 | R69: 0.43855766 | T69: 16.294867 | U69: 0.52891736 | W69: 36.792873 | X69: 0.75475551 | Z69: 36.894272 | AA69: 0.6962784 | AC69: 10.017988 | AD69: 0.44102667 | AF69: 19.285988 | AG69: 0.5454647 | AI69: 34.400173 | AJ69: 0.67094435 | AL69: 33.97998 | AM69: 0.682452 | AO69: 12.333859 | AP69: 0.4753902
A70: Cyprus | B70: -0.21453243 | C70: 0.014386446 | E70: 0.9840083 | F70: 0.010352398 | H70: 21.943444 | I70: 0.73320533 | K70: 31.863322 | L70: 0.7390833 | N70: 34.858009 | O70: 0.72457876 | Q70: 11.335225 | R70: 0.48228129 | T70: 18.285134 | U70: 0.62723284 | W70: 35.471779 | X70: 0.78091782 | Z70: 34.078853 | AA70: 0.64693417 | AC70: 12.164233 | AD70: 0.50942486 | AF70: 19.609501 | AG70: 0.61914604 | AI70: 31.680035 | AJ70: 0.69671259 | AL70: 33.376981 | AM70: 0.67907189 | AO70: 15.333483 | AP70: 0.5356654
A71: Dominican Republic | B71: -0.010164556 | C71: 0.022156221 | D71: † | E71: 1.0486707 | F71: 0.013077003 | G71: † | H71: 17.494375 | I71: 0.70528766 | J71: † | K71: 22.671697 | L71: 0.69293031 | M71: † | N71: 39.769402 | O71: 1.0094686 | P71: † | Q71: 20.064525 | R71: 0.86453096 | S71: † | T71: 16.280365 | U71: 0.75753685 | V71: † | W71: 28.020498 | X71: 0.89239824 | Y71: † | Z71: 36.696502 | AA71: 0.88407565 | AB71: † | AC71: 19.002635 | AD71: 0.71768651 | AE71: † | AF71: 21.037282 | AG71: 0.82632686 | AH71: † | AI71: 28.465214 | AJ71: 0.82805901 | AK71: † | AL71: 32.180727 | AM71: 0.89559881 | AN71: † | AO71: 18.316778 | AP71: 0.85831512 | AQ71: †
A72: Georgia | B72: -0.31782781 | C72: 0.015595634 | E72: 0.86951694 | F72: 0.0088021895 | H72: 21.614822 | I72: 0.6587426 | K72: 30.179807 | L72: 0.6595623 | N72: 39.767208 | O72: 0.77163662 | Q72: 8.4381632 | R72: 0.42974805 | T72: 18.109303 | U72: 0.61297329 | W72: 38.020753 | X72: 0.77778344 | Z72: 36.933037 | AA72: 0.76137523 | AC72: 6.9369058 | AD72: 0.40405154 | AF72: 19.958137 | AG72: 0.59817874 | AI72: 37.768871 | AJ72: 0.77288288 | AL72: 33.524682 | AM72: 0.74650266 | AO72: 8.7483096 | AP72: 0.45873085
A73: Hong Kong (China)* | B73: 0.38890691 | C73: 0.013532759 | E73: 0.87512649 | F73: 0.0096866506 | H73: 4.2628688 | I73: 0.3876987 | K73: 14.209524 | L73: 0.48887001 | N73: 55.814073 | O73: 0.65114548 | Q73: 25.713535 | R73: 0.55218701 | T73: 5.7690526 | U73: 0.34899527 | W73: 23.136021 | X73: 0.6583589 | Z73: 50.090924 | AA73: 0.63129536 | AC73: 21.004003 | AD73: 0.56942959 | AF73: 5.90943 | AG73: 0.42454899 | AI73: 21.799522 | AJ73: 0.65400356 | AL73: 50.098504 | AM73: 0.74231459 | AO73: 22.192544 | AP73: 0.62234996
A74: Indonesia | B74: -0.18675902 | C74: 0.015483001 | E74: 0.8813104 | F74: 0.011431264 | H74: 11.170422 | I74: 0.51139117 | K74: 29.534039 | L74: 0.79201079 | N74: 45.972847 | O74: 0.72747598 | Q74: 13.322692 | R74: 0.56935445 | T74: 13.255621 | U74: 0.62832856 | W74: 40.756187 | X74: 0.88434878 | Z74: 36.461354 | AA74: 0.82538207 | AC74: 9.5268382 | AD74: 0.48729315 | AF74: 18.561197 | AG74: 0.72581886 | AI74: 42.673084 | AJ74: 1.0952508 | AL74: 30.008088 | AM74: 0.86731921 | AO74: 8.7576313 | AP74: 0.57383244
A75: Jordan | B75: -0.20878597 | C75: 0.016166451 | E75: 1.0302565 | F75: 0.0096990603 | H75: 24.950599 | I75: 0.6645633 | K75: 27.751888 | L75: 0.72950504 | N75: 31.102494 | O75: 0.58231914 | Q75: 16.195019 | R75: 0.577483 | T75: 20.089914 | U75: 0.62089477 | W75: 33.521001 | X75: 0.69575652 | Z75: 32.817969 | AA75: 0.61447293 | AC75: 13.571116 | AD75: 0.46049269 | AF75: 24.557763 | AG75: 0.63310809 | AI75: 26.876148 | AJ75: 0.65535472 | AL75: 31.097393 | AM75: 0.80316482 | AO75: 17.468695 | AP75: 0.55512302
A76: Kazakhstan | B76: -0.32729944 | C76: 0.0092348014 | E76: 0.84764512 | F76: 0.0052523795 | H76: 16.466614 | I76: 0.36727861 | K76: 38.9899 | L76: 0.37673465 | N76: 36.512443 | O76: 0.43612554 | Q76: 8.0310429 | R76: 0.23502433 | T76: 14.619874 | U76: 0.36627653 | W76: 42.352164 | X76: 0.45348639 | Z76: 36.364615 | AA76: 0.52912839 | AC76: 6.6633475 | AD76: 0.22409906 | AF76: 19.597423 | AG76: 0.41877855 | AI76: 46.016338 | AJ76: 0.44264118 | AL76: 27.626404 | AM76: 0.44454316 | AO76: 6.759835 | AP76: 0.19521765
A77: Kosovo | B77: -0.068731485 | C77: 0.012907316 | E77: 0.92315862 | F77: 0.0088596535 | H77: 19.51423 | I77: 0.58284352 | K77: 27.860204 | L77: 0.68155662 | N77: 41.820971 | O77: 0.73955999 | Q77: 10.804596 | R77: 0.52167711 | T77: 14.864964 | U77: 0.476047 | W77: 29.995764 | X77: 0.74144162 | Z77: 43.660805 | AA77: 0.75674732 | AC77: 11.478467 | AD77: 0.50293514 | AF77: 15.008906 | AG77: 0.60268065 | AI77: 24.172927 | AJ77: 0.67746102 | AL77: 43.331153 | AM77: 0.78823565 | AO77: 17.487013 | AP77: 0.58908522
A78: Lebanon | B78: -0.19596307 | C78: 0.019917015 | E78: 0.92481844 | F78: 0.012407408 | H78: 32.100135 | I78: 0.94843284 | K78: 26.582518 | L78: 0.75106854 | N78: 27.272931 | O78: 0.74543384 | Q78: 14.044416 | R78: 0.7405724 | T78: 17.162799 | U78: 0.70643466 | W78: 35.366822 | X78: 0.93808832 | Z78: 33.757977 | AA78: 0.8931213 | AC78: 13.712402 | AD78: 0.6614498 | AF78: 18.344116 | AG78: 0.67421783 | AI78: 28.307953 | AJ78: 0.88652966 | AL78: 36.738053 | AM78: 0.91256704 | AO78: 16.609879 | AP78: 0.73052719
A79: Macao (China) | B79: 0.44480918 | C79: 0.014875357 | E79: 0.86967784 | F79: 0.010616584 | H79: 4.5907003 | I79: 0.32682804 | K79: 15.285255 | L79: 0.55790866 | N79: 53.401734 | O79: 0.85261154 | Q79: 26.722311 | R79: 0.74256112 | T79: 4.4080294 | U79: 0.33873083 | W79: 17.405107 | X79: 0.67028527 | Z79: 52.51676 | AA79: 0.86850506 | AC79: 25.670103 | AD79: 0.71873525 | AF79: 6.8472566 | AG79: 0.43478985 | AI79: 27.004921 | AJ79: 0.79181643 | AL79: 43.771863 | AM79: 0.85987094 | AO79: 22.37596 | AP79: 0.71721022
A80: Malaysia | B80: 0.33546313 | C80: 0.014715864 | E80: 0.90159539 | F80: 0.0089842371 | H80: 5.9773069 | I80: 0.36853955 | K80: 18.961933 | L80: 0.4143493 | N80: 49.449847 | O80: 0.72091552 | Q80: 25.610914 | R80: 0.74280889 | T80: 5.9848505 | U80: 0.31928441 | W80: 24.906281 | X80: 0.53967666 | Z80: 48.116556 | AA80: 0.62671066 | AC80: 20.992312 | AD80: 0.679225 | AF80: 8.442553 | AG80: 0.39876951 | AI80: 24.508093 | AJ80: 0.5370449 | AL80: 43.192167 | AM80: 0.70275537 | AO80: 23.857188 | AP80: 0.7433935
A81: Malta | B81: 0.23956075 | C81: 0.017831148 | E81: 1.0079421 | F81: 0.0094669443 | H81: 15.995484 | I81: 0.57809874 | K81: 25.566899 | L81: 0.81698329 | N81: 39.440291 | O81: 0.81248958 | Q81: 18.997325 | R81: 0.60435225 | T81: 11.47442 | U81: 0.49698346 | W81: 23.912709 | X81: 0.74452832 | Z81: 42.054196 | AA81: 0.85655983 | AC81: 22.558675 | AD81: 0.7900019 | AF81: 9.6874453 | AG81: 0.53657097 | AI81: 18.198236 | AJ81: 0.64732021 | AL81: 40.45489 | AM81: 0.80944764 | AO81: 31.659428 | AP81: 0.80812949
A82: Moldova | B82: -0.035167072 | C82: 0.012306579 | E82: 0.82060436 | F82: 0.0093419722 | H82: 8.6414119 | I82: 0.35056817 | K82: 26.864338 | L82: 0.64580204 | N82: 51.740032 | O82: 0.71753856 | Q82: 12.754218 | R82: 0.53662451 | T82: 8.8950621 | U82: 0.38990977 | W82: 35.651871 | X82: 0.73941955 | Z82: 45.877655 | AA82: 0.79119281 | AC82: 9.575412 | AD82: 0.42620163 | AF82: 13.861498 | AG82: 0.42375055 | AI82: 36.57956 | AJ82: 0.69443604 | AL82: 38.688284 | AM82: 0.66796589 | AO82: 10.870658 | AP82: 0.45758354
A83: Montenegro | B83: -0.42431191 | C83: 0.013964414 | E83: 0.96286987 | F83: 0.0073816209 | H83: 29.433874 | I83: 0.66719747 | K83: 31.407761 | L83: 0.58689354 | N83: 28.95811 | O83: 0.54561383 | Q83: 10.200255 | R83: 0.35570505 | T83: 23.632364 | U83: 0.56766687 | W83: 37.200487 | X83: 0.50283681 | Z83: 31.286751 | AA83: 0.55501747 | AC83: 7.8803982 | AD83: 0.37892192 | AF83: 26.823002 | AG83: 0.60158904 | AI83: 33.003232 | AJ83: 0.59551305 | AL83: 29.09012 | AM83: 0.62639284 | AO83: 11.083646 | AP83: 0.41640532
A84: Morocco | B84: -0.14596505 | C84: 0.014822683 | D84: † | E84: 0.991965 | F84: 0.010463539 | G84: † | H84: 26.15682 | I84: 0.67067609 | K84: 29.49964 | L84: 0.65388932 | N84: 31.901128 | O84: 0.69277255 | Q84: 12.442413 | R84: 0.4616069 | T84: 17.990259 | U84: 0.58308492 | V84: † | W84: 28.09749 | X84: 0.69240104 | Y84: † | Z84: 40.148367 | AA84: 0.67939203 | AB84: † | AC84: 13.763884 | AD84: 0.47895506 | AE84: † | AF84: 19.619291 | AG84: 0.63044403 | AH84: † | AI84: 26.896594 | AJ84: 0.72326911 | AK84: † | AL84: 35.955689 | AM84: 0.78459583 | AN84: † | AO84: 17.528426 | AP84: 0.58782549 | AQ84: †
A85: North Macedonia | B85: -0.11364469 | C85: 0.015755151 | E85: 0.99288068 | F85: 0.0082280284 | H85: 20.158922 | I85: 0.5626705 | K85: 28.771545 | L85: 0.66991164 | N85: 35.814545 | O85: 0.77792376 | Q85: 15.254988 | R85: 0.50676765 | T85: 16.824027 | U85: 0.52075217 | W85: 35.236121 | X85: 0.68049258 | Z85: 34.156012 | AA85: 0.73592359 | AC85: 13.78384 | AD85: 0.50570194 | AF85: 16.054853 | AG85: 0.61708215 | AI85: 29.321823 | AJ85: 0.67051809 | AL85: 37.107661 | AM85: 0.786655 | AO85: 17.515663 | AP85: 0.60460302
A86: Panama | B86: -0.060717055 | C86: 0.019732817 | D86: † | E86: 1.0137847 | F86: 0.011785414 | G86: † | H86: 20.018808 | I86: 0.78312762 | J86: † | K86: 26.95117 | L86: 0.70838072 | M86: † | N86: 35.204634 | O86: 0.85613756 | P86: † | Q86: 17.825388 | R86: 0.72852255 | S86: † | T86: 15.864573 | U86: 0.69445605 | V86: † | W86: 28.062077 | X86: 0.86181457 | Y86: † | Z86: 39.276073 | AA86: 0.92452783 | AB86: † | AC86: 16.797276 | AD86: 0.73572819 | AE86: † | AF86: 21.004882 | AG86: 0.82504211 | AH86: † | AI86: 29.150849 | AJ86: 0.84735721 | AK86: † | AL86: 30.88335 | AM86: 0.74566652 | AN86: † | AO86: 18.960918 | AP86: 0.77559663 | AQ86: †
A87: Peru | B87: -0.20302274 | C87: 0.013207837 | E87: 0.90015088 | F87: 0.0087315242 | H87: 16.008008 | I87: 0.56195049 | K87: 34.513902 | L87: 0.74129707 | N87: 38.958479 | O87: 0.60602291 | Q87: 10.519611 | R87: 0.39099983 | T87: 13.872579 | U87: 0.49146802 | W87: 36.823216 | X87: 0.73372926 | Z87: 38.609815 | AA87: 0.78819884 | AC87: 10.69439 | AD87: 0.4130285 | AF87: 20.002077 | AG87: 0.56958306 | AI87: 37.864268 | AJ87: 0.75804773 | AL87: 31.477902 | AM87: 0.66578648 | AO87: 10.655753 | AP87: 0.46522415
A88: Philippines | B88: 0.15439065 | C88: 0.015078449 | E88: 0.88626341 | F88: 0.010071291 | H88: 7.5838687 | I88: 0.36045623 | K88: 20.093255 | L88: 0.55804922 | N88: 52.697013 | O88: 0.84373321 | Q88: 19.625864 | R88: 0.659497 | T88: 9.0911733 | U88: 0.36449495 | W88: 30.624671 | X88: 0.71736362 | Z88: 44.733215 | AA88: 0.65584164 | AC88: 15.550941 | AD88: 0.66342036 | AF88: 10.295829 | AG88: 0.44315136 | AI88: 26.339197 | AJ88: 0.6435388 | AL88: 45.86783 | AM88: 0.67484344 | AO88: 17.497145 | AP88: 0.62617838
A89: Qatar | B89: -0.049511937 | C89: 0.0097237405 | E89: 1.0595899 | F89: 0.0061104666 | H89: 22.645459 | I89: 0.42284966 | K89: 26.962344 | L89: 0.4358672 | N89: 34.209865 | O89: 0.44445615 | Q89: 16.182331 | R89: 0.30604526 | T89: 18.170146 | U89: 0.34525848 | W89: 28.385521 | X89: 0.3841561 | Z89: 36.273898 | AA89: 0.45818428 | AC89: 17.170436 | AD89: 0.33313395 | AF89: 18.54007 | AG89: 0.3731797 | AI89: 23.17117 | AJ89: 0.3534587 | AL89: 34.799056 | AM89: 0.42780801 | AO89: 23.489705 | AP89: 0.3799281
A90: Romania | B90: -0.26748522 | C90: 0.014461783 | E90: 0.88752528 | F90: 0.009349892 | H90: 20.572336 | I90: 0.63317703 | K90: 33.735877 | L90: 0.76354112 | N90: 36.20261 | O90: 0.74435006 | Q90: 9.4891767 | R90: 0.45661931 | T90: 15.057366 | U90: 0.57510999 | W90: 37.315646 | X90: 0.75056347 | Z90: 38.632402 | AA90: 0.74696645 | AC90: 8.9945858 | AD90: 0.44992639 | AF90: 23.243575 | AG90: 0.66033534 | AI90: 35.661835 | AJ90: 0.77402021 | AL90: 30.617286 | AM90: 0.71509828 | AO90: 10.477304 | AP90: 0.47583266
A91: Russia | B91: -0.15923062 | C91: 0.0095549079 | E91: 0.87800299 | F91: 0.0083738737 | H91: 14.464792 | I91: 0.59273133 | K91: 32.959933 | L91: 0.69112282 | N91: 42.096896 | O91: 0.58951443 | Q91: 10.478379 | R91: 0.33611548 | T91: 12.582301 | U91: 0.40302924 | W91: 38.925501 | X91: 0.82208444 | Z91: 39.272894 | AA91: 0.79271781 | AC91: 9.2193047 | AD91: 0.31268288 | AF91: 14.84001 | AG91: 0.54676528 | AI91: 36.188998 | AJ91: 0.81962201 | AL91: 38.312852 | AM91: 0.7966535 | AO91: 10.658139 | AP91: 0.33682208
A92: Saudi Arabia | B92: -0.33097591 | C92: 0.016871507 | E92: 1.0333974 | F92: 0.010640299 | H92: 25.897816 | I92: 0.74493417 | K92: 27.372407 | L92: 0.61726784 | N92: 31.776989 | O92: 0.658058 | Q92: 14.952787 | R92: 0.48210969 | T92: 25.477147 | U92: 0.59251664 | W92: 31.202831 | X92: 0.65782892 | Z92: 30.628032 | AA92: 0.64992293 | AC92: 12.69199 | AD92: 0.52119675 | AF92: 31.406955 | AG92: 0.66659509 | AI92: 27.556045 | AJ92: 0.69659584 | AL92: 26.531244 | AM92: 0.65856083 | AO92: 14.505757 | AP92: 0.56084628
A93: Serbia | B93: -0.31169011 | C93: 0.014367671 | E93: 0.94439815 | F93: 0.010797014 | H93: 23.787039 | I93: 0.6328094 | K93: 33.830499 | L93: 0.69541058 | N93: 32.179513 | O93: 0.76230923 | Q93: 10.202949 | R93: 0.46832138 | T93: 19.992813 | U93: 0.52743099 | W93: 38.638515 | X93: 0.61064569 | Z93: 32.63708 | AA93: 0.65954051 | AC93: 8.7315919 | AD93: 0.46453668 | AF93: 20.424693 | AG93: 0.51304522 | AI93: 31.461033 | AJ93: 0.66871732 | AL93: 35.043552 | AM93: 0.61963319 | AO93: 13.070722 | AP93: 0.53638004
A94: Singapore | B94: 0.4990242 | C94: 0.011262352 | E94: 0.98600337 | F94: 0.0066950269 | H94: 8.079211 | I94: 0.34646065 | K94: 20.090557 | L94: 0.47548082 | N94: 43.926965 | O94: 0.6051505 | Q94: 27.903267 | R94: 0.50048517 | T94: 8.1164872 | U94: 0.31099464 | W94: 18.796092 | X94: 0.44738797 | Z94: 41.820555 | AA94: 0.6112025 | AC94: 31.266866 | AD94: 0.53465571 | AF94: 6.6648799 | AG94: 0.29785687 | AI94: 15.804435 | AJ94: 0.43319877 | AL94: 40.520526 | AM94: 0.59003465 | AO94: 37.010159 | AP94: 0.54264217
A95: Chinese Taipei | B95: 0.66805812 | C95: 0.012509888 | E95: 0.896509 | F95: 0.0077127117 | H95: 2.8906306 | I95: 0.21455602 | K95: 8.5833954 | L95: 0.3275525 | N95: 52.386997 | O95: 0.57995514 | Q95: 36.138977 | R95: 0.58716212 | T95: 3.6833058 | U95: 0.23109292 | W95: 12.251262 | X95: 0.43524349 | Z95: 50.51645 | AA95: 0.60366739 | AC95: 33.548982 | AD95: 0.65228691 | AF95: 5.1229 | AG95: 0.2960832 | AI95: 18.144131 | AJ95: 0.45120424 | AL95: 47.829294 | AM95: 0.66407792 | AO95: 28.903675 | AP95: 0.61651234
A96: Thailand | B96: 0.16199864 | C96: 0.011162542 | E96: 0.83995676 | F96: 0.010089682 | H96: 7.3346857 | I96: 0.37756311 | K96: 26.949219 | L96: 0.62026378 | N96: 54.083699 | O96: 0.76988606 | Q96: 11.632396 | R96: 0.42915472 | T96: 6.3657106 | U96: 0.35319637 | W96: 25.362726 | X96: 0.52687035 | Z96: 54.431366 | AA96: 0.63282532 | AC96: 13.840198 | AD96: 0.47889448 | AF96: 8.9103736 | AG96: 0.48260544 | AI96: 27.10483 | AJ96: 0.63750764 | AL96: 50.480257 | AM96: 0.73577564 | AO96: 13.504539 | AP96: 0.40706203
A97: Ukraine | B97: -0.21859907 | C97: 0.010680893 | E97: 0.76082023 | F97: 0.0082933252 | H97: 13.076786 | I97: 0.57779421 | K97: 36.353531 | L97: 0.63872836 | N97: 42.085652 | O97: 0.65178833 | Q97: 8.4840306 | R97: 0.40060138 | T97: 10.388354 | U97: 0.40160471 | W97: 40.103345 | X97: 0.68763474 | Z97: 43.296489 | AA97: 0.73745935 | AC97: 6.2118114 | AD97: 0.33691498 | AF97: 17.076307 | AG97: 0.57747503 | AI97: 43.691067 | AJ97: 0.74644352 | AL97: 31.422989 | AM97: 0.74070902 | AO97: 7.8096378 | AP97: 0.35729776
A98: United Arab Emirates | B98: 0.067373579 | C98: 0.013008239 | E98: 1.0286523 | F98: 0.0054602395 | H98: 18.679947 | I98: 0.44421725 | K98: 26.191888 | L98: 0.3976844 | N98: 37.532207 | O98: 0.46878487 | Q98: 17.595958 | R98: 0.3083043 | T98: 15.354279 | U98: 0.45377415 | W98: 26.823356 | X98: 0.37297052 | Z98: 39.271232 | AA98: 0.39225463 | AC98: 18.551133 | AD98: 0.39120772 | AF98: 14.389613 | AG98: 0.39581108 | AI98: 21.348354 | AJ98: 0.36067474 | AL98: 38.327436 | AM98: 0.34274788 | AO98: 25.934597 | AP98: 0.50450201
... A100: Viet Nam | B100: -0.019322797 | C100: 0.016447733 | E100: 0.77547882 | F100: 0.011760228 | H100: 6.2907143 | I100: 0.43169665 | K100: 26.787492 | L100: 0.77873311 | N100: 54.200087 | O100: 0.83133033 | Q100: 12.721707 | R100: 0.53363994 | T100: 8.2775811 | U100: 0.58368222 | W100: 38.305964 | X100: 0.91158901 | Z100: 44.542613 | AA100: 0.87904519 | AC100: 8.8738419 | AD100: 0.49347062 | AF100: 10.60402 | AG100: 0.56688109 | AI100: 36.90782 | AJ100: 0.99091655 | AL100: 41.369356 | AM100: 0.98500962 | AO100: 11.118804 | AP100: 0.58439391
A105: Information on data for Cyprus: https://oe.cd/cyprus-disclaimer
A106: *Data did not meet the PISA technical standards but were accepted as largely comparable (see Annexes A2 and A4).
A108: 1. Higher values in the index indicate a greater fear of failure.
A109: Note: Information regarding the proportion of the sample covered is shown next to the standard error. No symbol means at least 75% of the population was covered; one dagger (†) means at least 50% but less than 75%; and one double-dagger (‡) means less than 50% was covered. For comparisons across cycles, the coverage information corresponds to the cycle with the lowest sample coverage.

Sheet Table III.B1.13.3
A1: PISA 2018 Results (Volume III) - © OECD 2019
A2: Annex B1 | B2: Annex B1.13 Results (tables): Students' self-efficacy and fear of failure
A3: Version 2 - Last updated: 24-Jul-2020
A4: Disclaimer: http://oe.cd/disclaimer
A6: Annex B1 | B6: Annex B1.13 Results (tables): Students' self-efficacy and fear of failure
A7: Version 2 - Last updated: 02-Dec-2019
A8: Disclaimer: http://oe.cd/disclaimer
A10: Table III.B1.13.3
A11: Prevalence of self-efficacy in schools
A12: Based on students' reports
B15: Percentage of students who agreed or strongly agreed that they usually manage one way or another | E15: Percentage of students who are in schools where…
E16: Over 90% of students agreed or strongly agreed that they usually manage one way or another | H16: Between 75% and 90% of students agreed or strongly agreed that they usually manage one way or another | K16: Between 25% and 75% of students agreed or strongly agreed that they usually manage one way or another | N16: Between 10% and 25% of students agreed or strongly agreed that they usually manage one way or another | Q16: 10% of students or less agreed or strongly agreed that they usually manage one way or another
B18: % | C18: S.E. | E18: % | F18: S.E. | H18: % | I18: S.E. | K18: % | L18: S.E. | N18: % | O18: S.E. | Q18: % | R18: S.E.
A19: OECD
A20: Australia | B20: 93.25563 | C20: 0.27678397 | E20: 73.650399 | F20: 1.7991016 | H20: 24.092609 | I20: 1.644526 | K20: 2.2301144 | L20: 0.57313745 | N20: 0 | O20: c | Q20: 0.026877324 | R20: 0.028104593
A21: Austria | B21: 84.522717 | C21: 0.59887273 | E21: 37.277897 | F21: 3.1917009 | H21: 45.175556 | I21: 3.2293271 | K21: 17.323552 | L21: 2.2191731 | N21: 0 | O21: c | Q21: 0.2229953 | R21: 0.23695255
A22: Belgium (Flemish) | B22: 88.879725 | C22: 0.48927732 | E22: 46.36222 | F22: 4.1971154 | H22: 50.347669 | I22: 4.068609 | K22: 3.2901107 | L22: 1.3334179 | N22: 0 | O22: c | Q22: 0 | R22: c
A23: Canada | B23: 93.062564 | C23: 0.26805973 | E23: 77.075249 | F23: 2.2028703 | H23: 22.085242 | I23: 2.2019128 | K23: 0.80895059 | L23: 0.36545542 | N23: 0 | O23: c | Q23: 0.030557841 | R23: 0.01686549
A24: Chile | B24: 92.21506 | C24: 0.42552889 | E24: 71.544346 | F24: 3.3742746 | H24: 25.505779 | I24: 3.1830829 | K24: 2.8147816 | L24: 0.98876797 | N24: 0 | O24: c | Q24: 0.13509348 | R24: 0.081451331
A25: Colombia | B25: 89.309741 | C25: 0.52570287 | E25: 49.630572 | F25: 3.868346 | H25: 46.152618 | I25: 3.7472841 | K25: 4.2168097 | L25: 1.3200051 | N25: 0 | O25: c | Q25: 0 | R25: c
A26: Czech Republic | B26: 91.241442 | C26: 0.53542652 | E26: 67.040902 | F26: 3.1522228 | H26: 26.828191 | I26: 3.0366624 | K26: 6.1309077 | L26: 1.3111121 | N26: 0 | O26: c | Q26: 0 | R26: c
A27: Denmark | B27: 90.859519 | C27: 0.45911757 | E27: 58.619949 | F27: 3.1814424 | H27: 38.947935 | I27: 3.1405598 | K27: 2.4321155 | L27: 0.81475938 | N27: 0 | O27: c | Q27: 0 | R27: c
A28: Estonia | B28: 91.893451 | C28: 0.40181841 | E28: 70.739692 | F28: 1.8169594 | H28: 23.206409 | I28: 1.7174074 | K28: 6.0538994 | L28: 0.8965578 | N28: 0 | O28: c | Q28: 0 | R28: c
A29: Finland | B29: 93.512542 | C29: 0.32709544 | E29: 74.426993 | F29: 2.875703 | H29: 25.573007 | I29: 2.875703 | K29: 0 | L29: c | N29: 0 | O29: c | Q29: 0 | R29: c
A30: France | B30: 92.431743 | C30: 0.45681833 | E30: 72.328115 | F30: 2.866885 | H30: 24.147971 | I30: 2.8221232 | K30: 3.5239135 | L30: 1.179837 | N30: 0 | O30: c | Q30: 0 | R30: c
A31: Germany | B31: 84.794751 | C31: 0.7244875 | D31: † | E31: 32.444623 | F31: 3.3565074 | H31: 45.32036 | I31: 4.1006836 | K31: 22.235017 | L31: 3.2758742 | N31: 0 | O31: c | Q31: 0 | R31: c
A32: Greece | B32: 88.468737 | C32: 0.58990527 | E32: 50.958984 | F32: 3.7263199 | H32: 40.291004 | I32: 3.7491722 | K32: 8.5213634 | L32: 1.9382856 | N32: 0 | O32: c | Q32: 0.2286479 | R32: 0.12777679
A33: Hungary | B33: 91.208864 | C33: 0.44166686 | E33: 65.160405 | F33: 3.2770085 | H33: 31.196195 | I33: 3.4671122 | K33: 3.4733928 | L33: 1.0074962 | N33: 0 | O33: c | Q33: 0.17000715 | R33: 0.12801805
A34: Iceland | B34: 91.217759 | C34: 0.48106881 | E34: 61.791775 | F34: 0.20161752 | H34: 34.770536 | I34: 0.18071845 | K34: 3.4376891 | L34: 0.10201251 | N34: 0 | O34: c | Q34: 0 | R34: c
A35: Ireland | B35: 93.692852 | C35: 0.28079391 | E35: 81.430483 | F35: 2.9043898 | H35: 18.569517 | I35: 2.9043898 | K35: 0 | L35: c | N35: 0 | O35: c | Q35: 0 | R35: c
A36: Israel | B36: 84.18377 | C36: 0.71502871 | E36: 33.978007 | F36: 3.6562162 | H36: 41.68934 | I36: 3.8761731 | K36: 23.494559 | L36: 2.5365612 | N36: 0.45870439 | O36: 0.44796989 | Q36: 0.37939005 | R36: 0.39096584
A37: Italy | B37: 84.592166 | C37: 0.5290972 | E37: 33.409027 | F37: 2.891555 | H37: 50.271755 | I37: 2.9486819 | K37: 16.297168 | L37: 1.9447089 | N37: 0.014932502 | O37: 0.019734111 | Q37: 0.007117466 | R37: 0.0071088369
A38: Japan | B38: 64.848607 | C38: 0.68532147 | E38: 0 | F38: c | H38: 11.694324 | I38: 2.2062635 | K38: 88.238374 | L38: 2.225486 | N38: 0.0673018 | O38: 0.067058458 | Q38: 0 | R38: c
A39: Korea | B39: 85.604176 | C39: 0.52970587 | E39: 21.283964 | F39: 3.2271647 | H39: 72.18224 | I39: 3.3310194 | K39: 6.5337953 | L39: 1.9268038 | N39: 0 | O39: c | Q39: 0 | R39: c
A40: Latvia | B40: 82.626196 | C40: 0.58377805 | E40: 21.435404 | F40: 1.6380724 | H40: 59.704656 | I40: 1.8503208 | K40: 18.378713 | L40: 1.6711717 | N40: 0.12901826 | O40: 0.1313157 | Q40: 0.35220911 | R40: 0.13432117
A41: Lithuania | B41: 89.602482 | C41: 0.43312557 | E41: 55.572026 | F41: 1.9622495 | H41: 37.467838 | I41: 1.9265611 | K41: 6.7508938 | L41: 1.0281112 | N41: 0 | O41: c | Q41: 0.20924215 | R41: 0.12724714
A42: Luxembourg | B42: 86.5951 | C42: 0.48071655 | E42: 31.750726 | F42: 0.065855562 | H42: 66.629808 | I42: 0.065113578 | K42: 1.6194656 | L42: 0.02720491 | N42: 0 | O42: c | Q42: 0 | R42: c
A43: Mexico | B43: 91.153716 | C43: 0.50307108 | D43: † | E43: 64.18476 | F43: 3.0454977 | H43: 31.831565 | I43: 3.0799012 | K43: 3.2529299 | L43: 0.89727131 | N43: 0 | O43: c | Q43: 0.73074492 | R43: 0.66824998
A44: Netherlands* | B44: 90.021318 | C44: 0.51412132 | E44: 55.838864 | F44: 3.9489908 | H44: 39.526554 | I44: 4.0407134 | K44: 4.6345815 | L44: 1.3507401 | N44: 0 | O44: c | Q44: 0 | R44: c
A45: New Zealand | B45: 93.543426 | C45: 0.34997887 | E45: 78.264069 | F45: 2.7660623 | H45: 20.524032 | I45: 2.6962997 | K45: 1.2118988 | L45: 0.69378224 | N45: 0 | O45: c | Q45: 0 | R45: c
A46: Norway | B46: m | C46: m | E46: m | F46: m | H46: m | I46: m | K46: m | L46: m | N46: m | O46: m | Q46: m | R46: m
A47: Poland | B47: 88.483121 | C47: 0.53715926 | E47: 48.98286 | F47: 3.5747158 | H47: 44.500929 | I47: 3.4560439 | K47: 6.413692 | L47: 1.3810047 | N47: 0 | O47: c | Q47: 0.1025193 | R47: 0.10651249
A48: Portugal* | B48: 90.614674 | C48: 0.41579193 | E48: 56.361498 | F48: 2.9011186 | H48: 41.915253 | I48: 2.8801202 | K48: 1.7232494 | L48: 0.8391858 | N48: 0 | O48: c | Q48: 0 | R48: c
A49: Slovak Republic | B49: 79.706481 | C49: 0.63239902 | E49: 20.689472 | F49: 2.1995032 | H49: 47.276026 | I49: 2.7361948 | K49: 31.690714 | L49: 2.563015 | N49: 0.24267877 | O49: 0.23284631 | Q49: 0.10110961 | R49: 0.10322733
A50: Slovenia | B50: 89.188515 | C50: 0.51539711 | E50: 52.564888 | F50: 0.60690136 | H50: 40.257291 | I50: 0.46126828 | K50: 7.1778218 | L50: 0.41095455 | N50: 0 | O50: c | Q50: 0 | R50: c
A51: Spain | B51: 84.767464 | C51: 0.33921147 | E51: 28.586462 | F51: 1.9805941 | H51: 60.131085 | I51: 2.2013518 | K51: 11.282453 | L51: 1.3638043 | N51: 0 | O51: c | Q51: 0 | R51: c
A52: Sweden | B52: 93.145612 | C52: 0.43537688 | E52: 75.3467 | F52: 2.7637794 | H52: 21.357413 | I52: 2.5998392 | K52: 3.2958865 | L52: 0.92454562 | N52: 0 | O52: c | Q52: 0 | R52: c
A53: Switzerland | B53: 87.587584 | C53: 0.55149603 | E53: 48.060876 | F53: 3.0325637 | H53: 41.632869 | I53: 3.4700224 | K53: 10.306255 | L53: 1.839893 | N53: 0 | O53: c | Q53: 0 | R53: c
A54: Turkey | B54: 87.100306 | C54: 0.4872741 | E54: 43.137485 | F54: 3.4599151 | H54: 47.306099 | I54: 3.8479211 | K54: 9.5098643 | L54: 2.1232513 | N54: 0 | O54: c | Q54: 0.046552069 | R54: 0.044865557
A55: United Kingdom | B55: 90.240004 | C55: 0.33986852 | E55: 54.586123 | F55: 3.1040865 | H55: 44.736603 | I55: 2.9811855 | K55: 0.67727421 | L55: 0.51742275 | N55: 0 | O55: c | Q55: 0 | R55: c
A56: United States* | B56: 93.637524 | C56: 0.43484264 | E56: 78.014419 | F56: 2.9529782 | H56: 21.247518 | I56: 2.9723969 | K56: 0.73806264 | L56: 0.68567504 | N56: 0 | O56: c | Q56: 0 | R56: c
A57: OECD average | B57: 88.550259 | C57: 0.08228685 | E57: 52.570284 | F57: 0.47721565 | H57: 37.891494 | I57: 0.49093454 | K57: 9.4366741 | L57: 0.24298101 | N57: 0.025350992 | O57: 0.014620311 | Q57: 0.076196214 | R57: 0.024124824
A58: Partners
A59: Albania | B59: 93.479963 | C59: 0.37874083 | E59: 73.619941 | F59: 2.5438331 | H59: 24.094348 | I59: 2.6673065 | K59: 2.2624434 | L59: 0.79898273 | N59: 0 | O59: c | Q59: 0.023268232 | R59: 0.023294871
A60: Argentina | B60: 87.474601 | C60: 0.53160923 | E60: 47.730772 | F60: 3.1422857 | H60: 41.039039 | I60: 2.9420549 | K60: 11.006152 | L60: 1.6997878 | N60: 0 | O60: c | Q60: 0.22403696 | R60: 0.16029326
A61: Baku (Azerbaijan) | B61: 84.469933 | C61: 0.67779696 | D61: † | E61: 33.12755 | F61: 3.5960502 | H61: 49.280882 | I61: 3.7989615 | K61: 17.591568 | L61: 2.3647348 | N61: 0 | O61: c | Q61: 0 | R61: c
A62: Belarus | B62: 85.670992 | C62: 0.47929975 | E62: 36.200472 | F62: 3.0850151 | H62: 51.063477 | I62: 3.291004 | K62: 12.638076 | L62: 1.9744949 | N62: 0.097975044 | O62: 0.098049921 | Q62: 0 | R62: c
A63: Bosnia and Herzegovina | B63: 86.001684 | C63: 0.5077257 | E63: 35.277587 | F63: 3.4943478 | H63: 55.543162 | I63: 3.7319912 | K63: 9.1792516 | L63: 2.0077607 | N63: 0 | O63: c | Q63: 0 | R63: c
A64: Brazil | B64: 76.439084 | C64: 0.57977864 | E64: 11.491291 | F64: 1.3464715 | H64: 46.837772 | I64: 2.4903236 | K64: 41.085623 | L64: 2.4290748 | N64: 0.18293068 | O64: 0.14059852 | Q64: 0.40238359 | R64: 0.1874835
A65: Brunei Darussalam | B65: 87.265202 | C65: 0.39038744 | E65: 24.072412 | F65: 0.051954741 | H65: 75.927588 | I65: 0.051954741 | K65: 0 | L65: c | N65: 0 | O65: c | Q65: 0 | R65: c
A66: B-S-J-Z (China) | B66: 81.967921 | C66: 0.59249008 | E66: 19.358192 | F66: 3.0038526 | H66: 62.546307 | I66: 3.9384043 | K66: 18.095501 | L66: 2.8690976 | N66: 0 | O66: c | Q66: 0 | R66: c
A67: Bulgaria | B67: 81.564069 | C67: 0.89608462 | E67: 25.063113 | F67: 3.0272417 | H67: 48.625864 | I67: 3.6443624 | K67: 25.432388 | L67: 3.0681874 | N67: 0.52233271 | O67: 0.52153351 | Q67: 0.35630253 | R67: 0.35003086
A68: Costa Rica | B68: 91.468648 | C68: 0.38193035 | E68: 67.234062 | F68: 3.1858961 | H68: 29.58448 | I68: 3.1723421 | K68: 3.1814577 | L68: 1.2492378 | N68: 0 | O68: c | Q68: 0 | R68: c
A69: Croatia | B69: 91.428787 | C69: 0.44247082 | E69: 66.490982 | F69: 3.0698566 | H69: 30.381704 | I69: 2.9346628 | K69: 3.1273141 | L69: 1.2114292 | N69: 0 | O69: c | Q69: 0 | R69: c
A70: Cyprus | B70: 85.118531 | C70: 0.55594695 | E70: 27.101424 | F70: 0.80510983 | H70: 61.934756 | I70: 0.75735666 | K70: 10.963819 | L70: 0.42767334 | N70: 0 | O70: c | Q70: 0 | R70: c
A71: Dominican Republic | B71: 85.431348 | C71: 0.83823485 | D71: † | E71: 40.415328 | F71: 3.4811152 | H71: 38.655685 | I71: 3.5781602 | K71: 19.576493 | L71: 3.0393524 | N71: 0 | O71: c | Q71: 1.3524938 | R71: 0.51305505
A72: Georgia | B72: 81.863826 | C72: 0.70046211 | E72: 23.289766 | F72: 2.4383539 | H72: 51.174647 | I72: 3.3006265 | K72: 25.337011 | L72: 3.1080888 | N72: 0.1002678 | O72: 0.10015421 | Q72: 0.098308546 | R72: 0.098322955
A73: Hong Kong (China)* | B73: 74.195469 | C73: 0.76143443 | E73: 4.6722691 | F73: 1.991399 | H73: 43.694212 | I73: 4.2158486 | K73: 51.633519 | L73: 4.2215476 | N73: 0 | O73: c | Q73: 0 | R73: c
A74: Indonesia | B74: 72.073638 | C74: 0.71234724 | E74: 3.1960489 | F74: 0.7502171 | H74: 33.933808 | I74: 3.8851058 | K74: 62.870143 | L74: 3.9343234 | N74: 0 | O74: c | Q74: 0 | R74: c
A75: Jordan | B75: 80.187146 | C75: 0.81748958 | E75: 30.917016 | F75: 2.8263549 | H75: 38.54931 | I75: 3.3380135 | K75: 30.533674 | L75: 2.5054399 | N75: 0 | O75: c | Q75: 0 | R75: c
A76: Kazakhstan | B76: 77.99664 | C76: 0.43773413 | E76: 10.747975 | F76: 1.4604084 | H76: 48.481915 | I76: 2.4901995 | K76: 40.630186 | L76: 2.3340485 | N76: 0 | O76: c | Q76: 0.13992422 | R76: 0.12055983
A77: Kosovo | B77: 87.815201 | C77: 0.50975227 | E77: 46.017101 | F77: 1.6061067 | H77: 44.39953 | I77: 1.7411454 | K77: 9.5833689 | L77: 0.91177476 | N77: 0 | O77: c | Q77: 0 | R77: c
A78: Lebanon | B78: 66.733939 | C78: 1.5970097 | E78: 23.651091 | F78: 2.4389939 | H78: 20.805543 | I78: 2.2827491 | K78: 43.952461 | L78: 2.9925128 | N78: 7.2266338 | O78: 1.402248 | Q78: 4.3642707 | R78: 1.0676255
A79: Macao (China) | B79: 79.201198 | C79: 0.5914678 | E79: 4.9285228 | F79: 0.031348547 | H79: 72.859505 | I79: 0.050392316 | K79: 22.211972 | L79: 0.051904807 | N79: 0 | O79: c | Q79: 0 | R79: c
A80: Malaysia | B80: 62.582583 | C80: 1.0122312 | E80: 4.772878 | F80: 1.7662627 | H80: 13.881284 | I80: 2.5409239 | K80: 81.345838 | L80: 3.1191058 | N80: 0 | O80: c | Q80: 0 | R80: c
A81: Malta | B81: 90.548714 | C81: 0.55713336 | E81: 66.628666 | F81: 0.15104908 | H81: 27.079574 | I81: 0.15359606 | K81: 6.2917602 | L81: 0.069151396 | N81: 0 | O81: c | Q81: 0 | R81: c
A82: Moldova | B82: 87.229485 | C82: 0.51008951 | E82: 54.443121 | F82: 3.0002831 | H82: 28.562177 | I82: 2.8643678 | K82: 16.975235 | L82: 1.3287911 | N82: 0 | O82: c | Q82: 0.019467636 | R82: 0.019453943
A83: Montenegro | B83: 87.052251 | C83: 0.43268808 | E83: 18.247492 | F83: 0.58799087 | H83: 79.475201 | I83: 0.51259272 | K83: 2.2773072 | L83: 0.46383959 | N83: 0 | O83: c | Q83: 0 | R83: c
A84: Morocco | B84: 80.431976 | C84: 0.86983852 | D84: † | E84: 22.433348 | F84: 2.9904376 | H84: 44.986961 | I84: 3.7774046 | K84: 32.153453 | L84: 3.5146099 | N84: 0 | O84: c | Q84: 0.42623835 | R84: 0.42660226
A85: North Macedonia | B85: 84.224839 | C85: 0.56676266 | E85: 40.971149 | F85: 0.098636769 | H85: 36.177437 | I85: 0.1221003 | K85: 22.845614 | L85: 0.090991042 | N85: 0 | O85: c | Q85: 0.0058003511 | R85: 0.0041053068
A86: Panama | B86: 86.96003 | C86: 0.70947714 | D86: † | E86: 48.396812 | F86: 2.5730017 | H86: 37.148396 | I86: 2.7323221 | K86: 13.748052 | L86: 2.2374708 | N86: 0 | O86: c | Q86: 0.70674077 | R86: 0.39872613
A87: Peru | B87: 88.794643 | C87: 0.52693447 | D87: † | E87: 54.487536 | F87: 2.7120039 | H87: 32.262873 | I87: 2.8511179 | K87: 12.78761 | L87: 1.9059862 | N87: 0 | O87: c | Q87: 0.46198076 | R87: 0.31371115
A88: Philippines | B88: 84.237907 | C88: 0.6106154 | E88: 26.45464 | F88: 3.2700361 | H88: 58.040753 | I88: 3.717359 | K88: 15.504607 | L88: 2.6200294 | N88: 0 | O88: c | Q88: 0 | R88: c
A89: Qatar | B89: 80.169218 | C89: 0.41651674 | E89: 25.529592 | F89: 0.069632947 | H89: 38.930994 | I89: 0.067603932 | K89: 35.539414 | L89: 0.068180943 | N89: 0 | O89: c | Q89: 0 | R89: c
A90: Romania | B90: 92.562063 | C90: 0.58077228 | E90: 73.360591 | F90: 3.5612174 | H90: 22.003838 | I90: 3.3322824 | K90: 4.5539628 | L90: 1.5629279 | N90: 0 | O90: c | Q90: 0.081608089 | R90: 0.085764073
A91: Russia | B91: 66.830822 | C91: 0.66193649 | E91: 1.7775167 | F91: 0.60778661 | H91: 19.188011 | I91: 2.6559408 | K91: 78.858189 | L91: 2.7458971 | N91: 0 | O91: c | Q91: 0.17628359 | R91: 0.17543286
A92: Saudi Arabia | B92: 82.690272 | C92: 0.86122859 | E92: 35.590884 | F92: 2.9436422 | H92: 41.091712 | I92: 3.2412673 | K92: 23.317404 | L92: 2.815744 | N92: 0 | O92: c | Q92: 0 | R92: c
A93: Serbia | B93: 84.491827 | C93: 0.53420876 | E93: 19.399047 | F93: 2.6500032 | H93: 68.209996 | I93: 3.5300054 | K93: 12.140272 | L93: 2.6989115 | N93: 0 | O93: c | Q93: 0.25068443 | R93: 0.19194594
A94: Singapore | B94: 94.127651 | C94: 0.29798605 | E94: 84.761356 | F94: 0.80603829 | H94: 15.238644 | I94: 0.80603829 | K94: 0 | L94: c | N94: 0 | O94: c | Q94: 0 | R94: c
A95: Chinese Taipei | B95: 85.273049 | C95: 0.44794213 | E95: 21.932435 | F95: 3.0416228 | H95: 70.332297 | I95: 3.3184429 | K95: 7.735268 | L95: 1.7900635 | N95: 0 | O95: c | Q95: 0 | R95: c
A96: Thailand | B96: 88.57622 | C96: 0.55731055 | E96: 45.775004 | F96: 3.3259352 | H96: 48.948064 | I96: 3.3605994 | K96: 5.2245024 | L96: 1.6660493 | N96: 0 | O96: c | Q96: 0.052429307 | R96: 0.05255554
A97: Ukraine | B97: 90.311024 | C97: 0.58739651 | E97: 62.453762 | F97: 3.4290169 | H97: 31.728521 | I97: 3.1166067 | K97: 5.8177172 | L97: 1.5872075 | N97: 0 | O97: c | Q97: 0 | R97: c
A98: United Arab Emirates | B98: 87.703611 | C98: 0.30973639 | E98: 49.892904 | F98: 1.3390334 | H98: 37.266118 | I98: 1.2346927 | K98: 12.761163 | L98: 0.6181774 | N98: 0.024813343 | O98: 0.0033476796 | Q98: 0.055001639 | R98: 0.004860987
A99: Uruguay | B99: 90.054527 | C99: 0.4957899 | E99: 54.37171 | F99: 3.338417 | H99: 37.456887 | I99: 3.4417895 | K99: 8.0958021 | L99: 1.8326708 | N99: 0 | O99: c | Q99: 0.075600344 | R99: 0.075651232
A100: Viet Nam | B100: 87.565685 | C100: 0.69771047 | E100: 46.429174 | F100: 5.1010673 | H100: 45.089401 | I100: 4.8339359 | K100: 8.4321723 | L100: 2.6533173 | N100: 0 | O100: c | Q100: 0.049252159 | R100: 0.052048998
A105: Information on data for Cyprus: https://oe.cd/cyprus-disclaimer
A106: *Data did not meet the PISA technical standards but were accepted as largely comparable (see Annexes A2 and A4).
A108: Note: Information regarding the proportion of the sample covered is shown next to the standard error. No symbol means at least 75% of the population was covered; one dagger (†) means at least 50% but less than 75%; and one double-dagger (‡) means less than 50% was covered. For comparisons across cycles, the coverage information corresponds to the cycle with the lowest sample coverage.

Sheet Table III.B1.13.4
A1: PISA 2018 Results (Volume III) - © OECD 2019
A2: Annex B1 | B2: Annex B1.13 Results (tables): Students' self-efficacy and fear of failure
A3: Version 2 - Last updated: 24-Jul-2020
A4: Disclaimer: http://oe.cd/disclaimer
A6: Annex B1 | B6: Annex B1.13 Results (tables): Students' self-efficacy and fear of failure
A7: Version 2 - Last updated: 02-Dec-2019
A8: Disclaimer: http://oe.cd/disclaimer
A10: Table III.B1.13.4
A11: Prevalence of fear of failure in schools
A12: Based on students' reports
B15: Percentage of students who agreed or strongly agreed that they worry about what others think of them when they fail | E15: Percentage of students who are in schools where…
E16: Over 90% of students agreed or strongly agreed that they worry about what others think of them when they fail | H16: Between 75% and 90% of students agreed or strongly agreed that they worry about what others think of them when they fail | K16: Between 25% and 75% of students agreed or strongly agreed that they worry about what others think of them when they fail | N16: Between 10% and 25% of students agreed or strongly agreed that they worry about what others think of them when they fail | Q16: 10% of students or less agreed or strongly agreed that they worry about what others think of them when they fail
B18: % | C18: S.E. | E18: % | F18: S.E. | H18: % | I18: S.E. | K18: % | L18: S.E. | N18: % | O18: S.E. | Q18: % | R18: S.E.
A19: OECD
A20: Australia | B20: 61.645817 | C20: 0.51581294 | E20: 2.8930126 | F20: 0.6853011 | H20: 12.65259 | I20: 1.2835698 | K20: 83.227524 | L20: 1.4824402 | N20: 0.67356271 | O20: 0.34338995 | Q20: 0.55331095 | R20: 0.20732757
A21: Austria | B21: 51.418507 | C21: 0.75826939 | E21: 0.54489925 | F21: 0.20681062 | H21: 1.1634212 | I21: 0.65287292 | K21: 96.788808 | L21: 0.77333282 | N21: 0.84435654 | O21: 0.37894654 | Q21: 0.65851527 | R21: 0.33068987
A22: Belgium (Flemish) | B22: 47.108934 | C22: 0.86420462 | E22: 0.0075962734 | F22: 0.0055535155 | H22: 1.5892441 | I22: 1.2043247 | K22: 98.088351 | L22: 1.2204154 | N22: 0.13345154 | O22: 0.13371385 | Q22: 0.18135707 | R22: 0.10202358
A23: Canada | B23: 61.808435 | C23: 0.54292931 | E23: 0.95179119 | F23: 0.54924845 | H23: 11.70995 | I23: 1.6340155 | K23: 86.712527 | L23: 1.8009656 | N23: 0.5397455 | O23: 0.44316137 | Q23: 0.085986539 | R23: 0.036177733
A24: Chile | B24: 51.283987 | C24: 0.78480889 | E24: 0.98944696 | F24: 0.40419617 | H24: 0.039335309 | I24: 0.055786523 | K24: 97.282648 | L24: 0.84545962 | N24: 0.53951305 | O24: 0.4069998 | Q24: 1.1490566 | R24: 0.6085279
A25: Colombia | B25: 48.360348 | C25: 0.72104071 | E25: 0.59910429 | F25: 0.47308321 | H25: 1.3421681 | I25: 0.82477281 | K25: 96.054685 | L25: 1.1958248 | N25: 1.8800997 | O25: 0.70623715 | Q25: 0.1239432 | R25: 0.1313651
A26: Czech Republic | B26: 58.649064 | C26: 0.88393857 | E26: 1.7407336 | F26: 0.68816917 | H26: 6.234192 | I26: 1.2685811 | K26: 90.480895 | L26: 1.2471546 | N26: 1.2016687 | O26: 0.6378277 | Q26: 0.34251035 | R26: 0.3626834
A27: Denmark | B27: 58.252096 | C27: 0.76279709 | E27: 0.47539506 | F27: 0.31905151 | H27: 8.7153199 | I27: 1.6877895 | K27: 90.006092 | L27: 1.7556484 | N27: 0.64572742 | O27: 0.3784877 | Q27: 0.15746579 | R27: 0.10850891
A28: Estonia | B28: 46.389112 | C28: 0.75549846 | E28: 0.31077219 | F28: 0.14667171 | H28: 1.6158532 | I28: 0.65153107 | K28: 91.13164 | L28: 1.3710601 | N28: 5.3676205 | O28: 1.1693404 | Q28: 1.5741137 | R28: 0.53366746
A29: Finland | B29: 50.357592 | C29: 0.63736827 | E29: 0.20734652 | F29: 0.12043935 | H29: 0.81169475 | I29: 0.58123157 | K29: 98.271531 | L29: 0.80455076 | N29: 0.52459948 | O29: 0.52505065 | Q29: 0.18482854 | R29: 0.13587142
A30: France | B30: 47.490442 | C30: 0.73647643 | E30: 0.1028841 | F30: 0.10501462 | H30: 0.49761337 | I30: 0.28295696 | K30: 95.761782 | L30: 1.3120083 | N30: 3.5938775 | O30: 1.3457946 | Q30: 0.043843365 | R30: 0.043803143
A31: Germany | B31: 47.59784 | C31: 0.89572545 | E31: 0 | F31: c | H31: 0.62525344 | I31: 0.51288545 | K31: 95.150413 | L31: 1.540876 | N31: 3.7771953 | O31: 1.389169 | Q31: 0.44713873 | R31: 0.41297158
A32: Greece | B32: 54.704264 | C32: 0.66606073 | E32: 0.37050518 | F32: 0.18378649 | H32: 1.8940189 | I32: 0.78560403 | K32: 96.734861 | L32: 0.82547776 | N32: 0 | O32: c | Q32: 1.0006149 | R32: 0.28839117
A33: Hungary | B33: 55.480007 | C33: 0.89990078 | E33: 2.0486011 | F33: 0.4694174 | H33: 2.1354041 | I33: 0.90565287 | K33: 93.550644 | L33: 0.80007535 | N33: 1.2607342 | O33: 0.72109167 | Q33: 1.0046164 | R33: 0.33292307
A34: Iceland | B34: 63.88738 | C34: 0.87378786 | E34: 0.87906637 | F34: 0.11251505 | H34: 7.9192441 | I34: 0.15698525 | K34: 90.518862 | L34: 0.17146015 | N34: 0.44587606 | O34: 0.036154126 | Q34: 0.2369516 | R34: 0.10710187
A35: Ireland | B35: 63.658211 | C35: 0.71239191 | E35: 0 | F35: c | H35: 10.298042 | I35: 2.527057 | K35: 89.701958 | L35: 2.527057 | N35: 0 | O35: c | Q35: 0 | R35: c
A36: Israel | B36: m | C36: m | E36: m | F36: m | H36: m | I36: m | K36: m | L36: m | N36: m | O36: m | Q36: m | R36: m
A37: Italy | B37: 56.936251 | C37: 0.74205899 | E37: 0.24135546 | F37: 0.12685529 | H37: 5.2424265 | I37: 1.4487998 | K37: 93.469427 | L37: 1.5025668 | N37: 0.51370589 | O37: 0.37024851 | Q37: 0.53308486 | R37: 0.27639462
A38: Japan | B38: 76.619217 | C38: 0.63755553 | E38: 6.282747 | F38: 1.8380133 | H38: 50.881321 | I38: 3.7535438 | K38: 42.835932 | L38: 3.6588616 | N38: 0 | O38: c | Q38: 0 | R38: c
A39: Korea | B39: 74.974103 | C39: 0.55560077 | E39: 1.2111782 | F39: 0.8212117 | H39: 51.493581 | I39: 3.4968223 | K39: 47.161591 | L39: 3.5170761 | N39: 0 | O39: c | Q39: 0.13364917 | R39: 0.091258975
A40: Latvia | B40: 54.74128 | C40: 0.69294773 | E40: 0.67794645 | F40: 0.30013083 | H40: 4.2946669 | I40: 0.93359262 | K40: 93.096335 | L40: 1.0731186 | N40: 1.5900853 | O40: 0.59063927 | Q40: 0.3409661 | R40: 0.2189542
A41: Lithuania | B41: 61.647935 | C41: 0.70799982 | E41: 2.3863843 | F41: 0.44463925 | H41: 12.914253 | I41: 1.1154532 | K41: 82.627737 | L41: 1.2967548 | N41: 1.6217256 | O41: 0.54651683 | Q41: 0.44990002 | R41: 0.16971783
A42: Luembourg | B42: 49.65604 | C42: 0.71412306 | E42: 0 | F42: c | H42: 0 | I42: c | K42: 100 | L42: c | N42: 0 | O42: c | Q42: 0 | R42: c
A43: Meico | B43: 53.813008 | C43: 0.80962309 | E43: 2.4503683 | F43: 0.92619974 | H43: 4.2562435 | I43: 1.2513604 | K43: 91.264502 | L43: 1.7494806 | N43: 0.70535022 | O43: 0.70768099 | Q43: 1.3235359 | R43: 0.68889246
A44: Netherlands* | B44: 44.935605 | C44: 0.86112485 | E44: 0 | F44: c | H44: 0 | I44: c | K44: 92.887767 | L44: 1.8593292 | N44: 7.1122326 | O44: 1.8593292 | Q44: 0 | R44: c
A45: New Zealand | B45: 64.605424 | C45: 0.71664846 | E45: 1.0336363 | F45: 0.5719085 | H45: 15.391828 | I45: 2.2993959 | K45: 83.574535 | L45: 2.3268517 | N45: 0 | O45: c | Q45: 0 | R45: c
A46: Norway | B46: m | C46: m | E46: m | F46: m | H46: m | I46: m | K46: m | L46: m | N46: m | O46: m | Q46: m | R46: m
A47: Poland | B47: 53.511545 | C47: 0.75926539 | E47: 0.9140744 | F47: 0.28776955 | H47: 3.3891275 | I47: 0.96985893 | K47: 95.332709 | L47: 1.0092911 | N47: 0 | O47: c | Q47: 0.36408952 | R47: 0.19569722
A48: Portugal* | B48: 56.473674 | C48: 0.70795824 | E48: 0.95587297 | F48: 0.50644657 | H48: 4.0319206 | I48: 1.315689 | K48: 94.521502 | L48: 1.5246581 | N48: 0.44014268 | O48: 0.27769662 | Q48: 0.050561798 | R48: 0.048613362
A49: Slovak Republic | B49: 59.103246 | C49: 0.68631009 | E49: 1.0099859 | F49: 0.25441003 | H49: 12.467257 | I49: 1.8731681 | K49: 83.53298 | L49: 2.0264115 | N49: 2.3213328 | O49: 0.80486793 | Q49: 0.66844434 | R49: 0.26155797
A50: Slovenia | B50: 63.114382 | C50: 0.82773389 | E50: 2.1089975 | F50: 0.31068959 | H50: 13.308927 | I50: 0.54041108 | K50: 83.744341 | L50: 0.64299574 | N50: 0.5164913 | O50: 0.23836386 | Q50: 0.32124326 | R50: 0.15917396
A51: Spain | B51: 50.697204 | C51: 0.45129522 | E51: 0.036088834 | F51: 0.025746455 | H51: 2.3349761 | I51: 0.74948806 | K51: 91.4475 | L51: 1.3458035 | N51: 6.0592173 | O51: 1.1125992 | Q51: 0.12221826 | R51: 0.086757319
A52: Sweden | B52: 53.322569 | C52: 0.82848336 | E52: 0.54452545 | F52: 0.24521092 | H52: 4.1599803 | I52: 1.4602637 | K52: 94.437233 | L52: 1.5604838 | N52: 0.46032421 | O52: 0.44135618 | Q52: 0.39793682 | R52: 0.23048927
A53: Switzerland | B53: 43.45134 | C53: 0.88235093 | E53: 0.23335145 | F53: 0.13180942 | H53: 0 | I53: c | K53: 93.28757 | L53: 1.739813 | N53: 5.6859591 | O53: 1.7083628 | Q53: 0.79311999 | R53: 0.49917003
A54: Turkey | B54: 66.380537 | C54: 0.60421842 | E54: 0 | F54: c | H54: 14.303788 | I54: 2.9639986 | K54: 85.556556 | L54: 2.9668092 | N54: 0.13965621 | O54: 0.13818473 | Q54: 0 | R54: c
A55: United Kingdom | B55: 62.835245 | C55: 0.73860046 | E55: 0.26446748 | F55: 0.29205473 | H55: 9.5048875 | I55: 2.1321057 | K55: 90.230645 | L55: 2.1564031 | N55: 0 | O55: c | Q55: 0 | R55: c
A56: United States* | B56: 58.441335 | C56: 0.97780105 | E56: 0.023064457 | F56: 0.017803642 | H56: 10.453908 | I56: 2.7511749 | K56: 88.108785 | L56: 2.9270495 | N56: 1.4142428 | O56: 0.95642247 | Q56: 0 | R56: c
A57: OECD average | B57: 56.381485 | C57: 0.12670032 | E57: 0.92843427 | F57: 0.082295206 | H57: 8.2192125 | I57: 0.26762829 | K57: 89.045168 | L57: 0.29775582 | N57: 1.4288141 | O57: 0.12257393 | Q57: 0.37837152 | R57: 0.044779837
A58: Partners
A59: Albania | B59: 51.701487 | C59: 0.80675194 | E59: 1.7697747 | F59: 0.3458542 | H59: 0.6183896 | I59: 0.34592447 | K59: 94.629218 | L59: 0.96971908 | N59: 2.1455508 | O59: 0.7811152 | Q59: 0.83706693 | R59: 0.33577494
A60: Argentina | B60: 41.305672 | C60: 0.60709134 | E60: 0.30936541 | F60: 0.24175519 | H60: 0.050546421 | I60: 0.0515295 | K60: 92.737795 | L60: 1.4329813 | N60: 6.165604 | O60: 1.4264601 | Q60: 0.73668943 | R60: 0.47090433
A61: Baku (Azerbaijan) | B61: 63.844743 | C61: 0.71656279 | E61: 0.99155437 | F61: 0.51124579 | H61: 14.674531 | I61: 2.2137426 | K61: 84.333914 | L61: 2.2774904 | N61: 0 | O61: c | Q61: 0 | R61: c
A62: Belarus | B62: 49.356843 | C62: 0.73427364 | E62: 0.28896745 | F62: 0.11781936 | H62: 0.79947661 | I62: 0.38651143 | K62: 96.889141 | L62: 0.92914751 | N62: 1.7575276 | O62: 0.79716836 | Q62: 0.26488683 | R62: 0.26494214
A63: Bosnia and Herzegovina | B63: 38.992913 | C63: 0.71885441 | E63: 0.15645834 | F63: 0.11721714 | H63: 0.18846032 | I63: 0.18777828 | K63: 92.290416 | L63: 1.9249454 | N63: 6.8763943 | O63: 1.9146907 | Q63: 0.48827098 | R63: 0.24671745
A64: Brazil | B64: 55.213011 | C64: 0.71188525 | E64: 2.6215626 | F64: 0.6872555 | H64: 5.9416825 | I64: 1.0004658 | K64: 88.532624 | L64: 1.4229827 | N64: 1.9593682 | O64: 0.59987362 | Q64: 0.94476287 | R64: 0.29515817
A65: Brunei Darussalam | B65: 73.876227 | C65: 0.61590562 | E65: 0.21923479 | F65: 0.017180155 | H65: 42.56365 | I65: 0.079296182 | K65: 57.217115 | L65: 0.075750802 | N65: 0 | O65: c | Q65: 0 | R65: c
A66: B-S-J-Z (China) | B66: 78.00407 | C66: 0.67696175 | E66: 11.19026 | F66: 2.0900028 | H66: 58.054468 | I66: 3.723354 | K66: 30.755272 | L66: 3.3166567 | N66: 0 | O66: c | Q66: 0 | R66: c
A67: Bulgaria | B67: 53.937612 | C67: 0.80116927 | E67: 0.15690107 | F67: 0.16110553 | H67: 2.8772592 | I67: 1.1447549 | K67: 95.671077 | L67: 1.1082105 | N67: 0.85730499 | O67: 0.22810045 | Q67: 0.43745826 | R67: 0.35968354
A68: Costa Rica | B68: 47.311572 | C68: 0.77078719 | E68: 0 | F68: c | H68: 0.44464971 | I68: 0.43505034 | K68: 97.548035 | L68: 1.0417056 | N68: 2.0073149 | O68: 0.94478033 | Q68: 0 | R68: c
A69: Croatia | B69: 47.225364 | C69: 0.72628836 | E69: 0 | F69: c | H69: 0 | I69: c | K69: 98.766797 | L69: 0.75453354 | N69: 1.2332032 | O69: 0.75453354 | Q69: 0 | R69: c
A70: Cyprus | B70: 46.193234 | C70: 0.79160625 | E70: 0.046368463 | F70: 0.046976715 | H70: 0 | I70: c | K70: 98.321892 | L70: 0.76088042 | N70: 1.2068513 | O70: 0.64360172 | Q70: 0.42488861 | R70: 0.39146832
A71: Dominican Republic | B71: 59.833927 | C71: 0.79959376 | D71: † | E71: 3.2966314 | F71: 0.87822771 | H71: 5.2979454 | I71: 1.5741343 | K71: 88.80409 | L71: 1.933028 | N71: 0.9474162 | O71: 0.52521447 | Q71: 1.653917 | R71: 0.67730021
A72: Georgia | B72: 48.205371 | C72: 0.84526141 | E72: 1.8770938 | F72: 0.42555513 | H72: 1.7991502 | I72: 0.57799316 | K72: 90.629692 | L72: 1.3695663 | N72: 4.8508398 | O72: 1.3013025 | Q72: 0.8432244 | R72: 0.20796225
A73: Hong Kong (China)* | B73: 81.527607 | C73: 0.67409305 | E73: 16.334402 | F73: 2.7880745 | H73: 59.911882 | I73: 3.8150089 | K73: 22.852212 | L73: 3.1486431 | N73: 0 | O73: c | Q73: 0.90150401 | R73: 0.89036613
A74: Indonesia | B74: 59.295539 | C74: 0.77683667 | E74: 0.98114971 | F74: 0.54196805 | H74: 7.8471836 | I74: 1.8235094 | K74: 90.150006 | L74: 2.0097225 | N74: 0.89080561 | O74: 0.46440053 | Q74: 0.13085553 | R74: 0.091591563
A75: Jordan | B75: 47.297513 | C75: 0.77619712 | E75: 0 | F75: c | H75: 0 | I75: c | K75: 96.702894 | L75: 1.2387793 | N75: 3.2971063 | O75: 1.2387793 | Q75: 0 | R75: c
A76: Kazakhstan | B76: 44.543486 | C76: 0.47788842 | E76: 0.24671184 | F76: 0.074652258 | H76: 0.34867678 | I76: 0.15242518 | K76: 94.711037 | L76: 0.80120022 | N76: 3.6828175 | O76: 0.64830542 | Q76: 1.0107568 | R76: 0.4328317
A77: Kosovo | B77: 52.625567 | C77: 0.72887758 | E77: 1.0893428 | F77: 0.31079455 | H77: 2.3774339 | I77: 0.66651928 | K77: 95.654717 | L77: 0.77562117 | N77: 0.53702979 | O77: 0.18019156 | Q77: 0.34147692 | R77: 0.33805417
A78: Lebanon | B78: 41.317347 | C78: 0.99105367 | E78: 2.1669817 | F78: 0.62978694 | H78: 1.3772622 | I78: 0.56205894 | K78: 81.725387 | L78: 2.1512076 | N78: 11.795149 | O78: 1.7973244 | Q78: 2.9352208 | R78: 0.98812575
A79: Macao (China) | B79: 80.124044 | C79: 0.60186845 | E79: 5.9348887 | F79: 0.030901888 | H79: 66.843022 | I79: 0.051613284 | K79: 27.22209 | L79: 0.049562362 | N79: 0 | O79: c | Q79: 0 | R79: c
A80: Malaysia | B80: 75.060761 | C80: 0.53148278 | E80: 4.7191316 | F80: 1.3992034 | H80: 47.599996 | I80: 3.3733227 | K80: 47.680872 | L80: 3.1342681 | N80: 0 | O80: c | Q80: 0 | R80: c
A81: Malta | B81: 58.437616 | C81: 0.94200318 | E81: 0 | F81: c | H81: 1.8147621 | I81: 0.027071982 | K81: 98.185238 | L81: 0.027071982 | N81: 0 | O81: c | Q81: 0 | R81: c
A82: Moldova | B82: 64.49425 | C82: 0.71415922 | E82: 3.4640927 | F82: 0.93288624 | H82: 14.126329 | I82: 2.4057705 | K82: 82.409578 | L82: 2.5831409 | N82: 0 | O82: c | Q82: 0 | R82: c
A83: Montenegro | B83: 39.158365 | C83: 0.61134456 | E83: 0 | F83: c | H83: 0 | I83: c | K83: 97.499927 | L83: 0.28263042 | N83: 1.7867987 | O83: 0.025731478 | Q83: 0.71327428 | R83: 0.27919241
A84: Morocco | B84: 44.34354 | C84: 0.74810052 | E84: 0.52394585 | F84: 0.53971359 | H84: 0.27687148 | I84: 0.26911624 | K84: 96.629115 | L84: 1.4989767 | N84: 2.5700672 | O84: 1.3676361 | Q84: 0 | R84: c
A85: North Macedonia | B85: 51.069533 | C85: 0.78165806 | E85: 0.058020783 | F85: 0.041997308 | H85: 0 | I85: c | K85: 99.894104 | L85: 0.014570356 | N85: 0 | O85: c | Q85: 0.047875541 | R85: 0.036504393
A86: Panama | B86: 53.030023 | C86: 0.84558741 | D86: † | E86: 3.0295548 | F86: 0.74869233 | H86: 5.0320301 | I86: 1.3561794 | K86: 88.383552 | L86: 1.5987915 | N86: 2.7951687 | O86: 1.0199485 | Q86: 0.75969438 | R86: 0.33624534
A87: Peru | B87: 49.478089 | C87: 0.6840614 | E87: 3.0901142 | F87: 0.69663799 | H87: 3.6072919 | I87: 1.018865 | K87: 88.161567 | L87: 1.5467355 | N87: 2.6631008 | O87: 0.81141166 | Q87: 2.4779261 | R87: 0.70013911
A88: Philippines | B88: 72.322877 | C88: 0.68236958 | E88: 0.32785652 | F88: 0.32828888 | H88: 42.666983 | I88: 3.6899968 | K88: 57.00516 | L88: 3.7101887 | N88: 0 | O88: c | Q88: 0 | R88: c
A89: Qatar | B89: 50.392197 | C89: 0.47809628 | E89: 0.04297171 | F89: 0.0049313664 | H89: 0.25971902 | I89: 0.016642207 | K89: 97.785708 | L89: 0.029416146 | N89: 1.9048159 | O89: 0.022245817 | Q89: 0.0067857257 | R89: 0.004800822
A90: Romania | B90: 45.691787 | C90: 0.80852259 | E90: 0.45729674 | F90: 0.44895776 | H90: 0.50545759 | I90: 0.51737647 | K90: 96.727572 | L90: 1.1775292 | N90: 1.6399046 | O90: 0.95263427 | Q90: 0.66976924 | R90: 0.1682459
A91: Russia | B91: 52.575275 | C91: 0.56987258 | E91: 0.31505813 | F91: 0.15722098 | H91: 2.2178814 | I91: 0.81117366 | K91: 95.602624 | L91: 1.0661865 | N91: 1.1365316 | O91: 0.51677031 | Q91: 0.7279048 | R91: 0.30850118
A92: Saudi Arabia | B92: 46.729777 | C92: 0.77931563 | E92: 0.41198105 | F92: 0.39002128 | H92: 0.40394869 | I92: 0.41176229 | K92: 95.486818 | L92: 1.2665966 | N92: 3.3099078 | O92: 1.088437 | Q92: 0.38734463 | R92: 0.19995249
A93: Serbia | B93: 42.382462 | C93: 0.76565962 | E93: 0.18814963 | F93: 0.13609142 | H93: 0 | I93: c | K93: 95.744539 | L93: 1.4977972 | N93: 3.8189651 | O93: 1.4848418 | Q93: 0.24834646 | R93: 0.14929096
A94: Singapore | B94: 71.830232 | C94: 0.5580724 | E94: 0 | F94: c | H94: 36.844056 | I94: 1.1824758 | K94: 63.155944 | L94: 1.1824758 | N94: 0 | O94: c | Q94: 0 | R94: c
A95: Chinese Taipei | B95: 88.525974 | C95: 0.3915045 | E95: 41.129981 | F95: 3.5163766 | H95: 57.131152 | I95: 3.5109005 | K95: 1.738867 | L95: 0.82641463 | N95: 0 | O95: c | Q95: 0 | R95: c
A96: Thailand | B96: 65.716095 | C96: 0.65050104 | E96: 0.80691634 | F96: 0.28137478 | H96: 18.159753 | I96: 2.3235416 | K96: 80.767635 | L96: 2.3281792 | N96: 0 | O96: c | Q96: 0.26569599 | R96: 0.12015294
A97: Ukraine | B97: 50.569683 | C97: 0.61225754 | E97: 0.55310524 | F97: 0.24917518 | H97: 0.89975147 | I97: 0.40870739 | K97: 96.834173 | L97: 0.944444 | N97: 1.4177456 | O97: 0.73628722 | Q97: 0.29522512 | R97: 0.18750335
A98: United Arab Emirates | B98: 55.128165 | C98: 0.54331066 | E98: 0.15957233 | F98: 0.020626572 | H98: 4.53313 | I98: 0.28329095 | K98: 94.998934 | L98: 0.28081114 | N98: 0.23313422 | O98: 0.0091811769 | Q98: 0.075229239 | R98: 0.0044401786
A99: Uruguay | B99: 46.358926 | C99: 0.80183094 | E99: 0.81663835 | F99: 0.46655156 | H99: 1.0169898 | I99: 0.62149127 | K99: 94.885599 | L99: 1.686348 | N99: 3.079601 | O99: 1.4154858 | Q99: 0.20117206 | R99: 0.078921914
A100: Viet Nam | B100: 66.921794 | C100: 0.77689475 | E100: 0.30257611 | F100: 0.20310961 | H100: 15.980399 | I100: 2.8237154 | K100: 83.667773 | L100: 2.8590151 | N100: 0 | O100: c | Q100: 0.049252159 | R100: 0.052048998
A105: Information on data for Cyprus: https://oe.cd/cyprus-disclaimer
A106: *Data did not meet the PISA technical standards but were accepted as largely comparable (see Annees A2 and A4).
A108: Note: Information regarding the proportion of the sample covered is shown net to the standard error. No symbol means at least 75% of the population was covered; one dagger (†) means at least 50% but less than 75%; and one double-dagger (‡) means less than 50% was covered. For comparisons across cycles, the coverage information corresponds to the cycle with the lowest sample coverage.

Sheet Table III.B1.13.5
A1: PISA 2018 Results (Volume III) - © OECD 2019
A2: Annex B1 | B2: Annex B1.13 Results (tables): Students' self-efficacy and fear of failure
A3: Version 2 - Last updated: 24-Jul-2020
A4: Disclaimer: http://oe.cd/disclaimer
A6: Annex B1 | B6: Annex B1.13 Results (tables): Students' self-efficacy and fear of failure
A7: Version 2 - Last updated: 02-Dec-2019
A8: Disclaimer: http://oe.cd/disclaimer
A10: Table III.B1.13.5
A11: Index of self-efficacy, by student characteristics
A12: Based on students' reports
B15: Index of self-efficacy, by the following student characteristics:
B16: Gender | K16: Socio-economic status1 | T16: Education level | AC16: Immigrant background
B17: Boys | E17: Girls | H17: Girls - boys | K17: Disadvantaged students | N17: Advantaged students | Q17: Advantaged -disadvantaged | T17: Lower secondary (ISCED 2) | W17: Upper secondary (ISCED 3) | Z17: ISCED 3 - ISCED 2 | AC17: Non-immigrant students | AF17: Immigrant students | AI17: Immigrant - non-immigrant
B18: Mean index | C18: S.E. | E18: Mean index | F18: S.E. | H18: Dif. | I18: S.E. | K18: Mean index | L18: S.E. | N18: Mean index | O18: S.E. | Q18: Dif. | R18: S.E. | T18: Mean index | U18: S.E. | W18: Mean index | X18: S.E. | Z18: Dif. | AA18: S.E. | AC18: Mean index | AD18: S.E. | AF18: Mean index | AG18: S.E. | AI18: Dif. | AJ18: S.E.
A19: OECD
A20: Australia | B20: 0.057559124 | C20: 0.013276081 | E20: -0.007818656 | F20: 0.016239128 | H20: -0.06537778 | I20: 0.019795727 | K20: -0.16540709 | L20: 0.018909871 | N20: 0.22819697 | O20: 0.018499153 | Q20: 0.39360406 | R20: 0.024426885 | T20: 0.023973789 | U20: 0.01180378 | W20: 0.038702887 | X20: 0.029570272 | Z20: 0.014729097 | AA20: 0.031777025 | AC20: -0.0060111835 | AD20: 0.013242531 | AF20: 0.10237686 | AG20: 0.020445248 | AI20: 0.10838804 | AJ20: 0.024398825
A21: Austria | B21: 0.080521599 | C21: 0.023744597 | E21: 0.081579455 | F21: 0.025666576 | H21: 0.0010578561 | I21: 0.031255344 | K21: -0.029155521 | L21: 0.030559787 | N21: 0.19475021 | O21: 0.031696344 | Q21: 0.22390573 | R21: 0.041282582 | T21: m | U21: m | W21: m | X21: m | Z21: m | AA21: m | AC21: 0.081868717 | AD21: 0.018948267 | AF21: 0.099410056 | AG21: 0.04050907 | AI21: 0.01754134 | AJ21: 0.03903633
A22: Belgium (Flemish) | B22: -0.11697288 | C22: 0.023086028 | E22: -0.30083139 | F22: 0.019439063 | H22: -0.18385851 | I22: 0.028065286 | K22: -0.25298712 | L22: 0.044067339 | N22: -0.13258505 | O22: 0.025256837 | Q22: 0.12040206 | R22: 0.047941642 | T22: -0.045779063 | U22: 0.14360794 | V22: ‡ | W22: -0.21241088 | X22: 0.016947696 | Z22: -0.16663182 | AA22: 0.14762372 | AB22: ‡ | AC22: -0.24296495 | AD22: 0.017422019 | AF22: 0.0041188513 | AG22: 0.035616718 | AI22: 0.2470838 | AJ22: 0.037861457
A23: Canada | B23: 0.18533499 | C23: 0.014692145 | E23: 0.078528109 | F23: 0.013553113 | H23: -0.10680688 | I23: 0.02106715 | K23: -0.047883033 | L23: 0.021813613 | N23: 0.33323473 | O23: 0.017415348 | Q23: 0.38111776 | R23: 0.026514004 | T23: 0.1316926 | U23: 0.026420197 | W23: 0.13101526 | X23: 0.010154928 | Z23: -0.00067733709 | AA23: 0.029214247 | AC23: 0.10054615 | AD23: 0.011176075 | AF23: 0.19307932 | AG23: 0.016927402 | AI23: 0.092533167 | AJ23: 0.021112849
A24: Chile | B24: 0.34862156 | C24: 0.02450464 | E24: 0.2319788 | F24: 0.020104295 | H24: -0.11664275 | I24: 0.029638313 | K24: 0.17095611 | L24: 0.03492898 | N24: 0.39484497 | O24: 0.031391166 | Q24: 0.22388886 | R24: 0.046412566 | T24: 0.35912248 | U24: 0.10512265 | V24: † | W24: 0.28752636 | X24: 0.01750964 | Z24: -0.071596116 | AA24: 0.10895757 | AB24: † | AC24: 0.29107931 | AD24: 0.017986851 | AF24: 0.32316632 | AG24: 0.091333946 | AI24: 0.032087007 | AJ24: 0.093630064
A25: Colombia | B25: 0.2976767 | C25: 0.024184931 | E25: 0.29790251 | F25: 0.021310431 | H25: 0.00022581044 | I25: 0.028780874 | K25: 0.18717306 | L25: 0.035820993 | N25: 0.43056241 | O25: 0.02499493 | Q25: 0.24338935 | R25: 0.047060065 | T25: 0.20697499 | U25: 0.030502326 | W25: 0.34896053 | X25: 0.020778774 | Z25: 0.14198554 | AA25: 0.036500793 | AC25: 0.30030707 | AD25: 0.017412939 | AF25: 0.4367074 | AG25: 0.22230755 | AH25: † | AI25: 0.13640033 | AJ25: 0.22087657 | AK25: †
A26: Czech Republic | B26: -0.24641991 | C26: 0.01905883 | E26: -0.31379853 | F26: 0.017165042 | H26: -0.067378625 | I26: 0.026155787 | K26: -0.3934051 | L26: 0.027874754 | N26: -0.18417181 | O26: 0.026469682 | Q26: 0.20923329 | R26: 0.041189897 | T26: -0.28342385 | U26: 0.021304478 | W26: -0.27542388 | X26: 0.017412262 | Z26: 0.0079999662 | AA26: 0.029791966 | AC26: -0.27637624 | AD26: 0.013009447 | AF26: -0.38979333 | AG26: 0.11726313 | AI26: -0.11341709 | AJ26: 0.1210919
A27: Denmark | B27: 0.16389982 | C27: 0.022526971 | E27: -0.059693593 | F27: 0.01849892 | H27: -0.22359341 | I27: 0.026869035 | K27: -0.11011935 | L27: 0.025948615 | N27: 0.24608859 | O27: 0.030625488 | Q27: 0.35620794 | R27: 0.041183379 | T27: 0.046088766 | U27: 0.015720657 | W27: c | X27: c | Z27: c | AA27: c | AC27: 0.050072802 | AD27: 0.016764147 | AF27: 0.050672217 | AG27: 0.041819125 | AI27: 0.00059941525 | AJ27: 0.046289275
A28: Estonia | B28: -0.0030985092 | C28: 0.019106319 | E28: -0.053012718 | F28: 0.021041821 | H28: -0.049914208 | I28: 0.026654435 | K28: -0.21826764 | L28: 0.026331272 | N28: 0.21640289 | O28: 0.02850433 | Q28: 0.43467053 | R28: 0.039707156 | T28: -0.029415322 | U28: 0.015105167 | W28: 0.05412452 | X28: 0.16253567 | Z28: 0.083539842 | AA28: 0.16309297 | AC28: -0.015466072 | AD28: 0.015359315 | AF28: -0.14586873 | AG28: 0.046414302 | AI28: -0.13040266 | AJ28: 0.047286835
A29: Finland | B29: -0.020255609 | C29: 0.01957459 | E29: -0.046908357 | F29: 0.018396175 | H29: -0.026652748 | I29: 0.023182425 | K29: -0.28247491 | L29: 0.024441944 | N29: 0.22637084 | O29: 0.028688005 | Q29: 0.50884575 | R29: 0.039798616 | T29: -0.032641898 | U29: 0.015124277 | W29: c | X29: c | Z29: c | AA29: c | AC29: -0.029212861 | AD29: 0.015645862 | AF29: -0.045586825 | AG29: 0.06808848 | AI29: -0.016373964 | AJ29: 0.069963758
A30: France | B30: 0.018421768 | C30: 0.021017753 | E30: -0.22162996 | F30: 0.017138229 | H30: -0.24005173 | I30: 0.026242826 | K30: -0.19977852 | L30: 0.027884091 | N30: 0.05171837 | O30: 0.026980027 | Q30: 0.25149689 | R30: 0.034420339 | T30: -0.10993086 | U30: 0.04171037 | W30: -0.10076996 | X30: 0.014743493 | Z30: 0.0091608991 | AA30: 0.043364292 | AC30: -0.12969773 | AD30: 0.015232338 | AF30: 0.064565357 | AG30: 0.041070188 | AI30: 0.19426309 | AJ30: 0.043032126
A31: Germany | B31: 0.041653962 | C31: 0.023669386 | D31: † | E31: -0.088380663 | F31: 0.022302284 | G31: † | H31: -0.13003462 | I31: 0.034361949 | J31: † | K31: -0.12466866 | L31: 0.032479426 | N31: 0.14219798 | O31: 0.032844274 | Q31: 0.26686664 | R31: 0.049066184 | T31: -0.015983451 | U31: 0.015573554 | V31: † | W31: -0.13370411 | X31: 0.060055769 | Z31: -0.11772066 | AA31: 0.062694364 | AB31: † | AC31: -0.018786432 | AD31: 0.017310468 | AF31: -0.017819255 | AG31: 0.036522416 | AI31: 0.00096717681 | AJ31: 0.041309418
A32: Greece | B32: 0.059167893 | C32: 0.023861342 | E32: 0.03484317 | F32: 0.020304824 | H32: -0.024324723 | I32: 0.02954765 | K32: -0.11974072 | L32: 0.025883779 | N32: 0.19664562 | O32: 0.031234534 | Q32: 0.31638633 | R32: 0.037462429 | T32: -0.085234153 | U32: 0.083844074 | W32: 0.052471826 | X32: 0.01591501 | Z32: 0.13770598 | AA32: 0.081285409 | AC32: 0.062996572 | AD32: 0.017311555 | AF32: -0.058125986 | AG32: 0.0406932 | AI32: -0.12112256 | AJ32: 0.043075543
A33: Hungary | B33: 0.21710152 | C33: 0.018975474 | E33: 0.13191305 | F33: 0.01906328 | H33: -0.085188472 | I33: 0.026811196 | K33: -0.0019908294 | L33: 0.034384693 | N33: 0.35790579 | O33: 0.025197277 | Q33: 0.35989662 | R33: 0.043044476 | T33: 0.12134162 | U33: 0.072663989 | W33: 0.17895039 | X33: 0.013165336 | Z33: 0.057608768 | AA33: 0.074669287 | AC33: 0.16979364 | AD33: 0.013607189 | AF33: 0.30655833 | AG33: 0.099956641 | AI33: 0.13676469 | AJ33: 0.10177157
A34: Iceland | B34: 0.1922921 | C34: 0.029465075 | E34: 0.022583524 | F34: 0.024566628 | H34: -0.16970857 | I34: 0.035732493 | K34: -0.11681258 | L34: 0.037713137 | N34: 0.35818051 | O34: 0.044387166 | Q34: 0.47499308 | R34: 0.061037733 | T34: 0.10020208 | U34: 0.02045722 | W34: c | X34: c | Z34: c | AA34: c | AC34: 0.12344981 | AD34: 0.020881998 | AF34: -0.20265772 | AG34: 0.092686366 | AI34: -0.32610753 | AJ34: 0.095514795
A35: Ireland | B35: 0.026242702 | C35: 0.019332257 | E35: -0.11355544 | F35: 0.014758641 | H35: -0.13979814 | I35: 0.024503892 | K35: -0.16086048 | L35: 0.023641219 | N35: 0.049665349 | O35: 0.021302552 | Q35: 0.21052583 | R35: 0.031001496 | T35: -0.047099666 | U35: 0.015945209 | W35: -0.038852717 | X35: 0.019608681 | Z35: 0.0082469491 | AA35: 0.025841917 | AC35: -0.062083421 | AD35: 0.013615917 | AF35: 0.042030149 | AG35: 0.031971199 | AI35: 0.10411357 | AJ35: 0.035593118
A36: Israel | B36: 0.074717495 | C36: 0.02830503 | E36: 0.24480419 | F36: 0.02410355 | H36: 0.1700867 | I36: 0.033838818 | K36: 0.037616372 | L36: 0.037580853 | N36: 0.32582249 | O36: 0.040562507 | Q36: 0.28820612 | R36: 0.051339873 | T36: 0.12395625 | U36: 0.044280323 | W36: 0.17598848 | X36: 0.020856447 | Z36: 0.052032233 | AA36: 0.046538359 | AC36: 0.19337754 | AD36: 0.022153283 | AF36: 0.063754685 | AG36: 0.041193548 | AI36: -0.12962285 | AJ36: 0.044829747
A37: Italy | B37: 0.0034617568 | C37: 0.01868695 | E37: -0.066889927 | F37: 0.017182659 | H37: -0.070351684 | I37: 0.025735396 | K37: -0.049397354 | L37: 0.026272487 | N37: 0.0066958305 | O37: 0.029756402 | Q37: 0.056093185 | R37: 0.040150224 | T37: -0.38036915 | U37: 0.090859119 | W37: -0.027507925 | X37: 0.012885598 | Z37: 0.35286123 | AA37: 0.095114885 | AC37: -0.018566839 | AD37: 0.014173861 | AF37: -0.14782138 | AG37: 0.038805051 | AI37: -0.12925454 | AJ37: 0.043592981
A38: Japan | B38: -0.59748971 | C38: 0.021138661 | E38: -0.62938838 | F38: 0.018353497 | H38: -0.031898674 | I38: 0.027090023 | K38: -0.72337939 | L38: 0.027691228 | N38: -0.41192442 | O38: 0.033682654 | Q38: 0.31145497 | R38: 0.044161287 | T38: m | U38: m | W38: -0.61381946 | X38: 0.014328841 | Z38: m | AA38: m | AC38: w | AD38: w | AF38: w | AG38: w | AI38: w | AJ38: w
A39: Korea | B39: 0.079987257 | C39: 0.022215675 | E39: -0.16376573 | F39: 0.020645844 | H39: -0.24375299 | I39: 0.032332608 | K39: -0.26620008 | L39: 0.022166427 | N39: 0.22859412 | O39: 0.028358331 | Q39: 0.49479421 | R39: 0.035910387 | T39: 0.028484334 | U39: 0.049242371 | W39: -0.04847251 | X39: 0.016957202 | Z39: -0.076956844 | AA39: 0.055053283 | AC39: -0.034895219 | AD39: 0.014841541 | AF39: c | AG39: c | AI39: c | AJ39: c
A40: Latvia | B40: -0.19301254 | C40: 0.020095909 | E40: -0.19068725 | F40: 0.018631055 | H40: 0.002325287 | I40: 0.030609722 | K40: -0.36313212 | L40: 0.025341907 | N40: -0.0072359168 | O40: 0.025887397 | Q40: 0.35589621 | R40: 0.03706398 | T40: -0.19450141 | U40: 0.01214767 | W40: -0.11955131 | X40: 0.070102251 | Z40: 0.074950105 | AA40: 0.071667143 | AC40: -0.19109391 | AD40: 0.011861781 | AF40: -0.17825554 | AG40: 0.069968822 | AI40: 0.012838367 | AJ40: 0.07024521
A41: Lithuania | B41: 0.14466176 | C41: 0.019324556 | E41: 0.32067132 | F41: 0.018445655 | H41: 0.17600956 | I41: 0.02586093 | K41: 0.067722964 | L41: 0.030852896 | N41: 0.38702202 | O41: 0.026220719 | Q41: 0.31929906 | R41: 0.041228253 | T41: 0.23197156 | U41: 0.013951089 | W41: m | X41: m | Z41: m | AA41: m | AC41: 0.23979416 | AD41: 0.01495172 | AF41: -0.078137072 | AG41: 0.14992209 | AI41: -0.31793124 | AJ41: 0.15310657
A42: Luxembourg | B42: 0.02105221 | C42: 0.023113671 | E42: -0.031916083 | F42: 0.019914544 | H42: -0.052968293 | I42: 0.029005086 | K42: -0.15657015 | L42: 0.027044435 | N42: 0.21524248 | O42: 0.03333985 | Q42: 0.37181263 | R42: 0.040575465 | T42: -0.081238964 | U42: 0.021324864 | W42: 0.085090874 | X42: 0.021222699 | Z42: 0.16632984 | AA42: 0.028181261 | AC42: 0.013281943 | AD42: 0.019770092 | AF42: -0.021625292 | AG42: 0.022572786 | AI42: -0.034907234 | AJ42: 0.027841892
A43: Mexico | B43: 0.36186147 | C43: 0.02097886 | D43: † | E43: 0.35985943 | F43: 0.018183422 | G43: † | H43: -0.0020020482 | I43: 0.025912142 | J43: † | K43: 0.18586845 | L43: 0.035558122 | M43: † | N43: 0.49696343 | O43: 0.028525497 | Q43: 0.31109498 | R43: 0.046154613 | S43: † | T43: 0.2756314 | U43: 0.045516761 | V43: † | W43: 0.37599296 | X43: 0.014099542 | Z43: 0.10036157 | AA43: 0.044968589 | AB43: † | AC43: 0.36717778 | AD43: 0.014753832 | AF43: 0.18319181 | AG43: 0.1748019 | AH43: † | AI43: -0.18398597 | AJ43: 0.17520399 | AK43: †
A44: Netherlands* | B44: -0.024754614 | C44: 0.02184566 | E44: -0.19786305 | F44: 0.025364934 | H44: -0.17310843 | I44: 0.032755892 | K44: -0.12158475 | L44: 0.033252797 | M44: † | N44: -0.073296774 | O44: 0.029178582 | Q44: 0.04828798 | R44: 0.042173061 | S44: † | T44: -0.12447413 | U44: 0.024627063 | V44: † | W44: -0.095786726 | X44: 0.02306752 | Z44: 0.028687405 | AA44: 0.034700281 | AB44: † | AC44: -0.14529043 | AD44: 0.016334792 | AF44: 0.11431632 | AG44: 0.053271406 | AH44: † | AI44: 0.25960676 | AJ44: 0.053765031 | AK44: †
A45: New Zealand | B45: -0.00083430216 | C45: 0.019353987 | E45: -0.042106516 | F45: 0.017293002 | H45: -0.041272214 | I45: 0.026079668 | K45: -0.19310671 | L45: 0.025352541 | N45: 0.1694697 | O45: 0.023314581 | Q45: 0.36257641 | R45: 0.033537788 | T45: -0.015937948 | U45: 0.0565662 | W45: -0.021949932 | X45: 0.012982751 | Z45: -0.0060119848 | AA45: 0.057483891 | AC45: -0.057443986 | AD45: 0.015069114 | AF45: 0.084260592 | AG45: 0.023210797 | AI45: 0.14170458 | AJ45: 0.026809128
A46: Norway | B46: m | C46: m | E46: m | F46: m | H46: m | I46: m | K46: m | L46: m | N46: m | O46: m | Q46: m | R46: m | T46: m | U46: m | W46: m | X46: m | Z46: m | AA46: m | AC46: m | AD46: m | AF46: m | AG46: m | AI46: m | AJ46: m
A47: Poland | B47: -0.0072940338 | C47: 0.020557549 | E47: -0.10479357 | F47: 0.020014087 | H47: -0.097499535 | I47: 0.028057503 | K47: -0.25351021 | L47: 0.022188824 | N47: 0.11819601 | O47: 0.029949253 | Q47: 0.37170622 | R47: 0.037713695 | T47: -0.053978205 | U47: 0.014444946 | W47: c | X47: c | Z47: c | AA47: c | AC47: -0.054747041 | AD47: 0.014694278 | AF47: c | AG47: c | AI47: c | AJ47: c
A48: Portugal* | B48: 0.042464857 | C48: 0.021487946 | E48: -0.067512474 | F48: 0.017741887 | H48: -0.10997733 | I48: 0.029837379 | K48: -0.10469534 | L48: 0.026272506 | N48: 0.088182455 | O48: 0.02336561 | Q48: 0.19287779 | R48: 0.037122422 | T48: -0.039821871 | U48: 0.026051634 | W48: -0.0012002278 | X48: 0.015070381 | Z48: 0.038621644 | AA48: 0.030211552 | AC48: -0.010127649 | AD48: 0.014074009 | AF48: -0.054252529 | AG48: 0.047454672 | AI48: -0.04412488 | AJ48: 0.051921455
A49: Slovak Republic | B49: -0.23910057 | C49: 0.022056377 | E49: -0.31962785 | F49: 0.018437057 | H49: -0.080527277 | I49: 0.028288399 | K49: -0.39404445 | L49: 0.031496562 | N49: -0.17411623 | O49: 0.029089878 | Q49: 0.21992822 | R49: 0.045809813 | T49: -0.28994027 | U49: 0.020998981 | W49: -0.27213903 | X49: 0.021019981 | Z49: 0.017801239 | AA49: 0.030577644 | AC49: -0.27930735 | AD49: 0.014426776 | AF49: -0.22572046 | AG49: 0.12660124 | AI49: 0.053586894 | AJ49: 0.12729388
A50: Slovenia | B50: 0.054493933 | C50: 0.022102535 | E50: -0.15477453 | F50: 0.021351866 | H50: -0.20926846 | I50: 0.029669933 | K50: -0.12984666 | L50: 0.025575061 | N50: 0.095762411 | O50: 0.032179582 | Q50: 0.22560907 | R50: 0.04438111 | T50: -0.038725079 | U50: 0.071692125 | W50: -0.049831439 | X50: 0.015918371 | Z50: -0.01110636 | AA50: 0.072270239 | AC50: -0.050219841 | AD50: 0.01699562 | AF50: -0.029220328 | AG50: 0.051070942 | AI50: 0.020999513 | AJ50: 0.054850387
A51: Spain | B51: 0.20363747 | C51: 0.013380139 | E51: 0.14074646 | F51: 0.012021226 | H51: -0.06289101 | I51: 0.017694729 | K51: 0.016997157 | L51: 0.016422667 | N51: 0.34168153 | O51: 0.016467589 | Q51: 0.32468437 | R51: 0.023497326 | T51: 0.17192964 | U51: 0.0092576775 | W51: c | X51: c | Z51: c | AA51: c | AC51: 0.18463052 | AD51: 0.010360672 | AF51: 0.11335082 | AG51: 0.026140793 | AI51: -0.071279698 | AJ51: 0.02865924
A52: Sweden | B52: 0.034725048 | C52: 0.024156154 | E52: -0.15748427 | F52: 0.021759059 | H52: -0.19220931 | I52: 0.028590583 | K52: -0.23350742 | L52: 0.028144704 | N52: 0.14958878 | O52: 0.029445484 | Q52: 0.3830962 | R52: 0.040057478 | T52: -0.066361302 | U52: 0.01800677 | W52: 0.12566457 | X52: 0.13853986 | Z52: 0.19202587 | AA52: 0.1404398 | AC52: -0.10330898 | AD52: 0.019474973 | AF52: 0.08483075 | AG52: 0.046832396 | AI52: 0.18813973 | AJ52: 0.050877662
A53: Switzerland | B53: 0.055108034 | C53: 0.019856891 | E53: -0.0094195872 | F53: 0.016367385 | H53: -0.064527621 | I53: 0.023744891 | K53: -0.060988444 | L53: 0.036007586 | N53: 0.14277721 | O53: 0.028790616 | Q53: 0.20376566 | R53: 0.052022115 | T53: 0.014386078 | U53: 0.017958513 | W53: 0.045951963 | X53: 0.020629049 | Z53: 0.031565885 | AA53: 0.027408225 | AC53: 0.010938867 | AD53: 0.015630766 | AF53: 0.058527951 | AG53: 0.028714344 | AI53: 0.047589084 | AJ53: 0.032134858
A54: Turkey | B54: 0.26651353 | C54: 0.022261998 | E54: 0.44979026 | F54: 0.021102824 | H54: 0.18327674 | I54: 0.030066466 | K54: 0.23527862 | L54: 0.031141189 | N54: 0.46607943 | O54: 0.032991871 | Q54: 0.2308008 | R54: 0.04468288 | T54: c | U54: c | W54: 0.35967143 | X54: 0.016691192 | Z54: c | AA54: c | AC54: 0.3637186 | AD54: 0.017128357 | AF54: 0.24085976 | AG54: 0.15831936 | AI54: -0.12285885 | AJ54: 0.1602637
A55: United Kingdom | B55: -0.033088278 | C55: 0.016303575 | E55: -0.30390808 | F55: 0.018766642 | H55: -0.2708198 | I55: 0.024279772 | K55: -0.27800646 | L55: 0.028001403 | N55: -0.024864019 | O55: 0.027395418 | Q55: 0.25314244 | R55: 0.038295426 | T55: c | U55: c | W55: -0.17418481 | X55: 0.012789246 | Z55: c | AA55: c | AC55: -0.21880966 | AD55: 0.013573828 | AF55: -0.0051366859 | AG55: 0.034229907 | AI55: 0.21367297 | AJ55: 0.037799728
A56: United States* | B56: 0.18635418 | C56: 0.018083987 | E56: 0.15300543 | F56: 0.023220249 | H56: -0.033348749 | I56: 0.026266438 | K56: 0.091298668 | L56: 0.031365208 | N56: 0.28427083 | O56: 0.035610922 | Q56: 0.19297216 | R56: 0.048917455 | T56: 0.16035007 | U56: 0.062877689 | W56: 0.17051211 | X56: 0.01710737 | Z56: 0.010162039 | AA56: 0.066469243 | AC56: 0.19012079 | AD56: 0.019027404 | AF56: 0.098772329 | AG56: 0.028870413 | AI56: -0.091348461 | AJ56: 0.033648144
A57: OECD average | B57: 0.048200327 | C57: 0.0035426599 | E57: -0.030487803 | F57: 0.0032724285 | H57: -0.07868813 | I57: 0.0046475782 | K57: -0.12662805 | L57: 0.0049099314 | N57: 0.16485888 | O57: 0.0048559284 | Q57: 0.29148693 | R57: 0.0069493484 | T57: 0.0019140334 | U57: 0.0088407472 | W57: 0.0084489396 | X57: 0.0085856812 | Z57: 0.041372114 | AA57: 0.014476906 | AC57: 0.022821271 | AD57: 0.0027133456 | AF57: 0.032258447 | AG57: 0.014361958 | AI57: 0.0053376359 | AJ57: 0.014646515
A58: Partners
A59: Albania | B59: 0.52891712 | C59: 0.024331267 | E59: 0.67754627 | F59: 0.022169274 | H59: 0.14862915 | I59: 0.027754533 | K59: 0.43151197 | L59: 0.031970766 | N59: 0.80327692 | O59: 0.029544479 | Q59: 0.37176494 | R59: 0.037972025 | T59: 0.5965716 | U59: 0.03463713 | W59: 0.60702035 | X59: 0.022434457 | Z59: 0.010448751 | AA59: 0.04189555 | AC59: 0.60854904 | AD59: 0.01866059 | AF59: 0.28243794 | AG59: 0.21165013 | AI59: -0.32611109 | AJ59: 0.21469249
A60: Argentina | B60: 0.069117172 | C60: 0.023408257 | E60: -0.03860357 | F60: 0.021673447 | H60: -0.10772074 | I60: 0.03179616 | K60: -0.10256371 | L60: 0.029389764 | N60: 0.15062532 | O60: 0.028619549 | Q60: 0.25318903 | R60: 0.043102857 | T60: -0.065391487 | U60: 0.031015667 | W60: 0.04863247 | X60: 0.018727616 | Z60: 0.11402396 | AA60: 0.036271605 | AC60: 0.021285107 | AD60: 0.017284749 | AF60: -0.052588788 | AG60: 0.05010578 | AI60: -0.073873895 | AJ60: 0.053367111
A61: Baku (Azerbaijan) | B61: 0.32537727 | C61: 0.030040965 | D61: † | E61: 0.2957697 | F61: 0.024345762 | H61: -0.029607563 | I61: 0.034688147 | J61: † | K61: 0.18746361 | L61: 0.041944092 | M61: † | N61: 0.47704099 | O61: 0.04142237 | Q61: 0.28957738 | R61: 0.058975432 | S61: † | T61: 0.23780066 | U61: 0.034278217 | V61: † | W61: 0.35177842 | X61: 0.026028574 | Y61: † | Z61: 0.11397776 | AA61: 0.041486612 | AB61: † | AC61: 0.31928394 | AD61: 0.021961697 | AF61: 0.2416305 | AG61: 0.08294417 | AH61: † | AI61: -0.077653441 | AJ61: 0.085096828 | AK61: †
A62: Belarus | B62: -0.21798162 | C62: 0.01781517 | E62: -0.21283398 | F62: 0.017726127 | H62: 0.00514764 | I62: 0.020128455 | K62: -0.39454388 | L62: 0.023553982 | N62: -0.022607608 | O62: 0.027262525 | Q62: 0.37193627 | R62: 0.03562834 | T62: -0.20899903 | U62: 0.020716408 | W62: -0.22056288 | X62: 0.017090587 | Z62: -0.011563859 | AA62: 0.023562352 | AC62: -0.20884663 | AD62: 0.015020042 | AF62: -0.28565827 | AG62: 0.053490047 | AI62: -0.076811647 | AJ62: 0.054657352
A63: Bosnia and Herzegovina | B63: 0.24357224 | C63: 0.022024753 | E63: 0.26584032 | F63: 0.020865021 | H63: 0.022268077 | I63: 0.029760273 | K63: 0.10201518 | L63: 0.02984039 | N63: 0.39638009 | O63: 0.030095368 | Q63: 0.29436491 | R63: 0.04205195 | T63: 0.27485126 | U63: 0.036725211 | W63: 0.25086491 | X63: 0.017317979 | Z63: -0.02398635 | AA63: 0.04116485 | AC63: 0.25538399 | AD63: 0.014895102 | AF63: 0.18511839 | AG63: 0.1029168 | AI63: -0.070265602 | AJ63: 0.10312836
A64: Brazil | B64: -0.13321391 | C64: 0.020350249 | E64: -0.18594143 | F64: 0.015661343 | H64: -0.052727524 | I64: 0.024902437 | K64: -0.24506481 | L64: 0.026674027 | M64: † | N64: -0.072721288 | O64: 0.024499855 | Q64: 0.17234352 | R64: 0.03495617 | S64: † | T64: -0.23803976 | U64: 0.033355114 | V64: † | W64: -0.13915286 | X64: 0.014200904 | Z64: 0.098886905 | AA64: 0.036386473 | AB64: † | AC64: -0.16137258 | AD64: 0.013426348 | AF64: -0.078659153 | AG64: 0.22638743 | AH64: † | AI64: 0.082713428 | AJ64: 0.22595821 | AK64: †
A65: Brunei Darussalam | B65: -0.18421657 | C65: 0.012159371 | E65: -0.16901711 | F65: 0.013654516 | H65: 0.015199461 | I65: 0.020145311 | K65: -0.33484538 | L65: 0.018665121 | N65: -0.010905579 | O65: 0.020775124 | Q65: 0.3239398 | R65: 0.028758621 | T65: -0.50281535 | U65: 0.12703611 | W65: -0.17488527 | X65: 0.0081488434 | Z65: 0.32793008 | AA65: 0.12746371 | AC65: -0.17636053 | AD65: 0.0085979756 | AF65: -0.17008437 | AG65: 0.039018187 | AI65: 0.0062761641 | AJ65: 0.04054039
A66: B-S-J-Z (China) | B66: -0.0020995803 | C66: 0.021216726 | E66: -0.25268818 | F66: 0.021351637 | H66: -0.2505886 | I66: 0.026923074 | K66: -0.34929413 | L66: 0.030626103 | N66: 0.12919457 | O66: 0.029426639 | Q66: 0.4784887 | R66: 0.041311215 | T66: -0.073029664 | U66: 0.035043073 | W66: -0.15507484 | X66: 0.015785866 | Z66: -0.082045174 | AA66: 0.039306847 | AC66: -0.1225644 | AD66: 0.01638084 | AF66: c | AG66: c | AI66: c | AJ66: c
A67: Bulgaria | B67: -0.032037165 | C67: 0.033760598 | E67: 0.12817999 | F67: 0.024072513 | H67: 0.16021715 | I67: 0.034682901 | K67: -0.1623846 | L67: 0.044123999 | N67: 0.27031711 | O67: 0.032927347 | Q67: 0.43270171 | R67: 0.047542143 | T67: c | U67: c | W67: 0.047366698 | X67: 0.023886552 | Z67: c | AA67: c | AC67: 0.06715826 | AD67: 0.023925165 | AF67: -0.38499753 | AG67: 0.20425088 | AI67: -0.45215579 | AJ67: 0.20501053
A68: Costa Rica | B68: 0.50736819 | C68: 0.022603429 | E68: 0.42762056 | F68: 0.022158783 | H68: -0.079747634 | I68: 0.032678775 | K68: 0.33626759 | L68: 0.032488015 | N68: 0.54989896 | O68: 0.032032604 | Q68: 0.21363137 | R68: 0.042447467 | T68: 0.41464252 | U68: 0.021844195 | W68: 0.52692099 | X68: 0.020320557 | Z68: 0.11227846 | AA68: 0.029537202 | AC68: 0.48129152 | AD68: 0.016547587 | AF68: 0.32526553 | AG68: 0.044086377 | AI68: -0.15602598 | AJ68: 0.049590451
A69: Croatia | B69: 0.26519269 | C69: 0.019810569 | E69: 0.20781256 | F69: 0.015456144 | H69: -0.057380139 | I69: 0.025659429 | K69: 0.092748803 | L69: 0.023216931 | N69: 0.33180189 | O69: 0.021930603 | Q69: 0.23905309 | R69: 0.032816599 | T69: c | U69: c | W69: 0.23643924 | X69: 0.012071692 | Z69: c | AA69: c | AC69: 0.23875874 | AD69: 0.012687451 | AF69: 0.21688183 | AG69: 0.049924816 | AI69: -0.021876908 | AJ69: 0.05317448
A70: Cyprus | B70: 0.03343367 | C70: 0.022676496 | E70: 0.13061565 | F70: 0.020939279 | H70: 0.097181981 | I70: 0.029064983 | K70: -0.10894864 | L70: 0.03516024 | N70: 0.31480995 | O70: 0.028698409 | Q70: 0.42375858 | R70: 0.044198676 | T70: -0.044280037 | U70: 0.11609952 | W70: 0.088620004 | X70: 0.01652318 | Z70: 0.13290004 | AA70: 0.11833553 | AC70: 0.10337902 | AD70: 0.016736103 | AF70: 0.0002597386 | AG70: 0.047896335 | AI70: -0.10311928 | AJ70: 0.049662562
A71: Dominican Republic | B71: 0.26794722 | C71: 0.042099639 | D71: † | E71: 0.35240614 | F71: 0.033379593 | G71: † | H71: 0.084458925 | I71: 0.047083972 | J71: † | K71: 0.16503161 | L71: 0.05911019 | M71: ‡ | N71: 0.44400055 | O71: 0.04901482 | P71: † | Q71: 0.27896894 | R71: 0.07242221 | S71: ‡ | T71: 0.01474807 | U71: 0.058320756 | V71: ‡ | W71: 0.434032 | X71: 0.030863613 | Y71: † | Z71: 0.41928393 | AA71: 0.067137673 | AB71: ‡ | AC71: 0.33292031 | AD71: 0.028121487 | AE71: † | AF71: -0.12653267 | AG71: 0.20013055 | AH71: ‡ | AI71: -0.45945298 | AJ71: 0.19237285 | AK71: ‡
A72: Georgia | B72: -0.10372907 | C72: 0.027032018 | E72: 0.010462387 | F72: 0.024352627 | H72: 0.11419146 | I72: 0.034427756 | K72: -0.22175682 | L72: 0.033339086 | N72: 0.16784342 | O72: 0.035690426 | Q72: 0.38960024 | R72: 0.047196645 | T72: -0.13098243 | U72: 0.045146046 | W72: -0.032152456 | X72: 0.020979398 | Z72: 0.098829972 | AA72: 0.049952295 | AC72: -0.032245334 | AD72: 0.019605368 | AF72: -0.48713134 | AG72: 0.2224875 | AI72: -0.454886 | AJ72: 0.2248219
A73: Hong Kong (China)* | B73: -0.19677796 | C73: 0.022759775 | E73: -0.37182082 | F73: 0.018185315 | H73: -0.17504286 | I73: 0.027185365 | K73: -0.40743353 | L73: 0.028327826 | N73: -0.13029768 | O73: 0.037911226 | Q73: 0.27713586 | R73: 0.05225868 | T73: -0.25454987 | U73: 0.024752945 | W73: -0.29613187 | X73: 0.018534892 | Z73: -0.041582004 | AA73: 0.028601658 | AC73: -0.27552401 | AD73: 0.018543713 | AF73: -0.28737814 | AG73: 0.025858033 | AI73: -0.011854127 | AJ73: 0.030822165
A74: Indonesia | B74: -0.0026853436 | C74: 0.020242803 | E74: -0.03203296 | F74: 0.017887729 | H74: -0.029347616 | I74: 0.025110764 | K74: -0.050140445 | L74: 0.026256851 | N74: 0.053697498 | O74: 0.036334735 | Q74: 0.10383794 | R74: 0.044668099 | T74: -0.054539606 | U74: 0.016450573 | W74: 0.012746037 | X74: 0.020178053 | Z74: 0.067285644 | AA74: 0.025250609 | AC74: -0.018139629 | AD74: 0.014620121 | AF74: 0.18270112 | AG74: 0.31728671 | AI74: 0.20084075 | AJ74: 0.31746004
A75: Jordan | B75: 0.043956057 | C75: 0.043413388 | E75: 0.4222522 | F75: 0.022403596 | H75: 0.37829614 | I75: 0.04853703 | K75: 0.073284101 | L75: 0.040562323 | N75: 0.40965808 | O75: 0.040316219 | Q75: 0.33637398 | R75: 0.057769228 | T75: 0.24081201 | U75: 0.023808988 | W75: m | X75: m | Z75: m | AA75: m | AC75: 0.24967469 | AD75: 0.023991928 | AF75: 0.31125862 | AG75: 0.041315464 | AI75: 0.061583933 | AJ75: 0.040795426
A76: Kazakhstan | B76: -0.060584028 | C76: 0.013145972 | E76: 0.02580927 | F76: 0.013682827 | H76: 0.086393298 | I76: 0.016995422 | K76: -0.13188484 | L76: 0.020974388 | N76: 0.129554 | O76: 0.016405891 | Q76: 0.26143884 | R76: 0.027210698 | T76: -0.081184178 | U76: 0.014253858 | W76: 0.10907913 | X76: 0.017386969 | Z76: 0.19026331 | AA76: 0.02129652 | AC76: -0.010096035 | AD76: 0.010378123 | AF76: -0.054130393 | AG76: 0.037581669 | AI76: -0.044034358 | AJ76: 0.038069412
A77: Kosovo | B77: 0.29011891 | C77: 0.024013289 | E77: 0.3689749 | F77: 0.019010446 | H77: 0.078855992 | I77: 0.032158246 | K77: 0.20753743 | L77: 0.028706276 | N77: 0.49025025 | O77: 0.030555723 | Q77: 0.28271282 | R77: 0.045027936 | T77: 0.30867425 | U77: 0.03060231 | W77: 0.33711979 | X77: 0.017203362 | Z77: 0.028445546 | AA77: 0.036000154 | AC77: 0.33508797 | AD77: 0.014677168 | AF77: 0.29995215 | AG77: 0.11925877 | AI77: -0.035135819 | AJ77: 0.1209398
A78: Lebanon | B78: -0.25059698 | C78: 0.041786856 | E78: -0.061607392 | F78: 0.039948489 | H78: 0.18898959 | I78: 0.044237607 | K78: -0.31722208 | L78: 0.063241822 | M78: † | N78: 0.1585879 | O78: 0.057298733 | Q78: 0.47580998 | R78: 0.083392691 | S78: † | T78: -0.42367018 | U78: 0.068005976 | W78: -0.045906764 | X78: 0.037951668 | Z78: 0.37776341 | AA78: 0.077652948 | AC78: -0.075353387 | AD78: 0.033205509 | AF78: -0.51756655 | AG78: 0.10251698 | AI78: -0.44221316 | AJ78: 0.10128404
A79: Macao (China) | B79: -0.253576 | C79: 0.017329985 | E79: -0.42232602 | F79: 0.017940506 | H79: -0.16875002 | I79: 0.024597492 | K79: -0.51148538 | L79: 0.027078745 | N79: -0.18190246 | O79: 0.027134219 | Q79: 0.32958292 | R79: 0.035274645 | T79: -0.3646567 | U79: 0.021320757 | W79: -0.31774811 | X79: 0.015763776 | Z79: 0.046908595 | AA79: 0.026687098 | AC79: -0.36049655 | AD79: 0.023043254 | AF79: -0.32055816 | AG79: 0.014610854 | AI79: 0.039938385 | AJ79: 0.027053339
A80: Malaysia | B80: -0.20332461 | C80: 0.01727397 | E80: -0.22634251 | F80: 0.013694898 | H80: -0.023017906 | I80: 0.02066735 | K80: -0.29844548 | L80: 0.021340458 | N80: -0.09777957 | O80: 0.022871805 | Q80: 0.20066591 | R80: 0.031203916 | T80: -0.48024538 | U80: 0.066656231 | W80: -0.1996236 | X80: 0.011265197 | Z80: 0.28062179 | AA80: 0.067444211 | AC80: -0.21515527 | AD80: 0.011476083 | AF80: -0.23387853 | AG80: 0.087800885 | AI80: -0.018723263 | AJ80: 0.087501254
A81: Malta | B81: 0.11262243 | C81: 0.025343686 | E81: 0.073420908 | F81: 0.025530498 | H81: -0.039201522 | I81: 0.03806556 | K81: -0.0047162907 | L81: 0.038767543 | N81: 0.2237833 | O81: 0.030451931 | Q81: 0.22849959 | R81: 0.048890251 | T81: c | U81: c | W81: 0.09373044 | X81: 0.016801716 | Z81: c | AA81: c | AC81: 0.1043608 | AD81: 0.017024543 | AF81: 0.04290386 | AG81: 0.070270058 | AI81: -0.061456935 | AJ81: 0.070642322
A82: Moldova | B82: 0.015266293 | C82: 0.018673832 | E82: 0.10371781 | F82: 0.018360607 | H82: 0.088451514 | I82: 0.022871937 | K82: -0.087624643 | L82: 0.026925882 | N82: 0.20151892 | O82: 0.031636476 | Q82: 0.28914357 | R82: 0.041425883 | T82: 0.063277643 | U82: 0.01576875 | W82: 0.021838886 | X82: 0.050098671 | Z82: -0.041438757 | AA82: 0.053875871 | AC82: 0.069288424 | AD82: 0.015050101 | AF82: -0.11876139 | AG82: 0.1502204 | AI82: -0.18804981 | AJ82: 0.1459592
A83: Montenegro | B83: 0.36303608 | C83: 0.026424362 | E83: 0.3790498 | F83: 0.017149758 | H83: 0.016013721 | I83: 0.03299372 | K83: 0.19519789 | L83: 0.025664201 | N83: 0.49572043 | O83: 0.028491163 | Q83: 0.30052255 | R83: 0.037460514 | T83: 0.23832149 | U83: 0.20223196 | W83: 0.37520585 | X83: 0.013014701 | Z83: 0.13688436 | AA83: 0.20035103 | AC83: 0.37616775 | AD83: 0.014787976 | AF83: 0.26307535 | AG83: 0.069557832 | AI83: -0.1130924 | AJ83: 0.069806563
A84: Morocco | B84: -0.058047966 | C84: 0.025802375 | D84: † | E84: 0.11317123 | F84: 0.023201486 | G84: † | H84: 0.17121919 | I84: 0.025236151 | J84: † | K84: -0.14379133 | L84: 0.038340025 | M84: † | N84: 0.17312064 | O84: 0.030885046 | Q84: 0.31691197 | R84: 0.047992993 | S84: † | T84: -0.17683041 | U84: 0.033098576 | V84: † | W84: 0.19732582 | X84: 0.023594667 | Z84: 0.37415623 | AA84: 0.040770798 | AB84: † | AC84: 0.035717411 | AD84: 0.022061028 | AE84: † | AF84: -0.44487951 | AG84: 0.1841146 | AI84: -0.48059692 | AJ84: 0.18283462 | AK84: †
A85: North Macedonia | B85: 0.41870269 | C85: 0.02470042 | E85: 0.63457598 | F85: 0.024604796 | H85: 0.21587329 | I85: 0.034581411 | K85: 0.30270676 | L85: 0.035710793 | N85: 0.75259101 | O85: 0.03494789 | Q85: 0.44988425 | R85: 0.052873943 | T85: c | U85: c | W85: 0.52243182 | X85: 0.017522604 | Z85: c | AA85: c | AC85: 0.55058717 | AD85: 0.018938645 | AF85: 0.28079166 | AG85: 0.17115595 | AI85: -0.26979551 | AJ85: 0.17302885
A86: Panama | B86: 0.37004762 | C86: 0.031471765 | D86: † | E86: 0.46197182 | F86: 0.023580901 | G86: † | H86: 0.091924193 | I86: 0.038953407 | J86: † | K86: 0.21041471 | L86: 0.065278389 | M86: ‡ | N86: 0.54673041 | O86: 0.036334464 | P86: † | Q86: 0.3363157 | R86: 0.077080688 | S86: ‡ | T86: 0.23920575 | U86: 0.059480871 | V86: ‡ | W86: 0.47388246 | X86: 0.01989511 | Y86: † | Z86: 0.23467672 | AA86: 0.063533499 | AB86: ‡ | AC86: 0.42999419 | AD86: 0.019697577 | AE86: † | AF86: 0.26413262 | AG86: 0.10665887 | AH86: † | AI86: -0.16586157 | AJ86: 0.11117481 | AK86: †
A87: Peru | B87: 0.27139135 | C87: 0.021336965 | D87: † | E87: 0.25853068 | F87: 0.022152487 | G87: † | H87: -0.012860675 | I87: 0.030077188 | J87: † | K87: 0.12787777 | L87: 0.039008033 | M87: ‡ | N87: 0.35313797 | O87: 0.024187954 | Q87: 0.2252602 | R87: 0.04278942 | S87: ‡ | T87: 0.10574706 | U87: 0.04504981 | V87: ‡ | W87: 0.29305583 | X87: 0.017115059 | Z87: 0.18730876 | AA87: 0.048827895 | AB87: ‡ | AC87: 0.26797259 | AD87: 0.015644214 | AE87: † | AF87: c | AG87: c | AI87: c | AJ87: c
A88: Philippines | B88: -0.046850009 | C88: 0.021823145 | E88: 0.072003045 | F88: 0.021381049 | H88: 0.11885305 | I88: 0.025396297 | K88: -0.21135492 | L88: 0.031313767 | N88: 0.21664752 | O88: 0.026310123 | Q88: 0.42800243 | R88: 0.041128662 | T88: 0.015811286 | U88: 0.01765346 | W88: 0.068351279 | X88: 0.10091782 | Z88: 0.052539992 | AA88: 0.10241841 | AC88: 0.042605923 | AD88: 0.017131777 | AF88: -0.58654811 | AG88: 0.11612249 | AI88: -0.62915403 | AJ88: 0.11539301
A89: Qatar | B89: 0.017489082 | C89: 0.015554524 | E89: 0.11140676 | F89: 0.013223416 | H89: 0.093917678 | I89: 0.019612954 | K89: -0.12284202 | L89: 0.019682642 | N89: 0.24658263 | O89: 0.020902771 | Q89: 0.36942465 | R89: 0.028409038 | T89: -0.026126064 | U89: 0.024556459 | W89: 0.094872555 | X89: 0.011517375 | Z89: 0.12099862 | AA89: 0.027053023 | AC89: -0.0006203553 | AD89: 0.017805828 | AF89: 0.12497667 | AG89: 0.012409134 | AI89: 0.12559703 | AJ89: 0.021206954
A90: Romania | B90: 0.12636862 | C90: 0.023159354 | E90: 0.16216835 | F90: 0.019786946 | H90: 0.035799723 | I90: 0.027879255 | K90: -0.056711347 | L90: 0.029714179 | N90: 0.32788607 | O90: 0.02677296 | Q90: 0.38459742 | R90: 0.039046568 | T90: -0.10202481 | U90: 0.097731524 | W90: 0.16090915 | X90: 0.015995913 | Z90: 0.26293395 | AA90: 0.098800047 | AC90: 0.1473123 | AD90: 0.018420818 | AF90: c | AG90: c | AI90: c | AJ90: c
A91: Russia | B91: -0.27001247 | C91: 0.016513541 | E91: -0.33271776 | F91: 0.021943966 | H91: -0.062705292 | I91: 0.027367758 | K91: -0.42648722 | L91: 0.020295625 | N91: -0.14229679 | O91: 0.021775905 | Q91: 0.28419044 | R91: 0.028377584 | T91: -0.31192223 | U91: 0.014018143 | W91: -0.22727194 | X91: 0.034432773 | Z91: 0.084650291 | AA91: 0.035418884 | AC91: -0.29955503 | AD91: 0.014689362 | AF91: -0.31966102 | AG91: 0.039497004 | AI91: -0.020105986 | AJ91: 0.041920137
A92: Saudi Arabia | B92: 0.11487597 | C92: 0.036095292 | E92: 0.44391372 | F92: 0.022789255 | H92: 0.32903775 | I92: 0.03850708 | K92: 0.068356231 | L92: 0.039523617 | N92: 0.50529419 | O92: 0.043720951 | Q92: 0.43693796 | R92: 0.054488422 | T92: 0.11524099 | U92: 0.048460961 | W92: 0.3168253 | X92: 0.024425945 | Z92: 0.20158432 | AA92: 0.053521193 | AC92: 0.29513027 | AD92: 0.024677184 | AF92: 0.40762251 | AG92: 0.036404474 | AI92: 0.11249224 | AJ92: 0.044293604
A93: Serbia | B93: 0.28459174 | C93: 0.026432811 | E93: 0.43273379 | F93: 0.023595018 | H93: 0.14814206 | I93: 0.036944353 | K93: 0.20054608 | L93: 0.032723081 | N93: 0.51605608 | O93: 0.039609137 | Q93: 0.31551 | R93: 0.053305232 | T93: c | U93: c | W93: 0.36458569 | X93: 0.016926743 | Z93: c | AA93: c | AC93: 0.35828163 | AD93: 0.018568636 | AF93: 0.40093205 | AG93: 0.052696974 | AI93: 0.042650416 | AJ93: 0.056756329
A94: Singapore | B94: 0.11737492 | C94: 0.017542552 | E94: -0.0087082948 | F94: 0.014957985 | H94: -0.12608322 | I94: 0.020290042 | K94: -0.0083318181 | L94: 0.024177808 | N94: 0.14836934 | O94: 0.023314623 | Q94: 0.15670116 | R94: 0.033263436 | T94: 0.031165326 | U94: 0.12489419 | W94: 0.053909712 | X94: 0.01285657 | Z94: 0.022744386 | AA94: 0.12625388 | AC94: 0.030601795 | AD94: 0.014783728 | AF94: 0.13121226 | AG94: 0.023032717 | AI94: 0.10061046 | AJ94: 0.025161395
A95: Chinese Taipei | B95: -0.14501112 | C95: 0.018788682 | E95: -0.26122645 | F95: 0.01615946 | H95: -0.11621533 | I95: 0.024719494 | K95: -0.35101611 | L95: 0.020105429 | N95: -0.044546532 | O95: 0.02618673 | Q95: 0.30646958 | R95: 0.032182352 | T95: -0.16399892 | U95: 0.019996293 | W95: -0.2248472 | X95: 0.014987671 | Z95: -0.060848278 | AA95: 0.024656685 | AC95: -0.20423948 | AD95: 0.012476449 | AF95: -0.20908748 | AG95: 0.14825473 | AI95: -0.004848 | AJ95: 0.14974291
A96: Thailand | B96: -0.013084217 | C96: 0.019867895 | E96: 0.06346069 | F96: 0.019165792 | H96: 0.076544907 | I96: 0.022242541 | K96: -0.10992421 | L96: 0.022346998 | N96: 0.21414395 | O96: 0.027977152 | Q96: 0.32406816 | R96: 0.037966105 | T96: -0.094682971 | U96: 0.029325814 | W96: 0.059737105 | X96: 0.017308872 | Z96: 0.15442008 | AA96: 0.032182764 | AC96: 0.034024178 | AD96: 0.015142145 | AF96: -0.066820364 | AG96: 0.18489734 | AI96: -0.10084454 | AJ96: 0.18185132
A97: Ukraine | B97: -0.056431346 | C97: 0.021444724 | E97: -2.1610205e-05 | F97: 0.021154596 | H97: 0.056409736 | I97: 0.029436332 | K97: -0.23862646 | L97: 0.023861003 | N97: 0.19513908 | O97: 0.031770209 | Q97: 0.43376554 | R97: 0.037237667 | T97: m | U97: m | W97: -0.029336095 | X97: 0.015454057 | Z97: m | AA97: m | AC97: -0.022942819 | AD97: 0.01506585 | AF97: -0.010812848 | AG97: 0.11424109 | AI97: 0.012129971 | AJ97: 0.11282858
A98: United Arab Emirates | B98: 0.2439532 | C98: 0.015785137 | E98: 0.3684039 | F98: 0.020039004 | H98: 0.1244507 | I98: 0.024192961 | K98: 0.22798043 | L98: 0.022487313 | N98: 0.40384672 | O98: 0.038925666 | Q98: 0.17586628 | R98: 0.051341084 | T98: 0.12357015 | U98: 0.027322509 | W98: 0.33251727 | X98: 0.015251475 | Z98: 0.20894712 | AA98: 0.034696317 | AC98: 0.31605247 | AD98: 0.015559239 | AF98: 0.32247322 | AG98: 0.019298125 | AI98: 0.0064207446 | AJ98: 0.024054155
A99: Uruguay | B99: 0.22860075 | C99: 0.022201545 | D99: † | E99: 0.06230315 | F99: 0.026510442 | H99: -0.1662976 | I99: 0.037122661 | J99: † | K99: -0.015338696 | L99: 0.041143984 | M99: † | N99: 0.28977972 | O99: 0.035930113 | Q99: 0.30511841 | R99: 0.057509315 | S99: † | T99: 0.0086250242 | U99: 0.041038433 | V99: † | W99: 0.19321769 | X99: 0.019733679 | Z99: 0.18459266 | AA99: 0.048485276 | AB99: † | AC99: 0.13763462 | AD99: 0.015912427 | AF99: 0.28709771 | AG99: 0.18130169 | AH99: † | AI99: 0.14946309 | AJ99: 0.18111259 | AK99: †
A100: Viet Nam | B100: m | C100: m | E100: m | F100: m | H100: m | I100: m | K100: m | L100: m | N100: m | O100: m | Q100: m | R100: m | T100: m | U100: m | W100: m | X100: m | Z100: m | AA100: m | AC100: m | AD100: m | AF100: m | AG100: m | AI100: m | AJ100: m
A105: Information on data for Cyprus: https://oe.cd/cyprus-disclaimer
A106: *Data did not meet the PISA technical standards but were accepted as largely comparable (see Annexes A2 and A4).
A108: 1. A socio-economically disadvantaged (advantaged) student is a student in the bottom (top) quarter of the PISA index of economic, social and cultural status (ESCS) in his or her own country/economy.
A109: Notes: Values that are statistically significant are indicated in bold (see Annex A3).
...

Sheet Table III.B1.13.6
A1: PISA 2018 Results (Volume III) - © OECD 2019
A2: Annex B1 | B2: Annex B1.13 Results (tables): Students' self-efficacy and fear of failure
A3: Version 2 - Last updated: 24-Jul-2020
A4: Disclaimer: http://oe.cd/disclaimer
A6: Annex B1 | B6: Annex B1.13 Results (tables): Students' self-efficacy and fear of failure
A7: Version 2 - Last updated: 02-Dec-2019
A8: Disclaimer: http://oe.cd/disclaimer
A10: Table III.B1.13.6
A11: Index of fear of failure, by student characteristics
A12: Based on students' reports
B15: Index of fear of failure,1 by the following student characteristics:
B16: Gender | K16: Socio-economic status2 | T16: Education level | AC16: Immigrant background
B17: Boys | E17: Girls | H17: Girls - boys | K17: Disadvantaged students | N17: Advantaged students | Q17: Advantaged -disadvantaged | T17: Lower secondary (ISCED 2) | W17: Upper secondary (ISCED 3) | Z17: ISCED 3 - ISCED 2 | AC17: Non-immigrant students | AF17: Immigrant students | AI17: Immigrant - non-immigrant
B18: Mean index | C18: S.E. | E18: Mean index | F18: S.E. | H18: Dif. | I18: S.E. | K18: Mean index | L18: S.E. | N18: Mean index | O18: S.E. | Q18: Dif. | R18: S.E. | T18: Mean index | U18: S.E. | W18: Mean index | X18: S.E. | Z18: Dif. | AA18: S.E. | AC18: Mean index | AD18: S.E. | AF18: Mean index | AG18: S.E. | AI18: Dif. | AJ18: S.E.
A19: OECD
A20: Australia | B20: 0.015100969 | C20: 0.013825965 | E20: 0.45648561 | F20: 0.012261087 | H20: 0.44138464 | I20: 0.018084677 | K20: 0.19417892 | L20: 0.020255956 | N20: 0.27706937 | O20: 0.022050689 | Q20: 0.082890454 | R20: 0.0280488 | T20: 0.22677491 | U20: 0.010445008 | W20: 0.29856463 | X20: 0.039047511 | Z20: 0.071789718 | AA20: 0.04196502 | AC20: 0.23329733 | AD20: 0.012604494 | AF20: 0.24097676 | AG20: 0.021340277 | AI20: 0.0076794272 | AJ20: 0.026841926
A21: Austria | B21: -0.42366198 | C21: 0.016102405 | E21: -0.099147494 | F21: 0.022444912 | H21: 0.32451448 | I21: 0.026883736 | K21: -0.27064887 | L21: 0.030693304 | N21: -0.277054 | O21: 0.024928147 | Q21: -0.0064051246 | R21: 0.042399218 | T21: m | U21: m | W21: m | X21: m | Z21: m | AA21: m | AC21: -0.24472969 | AD21: 0.017168993 | AF21: -0.30948405 | AG21: 0.028236825 | AI21: -0.064754354 | AJ21: 0.032953564
A22: Belgium (Flemish) | B22: -0.39442136 | C22: 0.018744847 | E22: 0.0077234666 | F22: 0.021559412 | H22: 0.40214483 | I22: 0.026573793 | K22: -0.23500397 | L22: 0.034447792 | N22: -0.12509901 | O22: 0.028207037 | Q22: 0.10990496 | R22: 0.041048473 | T22: -0.30183207 | U22: 0.14863757 | V22: ‡ | W22: -0.18966214 | X22: 0.016228706 | Z22: 0.11216993 | AA22: 0.14680525 | AB22: ‡ | AC22: -0.18010148 | AD22: 0.018228016 | AF22: -0.27210655 | AG22: 0.035738775 | AI22: -0.092005074 | AJ22: 0.038707594
A23: Canada | B23: 0.005073847 | C23: 0.014523943 | E23: 0.53304968 | F23: 0.015145119 | H23: 0.52797584 | I23: 0.020300976 | K23: 0.20141059 | L23: 0.019836342 | N23: 0.35875506 | O23: 0.021778735 | Q23: 0.15734447 | R23: 0.028861058 | T23: 0.06576494 | U23: 0.020323679 | W23: 0.2959082 | X23: 0.012053937 | Z23: 0.23014326 | AA23: 0.024493768 | AC23: 0.25275718 | AD23: 0.013522333 | AF23: 0.31688189 | AG23: 0.017862416 | AI23: 0.064124712 | AJ23: 0.022204212
A24: Chile | B24: -0.01769909 | C24: 0.019530817 | E24: 0.18718803 | F24: 0.020603226 | H24: 0.20488712 | I24: 0.028030621 | K24: 0.0080437489 | L24: 0.023234288 | N24: 0.15183169 | O24: 0.025781476 | Q24: 0.14378794 | R24: 0.032619942 | T24: 0.067120305 | U24: 0.095186935 | W24: 0.085267692 | X24: 0.015267741 | Z24: 0.018147388 | AA24: 0.098117342 | AC24: 0.085398677 | AD24: 0.014722302 | AF24: 0.11064927 | AG24: 0.077553074 | AI24: 0.025250595 | AJ24: 0.081270912
A25: Colombia | B25: -0.27584498 | C25: 0.017922979 | E25: -0.11608648 | F25: 0.020464868 | H25: 0.1597585 | I25: 0.027768922 | K25: -0.16487274 | L25: 0.027772779 | N25: -0.19786259 | O25: 0.026339782 | Q25: -0.032989852 | R25: 0.037379855 | T25: -0.16668055 | U25: 0.019844682 | W25: -0.20975792 | X25: 0.018233893 | Z25: -0.043077365 | AA25: 0.027576953 | AC25: -0.19807405 | AD25: 0.013744191 | AF25: 0.29197304 | AG25: 0.25991142 | AI25: 0.49004709 | AJ25: 0.2624276
A26: Czech Republic | B26: -0.23222604 | C26: 0.019342402 | E26: 0.14717084 | F26: 0.019273226 | H26: 0.37939689 | I26: 0.027420624 | K26: -0.088608836 | L26: 0.034482395 | N26: -0.013304022 | O26: 0.023513517 | Q26: 0.075304814 | R26: 0.043807476 | T26: -0.078401431 | U26: 0.02164112 | W26: -0.01044985 | X26: 0.020838977 | Z26: 0.067951581 | AA26: 0.030462426 | AC26: -0.042134993 | AD26: 0.014974679 | AF26: -0.099899825 | AG26: 0.066075179 | AI26: -0.057764832 | AJ26: 0.065160467
A27: Denmark | B27: -0.30537709 | C27: 0.018113424 | E27: 0.26304996 | F27: 0.018355737 | H27: 0.56842705 | I27: 0.027630206 | K27: -0.017299039 | L27: 0.026095869 | N27: -0.048278726 | O27: 0.033555016 | Q27: -0.030979687 | R27: 0.046698015 | T27: -0.019898272 | U27: 0.011237542 | W27: c | X27: c | Z27: c | AA27: c | AC27: -0.016777587 | AD27: 0.012516654 | AF27: -0.0043109058 | AG27: 0.036872819 | AI27: 0.012466681 | AJ27: 0.039217844
A28: Estonia | B28: -0.39946081 | C28: 0.019333228 | E28: 0.049516587 | F28: 0.021189708 | H28: 0.44897739 | I28: 0.029180476 | K28: -0.18875717 | L28: 0.029146684 | N28: -0.15729002 | O28: 0.02952844 | Q28: 0.031467153 | R28: 0.042302349 | T28: -0.17192834 | U28: 0.014882644 | W28: -0.2805641 | X28: 0.10778059 | Z28: -0.10863576 | AA28: 0.11093173 | AC28: -0.16243616 | AD28: 0.015719444 | AF28: -0.24964195 | AG28: 0.037623208 | AI28: -0.087205785 | AJ28: 0.040584515
A29: Finland | B29: -0.46233647 | C29: 0.017441121 | E29: 0.076774326 | F29: 0.016678966 | H29: 0.53911079 | I29: 0.025609802 | K29: -0.22578022 | L29: 0.028182065 | N29: -0.16465158 | O29: 0.02451641 | Q29: 0.061128637 | R29: 0.040092367 | T29: -0.19362744 | U29: 0.011375974 | W29: c | X29: c | Z29: c | AA29: c | AC29: -0.19266051 | AD29: 0.011963894 | AF29: -0.17272606 | AG29: 0.069509772 | AI29: 0.019934448 | AJ29: 0.071923548
A30: France | B30: -0.17901603 | C30: 0.023816758 | E30: 0.29707848 | F30: 0.020364833 | H30: 0.47609451 | I30: 0.033210404 | K30: 0.00067559524 | L30: 0.029692313 | N30: 0.095555297 | O30: 0.02713176 | Q30: 0.094879701 | R30: 0.037619624 | T30: 0.057072217 | U30: 0.038227328 | W30: 0.059466969 | X30: 0.016403964 | Z30: 0.0023947513 | AA30: 0.042579503 | AC30: 0.073188596 | AD30: 0.015631974 | AF30: -0.017507964 | AG30: 0.04715752 | AI30: -0.090696561 | AJ30: 0.050663048
