Workbook

Sheet TOC
A1: PISA 2018 Results (Volume III) - © OECD 2019
A2: Annex B1 | B2: Annex B1.11 Results (tables): Students' life satisfaction and meaning in life
A3: Version 2 - Last updated: 02-Dec-2019
A4: Disclaimer: http://oe.cd/disclaimer
A6: TOC | B6: PISA 2018 Results - Volume III
A8: Chapter 11 | B8: Students' life satisfaction and sense of meaning in life
A9: Tables
A11: ='Table III.B1.11.1'!A6 -> Table III.B1.11.1 | B11: ='Table III.B1.11.1'!$A$7 -> Students' life satisfaction
A12: ='Table III.B1.11.2'!A6 -> Table III.B1.11.2 | B12: ='Table III.B1.11.2'!$A$7 -> Change between 2015 and 2018 in students' levels of life satisfaction
A13: ='Table III.B1.11.3'!A6 -> Table III.B1.11.3 | B13: ='Table III.B1.11.3'!$A$7 -> Prevalence of students who are not satisfied with life
A14: ='Table III.B1.11.4'!A6 -> Table III.B1.11.4 | B14: ='Table III.B1.11.4'!$A$7 -> Satisfied students, by student characteristics
A15: ='Table III.B1.11.5'!A6 -> Table III.B1.11.5 | B15: ='Table III.B1.11.5'!$A$7 -> Students who are not satisfied with life, by student characteristics
A16: ='Table III.B1.11.6'!A6 -> Table III.B1.11.6 | B16: ='Table III.B1.11.6'!$A$7 -> Students who are satisfied with life, by school characteristics
A17: ='Table III.B1.11.7'!A6 -> Table III.B1.11.7 | B17: ='Table III.B1.11.7'!$A$7 -> Students' life satisfaction and reading performance
A18: ='Table III.B1.11.8'!A6 -> Table III.B1.11.8 | B18: ='Table III.B1.11.8'!$A$7 -> School-level life satisfaction and reading performance
A19: ='Table III.B1.11.9'!A6 -> Table III.B1.11.9 | B19: ='Table III.B1.11.9'!$A$7 -> Change between 2015 and 2018 in students' average life satisfaction, by student characteristics
A20: ='Table III.B1.11.10'!A6 -> Table III.B1.11.10 | B20: ='Table III.B1.11.10'!$A$7 -> Students' satisfaction with life and school climate
A21: ='Table III.B1.11.11'!A6 -> Table III.B1.11.11 | B21: ='Table III.B1.11.11'!$A$7 -> Time spent on the Internet outside of school in 2012, 2015, 2018
A22: ='Table III.B1.11.12'!A6 -> Table III.B1.11.12 | B22: ='Table III.B1.11.12'!$A$7 -> Change between 2015 and 2018 in the relationship between Internet time and life satisfaction
A23: ='Table III.B1.11.13'!A6 -> Table III.B1.11.13 | B23: ='Table III.B1.11.13'!$A$7 -> Students' life satisfaction, by attitudes towards using the Internet
A24: ='Table III.B1.11.14'!A6 -> Table III.B1.11.14 | B24: ='Table III.B1.11.14'!$A$7 -> Students' sense of meaning in life
A25: ='Table III.B1.11.15'!A6 -> Table III.B1.11.15 | B25: ='Table III.B1.11.15'!$A$7 -> Index of meaning in life, by student characteristics
A26: ='Table III.B1.11.16'!A6 -> Table III.B1.11.16 | B26: ='Table III.B1.11.16'!$A$7 -> Index of meaning in life, by school characteristics
A27: ='Table III.B1.11.17'!A6 -> Table III.B1.11.17 | B27: ='Table III.B1.11.17'!$A$7 -> Students' sense of meaning in life and school climate
A28: ='Table III.B1.11.18'!A6 -> Table III.B1.11.18 | B28: ='Table III.B1.11.18'!$A$7 -> Students' sense of meaning in life and reading performance
A29: ='Table III.B1.11.19'!A6 -> Table III.B1.11.19 | B29: ='Table III.B1.11.19'!$A$7 -> Individual components of students' sense of meaning in life and reading performance
A30: ='Table III.B1.11.20'!A6 -> Table III.B1.11.20 | B30: ='Table III.B1.11.20'!$A$7 -> Students' sense of meaning in life, by student truancy and lateness
A31: ='Table III.B1.11.21'!A6 -> Table III.B1.11.21 | B31: ='Table III.B1.11.21'!$A$7 -> Students' satisfaction with life and sense of meaning in life
A34: Symbols for missing data
A35: c: There were too few observations to provide reliable estimates (i.e. there were fewer than 30 students or fewer than 5 schools with valid data).
A36: m: Data are not available. There are no observations in the sample; these data were not collected by the country; or these data were collected but subsequently removed from the publication for technical reasons.
A37: w: Results were withdrawn at the request of the country concerned.

Sheet INFORMATION ON SCALED INDICES
A1: PISA 2018 Results (Volume III) - © OECD 2019
A2: Annex B1 | B2: Annex B1.11 Results (tables): Students' life satisfaction and meaning in life
A3: Version 2 - Last updated: 02-Dec-2019
A4: Disclaimer: http://oe.cd/disclaimer
A6: Information on scaled indices used in PISA 2015 Results (Volume III): What School Life Means for Students’ Lives
A11: Full name of the index | B11: Name in dataset | C11: Questionnaire | D11: Item 1 | E11: Item 2 | F11: Item 3 | G11: Item 4 | H11: Item 5 | I11: Item 6 | J11: Item 7
A12: Adaptive instruction | B12: adaptivity | C12: Student | D12: ST212Q01HA | E12: ST212Q02HA | F12: ST212Q03HA
A13: Attitudes towards competition | B13: compete | C13: Student | D13: ST181Q02HA | E13: ST181Q03HA | F13: ST181Q04HA
A14: Enjoyment of reading | B14: joyread | C14: Student | D14: ST160Q01IR | E14: ST160Q02IA | F14: ST160Q03IA | G14: ST160Q04IR | H14: ST160Q05IR
A15: Exposure to bullying | B15: beingbullied | C15: Student | D15: ST038Q03NA | E15: ST038Q04NA | F15: ST038Q05NA
A16: Fear of failure | B16: gfofail | C16: Student | D16: ST183Q01HA | E16: ST183Q02HA | F16: ST183Q03HA
A17: Disciplinary climate | B17: disclima | C17: Student | D17: ST097Q01TA | E17: ST097Q02TA | F17: ST097Q03TA | G17: ST097Q04TA | H17: ST097Q05TA
A18: Learning goals | B18: mastgoal | C18: Student | D18: ST208Q01HA | E18: ST208Q02HA | F18: ST208Q04HA
A19: Meaning in life | B19: eudmo | C19: Student | D19: ST185Q01HA | E19: ST185Q02HA | F19: ST185Q03HA
A20: Motivation to master tasks | B20: workmast | C20: Student | D20: ST182Q03HA | E20: ST182Q04HA | F20: ST182Q05HA
A21: Parents’ emotional support | B21: emosups | C21: Student | D21: ST123Q02NA | E21: ST123Q03NA | F21: ST123Q04NA
A22: Parents’ perceived school quality | B22: pqschool | C22: Parent | D22: PA007Q01TR | E22: PA007Q02TR | F22: PA007Q03TR | G22: PA007Q04TR | H22: PA007Q05TR | I22: PA007Q06TR | J22: PA007Q07TR
A23: Positive feelings | B23: swbp | C23: Student | D23: ST186Q01HA | E23: ST186Q03HA | F23: ST186Q05HA
A24: School policies for parental involvement | B24: paschpol | C24: Parent | D24: PA007Q09NR | E24: PA007Q11NR | F24: PA007Q12NR | G24: PA007Q13NR | H24: PA007Q14NR | I24: PA007Q15NR
A25: Self-efficacy | B25: resilience | C25: Student | D25: ST188Q01HA | E25: ST188Q02HA | F25: ST188Q03HA | G25: ST188Q06HA | H25: ST188Q07HA
A26: Sense of belonging | B26: belong | C26: Student | D26: ST034Q01TA | E26: ST034Q02TR | F26: ST034Q03TR | G26: ST034Q04TA | H26: ST034Q05TR | I26: ST034Q06TA
A27: Shortage of educational staff | B27: staffshort | C27: School | D27: SC017Q01NA | E27: SC017Q02NA | F27: SC017Q03NA | G27: SC017Q04NA
A28: Student competition | B28: percomp | C28: Student | D28: ST205Q01HA | E28: ST205Q02HA | F28: ST205Q03HA
A29: Student co-operation | B29: percoop | C29: Student | D29: ST206Q01HA | E29: ST206Q02HA | F29: ST206Q03HA
A30: Teacher behaviour hindering learning | B30: teachbeha | C30: School | D30: SC061Q06TA | E30: SC061Q07TA | F30: SC061Q08TA | G30: SC061Q09TA | H30: SC061Q10TA
A31: Teacher enthusiasm | B31: teachint | C31: Student | D31: ST213Q01HA | E31: ST213Q02HA | F31: ST213Q03HA | G31: ST213Q04HA
A32: Teacher feedback | B32: perfeed | C32: Student | D32: ST104Q02NA | E32: ST104Q03NA | F32: ST104Q04NA
A33: Teacher support | B33: teachsup | C33: Student | D33: ST100Q01TR | E33: ST100Q02TR | F33: ST100Q03TR | G33: ST100Q04TR
A34: Teacher-directed instruction | B34: dirins | C34: Student | D34: ST102Q01TR | E34: ST102Q02TR | F34: ST102Q03TR | G34: ST102Q04TR
A35: Teachers' stimulation of reading engagement | B35: stimread | C35: Student | D35: ST152Q05IA | E35: ST152Q06IA | F35: ST152Q07IA | G35: ST152Q08IA
A36: Value of school | B36: attlnact | C36: Student | D36: ST036Q05TR | E36: ST036Q06TR | F36: ST036Q08TR

Sheet Table III.B1.11.1
A1: PISA 2018 Results (Volume III) - © OECD 2019
A2: Annex B1 | B2: Annex B1.11 Results (tables): Students' life satisfaction and meaning in life
A3: Version 2 - Last updated: 02-Dec-2019
A4: Disclaimer: http://oe.cd/disclaimer
A6: Table III.B1.11.1
A7: Students' life satisfaction
A8: Based on students' reports
B12: Average life satisfaction | H12: Percentage of students who reported the following levels of life satisfaction:
B13: All students | E13: Variability | H13: 0-Not at all satisfied | K13: 1 | N13: 2 | Q13: 3 | T13: 4 | W13: 5 | Z13: 6 | AC13: 7 | AF13: 8 | AI13: 9 | AL13: 10-Completely satisfied
B14: Mean index | C14: S.E. | E14: S.D. | F14: S.E. | H14: % | I14: S.E. | K14: % | L14: S.E. | N14: % | O14: S.E. | Q14: % | R14: S.E. | T14: % | U14: S.E. | W14: % | X14: S.E. | Z14: % | AA14: S.E. | AC14: % | AD14: S.E. | AF14: % | AG14: S.E. | AI14: % | AJ14: S.E. | AL14: % | AM14: S.E.
A15: OECD
A16: Australia | B16: m | C16: m | E16: m | F16: m | H16: m | I16: m | K16: m | L16: m | N16: m | O16: m | Q16: m | R16: m | T16: m | U16: m | W16: m | X16: m | Z16: m | AA16: m | AC16: m | AD16: m | AF16: m | AG16: m | AI16: m | AJ16: m | AL16: m | AM16: m
A17: Austria | B17: 7.1367697 | C17: 0.043433545 | E17: 2.6001484 | F17: 0.029851469 | H17: 2.3222444 | I17: 0.21904687 | K17: 2.4018177 | L17: 0.19496222 | N17: 3.229879 | O17: 0.30059134 | Q17: 3.8945763 | R17: 0.23296555 | T17: 5.0903936 | U17: 0.30249276 | W17: 6.3810745 | X17: 0.39977783 | Z17: 7.08231 | AA17: 0.32612268 | AC17: 13.269853 | AD17: 0.50687436 | AF17: 19.122226 | AG17: 0.53739491 | AI17: 19.552173 | AJ17: 0.53560526 | AL17: 17.653453 | AM17: 0.62096252
A18: Belgium | B18: m | C18: m | E18: m | F18: m | H18: m | I18: m | K18: m | L18: m | N18: m | O18: m | Q18: m | R18: m | T18: m | U18: m | W18: m | X18: m | Z18: m | AA18: m | AC18: m | AD18: m | AF18: m | AG18: m | AI18: m | AJ18: m | AL18: m | AM18: m
A19: Canada | B19: m | C19: m | E19: m | F19: m | H19: m | I19: m | K19: m | L19: m | N19: m | O19: m | Q19: m | R19: m | T19: m | U19: m | W19: m | X19: m | Z19: m | AA19: m | AC19: m | AD19: m | AF19: m | AG19: m | AI19: m | AJ19: m | AL19: m | AM19: m
A20: Chile | B20: 7.0306785 | C20: 0.045276354 | E20: 2.7188046 | F20: 0.032903685 | H20: 2.9613225 | I20: 0.31042634 | K20: 2.3709231 | L20: 0.17772528 | N20: 2.8506362 | O20: 0.20022922 | Q20: 3.7104982 | R20: 0.20492891 | T20: 5.6921895 | U20: 0.33248975 | W20: 10.327127 | X20: 0.36974355 | Z20: 7.8367694 | AA20: 0.3157548 | AC20: 11.487251 | AD20: 0.46151723 | AF20: 15.484837 | AG20: 0.52581701 | AI20: 14.63476 | AJ20: 0.45215114 | AL20: 22.643685 | AM20: 0.65622805
A21: Colombia | B21: 7.6188194 | C21: 0.045362852 | E21: 2.6594104 | F21: 0.033568395 | H21: 2.4567092 | I21: 0.24276229 | K21: 1.8735089 | L21: 0.22347694 | N21: 2.3262101 | O21: 0.18678926 | Q21: 2.7936158 | R21: 0.23065904 | T21: 4.050952 | U21: 0.28736618 | W21: 7.8267317 | X21: 0.35707105 | Z21: 5.6912459 | AA21: 0.29835106 | AC21: 9.2199656 | AD21: 0.40073687 | AF21: 15.428183 | AG21: 0.53124575 | AI21: 13.803782 | AJ21: 0.48307542 | AL21: 34.529097 | AM21: 0.87713018
A22: Czech Republic | B22: 6.9143272 | C22: 0.04744092 | E22: 2.6583533 | F22: 0.028331959 | H22: 2.700043 | I22: 0.21692674 | K22: 2.9546437 | L22: 0.23905447 | N22: 3.1295418 | O22: 0.2481607 | Q22: 4.0895764 | R22: 0.27952108 | T22: 5.1605796 | U22: 0.30553031 | W22: 8.6501886 | X22: 0.41215576 | Z22: 8.562081 | AA22: 0.3897686 | AC22: 13.303188 | AD22: 0.49946975 | AF22: 18.557275 | AG22: 0.5318771 | AI22: 15.824825 | AJ22: 0.54437422 | AL22: 17.068058 | AM22: 0.72759029
A23: Denmark | B23: m | C23: m | E23: m | F23: m | H23: m | I23: m | K23: m | L23: m | N23: m | O23: m | Q23: m | R23: m | T23: m | U23: m | W23: m | X23: m | Z23: m | AA23: m | AC23: m | AD23: m | AF23: m | AG23: m | AI23: m | AJ23: m | AL23: m | AM23: m
A24: Estonia | B24: 7.1902235 | C24: 0.036984322 | E24: 2.4065945 | F24: 0.031064241 | H24: 1.7064287 | I24: 0.19034747 | K24: 1.7256654 | L24: 0.18750025 | N24: 2.461099 | O24: 0.26680426 | Q24: 3.1998702 | R24: 0.26289603 | T24: 5.3839636 | U24: 0.355113 | W24: 7.1182783 | X24: 0.34523778 | Z24: 8.5916179 | AA24: 0.43107874 | AC24: 15.049063 | AD24: 0.53847199 | AF24: 20.1778 | AG24: 0.55476549 | AI24: 18.530054 | AJ24: 0.64371159 | AL24: 16.05616 | AM24: 0.63285434
A25: Finland | B25: 7.6149144 | C25: 0.032945979 | E25: 2.1802721 | F25: 0.030614104 | H25: 1.0511253 | I25: 0.13278733 | K25: 1.3328563 | L25: 0.15103232 | N25: 1.4985791 | O25: 0.18858362 | Q25: 2.7932284 | R25: 0.19689432 | T25: 3.7176224 | U25: 0.2419033 | W25: 5.4314063 | X25: 0.27820326 | Z25: 6.5449441 | AA25: 0.28881974 | AC25: 11.394656 | AD25: 0.45085413 | AF25: 23.4232 | AG25: 0.54878234 | AI25: 27.787455 | AJ25: 0.6422346 | AL25: 15.024926 | AM25: 0.49728519
A26: France | B26: 7.1863724 | C26: 0.0341046 | E26: 2.2317956 | F26: 0.026660701 | H26: 1.2129879 | I26: 0.12677127 | K26: 1.4623561 | L26: 0.19063052 | N26: 1.7851585 | O26: 0.198899 | Q26: 2.7394005 | R26: 0.22090847 | T26: 4.5798899 | U26: 0.28982087 | W26: 8.675007 | X26: 0.43269446 | Z26: 9.9064664 | AA26: 0.40404078 | AC26: 17.728946 | AD26: 0.47222791 | AF26: 21.374025 | AG26: 0.56290012 | AI26: 16.199473 | AJ26: 0.54586214 | AL26: 14.336289 | AM26: 0.44377411
A27: Germany | B27: 7.0184656 | C27: 0.037607241 | E27: 2.5600242 | F27: 0.032710375 | H27: 2.1189007 | I27: 0.22883587 | K27: 2.2947911 | L27: 0.23028825 | N27: 2.6824431 | O27: 0.24642591 | Q27: 4.9191737 | R27: 0.34028252 | T27: 4.7306285 | U27: 0.34914532 | W27: 8.6597727 | X27: 0.42135817 | Z27: 8.0528081 | AA27: 0.51067421 | AC27: 14.004613 | AD27: 0.5258711 | AF27: 18.824946 | AG27: 0.70715459 | AI27: 16.859952 | AJ27: 0.60813271 | AL27: 16.85197 | AM27: 0.68636298
A28: Greece | B28: 6.9890418 | C28: 0.035741304 | E28: 2.4779131 | F28: 0.027684744 | H28: 2.2141515 | I28: 0.19998916 | K28: 1.9576419 | L28: 0.17974915 | N28: 2.4455394 | O28: 0.17800354 | Q28: 3.7393881 | R28: 0.21800909 | T28: 5.0467068 | U28: 0.29519233 | W28: 8.8508784 | X28: 0.37517265 | Z28: 10.2664 | AA28: 0.4167607 | AC28: 15.951347 | AD28: 0.40735582 | AF28: 18.972226 | AG28: 0.475084 | AI28: 14.196773 | AJ28: 0.42618451 | AL28: 16.358948 | AM28: 0.6837156
A29: Hungary | B29: 7.1161344 | C29: 0.048167882 | E29: 2.5107183 | F29: 0.033872866 | H29: 2.300056 | I29: 0.25342256 | K29: 1.6646106 | L29: 0.17019981 | N29: 2.4637819 | O29: 0.25778831 | Q29: 3.9074013 | R29: 0.28679899 | T29: 5.3428791 | U29: 0.33437982 | W29: 7.8123028 | X29: 0.40974011 | Z29: 8.5942606 | AA29: 0.46964362 | AC29: 14.28805 | AD29: 0.53041725 | AF29: 19.660346 | AG29: 0.52409451 | AI29: 15.661769 | AJ29: 0.63466296 | AL29: 18.304542 | AM29: 0.60959002
A30: Iceland | B30: 7.3387283 | C30: 0.038213343 | E30: 2.3663543 | F30: 0.035143371 | H30: 1.595475 | I30: 0.22757595 | K30: 1.465298 | L30: 0.24137017 | N30: 2.4800648 | O30: 0.25015645 | Q30: 3.2099876 | R30: 0.32322589 | T30: 4.4025711 | U30: 0.34589984 | W30: 5.5770793 | X30: 0.4472272 | Z30: 8.8546392 | AA30: 0.49638439 | AC30: 14.401644 | AD30: 0.68413481 | AF30: 21.495621 | AG30: 0.80558346 | AI30: 18.758754 | AJ30: 0.73297579 | AL30: 17.758866 | AM30: 0.66335172
A31: Ireland | B31: 6.7350315 | C31: 0.045669803 | E31: 2.465357 | F31: 0.026894832 | H31: 2.1523313 | I31: 0.21907147 | K31: 2.0081431 | L31: 0.19149832 | N31: 2.941431 | O31: 0.2068306 | Q31: 4.3738979 | R31: 0.24819073 | T31: 6.960793 | U31: 0.33590489 | W31: 9.402753 | X31: 0.44235799 | Z31: 10.781029 | AA31: 0.44825162 | AC31: 16.046621 | AD31: 0.44401963 | AF31: 19.026341 | AG31: 0.5997702 | AI31: 14.656328 | AJ31: 0.48720182 | AL31: 11.650332 | AM31: 0.46038816
A32: Israel | B32: m | C32: m | E32: m | F32: m | H32: m | I32: m | K32: m | L32: m | N32: m | O32: m | Q32: m | R32: m | T32: m | U32: m | W32: m | X32: m | Z32: m | AA32: m | AC32: m | AD32: m | AF32: m | AG32: m | AI32: m | AJ32: m | AL32: m | AM32: m
A33: Italy | B33: 6.9125324 | C33: 0.037755477 | E33: 2.4279716 | F33: 0.032840996 | H33: 2.4375162 | I33: 0.25231572 | K33: 2.3551181 | L33: 0.20667958 | N33: 2.2265818 | O33: 0.19724521 | Q33: 3.2186985 | R33: 0.21142052 | T33: 5.2416011 | U33: 0.31595392 | W33: 8.5220894 | X33: 0.42955179 | Z33: 8.984655 | AA33: 0.39517965 | AC33: 17.167073 | AD33: 0.55592782 | AF33: 23.338237 | AG33: 0.59529805 | AI33: 14.655625 | AJ33: 0.4042197 | AL33: 11.852805 | AM33: 0.49273798
A34: Japan | B34: 6.178495 | C34: 0.040129555 | E34: 2.5950715 | F34: 0.023205136 | H34: 2.6920245 | I34: 0.22754035 | K34: 3.1050749 | L34: 0.2201449 | N34: 4.1549706 | O34: 0.23508246 | Q34: 6.7828388 | R34: 0.39755562 | T34: 7.9872259 | U34: 0.37096422 | W34: 13.032092 | X34: 0.4861252 | Z34: 11.998572 | AA34: 0.45076022 | AC34: 15.796619 | AD34: 0.53523416 | AF34: 14.626389 | AG34: 0.46184218 | AI34: 8.8442058 | AJ34: 0.4146158 | AL34: 10.979987 | AM34: 0.48763026
A35: Korea | B35: 6.5153678 | C35: 0.042920914 | E35: 2.6146721 | F35: 0.021292677 | H35: 2.0962852 | I35: 0.21089151 | K35: 2.5113183 | L35: 0.1896601 | N35: 4.0622708 | O35: 0.27261461 | Q35: 6.8167983 | R35: 0.30965058 | T35: 7.2973377 | U35: 0.33030171 | W35: 10.154579 | X35: 0.37057477 | Z35: 10.318182 | AA35: 0.38946018 | AC35: 14.761157 | AD35: 0.49116937 | AF35: 15.891903 | AG35: 0.43946461 | AI35: 12.78582 | AJ35: 0.4252321 | AL35: 13.304349 | AM35: 0.57841912
A36: Latvia | B36: 7.162515 | C36: 0.038912507 | E36: 2.377328 | F36: 0.030994494 | H36: 1.6915383 | I36: 0.20793472 | K36: 1.8273345 | L36: 0.2196398 | N36: 2.0637118 | O36: 0.20931968 | Q36: 3.3130515 | R36: 0.28111597 | T36: 4.3153804 | U36: 0.29502203 | W36: 8.8023682 | X36: 0.43830879 | Z36: 9.1734545 | AA36: 0.42331338 | AC36: 15.3641 | AD36: 0.52092387 | AF36: 20.127544 | AG36: 0.64200642 | AI36: 17.740724 | AJ36: 0.61788056 | AL36: 15.580793 | AM36: 0.6205104
A37: Lithuania | B37: 7.6079704 | C37: 0.035318851 | E37: 2.4198969 | F37: 0.029347267 | H37: 1.5747766 | I37: 0.15531479 | K37: 1.839666 | L37: 0.19837629 | N37: 1.9317549 | O37: 0.16181155 | Q37: 2.4611937 | R37: 0.17423066 | T37: 3.8568046 | U37: 0.2743591 | W37: 6.7877886 | X37: 0.30305524 | Z37: 6.1033259 | AA37: 0.37384823 | AC37: 12.131003 | AD37: 0.48705749 | AF37: 17.673798 | AG37: 0.48088063 | AI37: 20.982123 | AJ37: 0.57289924 | AL37: 24.657765 | AM37: 0.59165757
A38: Luxembourg | B38: 7.0387882 | C38: 0.036972096 | E38: 2.4854725 | F38: 0.0272073 | H38: 2.1814429 | I38: 0.22788658 | K38: 2.0434002 | L38: 0.19962824 | N38: 2.419233 | O38: 0.20201933 | Q38: 3.9741677 | R38: 0.28885419 | T38: 5.3261657 | U38: 0.33313399 | W38: 8.457347 | X38: 0.38694627 | Z38: 7.4032723 | AA38: 0.35673087 | AC38: 15.864682 | AD38: 0.53540621 | AF38: 19.853842 | AG38: 0.47830482 | AI38: 17.584565 | AJ38: 0.46302834 | AL38: 14.891882 | AM38: 0.51137699
A39: Mexico | B39: 8.1103486 | C39: 0.035204994 | E39: 2.2068606 | F39: 0.037805061 | H39: 0.99511937 | I39: 0.16918294 | K39: 1.1934866 | L39: 0.15574111 | N39: 1.4678479 | O39: 0.18525133 | Q39: 1.7642148 | R39: 0.24191156 | T39: 2.8264334 | U39: 0.25634548 | W39: 5.6439695 | X39: 0.3396051 | Z39: 3.4945501 | AA39: 0.22158152 | AC39: 7.5744472 | AD39: 0.38382391 | AF39: 19.14725 | AG39: 0.52579937 | AI39: 24.005792 | AJ39: 0.71612452 | AL39: 31.886888 | AM39: 0.7965109
A40: Netherlands* | B40: 7.5015809 | C40: 0.032570798 | E40: 1.7008165 | F40: 0.032234731 | H40: 0.2788229 | I40: 0.095612478 | K40: 0.44272723 | L40: 0.11270334 | N40: 1.0232255 | O40: 0.15165816 | Q40: 1.6581209 | R40: 0.20248622 | T40: 2.2795536 | U40: 0.23987705 | W40: 4.5012058 | X40: 0.35194639 | Z40: 10.358304 | AA40: 0.55337465 | AC40: 22.905621 | AD40: 0.76929128 | AF40: 29.794661 | AG40: 0.72085287 | AI40: 17.353729 | AJ40: 0.64787905 | AL40: 9.4040288 | AM40: 0.54009412
A41: New Zealand | B41: m | C41: m | E41: m | F41: m | H41: m | I41: m | K41: m | L41: m | N41: m | O41: m | Q41: m | R41: m | T41: m | U41: m | W41: m | X41: m | Z41: m | AA41: m | AC41: m | AD41: m | AF41: m | AG41: m | AI41: m | AJ41: m | AL41: m | AM41: m
A42: Norway | B42: m | C42: m | E42: m | F42: m | H42: m | I42: m | K42: m | L42: m | N42: m | O42: m | Q42: m | R42: m | T42: m | U42: m | W42: m | X42: m | Z42: m | AA42: m | AC42: m | AD42: m | AF42: m | AG42: m | AI42: m | AJ42: m | AL42: m | AM42: m
A43: Poland | B43: 6.7419757 | C43: 0.046462114 | E43: 2.6494714 | F43: 0.033028978 | H43: 3.1185217 | I43: 0.26267345 | K43: 2.5419746 | L43: 0.24026283 | N43: 3.389621 | O43: 0.28836227 | Q43: 4.5111634 | R43: 0.28794921 | T43: 5.8055098 | U43: 0.40076295 | W43: 8.8091129 | X43: 0.38848556 | Z43: 9.9458245 | AA43: 0.38469108 | AC43: 15.010562 | AD43: 0.64253927 | AF43: 17.451046 | AG43: 0.5359658 | AI43: 14.448633 | AJ43: 0.54009591 | AL43: 14.968031 | AM43: 0.62474033
A44: Portugal* | B44: 7.1275473 | C44: 0.037443767 | E44: 2.2120668 | F44: 0.027394154 | H44: 1.1395997 | I44: 0.15590768 | K44: 1.5546358 | L44: 0.20226931 | N44: 1.4789247 | O44: 0.17283485 | Q44: 3.1863385 | R44: 0.24806588 | T44: 4.7665493 | U44: 0.35797058 | W44: 9.5467464 | X44: 0.49896657 | Z44: 9.4429573 | AA44: 0.42761485 | AC44: 17.12234 | AD44: 0.52134061 | AF44: 23.026231 | AG44: 0.56673964 | AI44: 16.197449 | AJ44: 0.54361924 | AL44: 12.538229 | AM44: 0.50454964
A45: Slovak Republic | B45: 7.2181038 | C45: 0.039495828 | E45: 2.5976235 | F45: 0.026189119 | H45: 2.5062264 | I45: 0.218248 | K45: 2.3319966 | L45: 0.24111431 | N45: 2.3895683 | O45: 0.19820132 | Q45: 3.0395956 | R45: 0.25009843 | T45: 4.8462536 | U45: 0.26155904 | W45: 8.2732019 | X45: 0.37937962 | Z45: 7.0828002 | AA45: 0.41351682 | AC45: 14.075868 | AD45: 0.47774929 | AF45: 17.61319 | AG45: 0.52829996 | AI45: 15.516953 | AJ45: 0.5136284 | AL45: 22.324347 | AM45: 0.63918579
A46: Slovenia | B46: 6.8564174 | C46: 0.040936189 | E46: 2.7399985 | F46: 0.029098648 | H46: 3.3612441 | I46: 0.27204087 | K46: 3.1205552 | L46: 0.25467595 | N46: 3.019549 | O46: 0.24868021 | Q46: 4.5037271 | R46: 0.34560104 | T46: 5.6367941 | U46: 0.34721277 | W46: 7.9565141 | X46: 0.48525023 | Z46: 8.3417668 | AA46: 0.44228495 | AC46: 12.733077 | AD46: 0.45305465 | AF46: 17.21754 | AG46: 0.5578208 | AI46: 17.373632 | AJ46: 0.6287963 | AL46: 16.735601 | AM46: 0.51751362
A47: Spain | B47: 7.3470714 | C47: 0.02118709 | E47: 2.3024172 | F47: 0.018640436 | H47: 1.6959779 | I47: 0.10126035 | K47: 1.5401528 | L47: 0.080327519 | N47: 1.8593248 | O47: 0.094757885 | Q47: 2.6555985 | R47: 0.13961311 | T47: 3.8452247 | U47: 0.15639134 | W47: 6.66477 | X47: 0.16649638 | Z47: 8.1960832 | AA47: 0.23244581 | AC47: 16.407979 | AD47: 0.33387656 | AF47: 21.991647 | AG47: 0.33909023 | AI47: 18.621154 | AJ47: 0.3140447 | AL47: 16.522087 | AM47: 0.39692624
A48: Sweden | B48: 7.0146519 | C48: 0.039868323 | E48: 2.5346618 | F48: 0.032595803 | H48: 2.3892836 | I48: 0.28029044 | K48: 1.7964546 | L48: 0.20277215 | N48: 3.0652259 | O48: 0.24726387 | Q48: 4.2366786 | R48: 0.31531665 | T48: 5.1549541 | U48: 0.33994694 | W48: 7.4217663 | X48: 0.36215108 | Z48: 9.2305596 | AA48: 0.40302847 | AC48: 14.760388 | AD48: 0.4746898 | AF48: 19.380077 | AG48: 0.56291295 | AI48: 16.29321 | AJ48: 0.568688 | AL48: 16.271402 | AM48: 0.56832429
A49: Switzerland | B49: 7.3778008 | C49: 0.040860582 | E49: 2.2616453 | F49: 0.03916598 | H49: 1.3160851 | I49: 0.26582147 | K49: 1.0695954 | L49: 0.1518168 | N49: 2.1765876 | O49: 0.25057012 | Q49: 3.0238581 | R49: 0.31833768 | T49: 4.4359046 | U49: 0.3513401 | W49: 6.1430264 | X49: 0.3905987 | Z49: 8.4561854 | AA49: 0.44851973 | AC49: 15.416058 | AD49: 0.51758748 | AF49: 21.309592 | AG49: 0.62711298 | AI49: 20.830344 | AJ49: 0.57658316 | AL49: 15.822765 | AM49: 0.59682423
A50: Turkey | B50: 5.6202805 | C50: 0.055149357 | E50: 3.0588275 | F50: 0.025048021 | H50: 8.1521025 | I50: 0.40677579 | K50: 5.4729283 | L50: 0.30204189 | N50: 5.2389141 | O50: 0.30773999 | Q50: 6.4382381 | R50: 0.29297103 | T50: 8.4731234 | U50: 0.33241595 | W50: 13.354048 | X50: 0.45812398 | Z50: 9.2615813 | AA50: 0.37606184 | AC50: 11.579084 | AD50: 0.46569737 | AF50: 11.225735 | AG50: 0.42492851 | AI50: 8.3715594 | AJ50: 0.37147982 | AL50: 12.432686 | AM50: 0.55997101
A51: United Kingdom | B51: 6.1636448 | C51: 0.038006237 | E51: 2.6629549 | F51: 0.020477637 | H51: 3.5577142 | I51: 0.23306148 | K51: 3.2719855 | L51: 0.22007877 | N51: 4.6859149 | O51: 0.23538327 | Q51: 6.2850707 | R51: 0.35183936 | T51: 8.470484 | U51: 0.4081982 | W51: 9.8902659 | X51: 0.40235041 | Z51: 11.301131 | AA51: 0.41639735 | AC51: 15.734426 | AD51: 0.53294145 | AF51: 16.579033 | AG51: 0.48394605 | AI51: 11.287589 | AJ51: 0.43021814 | AL51: 8.9363857 | AM51: 0.37144836
A52: United States* | B52: 6.7532365 | C52: 0.045736805 | E52: 2.5623853 | F52: 0.030225712 | H52: 2.0214748 | I52: 0.23990411 | K52: 2.4547502 | L52: 0.24084021 | N52: 3.3469514 | O52: 0.23852426 | Q52: 4.7027217 | R52: 0.28718141 | T52: 6.6590441 | U52: 0.3595378 | W52: 10.055556 | X52: 0.48227296 | Z52: 10.080559 | AA52: 0.40609567 | AC52: 14.067887 | AD52: 0.49615141 | AF52: 18.088991 | AG52: 0.61714858 | AI52: 13.738262 | AJ52: 0.51362786 | AL52: 14.783802 | AM52: 0.60207431
A53: OECD average | B53: 7.0379278 | C53: 0.0073641913 | E53: 2.4748629 | F53: 0.0054607217 | H53: 2.2665844 | I53: 0.041437612 | K53: 2.132847 | L53: 0.037441946 | N53: 2.6764847 | O53: 0.041205798 | Q53: 3.8647563 | R53: 0.049729267 | T53: 5.2461171 | U53: 0.058600252 | W53: 8.2909682 | X53: 0.07292089 | Z53: 8.6646112 | AA53: 0.073705349 | AC53: 14.487252 | AD53: 0.093251717 | AF53: 19.196124 | AG53: 0.10172888 | AI53: 16.436582 | AJ53: 0.09908234 | AL53: 16.737672 | AM53: 0.10868793
A54: Partners
A55: Albania | B55: 8.6094145 | C55: 0.033380412 | E55: 2.0779888 | F55: 0.03803281 | H55: 0.91118686 | I55: 0.13564577 | K55: 0.85016939 | L55: 0.12375186 | N55: 0.8001879 | O55: 0.10847581 | Q55: 1.1368375 | R55: 0.13816883 | T55: 1.5900011 | U55: 0.16198893 | W55: 4.926172 | X55: 0.31053817 | Z55: 3.3751129 | AA55: 0.29058889 | AC55: 6.7592437 | AD55: 0.42769269 | AF55: 11.530487 | AG55: 0.48047444 | AI55: 16.925763 | AJ55: 0.56244462 | AL55: 51.194838 | AM55: 0.81012966
A56: Argentina | B56: 7.2615479 | C56: 0.036061309 | E56: 2.7222904 | F56: 0.03120782 | H56: 3.9224644 | I56: 0.25302092 | K56: 1.8355599 | L56: 0.18216112 | N56: 2.401266 | O56: 0.19575198 | Q56: 3.1121105 | R56: 0.21935821 | T56: 3.6490243 | U56: 0.26115632 | W56: 8.8074468 | X56: 0.39527102 | Z56: 6.5948841 | AA56: 0.34400818 | AC56: 10.809127 | AD56: 0.43297085 | AF56: 18.589305 | AG56: 0.54408946 | AI56: 15.188718 | AJ56: 0.50567022 | AL56: 25.090094 | AM56: 0.56387832
A57: Baku (Azerbaijan) | B57: 7.2379681 | C57: 0.050802269 | E57: 3.1165073 | F57: 0.034425371 | H57: 5.8950498 | I57: 0.36854238 | K57: 3.0461576 | L57: 0.2480877 | N57: 2.4052116 | O57: 0.2274292 | Q57: 2.9160599 | R57: 0.22260543 | T57: 4.4923436 | U57: 0.35397801 | W57: 8.77016 | X57: 0.39586748 | Z57: 5.645879 | AA57: 0.3251909 | AC57: 8.912705 | AD57: 0.42316938 | AF57: 9.7480545 | AG57: 0.4718185 | AI57: 10.560559 | AJ57: 0.45984387 | AL57: 37.60782 | AM57: 0.70216655
A58: Belarus | B58: 8.1035033 | C58: 0.038003398 | E58: 2.0438022 | F58: 0.034434693 | H58: 0.72977602 | I58: 0.10847914 | K58: 0.89207582 | L58: 0.13828179 | N58: 0.80024858 | O58: 0.12704535 | Q58: 1.5638388 | R58: 0.16300055 | T58: 2.3089125 | U58: 0.20920208 | W58: 5.2338766 | X58: 0.32608058 | Z58: 5.0512965 | AA58: 0.31668252 | AC58: 12.369722 | AD58: 0.52295236 | AF58: 19.27489 | AG58: 0.74974044 | AI58: 21.087374 | AJ58: 0.59359638 | AL58: 30.687988 | AM58: 0.72726523
A59: Bosnia and Herzegovina | B59: 7.8402411 | C59: 0.038600038 | E59: 2.5394885 | F59: 0.029142923 | H59: 2.3094491 | I59: 0.19535804 | K59: 1.5470418 | L59: 0.16434891 | N59: 1.6679261 | O59: 0.17870403 | Q59: 2.4647856 | R59: 0.20724267 | T59: 3.0903378 | U59: 0.25494194 | W59: 6.5038709 | X59: 0.34380449 | Z59: 5.9170266 | AA59: 0.35214486 | AC59: 9.4774795 | AD59: 0.42787781 | AF59: 14.280549 | AG59: 0.56499917 | AI59: 16.638086 | AJ59: 0.53186216 | AL59: 36.103447 | AM59: 0.8312366
A60: Brazil | B60: 7.0538903 | C60: 0.032758422 | E60: 2.8683721 | F60: 0.023672237 | H60: 4.0007946 | I60: 0.22436008 | K60: 2.7075862 | L60: 0.20033708 | N60: 2.6746572 | O60: 0.16481818 | Q60: 4.00627 | R60: 0.23570504 | T60: 5.0196224 | U60: 0.2515565 | W60: 10.175091 | X60: 0.33092579 | Z60: 6.5034865 | AA60: 0.28253476 | AC60: 10.228848 | AD60: 0.40790678 | AF60: 14.766913 | AG60: 0.41486089 | AI60: 13.566098 | AJ60: 0.34052885 | AL60: 26.350634 | AM60: 0.54333567
A61: Brunei Darussalam | B61: 5.8006187 | C61: 0.027812799 | E61: 2.4052314 | F61: 0.018633574 | H61: 2.4304034 | I61: 0.20543573 | K61: 2.8961493 | L61: 0.20619886 | N61: 4.3373751 | O61: 0.26261246 | Q61: 7.0042055 | R61: 0.28376529 | T61: 9.6767673 | U61: 0.3745999 | W61: 21.230162 | X61: 0.53056438 | Z61: 10.387533 | AA61: 0.37449465 | AC61: 14.984754 | AD61: 0.39644162 | AF61: 14.131071 | AG61: 0.42427902 | AI61: 6.8623617 | AJ61: 0.29463837 | AL61: 6.0592178 | AM61: 0.25542238
A62: B-S-J-Z (China) | B62: 6.6391293 | C62: 0.038522529 | E62: 2.5143719 | F62: 0.0185461 | H62: 2.3858474 | I62: 0.17992029 | K62: 2.2647888 | L62: 0.15843077 | N62: 3.2039996 | O62: 0.26703953 | Q62: 4.462315 | R62: 0.23307464 | T62: 6.4102517 | U62: 0.30015797 | W62: 11.640451 | X62: 0.37803058 | Z62: 10.480499 | AA62: 0.44656354 | AC62: 15.45405 | AD62: 0.41177944 | AF62: 18.712807 | AG62: 0.59683882 | AI62: 12.603771 | AJ62: 0.44973838 | AL62: 12.381219 | AM62: 0.55992772
A63: Bulgaria | B63: 7.1549396 | C63: 0.045549004 | E63: 2.8906346 | F63: 0.032553169 | H63: 3.5703799 | I63: 0.28063622 | K63: 2.658663 | L63: 0.24901319 | N63: 2.8221231 | O63: 0.26759776 | Q63: 4.6944078 | R63: 0.27068762 | T63: 4.8070555 | U63: 0.33445372 | W63: 8.5988015 | X63: 0.42612349 | Z63: 7.6115218 | AA63: 0.36978015 | AC63: 10.124628 | AD63: 0.46312817 | AF63: 12.135989 | AG63: 0.51309749 | AI63: 12.508143 | AJ63: 0.58580383 | AL63: 30.468287 | AM63: 0.91094471
A64: Costa Rica | B64: 7.955662 | C64: 0.0378417 | E64: 2.292916 | F64: 0.030735723 | H64: 0.94577016 | I64: 0.12401536 | K64: 1.1343661 | L64: 0.14096054 | N64: 1.4428308 | O64: 0.15553302 | Q64: 2.2531304 | R64: 0.23107619 | T64: 3.5247086 | U64: 0.25200248 | W64: 6.9489586 | X64: 0.32006756 | Z64: 5.0507936 | AA64: 0.35730161 | AC64: 10.012516 | AD64: 0.39475538 | AF64: 15.807811 | AG64: 0.54130277 | AI64: 19.702854 | AJ64: 0.65190444 | AL64: 33.17626 | AM64: 0.91789712
A65: Croatia | B65: 7.6873927 | C65: 0.03150111 | E65: 2.4473269 | F65: 0.029734401 | H65: 2.0641708 | I65: 0.20859022 | K65: 1.569666 | L65: 0.16372449 | N65: 1.7533498 | O65: 0.14843628 | Q65: 2.4299701 | R65: 0.20035343 | T65: 3.3512517 | U65: 0.24462889 | W65: 6.3700308 | X65: 0.30371941 | Z65: 6.0751071 | AA65: 0.35290373 | AC65: 11.308927 | AD65: 0.40194153 | AF65: 17.382378 | AG65: 0.54881718 | AI65: 20.505804 | AJ65: 0.53670526 | AL65: 27.189344 | AM65: 0.6594444
A66: Cyprus | B66: 6.8133364 | C66: 0.035730156 | E66: 2.7184547 | F66: 0.026867026 | H66: 3.8647709 | I66: 0.28659317 | K66: 2.6786628 | L66: 0.22485259 | N66: 2.6711892 | O66: 0.22539197 | Q66: 3.5785406 | R66: 0.27207692 | T66: 6.196788 | U66: 0.36639548 | W66: 8.6797314 | X66: 0.42600929 | Z66: 9.6885588 | AA66: 0.397357 | AC66: 14.09982 | AD66: 0.45933793 | AF66: 17.43871 | AG66: 0.59628065 | AI66: 12.980888 | AJ66: 0.44701527 | AL66: 18.12234 | AM66: 0.48707371
A67: Dominican Republic | B67: 8.0923808 | C67: 0.04788083 | D67: † | E67: 2.6908104 | F67: 0.040290103 | G67: † | H67: 3.2739359 | I67: 0.27246704 | J67: † | K67: 1.4592554 | L67: 0.19775096 | M67: † | N67: 1.6107777 | O67: 0.25845277 | P67: † | Q67: 2.3355558 | R67: 0.23605743 | S67: † | T67: 2.804115 | U67: 0.26980102 | V67: † | W67: 5.9190806 | X67: 0.42109556 | Y67: † | Z67: 3.9842323 | AA67: 0.33852531 | AB67: † | AC67: 6.5226629 | AD67: 0.54474625 | AE67: † | AF67: 9.8579406 | AG67: 0.57814885 | AH67: † | AI67: 14.013258 | AJ67: 0.61545316 | AK67: † | AL67: 48.219186 | AM67: 1.1071245 | AN67: †
A68: Georgia | B68: 7.604144 | C68: 0.051074525 | E68: 2.6670788 | F68: 0.042943893 | H68: 3.3579882 | I68: 0.30051785 | K68: 1.7349024 | L68: 0.24530246 | N68: 1.5341937 | O68: 0.19376307 | Q68: 2.7084094 | R68: 0.23191962 | T68: 3.226017 | U68: 0.20485282 | W68: 8.2649194 | X68: 0.39948116 | Z68: 5.5548375 | AA68: 0.28965187 | AC68: 10.034834 | AD68: 0.45576083 | AF68: 15.006003 | AG68: 0.45717269 | AI68: 16.142623 | AJ68: 0.58012677 | AL68: 32.435272 | AM68: 0.83672305
A69: Hong Kong (China)* | B69: 6.2731717 | C69: 0.035340855 | E69: 2.2501503 | F69: 0.024034444 | H69: 1.9907112 | I69: 0.20469012 | K69: 1.7015921 | L69: 0.17907344 | N69: 2.6679236 | O69: 0.22943627 | Q69: 5.3389786 | R69: 0.31414382 | T69: 8.4184203 | U69: 0.39159753 | W69: 12.651477 | X69: 0.40245806 | Z69: 15.096431 | AA69: 0.52719781 | AC69: 21.012752 | AD69: 0.49406803 | AF69: 17.212236 | AG69: 0.53373073 | AI69: 7.1287958 | AJ69: 0.34905737 | AL69: 6.7806824 | AM69: 0.38657013
A70: Indonesia | B70: 7.469743 | C70: 0.061816912 | E70: 2.5496261 | F70: 0.030215208 | H70: 1.7371115 | I70: 0.20969096 | K70: 1.7003052 | L70: 0.18802033 | N70: 2.0998309 | O70: 0.24925613 | Q70: 3.0861113 | R70: 0.28993617 | T70: 4.4247622 | U70: 0.32570094 | W70: 10.214246 | X70: 0.53905633 | Z70: 6.4426624 | AA70: 0.47086878 | AC70: 10.298319 | AD70: 0.48251384 | AF70: 17.577412 | AG70: 0.68738959 | AI70: 12.510183 | AJ70: 0.53373815 | AL70: 29.909058 | AM70: 1.245762
A71: Jordan | B71: 6.8811074 | C71: 0.05531667 | E71: 3.2043555 | F71: 0.037526512 | H71: 8.1575707 | I71: 0.48654774 | K71: 2.4621675 | L71: 0.23976429 | N71: 2.3769931 | O71: 0.20654713 | Q71: 3.1561724 | R71: 0.2372318 | T71: 4.2718033 | U71: 0.30296544 | W71: 11.369125 | X71: 0.45114419 | Z71: 6.4483758 | AA71: 0.30503058 | AC71: 9.3213957 | AD71: 0.41163582 | AF71: 10.837778 | AG71: 0.38326082 | AI71: 9.1352071 | AJ71: 0.38091617 | AL71: 32.463411 | AM71: 0.80291799
A72: Kazakhstan | B72: 8.7552446 | C72: 0.022987734 | E72: 2.0377021 | F72: 0.024662504 | H72: 0.65931801 | I72: 0.061661246 | K72: 0.66804619 | L72: 0.064924 | N72: 0.6810405 | O72: 0.067330327 | Q72: 1.2740938 | R72: 0.096719735 | T72: 1.9355179 | U72: 0.12424853 | W72: 4.4122409 | X72: 0.19946493 | Z72: 3.4214646 | AA72: 0.16104734 | AC72: 6.8410165 | AD72: 0.25935237 | AF72: 9.093437 | AG72: 0.29027228 | AI72: 11.432868 | AJ72: 0.31525615 | AL72: 59.580957 | AM72: 0.61912025
A73: Kosovo | B73: 8.3040835 | C73: 0.043481826 | E73: 2.402095 | F73: 0.044610809 | H73: 1.548976 | I73: 0.2228851 | K73: 1.5564889 | L73: 0.22192986 | N73: 1.3392379 | O73: 0.20213885 | Q73: 1.788267 | R73: 0.19548865 | T73: 2.3833846 | U73: 0.28977747 | W73: 5.426951 | X73: 0.3214101 | Z73: 4.0872053 | AA73: 0.32949335 | AC73: 6.864951 | AD73: 0.37675897 | AF73: 11.585692 | AG73: 0.48441108 | AI73: 15.311597 | AJ73: 0.68637885 | AL73: 48.107249 | AM73: 0.84666305
A74: Lebanon | B74: 6.6669242 | C74: 0.074376768 | E74: 2.7329805 | F74: 0.053438783 | H74: 4.1113104 | I74: 0.5135113 | K74: 3.0049461 | L74: 0.33960973 | N74: 2.6870266 | O74: 0.29538635 | Q74: 3.1733589 | R74: 0.34141302 | T74: 4.8411156 | U74: 0.40684435 | W74: 14.496707 | X74: 0.72027502 | Z74: 9.0359207 | AA74: 0.4335296 | AC74: 12.757065 | AD74: 0.57620451 | AF74: 17.140198 | AG74: 0.68913105 | AI74: 11.214731 | AJ74: 0.62634739 | AL74: 17.53762 | AM74: 0.65897642
A75: Macao (China) | B75: 6.0723756 | C75: 0.037583791 | E75: 2.3413867 | F75: 0.029965779 | H75: 2.4481174 | I75: 0.22676062 | K75: 2.6667236 | L75: 0.26338448 | N75: 3.52304 | O75: 0.33813592 | Q75: 6.1312436 | R75: 0.39083894 | T75: 7.8216829 | U75: 0.42394377 | W75: 14.122925 | X75: 0.57693559 | Z75: 13.302041 | AA75: 0.58764638 | AC75: 19.833163 | AD75: 0.64796149 | AF75: 17.600246 | AG75: 0.45134927 | AI75: 7.7248644 | AJ75: 0.48004997 | AL75: 4.8259535 | AM75: 0.32582057
A76: Malaysia | B76: 7.0376702 | C76: 0.051764413 | E76: 2.4081715 | F76: 0.02599082 | H76: 1.2285862 | I76: 0.15017819 | K76: 1.6768407 | L76: 0.20571413 | N76: 1.9007185 | O76: 0.17483045 | Q76: 3.7710436 | R76: 0.3391372 | T76: 5.5844666 | U76: 0.33046544 | W76: 13.833214 | X76: 0.52992261 | Z76: 8.8402595 | AA76: 0.45434263 | AC76: 13.470116 | AD76: 0.49957841 | AF76: 17.002183 | AG76: 0.49200194 | AI76: 14.803874 | AJ76: 0.54651706 | AL76: 17.888697 | AM76: 0.68054491
A77: Malta | B77: 6.5620379 | C77: 0.045672724 | E77: 2.6268349 | F77: 0.027945628 | H77: 3.0916992 | I77: 0.29498138 | K77: 2.7986128 | L77: 0.30365129 | N77: 3.8651973 | O77: 0.34312634 | Q77: 5.0330052 | R77: 0.41266667 | T77: 5.6282351 | U77: 0.38845557 | W77: 9.9706851 | X77: 0.53865559 | Z77: 9.9213641 | AA77: 0.53440882 | AC77: 16.048991 | AD77: 0.67808505 | AF77: 18.49345 | AG77: 0.72429264 | AI77: 13.096923 | AJ77: 0.58170465 | AL77: 12.051837 | AM77: 0.63401699
A78: Moldova | B78: 7.6790625 | C78: 0.04590901 | E78: 2.5187043 | F78: 0.037611122 | H78: 2.7112013 | I78: 0.25282197 | K78: 1.62924 | L78: 0.19868659 | N78: 1.7303795 | O78: 0.17231913 | Q78: 2.39836 | R78: 0.25701131 | T78: 2.547679 | U78: 0.24718054 | W78: 6.820522 | X78: 0.37668157 | Z78: 5.6334029 | AA78: 0.31796539 | AC78: 10.851225 | AD78: 0.41577912 | AF78: 18.236865 | AG78: 0.67346017 | AI78: 18.737323 | AJ78: 0.57764493 | AL78: 28.703801 | AM78: 0.88710495
A79: Montenegro | B79: 7.6892128 | C79: 0.03315668 | E79: 2.8327822 | F79: 0.023454892 | H79: 3.4837436 | I79: 0.21152757 | K79: 2.5608683 | L79: 0.20237533 | N79: 2.3610786 | O79: 0.22839022 | Q79: 2.6141425 | R79: 0.18737179 | T79: 3.4501365 | U79: 0.23574109 | W79: 6.6130703 | X79: 0.34740451 | Z79: 4.2167985 | AA79: 0.22268578 | AC79: 9.103879 | AD79: 0.36891258 | AF79: 12.218169 | AG79: 0.4355477 | AI79: 13.624507 | AJ79: 0.4050345 | AL79: 39.753606 | AM79: 0.65835961
... A81: North Macedonia | B81: 8.1608975 | C81: 0.034730079 | E81: 2.3342691 | F81: 0.035351999 | H81: 1.9405464 | I81: 0.22932833 | K81: 0.88915304 | L81: 0.14558071 | N81: 1.0723296 | O81: 0.14941797 | Q81: 1.5724652 | R81: 0.16402969 | T81: 1.6896976 | U81: 0.18041489 | W81: 7.0755901 | X81: 0.36299181 | Z81: 4.6004387 | AA81: 0.34013041 | AC81: 9.4327788 | AD81: 0.48250527 | AF81: 15.216967 | AG81: 0.5795111 | AI81: 14.266355 | AJ81: 0.55680186 | AL81: 42.243679 | AM81: 0.78374346
A82: Panama | B82: 7.9159416 | C82: 0.051201167 | D82: † | E82: 2.513271 | F82: 0.039056484 | G82: † | H82: 1.7847437 | I82: 0.24593771 | J82: † | K82: 1.3578159 | L82: 0.20022725 | M82: † | N82: 1.5836269 | O82: 0.21054019 | P82: † | Q82: 2.5673434 | R82: 0.25669623 | S82: † | T82: 4.032198 | U82: 0.31590672 | V82: † | W82: 6.8765435 | X82: 0.38715484 | Y82: † | Z82: 5.2857739 | AA82: 0.41684291 | AB82: † | AC82: 9.10943 | AD82: 0.48081043 | AE82: † | AF82: 13.046678 | AG82: 0.54371638 | AH82: † | AI82: 14.556997 | AJ82: 0.51758563 | AK82: † | AL82: 39.798849 | AM82: 1.0919007 | AN82: †
A83: Peru | B83: 7.3082665 | C83: 0.037853525 | E83: 2.5300704 | F83: 0.027155903 | H83: 1.4538217 | I83: 0.15164972 | K83: 1.9363578 | L83: 0.20689362 | N83: 2.4161331 | O83: 0.2311461 | Q83: 3.1355722 | R83: 0.24649931 | T83: 5.1075312 | U83: 0.29905862 | W83: 10.486625 | X83: 0.43331817 | Z83: 7.4048624 | AA83: 0.4188063 | AC83: 12.186353 | AD83: 0.43741859 | AF83: 16.650551 | AG83: 0.60264121 | AI83: 13.371918 | AJ83: 0.52799023 | AL83: 25.850275 | AM83: 0.78062755
A84: Philippines | B84: 7.2131773 | C84: 0.044189127 | E84: 2.6240032 | F84: 0.032831445 | H84: 2.0656685 | I84: 0.24050712 | K84: 1.9044896 | L84: 0.17334405 | N84: 2.5731418 | O84: 0.22652832 | Q84: 3.299346 | R84: 0.26073594 | T84: 4.4935555 | U84: 0.27035053 | W84: 14.002546 | X84: 0.50034567 | Z84: 6.1119216 | AA84: 0.34053946 | AC84: 9.7988539 | AD84: 0.38528838 | AF84: 16.899719 | AG84: 0.52928009 | AI84: 12.586872 | AJ84: 0.4384537 | AL84: 26.263886 | AM84: 0.75722857
A85: Qatar | B85: 6.8427655 | C85: 0.027701958 | E85: 2.8908394 | F85: 0.015633441 | H85: 4.1821419 | I85: 0.18133984 | K85: 2.829715 | L85: 0.15137855 | N85: 3.3385433 | O85: 0.1357874 | Q85: 4.2864178 | R85: 0.19974284 | T85: 5.7086694 | U85: 0.23723313 | W85: 10.663619 | X85: 0.28679856 | Z85: 7.6219799 | AA85: 0.2378067 | AC85: 10.873642 | AD85: 0.28665644 | AF85: 14.213246 | AG85: 0.32959847 | AI85: 12.61588 | AJ85: 0.34598102 | AL85: 23.666146 | AM85: 0.34905469
A86: Romania | B86: 7.8674256 | C86: 0.041408463 | E86: 2.3191266 | F86: 0.037836568 | H86: 1.8615341 | I86: 0.23732442 | K86: 1.0837091 | L86: 0.15283912 | N86: 1.3154427 | O86: 0.17570523 | Q86: 2.1560632 | R86: 0.19959912 | T86: 2.4183312 | U86: 0.20855882 | W86: 6.5298557 | X86: 0.42562681 | Z86: 4.979703 | AA86: 0.34547191 | AC86: 11.427848 | AD86: 0.45113044 | AF86: 19.054804 | AG86: 0.66050824 | AI86: 19.801506 | AJ86: 0.68896349 | AL86: 29.371202 | AM86: 0.90853828
A87: Russia | B87: 7.3178592 | C87: 0.048432567 | E87: 2.7009107 | F87: 0.025233122 | H87: 2.6356194 | I87: 0.17056435 | K87: 2.2899691 | L87: 0.22094295 | N87: 2.4155214 | O87: 0.18911334 | Q87: 3.5923153 | R87: 0.2173418 | T87: 4.912017 | U87: 0.26341771 | W87: 7.8457224 | X87: 0.39516566 | Z87: 7.1248027 | AA87: 0.28906998 | AC87: 12.230444 | AD87: 0.44666453 | AF87: 14.640236 | AG87: 0.43899615 | AI87: 13.606057 | AJ87: 0.50566093 | AL87: 28.707296 | AM87: 0.82935146
A88: Saudi Arabia | B88: 7.9459126 | C88: 0.042110478 | E88: 2.6630986 | F88: 0.026110917 | H88: 0.032508698 | I88: 0.032494766 | K88: 0.18423513 | L88: 0.072863424 | N88: 5.0309404 | O88: 0.32100979 | Q88: 4.9745112 | R88: 0.27634432 | T88: 4.419368 | U88: 0.29013919 | W88: 8.739751 | X88: 0.40072201 | Z88: 5.1830561 | AA88: 0.3133874 | AC88: 5.8841232 | AD88: 0.33325964 | AF88: 6.998952 | AG88: 0.41206058 | AI88: 5.7589792 | AJ88: 0.34361779 | AL88: 52.793575 | AM88: 0.80523754
A89: Serbia | B89: 7.6054637 | C89: 0.041916003 | E89: 2.6364022 | F89: 0.031782793 | H89: 2.6474454 | I89: 0.22634574 | K89: 2.0269728 | L89: 0.19011814 | N89: 1.9466508 | O89: 0.18228524 | Q89: 3.2265676 | R89: 0.20534283 | T89: 3.4513848 | U89: 0.2360515 | W89: 6.7312538 | X89: 0.35049929 | Z89: 5.5280468 | AA89: 0.27268601 | AC89: 10.969102 | AD89: 0.42676795 | AF89: 14.965129 | AG89: 0.50255678 | AI89: 17.262912 | AJ89: 0.49144993 | AL89: 31.244535 | AM89: 0.79722001
A90: Singapore | B90: m | C90: m | E90: m | F90: m | H90: m | I90: m | K90: m | L90: m | N90: m | O90: m | Q90: m | R90: m | T90: m | U90: m | W90: m | X90: m | Z90: m | AA90: m | AC90: m | AD90: m | AF90: m | AG90: m | AI90: m | AJ90: m | AL90: m | AM90: m
A91: Chinese Taipei | B91: 6.5208513 | C91: 0.030583814 | E91: 2.3955708 | F91: 0.02270186 | H91: 1.6728938 | I91: 0.16983639 | K91: 2.2333217 | L91: 0.17289051 | N91: 2.636727 | O91: 0.20013847 | Q91: 4.7726915 | R91: 0.27256708 | T91: 7.2051008 | U91: 0.38033808 | W91: 14.506416 | X91: 0.47634738 | Z91: 11.123782 | AA91: 0.37165267 | AC91: 16.889365 | AD91: 0.44093866 | AF91: 17.918184 | AG91: 0.49533904 | AI91: 9.8211047 | AJ91: 0.3668674 | AL91: 11.220413 | AM91: 0.43028357
A92: Thailand | B92: 7.6357203 | C92: 0.043914962 | E92: 2.2505472 | F92: 0.023633582 | H92: 0.84477382 | I92: 0.12358828 | K92: 0.9100163 | L92: 0.12764182 | N92: 1.2038361 | O92: 0.16012915 | Q92: 2.2076935 | R92: 0.22557587 | T92: 3.6531873 | U92: 0.33718026 | W92: 11.76583 | X92: 0.51200953 | Z92: 6.1398606 | AA92: 0.33685706 | AC92: 11.779324 | AD92: 0.46463043 | AF92: 19.04745 | AG92: 0.55896663 | AI92: 15.964955 | AJ92: 0.5011543 | AL92: 26.483073 | AM92: 0.93630345
A93: Ukraine | B93: 8.0334887 | C93: 0.03307734 | E93: 2.1529706 | F93: 0.035066255 | H93: 1.080548 | I93: 0.15162011 | K93: 0.79613089 | L93: 0.12624532 | N93: 0.8533625 | O93: 0.12784344 | Q93: 2.0762788 | R93: 0.24734292 | T93: 2.5018696 | U93: 0.18367813 | W93: 5.746521 | X93: 0.33180849 | Z93: 5.3615112 | AA93: 0.30278704 | AC93: 11.733947 | AD93: 0.47758548 | AF93: 19.651353 | AG93: 0.59272864 | AI93: 17.625209 | AJ93: 0.45918825 | AL93: 32.573269 | AM93: 0.73052719
A94: United Arab Emirates | B94: 6.8839356 | C94: 0.042221909 | E94: 2.8253151 | F94: 0.019815302 | H94: 3.3621927 | I94: 0.15207279 | K94: 2.9775486 | L94: 0.22729087 | N94: 2.8488436 | O94: 0.16457929 | Q94: 4.2671301 | R94: 0.17521164 | T94: 6.3996651 | U94: 0.2738614 | W94: 10.776379 | X94: 0.36549427 | Z94: 7.9842304 | AA94: 0.22750963 | AC94: 11.682909 | AD94: 0.29100965 | AF94: 14.229287 | AG94: 0.29779258 | AI94: 10.801811 | AJ94: 0.32347085 | AL94: 24.670004 | AM94: 0.47112695
A95: Uruguay | B95: 7.5358959 | C95: 0.0481626 | E95: 2.5103582 | F95: 0.036561256 | H95: 2.3339129 | I95: 0.24993846 | K95: 1.472255 | L95: 0.20230424 | N95: 2.1021008 | O95: 0.25238347 | Q95: 2.4292387 | R95: 0.23086361 | T95: 4.4023774 | U95: 0.29425666 | W95: 6.8787299 | X95: 0.43537439 | Z95: 7.0178926 | AA95: 0.40473878 | AC95: 10.825234 | AD95: 0.46240126 | AF95: 18.174049 | AG95: 0.59449344 | AI95: 18.296222 | AJ95: 0.57607285 | AL95: 26.067988 | AM95: 0.82010136
A96: Viet Nam | B96: 7.4666644 | C96: 0.041428258 | E96: 2.1102361 | F96: 0.030622536 | H96: 1.2574541 | I96: 0.16572064 | K96: 0.71049058 | L96: 0.15154672 | N96: 1.0964174 | O96: 0.16149036 | Q96: 1.3802182 | R96: 0.13614432 | T96: 2.7058644 | U96: 0.27051492 | W96: 10.727571 | X96: 0.48203965 | Z96: 8.8319545 | AA96: 0.50156486 | AC96: 17.292104 | AD96: 0.66085974 | AF96: 22.298432 | AG96: 0.81182719 | AI96: 14.257702 | AJ96: 0.54807224 | AL96: 19.441791 | AM96: 0.88726906
A101: Information on data for Cyprus: https://oe.cd/cyprus-disclaimer
A102: *Data did not meet the PISA technical standards but were accepted as largely comparable (see Annexes A2 and A4).
A104: Note: Information regarding the proportion of the sample covered is shown next to the standard error. No symbol means at least 75% of the population was covered; one dagger (†) means at least 50% but less than 75%; and one double-dagger (‡) means less than 50% was covered. For comparisons across cycles, the coverage information corresponds to the cycle with the lowest sample coverage.

Sheet Table III.B1.11.2
A1: PISA 2018 Results (Volume III) - © OECD 2019
A2: Annex B1 | B2: Annex B1.11 Results (tables): Students' life satisfaction and meaning in life
A3: Version 2 - Last updated: 02-Dec-2019
A4: Disclaimer: http://oe.cd/disclaimer
A6: Table III.B1.11.2
A7: Change between 2015 and 2018 in students' levels of life satisfaction
A8: Based on students' reports
B11: Change between 2015 and 2018 (PISA 2018 - PISA 2015)
B12: Average life satisfaction | E12: Percentage of students who reported the following feelings about life:
E13: Not satisfied (Students who reported 0 to 4 on the life-satisfaction scale) | H13: Somewhat satisfied (Students who reported 5 or 6 on the life-satisfaction scale) | K13: Moderately satisfied (Students who reported 7 or 8 on the life-satisfaction scale) | N13: Very satisfied (Students who reported 9 or 10 on the life-satisfaction scale) | Q13: Satisfied (Students who reported 7 or 10 on the life-satisfaction scale)
B14: Dif. | C14: S.E. | E14: % dif. | F14: S.E. | H14: % dif. | I14: S.E. | K14: % dif. | L14: S.E. | N14: % dif. | O14: S.E. | Q14: % dif. | R14: S.E.
A15: OECD
A16: Australia | B16: m | C16: m | E16: m | F16: m | H16: m | I16: m | K16: m | L16: m | N16: m | O16: m | Q16: m | R16: m
A17: Austria | B17: -0.38582715 | C17: 0.055994861 | E17: 5.8560729 | F17: 0.75459969 | H17: 0.041373741 | I17: 0.71884406 | K17: -3.4103806 | L17: 0.91102636 | N17: -2.487066 | O17: 1.0567671 | Q17: -5.8974466 | R17: 1.0261858
A18: Belgium | B18: m | C18: m | E18: m | F18: m | H18: m | I18: m | K18: m | L18: m | N18: m | O18: m | Q18: m | R18: m
A19: Canada | B19: m | C19: m | E19: m | F19: m | H19: m | I19: m | K19: m | L19: m | N19: m | O19: m | Q19: m | R19: m
A20: Chile | B20: -0.33667254 | C20: 0.060333487 | E20: 5.5367336 | F20: 0.78233194 | H20: 0.24617754 | I20: 0.79993427 | K20: -4.9821172 | L20: 0.98868144 | N20: -0.80079406 | O20: 1.0945184 | Q20: -5.7829113 | R20: 1.0641609
A21: Colombia | B21: -0.26573223 | C21: 0.05892561 | E21: 3.3715091 | F21: 0.69496882 | H21: 0.53807646 | I21: 0.6307357 | K21: -1.3953973 | L21: 0.91760105 | N21: -2.5141883 | O21: 1.2391459 | Q21: -3.9095857 | R21: 0.90594989
A22: Czech Republic | B22: -0.14001252 | C22: 0.059658423 | E22: 4.275001 | F22: 0.85022104 | H22: -3.0705667 | I22: 0.70149058 | K22: -3.4498932 | L22: 0.93257892 | N22: 2.2454591 | O22: 1.0400865 | Q22: -1.2044343 | R22: 1.0204724
A23: Denmark | B23: m | C23: m | E23: m | F23: m | H23: m | I23: m | K23: m | L23: m | N23: m | O23: m | Q23: m | R23: m
A24: Estonia | B24: -0.3145842 | C24: 0.050407123 | E24: 5.1919322 | F24: 0.74427116 | H24: -0.45255885 | I24: 0.76281548 | K24: -2.3769004 | L24: 1.0902735 | N24: -2.362473 | O24: 1.1906081 | Q24: -4.7393732 | R24: 0.99219984
A25: Finland | B25: -0.27526662 | C25: 0.042465702 | E25: 3.7465992 | F25: 0.56394911 | H25: 1.7564795 | I25: 0.5553239 | K25: -3.9282439 | L25: 0.92249048 | N25: -1.5748348 | O25: 1.0559965 | Q25: -5.5030785 | R25: 0.7654196
A26: France | B26: -0.44277066 | C26: 0.043236766 | E26: 4.4035044 | F26: 0.6481089 | H26: 3.6522007 | I26: 0.78428042 | K26: -1.9993817 | L26: 1.0391604 | N26: -6.0563235 | O26: 0.89879256 | Q26: -8.0557051 | R26: 0.92408943
A27: Germany | B27: -0.33389565 | C27: 0.051506393 | E27: 5.6775904 | F27: 0.73791182 | H27: 0.6042006 | I27: 0.77982748 | K27: -6.0389023 | L27: 1.064572 | N27: -0.24288876 | O27: 1.0050578 | Q27: -6.2817912 | R27: 0.96773261
A28: Greece | B28: 0.074481532 | C28: 0.048729029 | E28: 0.71000189 | F28: 0.6954686 | H28: -1.8784544 | I28: 0.77225804 | K28: -3.1638951 | L28: 0.90408736 | N28: 4.3323479 | O28: 0.94603825 | Q28: 1.1684525 | R28: 0.91532147
A29: Hungary | B29: -0.056098431 | C29: 0.0606151 | E29: 2.5404506 | F29: 0.8272956 | H29: -1.0303859 | I29: 0.80857527 | K29: -3.7916179 | L29: 1.0728456 | N29: 2.2815533 | O29: 1.1265405 | Q29: -1.5100647 | R29: 1.1740702
A30: Iceland | B30: -0.45673555 | C30: 0.054911736 | E30: 3.6649098 | F30: 0.7796973 | H30: 2.8376086 | I30: 0.8729645 | K30: 3.6438529 | L30: 1.2121204 | N30: -10.146372 | O30: 1.189923 | Q30: -6.5025187 | R30: 1.0474074
A31: Ireland | B31: -0.56917304 | C31: 0.054935683 | E31: 6.5551238 | F31: 0.77070868 | H31: 4.4579296 | I31: 0.82870841 | K31: -4.888535 | L31: 1.0214138 | N31: -6.1245179 | O31: 1.0231297 | Q31: -11.013053 | R31: 1.1383286
A32: Israel | B32: m | C32: m | E32: m | F32: m | H32: m | I32: m | K32: m | L32: m | N32: m | O32: m | Q32: m | R32: m
A33: Italy | B33: 0.021165399 | C33: 0.053961717 | E33: 0.81683743 | F33: 0.76589715 | H33: -2.8539603 | I33: 0.83632404 | K33: -0.23727608 | L33: 0.94243383 | N33: 2.2743988 | O33: 0.9080171 | Q33: 2.0371227 | R33: 1.0688938
A34: Japan | B34: -0.61834079 | C34: 0.053024072 | E34: 8.6547079 | F34: 0.78843462 | H34: 2.1730568 | I34: 0.68580955 | K34: -6.8848662 | L34: 0.92501289 | N34: -3.9428988 | O34: 0.8988831 | Q34: -10.827765 | R34: 1.0142305
A35: Korea | B35: 0.15348426 | C35: 0.057264421 | E35: 1.1499517 | F35: 0.89218247 | H35: -5.0723968 | I35: 0.82522988 | K35: -3.5568531 | L35: 0.93922096 | N35: 7.4792981 | O35: 0.83261871 | Q35: 3.9224451 | R35: 1.1112885
A36: Latvia | B36: -0.21082002 | C36: 0.052385636 | E36: 4.3120966 | F36: 0.71085161 | H36: -0.18585648 | I36: 0.87589777 | K36: -5.9972038 | L36: 1.0006896 | N36: 1.8709639 | O36: 1.1603873 | Q36: -4.1262398 | R36: 0.98549336
A37: Lithuania | B37: -0.25634369 | C37: 0.047573373 | E37: 3.5502555 | F37: 0.61903965 | H37: 0.090854086 | I37: 0.6776737 | K37: -1.6834518 | L37: 0.92447144 | N37: -1.9576579 | O37: 1.0577615 | Q37: -3.6411097 | R37: 0.85659385
A38: Luxembourg | B38: -0.34328294 | C38: 0.0489593 | E38: 4.8297181 | F38: 0.72933924 | H38: -0.72324568 | I38: 0.7412653 | K38: -0.44072181 | L38: 0.90128034 | N38: -3.6657505 | O38: 0.89130175 | Q38: -4.1064725 | R38: 0.95482057
A39: Mexico | B39: -0.15901278 | C39: 0.046377108 | E39: 1.8648885 | F39: 0.52323943 | H39: -0.34445068 | I39: 0.54061127 | K39: 1.0572561 | L39: 0.85082132 | N39: -2.5776939 | O39: 0.97547591 | Q39: -1.5204378 | R39: 0.78257108
A40: Netherlands* | B40: -0.32584777 | C40: 0.040576998 | E40: 2.0106416 | F40: 0.51032537 | H40: 4.2430882 | I40: 0.84961832 | K40: -0.56077927 | L40: 1.0951245 | N40: -5.6929507 | O40: 1.0198804 | Q40: -6.2537298 | R40: 0.93911266
A41: New Zealand | B41: m | C41: m | E41: m | F41: m | H41: m | I41: m | K41: m | L41: m | N41: m | O41: m | Q41: m | R41: m
A42: Norway | B42: m | C42: m | E42: m | F42: m | H42: m | I42: m | K42: m | L42: m | N42: m | O42: m | Q42: m | R42: m
A43: Poland | B43: -0.44265425 | C43: 0.061171096 | E43: 6.7653751 | F43: 0.84948474 | H43: 0.024087993 | I43: 0.82404482 | K43: -3.851083 | L43: 1.101351 | N43: -2.9383802 | O43: 1.1042 | Q43: -6.789463 | R43: 1.1312102
A44: Portugal* | B44: -0.23542584 | C44: 0.04971534 | E44: 3.2571619 | F44: 0.69931233 | H44: 0.26496813 | I44: 0.81027007 | K44: -1.2684987 | L44: 0.90205055 | N44: -2.2536314 | O44: 1.008427 | Q44: -3.52213 | R44: 1.0032145
A45: Slovak Republic | B45: -0.25334406 | C45: 0.051042408 | E45: 3.8154943 | F45: 0.6400255 | H45: -1.1135126 | I45: 0.75897235 | K45: -1.1064128 | L45: 0.90742934 | N45: -1.5955688 | O45: 0.92375684 | Q45: -2.7019815 | R45: 0.98489481
A46: Slovenia | B46: -0.31740808 | C46: 0.054833062 | E46: 6.1723843 | F46: 0.84293789 | H46: -1.4257654 | I46: 0.80441213 | K46: -6.3459158 | L46: 1.099738 | N46: 1.5992967 | O46: 0.9905867 | Q46: -4.7466187 | R46: 1.0613333
A47: Spain | B47: -0.072713606 | C47: 0.039126772 | E47: 2.0844295 | F47: 0.49759686 | H47: -1.1751068 | I47: 0.56640017 | K47: -3.0656168 | L47: 0.81376946 | N47: 2.1562941 | O47: 0.8748973 | Q47: -0.90932268 | R47: 0.74985355
A48: Sweden | B48: m | C48: m | E48: m | F48: m | H48: m | I48: m | K48: m | L48: m | N48: m | O48: m | Q48: m | R48: m
A49: Switzerland | B49: -0.33950794 | C49: 0.050655618 | E49: 4.6262546 | F49: 0.73418212 | H49: 1.5466708 | I49: 0.75551069 | K49: -3.2211664 | L49: 1.1522633 | N49: -2.9517589 | O49: 1.0940808 | Q49: -6.1729255 | R49: 0.95047045
A50: Turkey | B50: -0.49752524 | C50: 0.08045277 | E50: 5.2119441 | F50: 1.0590534 | H50: -0.027628599 | I50: 0.79253799 | K50: 0.25661236 | L50: 0.90314966 | N50: -5.440928 | O50: 1.1589248 | Q50: -5.1843157 | R50: 1.238469
A51: United Kingdom | B51: -0.81453639 | C51: 0.053087626 | E51: 10.634761 | F51: 0.7718243 | H51: 2.5485599 | I51: 0.81103396 | K51: -5.1200366 | L51: 0.94221455 | N51: -8.0632849 | O51: 0.84203398 | Q51: -13.183321 | R51: 1.0858064
A52: United States* | B52: -0.60331219 | C52: 0.057051402 | E52: 7.3574924 | F52: 0.79794067 | H52: 2.5751927 | I52: 0.82435864 | K52: -2.5992749 | L52: 0.9747228 | N52: -7.3334103 | O52: 1.0956411 | Q52: -9.9326849 | R52: 1.0029397
A53: OECD average | B53: -0.30405906 | C53: 0.0099599706 | E53: 4.4359937 | F53: 0.13803548 | H53: 0.28436676 | I53: 0.14182277 | K53: -2.7726448 | L53: 0.18302967 | N53: -1.9477159 | O53: 0.19128591 | Q53: -4.7203608 | R53: 0.18602002
A54: Partners
A55: Albania | B55: m | C55: m | E55: m | F55: m | H55: m | I55: m | K55: m | L55: m | N55: m | O55: m | Q55: m | R55: m
A56: Argentina | B56: m | C56: m | E56: m | F56: m | H56: m | I56: m | K56: m | L56: m | N56: m | O56: m | Q56: m | R56: m
A57: Baku (Azerbaijan) | B57: m | C57: m | E57: m | F57: m | H57: m | I57: m | K57: m | L57: m | N57: m | O57: m | Q57: m | R57: m
A58: Belarus | B58: m | C58: m | E58: m | F58: m | H58: m | I58: m | K58: m | L58: m | N58: m | O58: m | Q58: m | R58: m
A59: Bosnia and Herzegovina | B59: m | C59: m | E59: m | F59: m | H59: m | I59: m | K59: m | L59: m | N59: m | O59: m | Q59: m | R59: m
A60: Brazil | B60: -0.53125292 | C60: 0.041703653 | E60: 6.5871 | F60: 0.53795606 | H60: 1.2117577 | I60: 0.55244237 | K60: -3.1482246 | L60: 0.72647578 | N60: -4.6506333 | O60: 0.79593021 | Q60: -7.7988577 | R60: 0.71721154
A61: Brunei Darussalam | B61: m | C61: m | E61: m | F61: m | H61: m | I61: m | K61: m | L61: m | N61: m | O61: m | Q61: m | R61: m
A62: B-S-J-Z (China) | B62: m | C62: m | E62: m | F62: m | H62: m | I62: m | K62: m | L62: m | N62: m | O62: m | Q62: m | R62: m
A63: Bulgaria | B63: -0.26184458 | C63: 0.058482416 | E63: 4.6709661 | F63: 0.84239107 | H63: -0.52536917 | I63: 0.82075483 | K63: -4.2901349 | L63: 1.0466909 | N63: 0.14453781 | O63: 1.0925409 | Q63: -4.145597 | R63: 1.0610781
A64: Costa Rica | B64: -0.25142857 | C64: 0.049420737 | E64: 2.2201741 | F64: 0.58259678 | H64: 0.98634642 | I64: 0.64320463 | K64: 2.295939 | L64: 1.0081042 | N64: -5.5024595 | O64: 1.2656389 | Q64: -3.2065206 | R64: 0.81078464
A65: Croatia | B65: -0.21514961 | C65: 0.049218033 | E65: 3.8545041 | F65: 0.56855953 | H65: 0.2694965 | I65: 0.61265713 | K65: -4.0279937 | L65: 0.91117418 | N65: -0.096006878 | O65: 1.1206061 | Q65: -4.1240005 | R65: 0.82955104
A66: Cyprus | B66: -0.24932945 | C66: 0.047131453 | E66: 5.2982965 | F66: 0.69951046 | H66: -1.3542341 | I66: 0.73843801 | K66: -4.9788213 | L66: 0.8867867 | N66: 1.034759 | O66: 0.88418883 | Q66: -3.9440622 | R66: 0.8673833
A67: Dominican Republic | B67: -0.40647686 | C67: 0.060473669 | D67: † | E67: 3.1736457 | F67: 0.69287872 | G67: † | H67: 1.6393079 | I67: 0.78527236 | J67: † | K67: 0.72691458 | L67: 1.0229481 | M67: † | N67: -5.5398684 | O67: 1.276153 | P67: † | Q67: -4.8129535 | R67: 1.0118464 | S67: †
A68: Georgia | B68: m | C68: m | E68: m | F68: m | H68: m | I68: m | K68: m | L68: m | N68: m | O68: m | Q68: m | R68: m
A69: Hong Kong (China)* | B69: -0.20405431 | C69: 0.054302856 | E69: 4.4838958 | F69: 0.87836152 | H69: -1.015833 | I69: 0.89731926 | K69: -3.5075755 | L69: 1.1254886 | N69: 0.039512873 | O69: 0.74561995 | Q69: -3.4680626 | R69: 1.1562622
A70: Indonesia | B70: m | C70: m | E70: m | F70: m | H70: m | I70: m | K70: m | L70: m | N70: m | O70: m | Q70: m | R70: m
A71: Jordan | B71: m | C71: m | E71: m | F71: m | H71: m | I71: m | K71: m | L71: m | N71: m | O71: m | Q71: m | R71: m
A72: Kazakhstan | B72: m | C72: m | E72: m | F72: m | H72: m | I72: m | K72: m | L72: m | N72: m | O72: m | Q72: m | R72: m
A73: Kosovo | B73: m | C73: m | E73: m | F73: m | H73: m | I73: m | K73: m | L73: m | N73: m | O73: m | Q73: m | R73: m
A74: Lebanon | B74: m | C74: m | E74: m | F74: m | H74: m | I74: m | K74: m | L74: m | N74: m | O74: m | Q74: m | R74: m
A75: Macao (China) | B75: -0.51959515 | C75: 0.048924811 | E75: 7.173739 | F75: 0.90736777 | H75: 0.70783967 | I75: 1.0014807 | K75: -3.9163513 | L75: 1.1320901 | N75: -3.9652274 | O75: 0.74556172 | Q75: -7.8815784 | R75: 1.0534286
A76: Malaysia | B76: -0.030743951 | C76: 0.06506484 | E76: 3.1472061 | F76: 0.82378167 | H76: -4.8142662 | I76: 0.9123137 | K76: -1.1434931 | L76: 0.99629015 | N76: 2.8105528 | O76: 1.2696793 | Q76: 1.6670598 | R76: 1.2509882
A77: Malta | B77: m | C77: m | E77: m | F77: m | H77: m | I77: m | K77: m | L77: m | N77: m | O77: m | Q77: m | R77: m
A78: Moldova | B78: m | C78: m | E78: m | F78: m | H78: m | I78: m | K78: m | L78: m | N78: m | O78: m | Q78: m | R78: m
A79: Montenegro | B79: -0.060924549 | C79: 0.04805325 | E79: 3.40417 | F79: 0.582371 | H79: -3.7936194 | I79: 0.64822584 | K79: -2.9352882 | L79: 0.77282703 | N79: 3.3247378 | O79: 0.92857587 | Q79: 0.38944948 | R79: 0.79607427
A80: Morocco | B80: m | C80: m | E80: m | F80: m | H80: m | I80: m | K80: m | L80: m | N80: m | O80: m | Q80: m | R80: m
A81: North Macedonia | B81: m | C81: m | E81: m | F81: m | H81: m | I81: m | K81: m | L81: m | N81: m | O81: m | Q81: m | R81: m
A82: Panama | B82: m | C82: m | E82: m | F82: m | H82: m | I82: m | K82: m | L82: m | N82: m | O82: m | Q82: m | R82: m
A83: Peru | B83: -0.18845503 | C83: 0.05211404 | E83: 1.1757675 | F83: 0.6885789 | H83: 1.73659 | I83: 0.77606165 | K83: 0.65454471 | L83: 0.95335889 | N83: -3.5669022 | O83: 1.0688739 | Q83: -2.9123576 | R83: 0.9850747
A84: Philippines | B84: m | C84: m | E84: m | F84: m | H84: m | I84: m | K84: m | L84: m | N84: m | O84: m | Q84: m | R84: m
A85: Qatar | B85: -0.5627948 | C85: 0.033609107 | E85: 6.5279922 | F85: 0.46427801 | H85: 1.2723761 | I85: 0.51128024 | K85: -1.4685947 | L85: 0.55380869 | N85: -6.3317738 | O85: 0.58719981 | Q85: -7.8003683 | R85: 0.64029759
A86: Romania | B86: m | C86: m | E86: m | F86: m | H86: m | I86: m | K86: m | L86: m | N86: m | O86: m | Q86: m | R86: m
A87: Russia | B87: -0.43982172 | C87: 0.06207218 | E87: 5.5587206 | F87: 0.6766004 | H87: 0.54604298 | I87: 0.730703 | K87: -1.6542268 | L87: 0.94978172 | N87: -4.4505367 | O87: 1.1316973 | Q87: -6.1047635 | R87: 1.0963719
A88: Saudi Arabia | B88: m | C88: m | E88: m | F88: m | H88: m | I88: m | K88: m | L88: m | N88: m | O88: m | Q88: m | R88: m
A89: Serbia | B89: m | C89: m | E89: m | F89: m | H89: m | I89: m | K89: m | L89: m | N89: m | O89: m | Q89: m | R89: m
A90: Singapore | B90: m | C90: m | E90: m | F90: m | H90: m | I90: m | K90: m | L90: m | N90: m | O90: m | Q90: m | R90: m
A91: Chinese Taipei | B91: -0.073177099 | C91: 0.043629084 | E91: 2.5706615 | F91: 0.69415027 | H91: -2.5458789 | I91: 0.84546769 | K91: -2.6090164 | L91: 0.83731413 | N91: 2.5842335 | O91: 0.72158587 | Q91: -0.024782704 | R91: 0.95518833
A92: Thailand | B92: -0.075705864 | C92: 0.05394521 | E92: 1.0389484 | F92: 0.62462485 | H92: -0.15219699 | I92: 0.80164468 | K92: -0.63307488 | L92: 1.107574 | N92: -0.25367659 | O92: 1.3232415 | Q92: -0.88675147 | R92: 0.93162388
A93: Ukraine | B93: m | C93: m | E93: m | F93: m | H93: m | I93: m | K93: m | L93: m | N93: m | O93: m | Q93: m | R93: m
A94: United Arab Emirates | B94: -0.41760841 | C94: 0.053897254 | E94: 5.3451891 | F94: 0.67596811 | H94: 0.22131447 | I94: 0.60370469 | K94: -1.2730125 | L94: 0.67289001 | N94: -4.2934914 | O94: 0.87986094 | Q94: -5.566504 | R94: 0.96054882
A95: Uruguay | B95: -0.1601133 | C95: 0.057217643 | E95: 2.9455955 | F95: 0.70095575 | H95: -0.62512201 | I95: 0.72986633 | K95: -2.4890501 | L95: 0.88358194 | N95: 0.16857643 | O95: 1.1913532 | Q95: -2.3204737 | R95: 0.95314837
A96: Viet Nam | B96: m | C96: m | E96: m | F96: m | H96: m | I96: m | K96: m | L96: m | N96: m | O96: m | Q96: m | R96: m
A101: Information on data for Cyprus: https://oe.cd/cyprus-disclaimer
A102: *PISA 2018 data did not meet the PISA technical standards but were accepted as largely comparable (see Annexes A2 and A4).
A104: Notes: Values that are statistically significant are indicated in bold (see Annex A3).
A105: Information regarding the proportion of the sample covered is shown next to the standard error. No symbol means at least 75% of the population was covered; one dagger (†) means at least 50% but less than 75%; and one double-dagger (‡) means less than 50% was covered. For comparisons across cycles, the coverage information corresponds to the cycle with the lowest sample coverage.

Sheet Table III.B1.11.3
A1: PISA 2018 Results (Volume III) - © OECD 2019
A2: Annex B1 | B2: Annex B1.11 Results (tables): Students' life satisfaction and meaning in life
A3: Version 2 - Last updated: 02-Dec-2019
A4: Disclaimer: http://oe.cd/disclaimer
A6: Table III.B1.11.3
A7: Prevalence of students who are not satisfied with life
A8: Based on students' reports
B11: Percentage of not satisfied1 students | E11: Percentage of students who are in schools where…
E12: Over 50% of students reported being not satisfied with life | H12: Between 25% and 50% of students reported being not satisfied with life | K12: Between 10% and 25% of students reported being not satisfied with life | N12: 10% of students or less reported being not satisfied with life
B14: % | C14: S.E. | E14: % | F14: S.E. | H14: % | I14: S.E. | K14: % | L14: S.E. | N14: % | O14: S.E.
A15: OECD
A16: Australia | B16: m | C16: m | E16: m | F16: m | H16: m | I16: m | K16: m | L16: m | N16: m | O16: m
A17: Austria | B17: 16.938911 | C17: 0.5788859 | E17: 1.2347727 | F17: 0.65259039 | H17: 15.899623 | I17: 2.6175723 | K17: 55.890261 | L17: 3.3337808 | N17: 26.975344 | O17: 2.6196209
A18: Belgium | B18: m | C18: m | E18: m | F18: m | H18: m | I18: m | K18: m | L18: m | N18: m | O18: m
A19: Canada | B19: m | C19: m | E19: m | F19: m | H19: m | I19: m | K19: m | L19: m | N19: m | O19: m
A20: Chile | B20: 17.58557 | C20: 0.59741551 | E20: 0.58872729 | F20: 0.29458658 | H20: 13.707976 | I20: 2.7988929 | K20: 68.325898 | L20: 3.382209 | N20: 17.377399 | O20: 2.4992974
A21: Colombia | B21: 13.500996 | C21: 0.54395365 | E21: 0.061933223 | F21: 0.06207027 | H21: 9.4011473 | I21: 1.7500587 | K21: 54.604251 | L21: 3.8481014 | N21: 35.932669 | O21: 3.7121771
A22: Czech Republic | B22: 18.034385 | C22: 0.64399126 | E22: 0.54293677 | F22: 0.41379701 | H22: 21.690487 | I22: 2.4100165 | K22: 53.725922 | L22: 3.1610307 | N22: 24.040654 | O22: 2.8326879
A23: Denmark | B23: m | C23: m | E23: m | F23: m | H23: m | I23: m | K23: m | L23: m | N23: m | O23: m
A24: Estonia | B24: 14.477027 | C24: 0.59272192 | E24: 1.0776442 | F24: 0.48603341 | H24: 7.326393 | I24: 1.1502587 | K24: 56.916762 | L24: 2.0911452 | N24: 34.679201 | O24: 2.1886101
A25: Finland | B25: 10.393411 | C25: 0.45917192 | E25: 0.067967289 | F25: 0.067211315 | H25: 3.6787265 | I25: 1.2495672 | K25: 44.251987 | L25: 3.3799541 | N25: 52.001319 | O25: 3.387146
A26: France | B26: 11.779793 | C26: 0.51232034 | E26: 0.095990844 | F26: 0.10480881 | H26: 6.6337431 | I26: 1.5470981 | K26: 44.319633 | L26: 3.235472 | N26: 48.950633 | O26: 3.374983
A27: Germany | B27: 16.745937 | C27: 0.60605534 | E27: 0.18757977 | F27: 0.18445366 | H27: 16.901077 | I27: 2.8239909 | K27: 61.377988 | L27: 3.619439 | N27: 21.533355 | O27: 3.0933607
A28: Greece | B28: 15.403428 | C28: 0.50468145 | E28: 0.23502499 | F28: 0.14776118 | H28: 10.5465 | I28: 2.1144077 | K28: 64.100232 | L28: 3.1375538 | N28: 25.118243 | O28: 2.8032491
A29: Hungary | B29: 15.678729 | C29: 0.62431353 | E29: 0.67499594 | F29: 0.30339567 | H29: 13.043814 | I29: 2.510927 | K29: 55.034754 | L29: 3.799161 | N29: 31.246436 | O29: 3.5818523
A30: Iceland | B30: 13.153397 | C30: 0.57404005 | E30: 0.11823633 | F30: 0.057767804 | H30: 4.9481541 | I30: 0.15222857 | K30: 56.491118 | L30: 0.25132476 | N30: 38.442492 | O30: 0.24569462
A31: Ireland | B31: 18.436596 | C31: 0.63802222 | E31: 0.28799299 | F31: 0.28960235 | H31: 19.363207 | I31: 2.9934699 | K31: 67.767259 | L31: 3.693952 | N31: 12.581541 | O31: 2.9447301
A32: Israel | B32: m | C32: m | E32: m | F32: m | H32: m | I32: m | K32: m | L32: m | N32: m | O32: m
A33: Italy | B33: 15.479516 | C33: 0.51988443 | E33: 0.38184262 | F33: 0.34669734 | H33: 14.97007 | I33: 2.2266815 | K33: 55.082524 | L33: 3.402233 | N33: 29.565564 | O33: 2.7535156
A34: Japan | B34: 24.722135 | C34: 0.60645113 | E34: 0.0673018 | F34: 0.067058458 | H34: 45.802262 | I34: 3.4615863 | K34: 52.070148 | L34: 3.5371052 | N34: 2.0602886 | O34: 1.0362762
A35: Korea | B35: 22.78401 | C35: 0.62813001 | E35: 0.51565335 | F35: 0.51580364 | H35: 38.81611 | I35: 3.6008735 | K35: 54.019529 | L35: 3.4919179 | N35: 6.6487076 | O35: 1.694783
A36: Latvia | B36: 13.211016 | C36: 0.53704557 | E36: 0.44673877 | F36: 0.24887371 | H36: 10.070584 | I36: 1.2341627 | K36: 49.150274 | L36: 1.8893332 | N36: 40.332404 | O36: 1.762248
A37: Lithuania | B37: 11.664196 | C37: 0.47195128 | E37: 0.13099426 | F37: 0.045579368 | H37: 6.5972369 | I37: 1.0960296 | K37: 47.406414 | L37: 1.9837591 | N37: 45.865355 | O37: 2.0264688
A38: Luxembourg | B38: 15.94441 | C38: 0.53679278 | E38: 0 | F38: c | H38: 2.4619526 | I38: 0.031053725 | K38: 92.938335 | L38: 0.040534272 | N38: 4.5997125 | O38: 0.025508261
A39: Mexico | B39: 8.2471021 | C39: 0.43527301 | E39: 0.71281945 | F39: 0.65302023 | H39: 3.9327201 | I39: 1.0683655 | K39: 29.137115 | L39: 3.2596855 | N39: 66.217346 | O39: 3.2795194
A40: Netherlands* | B40: 5.6824501 | C40: 0.43130208 | E40: 0 | F40: c | H40: 0.041937733 | I40: 0.041751329 | K40: 15.701104 | L40: 3.1120716 | N40: 84.256959 | O40: 3.1126236
A41: New Zealand | B41: m | C41: m | E41: m | F41: m | H41: m | I41: m | K41: m | L41: m | N41: m | O41: m
A42: Norway | B42: m | C42: m | E42: m | F42: m | H42: m | I42: m | K42: m | L42: m | N42: m | O42: m
A43: Poland | B43: 19.36679 | C43: 0.69136816 | E43: 0.35848949 | F43: 0.19277148 | H43: 22.123509 | I43: 2.7470427 | K43: 59.135475 | L43: 3.2567506 | N43: 18.382526 | O43: 2.6309647
A44: Portugal* | B44: 12.126048 | C44: 0.55221341 | E44: 0.16026531 | F44: 0.13421248 | H44: 8.1978341 | I44: 2.2298863 | K44: 43.939918 | L44: 3.4429673 | N44: 47.701983 | O44: 3.2780131
A45: Slovak Republic | B45: 15.11364 | C45: 0.46057668 | E45: 0.74334533 | F45: 0.38729017 | H45: 12.36385 | I45: 1.7780128 | K45: 57.854391 | L45: 2.8263854 | N45: 29.038413 | O45: 2.5012991
A46: Slovenia | B46: 19.641869 | C46: 0.62386225 | E46: 0.6466161 | F46: 0.17386428 | H46: 28.481927 | I46: 0.3728829 | K46: 50.158519 | L46: 0.42615005 | N46: 20.712938 | O46: 0.47086831
A47: Spain | B47: 11.596279 | C47: 0.31193331 | E47: 0.028401432 | F47: 0.028336369 | H47: 4.3685164 | I47: 0.76306 | K47: 50.401848 | L47: 2.0992176 | N47: 45.201234 | O47: 2.0313755
A48: Sweden | B48: 16.642597 | C48: 0.58744059 | E48: 0.87211719 | F48: 0.45508139 | H48: 15.012196 | I48: 2.4637376 | K48: 59.761024 | L48: 3.579895 | N48: 24.354663 | O48: 2.653135
A49: Switzerland | B49: 12.022031 | C49: 0.58644953 | E49: 0.074473755 | F49: 0.074982585 | H49: 8.2197007 | I49: 1.698236 | K49: 49.328624 | L49: 3.9791203 | N49: 42.377202 | O49: 4.0338675
A50: Turkey | B50: 33.775307 | C50: 0.78329357 | E50: 6.0274483 | F50: 1.865416 | H50: 77.298683 | I50: 2.8592468 | K50: 15.998559 | L50: 2.3542812 | N50: 0.67530914 | O50: 0.56523781
A51: United Kingdom | B51: 26.271169 | C51: 0.60315676 | E51: 2.7340432 | F51: 1.2567858 | H51: 48.616853 | I51: 2.9501671 | K51: 45.633301 | L51: 2.943351 | N51: 3.0158026 | O51: 1.038939
A52: United States* | B52: 19.184942 | C52: 0.68721948 | E52: 0.95119126 | F52: 0.50416421 | H52: 20.789899 | I52: 3.2724189 | K52: 64.637225 | L52: 3.826855 | N52: 13.621685 | O52: 2.5200391
A53: OECD average | B53: 16.18679 | C53: 0.10436695 | E53: 0.66751813 | F53: 0.093203295 | H53: 17.043556 | I53: 0.39900869 | K53: 52.505346 | L53: 0.55910567 | N53: 29.783579 | O53: 0.4714897
A54: Partners
A55: Albania | B55: 5.2883828 | C55: 0.30539472 | E55: 0.025732591 | F55: 0.02638263 | H55: 0.27150744 | I55: 0.19526599 | K55: 16.275891 | L55: 2.035899 | N55: 83.426869 | O55: 2.033438
A56: Argentina | B56: 14.920425 | C56: 0.50258112 | E56: 0.39945425 | F56: 0.3449564 | H56: 12.212266 | I56: 2.0068494 | K56: 55.953015 | L56: 2.6268748 | N56: 31.435264 | O56: 2.3171857
A57: Baku (Azerbaijan) | B57: 18.754823 | C57: 0.5831294 | E57: 0.37280761 | F57: 0.28828752 | H57: 18.648331 | I57: 2.7828592 | K57: 67.334096 | L57: 3.2412469 | N57: 13.644765 | O57: 2.4120171
A58: Belarus | B58: 6.2948517 | C58: 0.38100909 | E58: 0 | F58: c | H58: 0.43164871 | I58: 0.34598714 | K58: 22.174332 | L58: 2.9928133 | N58: 77.394019 | O58: 3.0136164
A59: Bosnia and Herzegovina | B59: 11.07954 | C59: 0.45581132 | E59: 0.020802459 | F59: 0.00038472422 | H59: 2.8271715 | I59: 0.55739411 | K59: 48.666293 | L59: 3.6940108 | N59: 48.485733 | O59: 3.7319979
A60: Brazil | B60: 18.40893 | C60: 0.43262671 | E60: 1.1014889 | F60: 0.25404665 | H60: 25.795079 | I60: 2.0722685 | K60: 48.776807 | L60: 2.4897315 | N60: 24.326625 | O60: 1.8108765
A61: Brunei Darussalam | B61: 26.344901 | C61: 0.52699209 | E61: 0 | F61: c | H61: 67.600109 | I61: 0.069901145 | K61: 32.146231 | L61: 0.067725845 | N61: 0.2536605 | O61: 0.0052994674
A62: B-S-J-Z (China) | B62: 18.727203 | C62: 0.4802315 | E62: 0 | F62: c | H62: 25.002356 | I62: 3.0649482 | K62: 55.020878 | L62: 3.3131502 | N62: 19.976766 | O62: 2.4455736
A63: Bulgaria | B63: 18.552629 | C63: 0.63488924 | E63: 0.63871319 | F63: 0.38675938 | H63: 22.722907 | I63: 2.6128846 | K63: 59.738814 | L63: 3.4835965 | N63: 16.899566 | O63: 2.816974
A64: Costa Rica | B64: 9.3008062 | C64: 0.42769643 | E64: 0 | F64: c | H64: 0.78434316 | I64: 0.55698478 | K64: 40.465589 | L64: 3.0301508 | N64: 58.750068 | O64: 3.0471429
A65: Croatia | B65: 11.168408 | C65: 0.37968419 | E65: 0 | F65: c | H65: 0.63902113 | I65: 0.46225275 | K65: 58.721293 | L65: 3.4451645 | N65: 40.639686 | O65: 3.4029431
A66: Cyprus | B66: 18.989952 | C66: 0.53496838 | E66: 0 | F66: c | H66: 16.601334 | I66: 0.33316029 | K66: 77.954219 | L66: 0.83006155 | N66: 5.4444476 | O66: 0.80783675
A67: Dominican Republic | B67: 11.48364 | C67: 0.48893613 | D67: † | E67: 0.14305072 | F67: 0.11109328 | H67: 6.6342911 | I67: 1.7612903 | K67: 49.17548 | L67: 3.540302 | N67: 44.047178 | O67: 3.2200441
A68: Georgia | B68: 12.561511 | C68: 0.58287776 | E68: 1.2526369 | F68: 0.45081201 | H68: 12.032885 | I68: 2.1929876 | K68: 44.15967 | L68: 3.2100542 | N68: 42.554808 | O68: 3.0176782
A69: Hong Kong (China)* | B69: 20.117626 | C69: 0.53901711 | E69: 0 | F69: c | H69: 24.674602 | I69: 3.1256586 | K69: 69.607699 | L69: 3.5044989 | N69: 5.7176996 | O69: 1.4615672
A70: Indonesia | B70: 13.048121 | C70: 0.57353242 | E70: 0.9558522 | F70: 0.72477346 | H70: 8.7867934 | I70: 2.303041 | K70: 52.592595 | L70: 3.8741094 | N70: 37.664759 | O70: 3.7182676
A71: Jordan | B71: 20.424707 | C71: 0.67190757 | E71: 2.0031407 | F71: 1.0051696 | H71: 28.329756 | I71: 2.636476 | K71: 54.844046 | L71: 3.4635113 | N71: 14.823058 | O71: 2.1408103
A72: Kazakhstan | B72: 5.2180164 | C72: 0.22660356 | E72: 0 | F72: c | H72: 1.0192914 | I72: 0.50282914 | K72: 16.45502 | L72: 1.872094 | N72: 82.525689 | O72: 1.814917
A73: Kosovo | B73: 8.6163543 | C73: 0.50246621 | E73: 0.048504568 | F73: 0.049467533 | H73: 1.6197346 | I73: 0.34040504 | K73: 38.206074 | L73: 1.52881 | N73: 60.125687 | O73: 1.5468237
A74: Lebanon | B74: 17.817758 | C74: 1.1110623 | E74: 6.8955784 | F74: 1.4754397 | H74: 20.733003 | I74: 2.466808 | K74: 31.869025 | L74: 3.1028045 | N74: 40.502394 | O74: 2.7504671
A75: Macao (China) | B75: 22.590808 | C75: 0.71565046 | E75: 0 | F75: c | H75: 25.42717 | I75: 0.060817163 | K75: 74.441217 | L75: 0.060776124 | N75: 0.13161358 | O75: 0.00011748157
A76: Malaysia | B76: 14.161656 | C76: 0.6450457 | E76: 0 | F76: c | H76: 11.579905 | I76: 2.7004357 | K76: 51.81839 | L76: 3.7044359 | N76: 36.601705 | O76: 3.2894676
A77: Malta | B77: 20.41675 | C77: 0.68454169 | E77: 0.088796157 | F77: 0.051095903 | H77: 25.421769 | I77: 0.16315893 | K77: 66.947657 | L77: 0.16836837 | N77: 7.5417778 | O77: 0.077257285
A78: Moldova | B78: 11.01686 | C78: 0.53587042 | E78: 0.01415828 | F78: 0.00017830753 | H78: 3.7955918 | I78: 1.2522863 | K78: 44.177623 | L78: 3.4945296 | N78: 52.012627 | O78: 3.3930678
A79: Montenegro | B79: 14.46997 | C79: 0.37780799 | E79: 0.18475828 | F79: 0.18556008 | H79: 2.0563947 | I79: 0.19856726 | K79: 84.348814 | L79: 0.46017059 | N79: 13.410033 | O79: 0.48902434
A80: Morocco | B80: 20.129826 | C80: 0.61958297 | E80: 1.2426352 | F80: 1.0030924 | H80: 26.256289 | I80: 3.3458515 | K80: 57.976788 | L80: 3.8456124 | N80: 14.524288 | O80: 2.5540469
A81: North Macedonia | B81: 7.1641918 | C81: 0.36780284 | E81: 0 | F81: c | H81: 0 | I81: c | K81: 21.348376 | L81: 0.071181859 | N81: 78.651624 | O81: 0.071181859
A82: Panama | B82: 11.325728 | C82: 0.5554099 | D82: † | E82: 1.5227174 | F82: 0.65925983 | H82: 6.1675166 | I82: 1.3940285 | K82: 43.978635 | L82: 2.5820356 | N82: 48.331131 | O82: 2.5125515
A83: Peru | B83: 14.049416 | C83: 0.50052355 | E83: 0.92898704 | F83: 0.50640253 | H83: 11.370971 | I83: 1.7776183 | K83: 46.86913 | L83: 2.6768311 | N83: 40.830912 | O83: 2.5891831
A84: Philippines | B84: 14.336201 | C84: 0.58901979 | E84: 0 | F84: c | H84: 8.2332673 | I84: 2.2352213 | K84: 63.489839 | L84: 3.7561933 | N84: 28.276894 | O84: 3.274676
A85: Qatar | B85: 20.345487 | C85: 0.35924405 | E85: 0.13729461 | F85: 0.012118184 | H85: 18.186701 | I85: 0.066799896 | K85: 80.348858 | L85: 0.069712884 | N85: 1.3271466 | O85: 0.021940363
A86: Romania | B86: 8.8350803 | C86: 0.40702634 | E86: 0.55369628 | F86: 0.41677794 | H86: 2.1721872 | I86: 0.97041838 | K86: 34.316704 | L86: 3.388128 | N86: 62.957413 | O86: 3.5641157
A87: Russia | B87: 15.845442 | C87: 0.48597103 | E87: 0.098359654 | F87: 0.098675446 | H87: 12.478261 | I87: 1.8006018 | K87: 64.83864 | L87: 3.1003326 | N87: 22.584739 | O87: 2.4895038
A88: Saudi Arabia | B88: 14.641563 | C88: 0.52154686 | E88: 0 | F88: c | H88: 12.111037 | I88: 2.024109 | K88: 56.113903 | L88: 3.2616424 | N88: 31.77506 | O88: 3.0603417
A89: Serbia | B89: 13.299021 | C89: 0.48112128 | E89: 0.11805571 | F89: 0.11805652 | H89: 3.7254118 | I89: 1.4251559 | K89: 64.750217 | L89: 3.3763632 | N89: 31.406316 | O89: 3.2581472
A90: Singapore | B90: m | C90: m | E90: m | F90: m | H90: m | I90: m | K90: m | L90: m | N90: m | O90: m
A91: Chinese Taipei | B91: 18.520735 | C91: 0.4818756 | E91: 0 | F91: c | H91: 15.019785 | I91: 2.6564602 | K91: 76.725898 | L91: 3.3465087 | N91: 8.2543169 | O91: 2.0147245
A92: Thailand | B92: 8.8195069 | C92: 0.42802421 | E92: 0.05331667 | F92: 0.03775096 | H92: 2.0225204 | I92: 1.0467245 | K92: 35.661539 | L92: 3.8050609 | N92: 62.262624 | O92: 3.7485351
A93: Ukraine | B93: 7.3081898 | C93: 0.37082793 | E93: 0 | F93: c | H93: 0.66499517 | I93: 0.56331067 | K93: 27.580569 | L93: 2.7158415 | N93: 71.754435 | O93: 2.7016671
A94: United Arab Emirates | B94: 19.85538 | C94: 0.51683846 | E94: 0.94450648 | F94: 0.54956392 | H94: 28.360603 | I94: 1.9708459 | K94: 51.064581 | L94: 1.3927887 | N94: 19.63031 | O94: 0.95594548
A95: Uruguay | B95: 12.739885 | C95: 0.59723987 | E95: 1.2428858 | F95: 0.74981784 | H95: 5.3012992 | I95: 1.4524174 | K95: 51.208693 | L95: 3.9825863 | N95: 42.247122 | O95: 3.9128151
A96: Viet Nam | B96: 7.1504447 | C96: 0.38039455 | E96: 0 | F96: c | H96: 0.038440906 | I96: 0.028569648 | K96: 20.956977 | L96: 3.3052223 | N96: 79.004583 | O96: 3.3053169
A101: Information on data for Cyprus: https://oe.cd/cyprus-disclaimer
A102: *Data did not meet the PISA technical standards but were accepted as largely comparable (see Annexes A2 and A4).
A104: 1. A student is classified as "not satisfied" with life if he or she reported between 0 and 4 on the life-satisfaction scale. The life-satisfaction scale ranges from 0 to 10.
A105: Note: Information regarding the proportion of the sample covered is shown next to the standard error. No symbol means at least 75% of the population was covered; one dagger (†) means at least 50% but less than 75%; and one double-dagger (‡) means less than 50% was covered. For comparisons across cycles, the coverage information corresponds to the cycle with the lowest sample coverage.

Sheet Table III.B1.11.4
A1: PISA 2018 Results (Volume III) - © OECD 2019
A2: Annex B1 | B2: Annex B1.11 Results (tables): Students' life satisfaction and meaning in life
A3: Version 2 - Last updated: 02-Dec-2019
A4: Disclaimer: http://oe.cd/disclaimer
A6: Table III.B1.11.4
A7: Satisfied students, by student characteristics
A8: Based on students' reports
B11: Percentage of students who are satisfied1 with life, by the following student characteristics:
B12: Gender | K12: Socio-economic status2 | T12: Education level | AC12: Immigrant background
B13: Boys | E13: Girls | H13: Girls - boys | K13: Disadvantaged students | N13: Advantaged students | Q13: Advantaged -disadvantaged | T13: Lower secondary (ISCED 2) | W13: Upper secondary (ISCED 3) | Z13: ISCED 3 - ISCED 2 | AC13: Non-immigrant students | AF13: Immigrant students | AI13: Immigrant - non-immigrant
B14: % | C14: S.E. | E14: % | F14: S.E. | H14: % dif. | I14: S.E. | K14: % | L14: S.E. | N14: % | O14: S.E. | Q14: % dif. | R14: S.E. | T14: % | U14: S.E. | W14: % | X14: S.E. | Z14: % dif. | AA14: S.E. | AC14: % | AD14: S.E. | AF14: % | AG14: S.E. | AI14: % dif. | AJ14: S.E.
A15: OECD
A16: Australia | B16: m | C16: m | E16: m | F16: m | H16: m | I16: m | K16: m | L16: m | N16: m | O16: m | Q16: m | R16: m | T16: m | U16: m | W16: m | X16: m | Z16: m | AA16: m | AC16: m | AD16: m | AF16: m | AG16: m | AI16: m | AJ16: m
A17: Austria | B17: 75.391675 | C17: 0.91888286 | E17: 63.781521 | F17: 0.98139103 | H17: -11.610154 | I17: 1.3099417 | K17: 66.307584 | L17: 1.4056386 | N17: 72.803872 | O17: 1.2886284 | Q17: 6.4962875 | R17: 1.9569898 | T17: m | U17: m | W17: m | X17: m | Z17: m | AA17: m | AC17: 70.959755 | AD17: 0.82134759 | AF17: 64.764531 | AG17: 1.5348254 | AI17: -6.1952241 | AJ17: 1.655622
A18: Belgium | B18: m | C18: m | E18: m | F18: m | H18: m | I18: m | K18: m | L18: m | N18: m | O18: m | Q18: m | R18: m | T18: m | U18: m | W18: m | X18: m | Z18: m | AA18: m | AC18: m | AD18: m | AF18: m | AG18: m | AI18: m | AJ18: m
A19: Canada | B19: m | C19: m | E19: m | F19: m | H19: m | I19: m | K19: m | L19: m | N19: m | O19: m | Q19: m | R19: m | T19: m | U19: m | W19: m | X19: m | Z19: m | AA19: m | AC19: m | AD19: m | AF19: m | AG19: m | AI19: m | AJ19: m
A20: Chile | B20: 69.455682 | C20: 0.98016788 | E20: 58.846264 | F20: 1.0429888 | H20: -10.609418 | I20: 1.3654848 | K20: 57.554618 | L20: 1.3950193 | N20: 68.795794 | O20: 1.256074 | Q20: 11.241176 | R20: 1.9006625 | T20: 58.12388 | U20: 4.5736698 | W20: 64.567954 | X20: 0.71645374 | Z20: 6.4440735 | AA20: 4.5246953 | AC20: 64.455259 | AD20: 0.75440532 | AF20: 56.398138 | AG20: 3.9767821 | AI20: -8.0571209 | AJ20: 3.9861607
A21: Colombia | B21: 76.151624 | C21: 0.9170332 | E21: 69.951083 | F21: 0.87262331 | H21: -6.2005411 | I21: 1.1359658 | K21: 75.6213 | L21: 1.3641309 | N21: 72.426245 | O21: 1.2187123 | Q21: -3.195055 | R21: 1.9509877 | T21: 70.893554 | U21: 1.1449646 | W21: 74.158828 | X21: 0.86088184 | Z21: 3.2652736 | AA21: 1.4459696 | AC21: 72.948053 | AD21: 0.71173984 | AF21: 81.349812 | AG21: 7.990987 | AI21: 8.401759 | AJ21: 8.1133165
A22: Czech Republic | B22: 70.839258 | C22: 0.93922023 | E22: 58.454192 | F22: 1.0557785 | H22: -12.385065 | I22: 1.3960436 | K22: 59.638493 | L22: 1.9962028 | N22: 69.567655 | O22: 1.2511563 | Q22: 9.9291622 | R22: 2.3336239 | T22: 64.797121 | U22: 1.0400141 | W22: 64.705666 | X22: 1.1035624 | Z22: -0.091455661 | AA22: 1.5337566 | AC22: 65.002729 | AD22: 0.73618912 | AF22: 56.658694 | AG22: 3.7680724 | AI22: -8.3440348 | AJ22: 3.7200394
A23: Denmark | B23: m | C23: m | E23: m | F23: m | H23: m | I23: m | K23: m | L23: m | N23: m | O23: m | Q23: m | R23: m | T23: m | U23: m | W23: m | X23: m | Z23: m | AA23: m | AC23: m | AD23: m | AF23: m | AG23: m | AI23: m | AJ23: m
A24: Estonia | B24: 75.588106 | C24: 0.83511601 | E24: 64.136014 | F24: 0.97512269 | H24: -11.452092 | I24: 1.1001618 | K24: 65.063801 | L24: 1.3542683 | N24: 77.180899 | O24: 1.3466947 | Q24: 12.117098 | R24: 1.8831597 | T24: 69.883597 | U24: 0.73913041 | W24: 64.856006 | X24: 5.5070033 | Z24: -5.0275907 | AA24: 5.5641825 | AC24: 69.949075 | AD24: 0.81625073 | AF24: 68.590125 | AG24: 2.1494515 | AI24: -1.3589501 | AJ24: 2.4028577
A25: Finland | B25: 83.853847 | C25: 0.75479751 | E25: 71.368461 | F25: 0.9103289 | H25: -12.485386 | I25: 1.2289815 | K25: 71.943704 | L25: 1.2925536 | N25: 82.815313 | O25: 0.95832723 | Q25: 10.871609 | R25: 1.6491445 | T25: 77.722341 | U25: 0.56393568 | W25: c | X25: c | Z25: c | AA25: c | AC25: 77.913371 | AD25: 0.60566404 | AF25: 73.197948 | AG25: 2.7867337 | AI25: -4.7154224 | AJ25: 2.8718038
A26: France | B26: 74.231814 | C26: 0.73010562 | E26: 65.00457 | F26: 1.002185 | H26: -9.2272445 | I26: 1.0027349 | K26: 62.871316 | L26: 1.5367566 | N26: 75.597917 | O26: 1.3148955 | Q26: 12.726601 | R26: 2.1494175 | T26: 62.356438 | U26: 1.7667706 | W26: 71.042541 | X26: 0.79204608 | Z26: 8.6861026 | AA26: 1.935435 | AC26: 70.570346 | AD26: 0.77720429 | AF26: 64.476425 | AG26: 1.8136649 | AI26: -6.0939217 | AJ26: 1.9361711
A27: Germany | B27: 72.284016 | C27: 0.99749331 | E27: 60.075446 | F27: 1.0270252 | H27: -12.20857 | I27: 1.4855609 | K27: 62.849133 | L27: 1.4197353 | N27: 69.896674 | O27: 1.5400076 | Q27: 7.0475407 | R27: 2.2544648 | T27: 66.519836 | U27: 0.74173313 | W27: 67.165215 | X27: 2.5120357 | Z27: 0.64537903 | AA27: 2.6065825 | AC27: 67.501729 | AD27: 0.9134498 | AF27: 63.040481 | AG27: 1.5882033 | AI27: -4.4612482 | AJ27: 1.9796956
A28: Greece | B28: 70.274242 | C28: 0.99908856 | E28: 60.695738 | F28: 1.013585 | H28: -9.5785042 | I28: 1.5662594 | K28: 63.851269 | L28: 1.5346227 | N28: 65.895113 | O28: 1.3598617 | Q28: 2.0438442 | R28: 2.0409439 | T28: 62.977909 | U28: 5.5427679 | W28: 65.587971 | X28: 0.62953858 | Z28: 2.6100623 | AA28: 5.5923088 | AC28: 65.704037 | AD28: 0.62561327 | AF28: 62.201432 | AG28: 2.0243347 | AI28: -3.5026055 | AJ28: 1.9755392
A29: Hungary | B29: 74.065599 | C29: 1.0327646 | E29: 61.905208 | F29: 1.1541672 | H29: -12.160391 | I29: 1.3955104 | K29: 64.130813 | L29: 1.5481234 | N29: 71.744495 | O29: 1.5273279 | Q29: 7.6136814 | R29: 2.1488846 | T29: 68.774928 | U29: 2.7692546 | W29: 67.823954 | X29: 0.96179228 | Z29: -0.95097341 | AA29: 3.045401 | AC29: 67.822493 | AD29: 0.88522201 | AF29: 72.507136 | AG29: 4.4509615 | AI29: 4.6846428 | AJ29: 4.3484582
A30: Iceland | B30: 79.373219 | C30: 0.99266485 | E30: 65.789382 | F30: 1.1562821 | H30: -13.583837 | I30: 1.4964688 | K30: 67.762512 | L30: 1.8976574 | N30: 77.14514 | O30: 1.4193375 | Q30: 9.382628 | R30: 2.4447359 | T30: 72.372861 | U30: 0.78272205 | W30: c | X30: c | Z30: c | AA30: c | AC30: 72.833985 | AD30: 0.79550813 | AF30: 66.734126 | AG30: 3.7391858 | AI30: -6.0998589 | AJ30: 3.8112737
A31: Ireland | B31: 67.275231 | C31: 1.1007149 | E31: 55.542107 | F31: 1.1779815 | H31: -11.733123 | I31: 1.3777319 | K31: 57.760634 | L31: 1.393931 | N31: 63.537125 | O31: 1.5117654 | Q31: 5.7764912 | R31: 1.9543763 | T31: 61.191859 | U31: 1.0317675 | W31: 61.706797 | X31: 1.1869726 | Z31: 0.51493771 | AA31: 1.275113 | AC31: 61.808549 | AD31: 1.0078006 | AF31: 59.472158 | AG31: 1.683295 | AI31: -2.3363915 | AJ31: 1.8775866
A32: Israel | B32: m | C32: m | E32: m | F32: m | H32: m | I32: m | K32: m | L32: m | N32: m | O32: m | Q32: m | R32: m | T32: m | U32: m | W32: m | X32: m | Z32: m | AA32: m | AC32: m | AD32: m | AF32: m | AG32: m | AI32: m | AJ32: m
A33: Italy | B33: 73.864924 | C33: 0.88913898 | E33: 59.813439 | F33: 1.0001166 | H33: -14.051484 | I33: 1.323904 | K33: 61.707757 | L33: 1.4593481 | N33: 72.453427 | O33: 0.96288541 | Q33: 10.745669 | R33: 1.6130864 | T33: 54.919349 | U33: 4.657327 | W33: 67.127857 | X33: 0.70695675 | Z33: 12.208508 | AA33: 4.6411996 | AC33: 68.538732 | AD33: 0.70854672 | AF33: 54.258516 | AG33: 2.4090032 | AI33: -14.280215 | AJ33: 2.4121519
A34: Japan | B34: 50.884068 | C34: 0.90174463 | E34: 49.642856 | F34: 1.2606842 | H34: -1.2412121 | I34: 1.5654466 | K34: 48.681463 | L34: 1.4583658 | N34: 52.944491 | O34: 1.6257461 | Q34: 4.2630286 | R34: 2.1725398 | T34: m | U34: m | W34: 50.247201 | X34: 0.77627934 | Z34: m | AA34: m | AC34: w | AD34: w | AF34: w | AG34: w | AI34: w | AJ34: w
A35: Korea | B35: 65.295491 | C35: 0.95618521 | E35: 47.378862 | F35: 0.95801689 | H35: -17.916629 | I35: 1.3619649 | K35: 53.734021 | L35: 1.3351337 | N35: 58.619691 | O35: 1.164023 | Q35: 4.8856705 | R35: 1.6900907 | T35: 58.355849 | U35: 2.1252408 | W35: 56.436072 | X35: 0.82860827 | Z35: -1.9197775 | AA35: 2.3160697 | AC35: 56.732378 | AD35: 0.76115356 | AF35: c | AG35: c | AI35: c | AJ35: c
A36: Latvia | B36: 72.543233 | C36: 0.91563582 | E36: 65.24502 | F36: 1.1481134 | H36: -7.2982136 | I36: 1.5309513 | K36: 60.535189 | L36: 1.5771105 | N36: 75.771152 | O36: 1.4492431 | Q36: 15.235963 | R36: 2.3201879 | T36: 68.818501 | U36: 0.70897519 | W36: 68.670539 | X36: 3.8261576 | Z36: -0.14796159 | AA36: 3.8572534 | AC36: 68.769286 | AD36: 0.75732558 | AF36: 69.438123 | AG36: 3.1613963 | AI36: 0.66883725 | AJ36: 3.3844723
A37: Lithuania | B37: 79.5504 | C37: 0.8924961 | E37: 71.272219 | F37: 0.88561208 | H37: -8.2781816 | I37: 1.2716534 | K37: 73.191147 | L37: 1.1159381 | N37: 76.972215 | O37: 1.2270826 | Q37: 3.7810681 | R37: 1.68084 | T37: 75.44469 | U37: 0.62039838 | W37: m | X37: m | Z37: m | AA37: m | AC37: 75.494764 | AD37: 0.64062706 | AF37: 70.946828 | AG37: 4.8905376 | AI37: -4.5479359 | AJ37: 5.0247461
A38: Luxembourg | B38: 73.273428 | C38: 0.86002567 | E38: 63.00784 | F38: 1.0174179 | H38: -10.265588 | I38: 1.300754 | K38: 61.709124 | L38: 1.5999577 | N38: 76.415921 | O38: 1.2880745 | Q38: 14.706796 | R38: 1.8978717 | T38: 66.168287 | U38: 0.85294506 | W38: 70.646951 | X38: 0.98413633 | Z38: 4.4786639 | AA38: 1.2188723 | AC38: 72.009519 | AD38: 1.0259205 | AF38: 65.344378 | AG38: 0.98543035 | AI38: -6.6651409 | AJ38: 1.4534119
A39: Mexico | B39: 84.842335 | C39: 0.73069199 | E39: 80.594709 | F39: 0.89969546 | H39: -4.2476257 | I39: 1.1562069 | K39: 79.259281 | L39: 1.4207754 | N39: 84.814865 | O39: 0.9774016 | Q39: 5.5555831 | R39: 1.7200986 | T39: 81.538292 | U39: 1.4687033 | V39: † | W39: 82.834485 | X39: 0.67158092 | Z39: 1.2961929 | AA39: 1.6859646 | AB39: † | AC39: 82.982835 | AD39: 0.56483505 | AF39: 69.963595 | AG39: 7.741823 | AH39: † | AI39: -13.01924 | AJ39: 7.7024677 | AK39: †
A40: Netherlands* | B40: 85.374412 | C40: 0.86337395 | E40: 73.726562 | F40: 1.2017623 | H40: -11.647849 | I40: 1.3847023 | K40: 79.454654 | L40: 1.6956574 | N40: 82.460088 | O40: 1.625193 | Q40: 3.0054343 | R40: 2.4646931 | T40: 78.649108 | U40: 0.95637961 | W40: 80.695239 | X40: 1.3071696 | Z40: 2.0461302 | AA40: 1.6041841 | AC40: 79.445259 | AD40: 0.84061804 | AF40: 79.85457 | AG40: 2.2628763 | AH40: † | AI40: 0.40931117 | AJ40: 2.4459998 | AK40: †
A41: New Zealand | B41: m | C41: m | E41: m | F41: m | H41: m | I41: m | K41: m | L41: m | N41: m | O41: m | Q41: m | R41: m | T41: m | U41: m | W41: m | X41: m | Z41: m | AA41: m | AC41: m | AD41: m | AF41: m | AG41: m | AI41: m | AJ41: m
A42: Norway | B42: m | C42: m | E42: m | F42: m | H42: m | I42: m | K42: m | L42: m | N42: m | O42: m | Q42: m | R42: m | T42: m | U42: m | W42: m | X42: m | Z42: m | AA42: m | AC42: m | AD42: m | AF42: m | AG42: m | AI42: m | AJ42: m
A43: Poland | B43: 69.907948 | C43: 0.94175808 | E43: 54.010589 | F43: 1.0515346 | H43: -15.897359 | I43: 1.2940547 | K43: 58.120742 | L43: 1.5082134 | N43: 63.516133 | O43: 1.4790851 | Q43: 5.3953908 | R43: 2.1036373 | T43: 62.194385 | U43: 0.78013945 | W43: c | X43: c | Z43: c | AA43: c | AC43: 61.937456 | AD43: 0.78086274 | AF43: c | AG43: c | AI43: c | AJ43: c
A44: Portugal* | B44: 73.324169 | C44: 0.96606162 | E44: 64.389883 | F44: 1.1006006 | H44: -8.9342854 | I44: 1.3953592 | K44: 66.293225 | L44: 1.421361 | N44: 73.709851 | O44: 1.3487736 | Q44: 7.4166262 | R44: 1.6863056 | T44: 66.046156 | U44: 1.3100492 | W44: 70.07877 | X44: 0.9903295 | Z44: 4.0326145 | AA44: 1.6969977 | AC44: 69.083722 | AD44: 0.83371492 | AF44: 66.598683 | AG44: 2.9654662 | AI44: -2.485039 | AJ44: 3.1397577
A45: Slovak Republic | B45: 76.105152 | C45: 0.91278513 | E45: 63.144702 | F45: 0.86495923 | H45: -12.960449 | I45: 1.1348864 | K45: 63.601114 | L45: 1.5870867 | N45: 72.946047 | O45: 1.3071577 | Q45: 9.3449334 | R45: 2.1179993 | T45: 70.973168 | U45: 0.96717835 | W45: 68.371024 | X45: 0.95052776 | Z45: -2.6021438 | AA45: 1.3047641 | AC45: 69.611645 | AD45: 0.72414272 | AF45: 64.222362 | AG45: 6.1008011 | AI45: -5.3892838 | AJ45: 6.2314943
A46: Slovenia | B46: 72.855082 | C46: 0.86943071 | E46: 55.041402 | F46: 1.1693135 | H46: -17.813679 | I46: 1.4715241 | K46: 65.437954 | L46: 1.4439428 | N46: 64.391263 | O46: 1.8191537 | Q46: -1.0466917 | R46: 2.3239013 | T46: 77.595726 | U46: 3.1466574 | W46: 63.083024 | X46: 0.80257724 | Z46: -14.512702 | AA46: 3.4381969 | AC46: 63.953614 | AD46: 0.80064866 | AF46: 65.267492 | AG46: 2.4458748 | AI46: 1.3138782 | AJ46: 2.67634
A47: Spain | B47: 77.259036 | C47: 0.45277478 | E47: 69.761059 | F47: 0.52797288 | H47: -7.4979777 | I47: 0.67972674 | K47: 68.858921 | L47: 0.74572932 | N47: 78.520218 | O47: 0.53485848 | Q47: 9.6612974 | R47: 0.85475965 | T47: 73.528855 | U47: 0.35761119 | W47: c | X47: c | Z47: c | AA47: c | AC47: 75.201683 | AD47: 0.35817795 | AF47: 62.356498 | AG47: 0.92197139 | AI47: -12.845185 | AJ47: 0.97734164
A48: Sweden | B48: 74.396426 | C48: 0.90900208 | E48: 59.203128 | F48: 1.1606155 | H48: -15.193299 | I48: 1.4918276 | K48: 60.239672 | L48: 1.4398695 | N48: 71.157091 | O48: 1.0381828 | Q48: 10.91742 | R48: 1.7294574 | T48: 66.657288 | U48: 0.73715852 | W48: 69.586155 | X48: 4.5565141 | Z48: 2.9288669 | AA48: 4.5861126 | AC48: 66.744952 | AD48: 0.77453674 | AF48: 66.634891 | AG48: 1.7334142 | AI48: -0.11006164 | AJ48: 1.8712829
A49: Switzerland | B49: 78.447782 | C49: 0.95813103 | E49: 67.796455 | F49: 1.1731322 | H49: -10.651328 | I49: 1.4833747 | K49: 69.892444 | L49: 1.462948 | N49: 77.340577 | O49: 1.4994482 | Q49: 7.4481323 | R49: 2.1399354 | T49: 73.017379 | U49: 0.8304712 | W49: 74.260546 | X49: 1.4208807 | Z49: 1.2431671 | AA49: 1.5372604 | AC49: 75.796152 | AD49: 0.87652015 | AF49: 68.776742 | AG49: 1.271904 | AI49: -7.0194092 | AJ49: 1.4916782
A50: Turkey | B50: 45.832482 | C50: 1.0110867 | E50: 41.381784 | F50: 1.2337302 | H50: -4.4506974 | I50: 1.5375356 | K50: 37.981685 | L50: 1.2737354 | N50: 47.641189 | O50: 1.4897309 | Q50: 9.6595043 | R50: 1.9007041 | T50: c | U50: c | W50: 43.60542 | X50: 0.82974142 | Z50: c | AA50: c | AC50: 43.68178 | AD50: 0.84256686 | AF50: 36.295815 | AG50: 7.9411959 | AI50: -7.3859654 | AJ50: 8.051424
A51: United Kingdom | B51: 61.632456 | C51: 0.78527852 | E51: 44.146648 | F51: 0.95990481 | H51: -17.485808 | I51: 1.0549543 | K51: 45.87164 | L51: 1.420495 | N51: 59.699525 | O51: 1.432393 | Q51: 13.827885 | R51: 1.9385084 | T51: c | U51: c | W51: 52.535678 | X51: 0.76542424 | Z51: c | AA51: c | AC51: 52.58128 | AD51: 0.77815666 | AF51: 52.57814 | AG51: 1.7319456 | AI51: -0.003140272 | AJ51: 1.7627517
A52: United States* | B52: 66.044412 | C52: 1.0150299 | E52: 55.164414 | F52: 1.0775817 | H52: -10.879999 | I52: 1.4697477 | K52: 54.789502 | L52: 1.4227577 | N52: 67.543318 | O52: 1.4026037 | Q52: 12.753816 | R52: 2.0837504 | T52: 60.511416 | U52: 2.7102283 | W52: 60.692016 | X52: 0.81744026 | Z52: 0.18059953 | AA52: 2.8989401 | AC52: 62.505874 | AD52: 0.80501245 | AF52: 55.08079 | AG52: 1.5332779 | AI52: -7.4250839 | AJ52: 1.6289652
A53: OECD average | B53: 72.340585 | C53: 0.16594782 | E53: 61.342385 | F53: 0.19086865 | H53: -10.9982 | I53: 0.24462346 | K53: 62.823824 | L53: 0.26771399 | N53: 70.810777 | O53: 0.24555094 | Q53: 7.986953 | R53: 0.3642856 | T53: 68.078184 | U53: 0.42251264 | W53: 65.853579 | X53: 0.39369082 | Z53: 1.2060937 | AA53: 0.68259612 | AC53: 68.018632 | AD53: 0.14491409 | AF53: 64.333646 | AG53: 0.72838851 | AI53: -4.3282241 | AJ53: 0.74435438
A54: Partners
A55: Albania | B55: 86.803123 | C55: 0.78063406 | E55: 86.013206 | F55: 0.69017554 | H55: -0.78991728 | I55: 1.017127 | K55: 84.544748 | L55: 1.1614406 | N55: 86.853425 | O55: 1.0187388 | Q55: 2.3086763 | R55: 1.5166129 | T55: 87.964689 | U55: 0.82256434 | W55: 85.467363 | X55: 0.70163131 | Z55: -2.4973262 | AA55: 1.0790897 | AC55: 86.358344 | AD55: 0.52955708 | AF55: 92.45569 | AG55: 4.9079526 | AI55: 6.0973461 | AJ55: 4.7899688
A56: Argentina | B56: 74.080662 | C56: 0.85086388 | E56: 65.515908 | F56: 1.0269712 | H56: -8.5647542 | I56: 1.2515347 | K56: 65.719717 | L56: 1.3927149 | N56: 76.385806 | O56: 1.251752 | Q56: 10.666089 | R56: 1.9453086 | T56: 63.411317 | U56: 1.1191555 | W56: 72.685773 | X56: 0.83068253 | Z56: 9.2744566 | AA56: 1.3471504 | AC56: 70.235852 | AD56: 0.71480321 | AF56: 65.615938 | AG56: 2.8386529 | AI56: -4.6199137 | AJ56: 2.7568149
A57: Baku (Azerbaijan) | B57: 69.336654 | C57: 0.88699689 | E57: 64.258681 | F57: 1.2512327 | H57: -5.0779723 | I57: 1.5955647 | K57: 64.131887 | L57: 1.3761788 | N57: 71.408328 | O57: 1.1433271 | Q57: 7.2764416 | R57: 1.7240348 | T57: 67.718253 | U57: 1.329817 | W57: 66.314368 | X57: 0.83097666 | Z57: -1.4038843 | AA57: 1.537768 | AC57: 67.183913 | AD57: 0.79740479 | AF57: 61.237764 | AG57: 3.0385851 | AI57: -5.9461484 | AJ57: 3.1781344
A58: Belarus | B58: 85.626772 | C58: 0.76104275 | E58: 81.019092 | F58: 0.87468732 | H58: -4.6076796 | I58: 1.1269453 | K58: 82.119644 | L58: 1.1449907 | N58: 84.538598 | O58: 0.94629979 | Q58: 2.4189533 | R58: 1.5094169 | T58: 82.857241 | U58: 0.85049693 | W58: 83.85613 | X58: 0.78589491 | Z58: 0.99888857 | AA58: 1.1323748 | AC58: 83.840946 | AD58: 0.61811902 | AF58: 78.227686 | AG58: 2.6656355 | AI58: -5.61326 | AJ58: 2.7593397
A59: Bosnia and Herzegovina | B59: 80.123863 | C59: 0.78854081 | E59: 72.764532 | F59: 0.95493978 | H59: -7.3593315 | I59: 1.0655809 | K59: 73.680464 | L59: 1.2343243 | N59: 77.973563 | O59: 1.1716476 | Q59: 4.2930989 | R59: 1.6875563 | T59: 82.251088 | U59: 1.3868855 | W59: 75.417042 | X59: 0.73552664 | Z59: -6.8340465 | AA59: 1.5233276 | AC59: 76.671896 | AD59: 0.67256311 | AF59: 69.352967 | AG59: 3.92129 | AI59: -7.3189299 | AJ59: 3.7912094
A60: Brazil | B60: 70.313432 | C60: 0.75546423 | E60: 59.740755 | F60: 0.83315174 | H60: -10.572677 | I60: 1.1825882 | K60: 65.52755 | L60: 1.0617478 | N60: 66.497802 | O60: 0.9758734 | Q60: 0.97025226 | R60: 1.4558429 | T60: 67.725142 | U60: 1.2537389 | V60: † | W60: 64.121479 | X60: 0.61707717 | Z60: -3.6036631 | AA60: 1.4415006 | AB60: † | AC60: 64.999692 | AD60: 0.55584768 | AF60: 67.074664 | AG60: 7.877999 | AH60: † | AI60: 2.074972 | AJ60: 7.9896658 | AK60: †
A61: Brunei Darussalam | B61: 43.493639 | C61: 0.91374177 | E61: 40.570162 | F61: 0.85391863 | H61: -2.9234772 | I61: 1.2078468 | K61: 35.602562 | L61: 1.2271734 | N61: 48.94437 | O61: 1.1451888 | Q61: 13.341809 | R61: 1.7517225 | T61: 36.628101 | U61: 9.4730207 | W61: 42.062451 | X61: 0.64850189 | Z61: 5.4343503 | AA61: 9.4958717 | AC61: 41.667495 | AD61: 0.67837505 | AF61: 46.249249 | AG61: 2.4698541 | AI61: 4.5817542 | AJ61: 2.6370477
A62: B-S-J-Z (China) | B62: 60.731929 | C62: 0.99601272 | E62: 57.432521 | F62: 0.95501064 | H62: -3.2994077 | I62: 1.3081767 | K62: 54.097234 | L62: 1.7602275 | N62: 62.301172 | O62: 1.2197197 | Q62: 8.2039376 | R62: 2.078564 | T62: 61.840648 | U62: 1.4294658 | W62: 57.334353 | X62: 0.75821308 | Z62: -4.506295 | AA62: 1.6219352 | AC62: 59.15134 | AD62: 0.70289417 | AF62: c | AG62: c | AI62: c | AJ62: c
A63: Bulgaria | B63: 68.250992 | C63: 1.0629799 | E63: 62.005062 | F63: 0.96974484 | H63: -6.2459303 | I63: 1.3304066 | K63: 59.798734 | L63: 1.7313049 | N63: 70.168202 | O63: 1.2267739 | Q63: 10.369468 | R63: 2.0649353 | T63: c | U63: c | W63: 65.266649 | X63: 0.76170442 | Z63: c | AA63: c | AC63: 65.704463 | AD63: 0.75760952 | AF63: 53.64064 | AG63: 9.0942014 | AI63: -12.063822 | AJ63: 9.1945511
A64: Costa Rica | B64: 82.84382 | C64: 0.74197721 | E64: 74.731457 | F64: 0.9286661 | H64: -8.112363 | I64: 1.1123011 | K64: 79.568494 | L64: 1.0209366 | N64: 79.070479 | O64: 1.2570376 | Q64: -0.49801477 | R64: 1.5993164 | T64: 77.608592 | U64: 0.68089239 | W64: 79.976844 | X64: 0.89151566 | Z64: 2.368252 | AA64: 0.95594728 | AC64: 79.106978 | AD64: 0.64776705 | AF64: 75.88031 | AG64: 1.8780127 | AI64: -3.2266683 | AJ64: 1.9483192
A65: Croatia | B65: 83.133365 | C65: 0.73271836 | E65: 69.817788 | F65: 0.75042984 | H65: -13.315576 | I65: 1.1106362 | K65: 74.041825 | L65: 1.1527339 | N65: 76.776868 | O65: 0.96156362 | Q65: 2.735043 | R65: 1.6062314 | T65: c | U65: c | W65: 76.35517 | X65: 0.50037068 | Z65: c | AA65: c | AC65: 76.577784 | AD65: 0.50064569 | AF65: 74.800463 | AG65: 2.0227319 | AI65: -1.7773213 | AJ65: 2.0208543
A66: Cyprus | B66: 65.956212 | C66: 0.81655265 | E66: 59.380048 | F66: 0.97486005 | H66: -6.5761638 | I66: 1.3080717 | K66: 56.826918 | L66: 1.4415889 | N66: 68.236666 | O66: 1.3863852 | Q66: 11.409749 | R66: 2.021093 | T66: 65.943111 | U66: 3.5504681 | W66: 62.497967 | X66: 0.65639903 | Z66: -3.4451444 | AA66: 3.7188897 | AC66: 63.569759 | AD66: 0.66831531 | AF66: 57.419286 | AG66: 2.1806242 | AI66: -6.1504727 | AJ66: 2.3703413
A67: Dominican Republic | B67: 81.725906 | C67: 0.95013929 | D67: † | E67: 75.750508 | F67: 1.1620932 | G67: † | H67: -5.9753985 | I67: 1.43171 | J67: † | K67: 74.993027 | L67: 1.7834613 | M67: † | N67: 80.501764 | O67: 1.2518987 | Q67: 5.5087379 | R67: 2.1848624 | S67: † | T67: 75.068535 | U67: 1.3085542 | V67: † | W67: 80.342916 | X67: 0.93355841 | Z67: 5.2743816 | AA67: 1.5354511 | AB67: † | AC67: 78.611999 | AD67: 0.83338119 | AE67: † | AF67: 71.271646 | AG67: 4.9519146 | AH67: † | AI67: -7.3403535 | AJ67: 5.1355123 | AK67: †
A68: Georgia | B68: 74.460242 | C68: 0.80092968 | E68: 72.759251 | F68: 0.9943764 | H68: -1.7009908 | I68: 0.97834209 | K68: 68.951561 | L68: 1.4923789 | N68: 77.524742 | O68: 1.3654836 | Q68: 8.5731807 | R68: 1.8114072 | T68: 74.328016 | U68: 1.6829673 | W68: 73.499856 | X68: 0.81580772 | Z68: -0.82816037 | AA68: 1.802312 | AC68: 73.888303 | AD68: 0.77017269 | AF68: 73.142085 | AG68: 5.7284283 | AI68: -0.74621818 | AJ68: 5.8022656
A69: Hong Kong (China)* | B69: 53.307249 | C69: 0.89943846 | E69: 50.912226 | F69: 1.0415246 | H69: -2.3950231 | I69: 1.2973572 | K69: 45.223456 | L69: 1.1627742 | N69: 57.770506 | O69: 1.5186679 | Q69: 12.54705 | R69: 1.8296317 | T69: 53.15192 | U69: 1.194878 | W69: 51.633202 | X69: 0.90642799 | Z69: -1.5187187 | AA69: 1.4981164 | AC69: 52.955484 | AD69: 0.86040839 | AF69: 51.290247 | AG69: 1.2577426 | AI69: -1.6652372 | AJ69: 1.5133824
A70: Indonesia | B70: 71.84157 | C70: 1.2204812 | E70: 68.826094 | F70: 1.3053097 | H70: -3.0154761 | I70: 1.3347558 | K70: 70.719863 | L70: 2.0469466 | N70: 71.560174 | O70: 1.5557042 | Q70: 0.840311 | R70: 2.4431261 | T70: 71.170868 | U70: 1.2158827 | W70: 69.594088 | X70: 1.6294624 | Z70: -1.5767803 | AA70: 1.9788461 | AC70: 70.166058 | AD70: 1.0768579 | AF70: c | AG70: c | AI70: c | AJ70: c
A71: Jordan | B71: 58.042958 | C71: 1.1564321 | E71: 65.136027 | F71: 1.0575182 | H71: 7.093069 | I71: 1.5357992 | K71: 52.941846 | L71: 1.6837713 | N71: 68.338682 | O71: 1.2510973 | Q71: 15.396836 | R71: 2.1796401 | T71: 61.757792 | U71: 0.7878071 | W71: m | X71: m | Z71: m | AA71: m | AC71: 62.091467 | AD71: 0.85306613 | AF71: 62.457729 | AG71: 2.1857371 | AI71: 0.36626184 | AJ71: 2.4124774
A72: Kazakhstan | B72: 87.979205 | C72: 0.4790883 | E72: 85.861176 | F72: 0.48772254 | H72: -2.1180291 | I72: 0.59970269 | K72: 87.101585 | L72: 0.61808766 | N72: 87.381056 | O72: 0.67638634 | Q72: 0.27947172 | R72: 0.86344684 | T72: 85.269832 | U72: 0.5134069 | W72: 89.781959 | X72: 0.52593028 | Z72: 4.5121268 | AA72: 0.67087539 | AC72: 86.80842 | AD72: 0.38287249 | AF72: 88.682946 | AG72: 0.98871937 | AI72: 1.8745262 | AJ72: 0.99251693
A73: Kosovo | B73: 83.213205 | C73: 0.87575838 | E73: 80.556185 | F73: 0.84033883 | H73: -2.6570206 | I73: 1.1575231 | K73: 80.532118 | L73: 1.3566837 | N73: 83.406012 | O73: 1.1524739 | Q73: 2.8738934 | R73: 1.7954499 | T73: 85.21782 | U73: 1.0651062 | W73: 80.862994 | X73: 0.68472732 | Z73: -4.3548261 | AA73: 1.138388 | AC73: 81.895655 | AD73: 0.64746601 | AF73: 94.098624 | AG73: 2.5390637 | AI73: 12.202969 | AJ73: 2.6454559
A74: Lebanon | B74: 57.304521 | C74: 1.4595568 | E74: 59.839883 | F74: 1.4499931 | H74: 2.5353622 | I74: 1.4983486 | K74: 46.01366 | L74: 1.8369008 | M74: † | N74: 72.01965 | O74: 1.7247146 | Q74: 26.00599 | R74: 2.5668228 | S74: † | T74: 47.216075 | U74: 1.8798135 | V74: † | W74: 62.756556 | X74: 1.4374978 | Z74: 15.540481 | AA74: 2.2733042 | AB74: † | AC74: 59.917275 | AD74: 1.3050891 | AF74: 52.024892 | AG74: 4.0929783 | AI74: -7.8923833 | AJ74: 4.0952528
A75: Macao (China) | B75: 53.446367 | C75: 1.1733538 | E75: 46.425735 | F75: 1.0929812 | H75: -7.0206319 | I75: 1.7449458 | K75: 44.226968 | L75: 1.5908743 | N75: 53.746953 | O75: 1.7185842 | Q75: 9.5199849 | R75: 2.6097586 | T75: 47.375618 | U75: 0.99586165 | W75: 51.796739 | X75: 1.0420979 | Z75: 4.4211207 | AA75: 1.4697435 | AC75: 51.065984 | AD75: 1.3369143 | AF75: 49.47419 | AG75: 0.87930982 | AI75: -1.5917941 | AJ75: 1.6125753
A76: Malaysia | B76: 64.458552 | C76: 1.1938742 | E76: 61.93535 | F76: 1.1506334 | H76: -2.5232027 | I76: 1.3080651 | K76: 58.100357 | L76: 1.6653719 | N76: 66.603522 | O76: 1.8135212 | Q76: 8.5031641 | R76: 2.3177857 | T76: 37.864685 | U76: 3.2749148 | W76: 64.616404 | X76: 0.91940755 | Z76: 26.751719 | AA76: 3.2231164 | AC76: 63.463642 | AD76: 0.99099305 | AF76: 57.33371 | AG76: 5.5100248 | AI76: -6.129932 | AJ76: 5.5223483
A77: Malta | B77: 66.738902 | C77: 1.3053253 | E77: 52.600963 | F77: 1.1564318 | H77: -14.137939 | I77: 1.7504161 | K77: 59.779437 | L77: 1.8832213 | N77: 61.8091 | O77: 1.8212709 | Q77: 2.0296626 | R77: 2.650142 | T77: c | U77: c | W77: 59.708639 | X77: 0.86281978 | Z77: c | AA77: c | AC77: 59.588012 | AD77: 0.9497514 | AF77: 58.555701 | AG77: 2.9935937 | AI77: -1.0323108 | AJ77: 3.2158436
A78: Moldova | B78: 74.923263 | C78: 1.0532296 | E78: 78.200221 | F78: 0.88316581 | H78: 3.2769578 | I78: 1.2696834 | K78: 67.908175 | L78: 1.4110868 | N78: 83.984845 | O78: 1.3007948 | Q78: 16.07667 | R78: 1.9286183 | T78: 76.773707 | U78: 0.78990609 | W78: 74.462334 | X78: 1.809917 | Z78: -2.3113738 | AA78: 1.9353869 | AC78: 77.173498 | AD78: 0.69787988 | AF78: 70.181401 | AG78: 6.6066541 | AI78: -6.9920972 | AJ78: 6.4833707
A79: Montenegro | B79: 78.671779 | C79: 0.67859319 | E79: 70.594301 | F79: 0.88660535 | H79: -8.0774778 | I79: 1.1874797 | K79: 71.148822 | L79: 1.2326021 | N79: 76.444078 | O79: 1.0932396 | Q79: 5.2952562 | R79: 1.5791685 | T79: 77.53672 | U79: 4.1465782 | W79: 74.606883 | X79: 0.49474183 | Z79: -2.9298376 | AA79: 4.0968049 | AC79: 75.463053 | AD79: 0.56768407 | AF79: 61.601667 | AG79: 2.6644666 | AI79: -13.861386 | AJ79: 2.8697285
A80: Morocco | B80: 63.682769 | C80: 0.96017637 | E80: 60.661929 | F80: 1.1085648 | H80: -3.0208402 | I80: 1.3224384 | K80: 59.505751 | L80: 1.6100548 | M80: † | N80: 65.33703 | O80: 1.2725224 | Q80: 5.8312789 | R80: 1.9279783 | S80: † | T80: 62.146943 | U80: 1.2883434 | V80: † | W80: 62.324678 | X80: 1.0675174 | Z80: 0.17773493 | AA80: 1.7228545 | AB80: † | AC80: 62.307283 | AD80: 0.81283098 | AF80: 58.044096 | AG80: 7.4906677 | AI80: -4.2631874 | AJ80: 7.4042202
A81: North Macedonia | B81: 82.807358 | C81: 0.66474855 | E81: 79.376614 | F81: 0.89130433 | H81: -3.4307434 | I81: 1.1392557 | K81: 82.443112 | L81: 1.1318447 | N81: 81.028231 | O81: 1.1055651 | Q81: -1.414881 | R81: 1.6833319 | T81: c | U81: c | W81: 81.166513 | X81: 0.53593576 | Z81: c | AA81: c | AC81: 81.189137 | AD81: 0.55155168 | AF81: 88.976391 | AG81: 4.6747243 | AI81: 7.7872534 | AJ81: 4.7643054
A82: Panama | B82: 78.312898 | C82: 1.0123302 | D82: † | E82: 74.750161 | F82: 1.1298664 | G82: † | H82: -3.5627372 | I82: 1.5670546 | J82: † | K82: 79.108269 | L82: 1.6525143 | M82: † | N82: 73.865337 | O82: 1.526736 | Q82: -5.2429318 | R82: 2.40547 | S82: † | T82: 75.091143 | U82: 1.4938515 | V82: † | W82: 76.987006 | X82: 0.95895261 | Z82: 1.8958636 | AA82: 1.9505562 | AB82: † | AC82: 77.825768 | AD82: 0.73062428 | AE82: † | AF82: 62.711451 | AG82: 4.1224039 | AI82: -15.114317 | AJ82: 4.3141351 | AK82: †
A83: Peru | B83: 70.454434 | C83: 0.92456767 | E83: 65.503243 | F83: 1.1802792 | H83: -4.9511912 | I83: 1.4535406 | K83: 67.958383 | L83: 1.4784503 | M83: † | N83: 68.452591 | O83: 1.1979216 | Q83: 0.49420845 | R83: 1.8827721 | S83: † | T83: 62.879398 | U83: 2.1028345 | V83: † | W83: 69.079738 | X83: 0.83308571 | Z83: 6.2003397 | AA83: 2.2759974 | AB83: † | AC83: 68.329436 | AD83: 0.78621353 | AF83: c | AG83: c | AI83: c | AJ83: c
A84: Philippines | B84: 61.886182 | C84: 0.80460304 | E84: 68.781776 | F84: 1.0222044 | H84: 6.8955946 | I84: 1.0839613 | K84: 60.996981 | L84: 1.4667028 | N84: 67.969035 | O84: 1.6825098 | Q84: 6.9720535 | R84: 2.103912 | T84: 65.551068 | U84: 0.74445184 | W84: 65.320337 | X84: 10.304954 | Z84: -0.23073154 | AA84: 10.25569 | AC84: 66.063836 | AD84: 0.76584491 | AF84: 47.931986 | AG84: 7.8319546 | AH84: † | AI84: -18.13185 | AJ84: 7.8631629 | AK84: †
A85: Qatar | B85: 63.166494 | C85: 0.75230168 | E85: 59.766177 | F85: 0.63565467 | H85: -3.4003177 | I85: 0.9223908 | K85: 59.158377 | L85: 0.94424936 | N85: 63.76342 | O85: 0.93820398 | Q85: 4.6050426 | R85: 1.10952 | T85: 58.595328 | U85: 0.91519473 | W85: 62.1808 | X85: 0.59852269 | Z85: 3.5854729 | AA85: 1.064034 | AC85: 63.622182 | AD85: 0.69467241 | AF85: 59.923014 | AG85: 0.65117088 | AI85: -3.6991678 | AJ85: 0.88069635
A86: Romania | B86: 80.616611 | C86: 0.9705289 | E86: 78.659184 | F86: 0.9645184 | H86: -1.9574267 | I86: 1.3729064 | K86: 75.014145 | L86: 1.2630967 | N86: 84.626332 | O86: 1.1446867 | Q86: 9.612187 | R86: 1.6224734 | T86: 76.272355 | U86: 4.2356265 | W86: 79.894094 | X86: 0.66504005 | Z86: 3.6217393 | AA86: 4.3064097 | AC86: 79.66543 | AD86: 0.8461587 | AF86: c | AG86: c | AI86: c | AJ86: c
A87: Russia | B87: 73.525042 | C87: 0.88064228 | E87: 64.974886 | F87: 1.111733 | H87: -8.5501558 | I87: 1.1029213 | K87: 69.831335 | L87: 1.4466039 | N87: 70.450011 | O87: 1.2462928 | Q87: 0.61867542 | R87: 1.7565075 | T87: 68.875628 | U87: 0.84310894 | W87: 71.587658 | X87: 2.0780745 | Z87: 2.71203 | AA87: 2.0584907 | AC87: 69.336386 | AD87: 0.86659486 | AF87: 66.611622 | AG87: 2.1612959 | AI87: -2.7247634 | AJ87: 2.1871209
A88: Saudi Arabia | B88: 69.50249 | C88: 1.2040807 | E88: 73.422441 | F88: 1.0360393 | H88: 3.9199508 | I88: 1.614808 | K88: 71.945841 | L88: 1.4981222 | N88: 72.023969 | O88: 1.4292734 | Q88: 0.07812811 | R88: 1.9968507 | T88: 72.777863 | U88: 1.7944091 | W88: 71.129254 | X88: 0.913282 | Z88: -1.6486089 | AA88: 2.1056741 | AC88: 72.036022 | AD88: 0.80384617 | AF88: 67.648396 | AG88: 2.0492402 | AI88: -4.3876263 | AJ88: 2.0952795
A89: Serbia | B89: 77.952405 | C89: 0.86176367 | E89: 70.992454 | F89: 0.98530363 | H89: -6.9599508 | I89: 1.3881402 | K89: 70.381079 | L89: 1.0897445 | N89: 74.880424 | O89: 1.2759336 | Q89: 4.4993447 | R89: 1.7202942 | T89: c | U89: c | W89: 74.5262 | X89: 0.62561975 | Z89: c | AA89: c | AC89: 74.691382 | AD89: 0.61837631 | AF89: 72.657083 | AG89: 2.0451657 | AI89: -2.0342998 | AJ89: 2.0626184
A90: Singapore | B90: m | C90: m | E90: m | F90: m | H90: m | I90: m | K90: m | L90: m | N90: m | O90: m | Q90: m | R90: m | T90: m | U90: m | W90: m | X90: m | Z90: m | AA90: m | AC90: m | AD90: m | AF90: m | AG90: m | AI90: m | AJ90: m
A91: Chinese Taipei | B91: 60.080464 | C91: 0.82256345 | E91: 51.607866 | F91: 0.89126676 | H91: -8.4725973 | I91: 1.1389873 | K91: 50.986517 | L91: 1.3973283 | N91: 59.426372 | O91: 1.3713198 | Q91: 8.439855 | R91: 1.789017 | T91: 56.906839 | U91: 1.2382178 | W91: 55.255094 | X91: 0.78220091 | Z91: -1.6517447 | AA91: 1.5011582 | AC91: 55.841321 | AD91: 0.65019704 | AF91: 61.794558 | AG91: 7.1558818 | AI91: 5.9532369 | AJ91: 7.1511552
A92: Thailand | B92: 73.833682 | C92: 0.80084816 | E92: 72.783681 | F92: 1.0763211 | H92: -1.0500003 | I92: 1.267975 | K92: 71.635609 | L92: 1.4048552 | N92: 74.645735 | O92: 1.1947706 | Q92: 3.010126 | R92: 1.7883564 | T92: 73.51538 | U92: 1.4748938 | W92: 73.2121 | X92: 0.74568142 | Z92: -0.30327981 | AA92: 1.5088975 | AC92: 73.538401 | AD92: 0.67326301 | AF92: 54.93912 | AG92: 8.747401 | AI92: -18.59928 | AJ92: 8.6944203
A93: Ukraine | B93: 81.428692 | C93: 0.79458441 | E93: 81.755028 | F93: 0.77780939 | H93: 0.32633616 | I93: 1.0213556 | K93: 77.141771 | L93: 1.4227466 | N93: 85.556117 | O93: 1.0346533 | Q93: 8.4143456 | R93: 1.8150037 | T93: m | U93: m | W93: 81.583778 | X93: 0.59816825 | Z93: m | AA93: m | AC93: 82.200452 | AD93: 0.6045635 | AF93: 69.438393 | AG93: 4.155938 | AI93: -12.762059 | AJ93: 4.2419507
A94: United Arab Emirates | B94: 64.849716 | C94: 0.81011462 | E94: 58.269189 | F94: 0.90259781 | H94: -6.5805271 | I94: 1.1017835 | K94: 60.81604 | L94: 0.78947468 | N94: 61.643096 | O94: 2.0015188 | Q94: 0.82705663 | R94: 2.2318961 | T94: 62.711628 | U94: 1.4900138 | W94: 61.2246 | X94: 0.86159409 | Z94: -1.487028 | AA94: 2.0686934 | AC94: 63.544888 | AD94: 0.77910863 | AF94: 59.906912 | AG94: 0.95304239 | AI94: -3.6379765 | AJ94: 1.1305214
A95: Uruguay | B95: 79.489897 | C95: 0.94965038 | E95: 68.024763 | F95: 1.0298236 | H95: -11.465134 | I95: 1.3109633 | K95: 67.778206 | L95: 1.5217264 | N95: 80.972562 | O95: 1.4861369 | Q95: 13.194356 | R95: 2.140162 | T95: 67.964875 | U95: 1.3393105 | W95: 76.085811 | X95: 0.97943043 | Z95: 8.1209357 | AA95: 1.6984327 | AC95: 73.561064 | AD95: 0.77483865 | AF95: 60.098995 | AG95: 7.7025366 | AI95: -13.462068 | AJ95: 7.686858
A96: Viet Nam | B96: 74.203395 | C96: 1.052512 | E96: 72.443771 | F96: 1.0932671 | H96: -1.7596244 | I96: 1.1134296 | K96: 74.108203 | L96: 1.8402623 | N96: 73.952898 | O96: 1.4773074 | Q96: -0.15530491 | R96: 2.4032298 | T96: 80.398196 | U96: 4.0185314 | W96: 72.917435 | X96: 0.93240455 | Z96: -7.480761 | AA96: 4.1014084 | AC96: 73.370627 | AD96: 0.94139579 | AF96: c | AG96: c | AI96: c | AJ96: c
A101: Information on data for Cyprus: https://oe.cd/cyprus-disclaimer
A102: *Data did not meet the PISA technical standards but were accepted as largely comparable (see Annexes A2 and A4).
A104: 1. A student is classified as "satisfied" with life if he or she reported between 7 and 10 on the life-satisfaction scale. The life-satisfaction scale ranges from 0 to 10.
A105: 2. A socio-economically disadvantaged (advantaged) student is a student in the bottom (top) quarter of the PISA index of economic, social and cultural status (ESCS) in his or her own country/economy.
A106: Notes: Values that are statistically significant are indicated in bold (see Annex A3).
A107: Information regarding the proportion of the sample covered is shown next to the standard error. No symbol means at least 75% of the population was covered; one dagger (†) means at least 50% but less than 75%; and one double-dagger (‡) means less than 50% was covered. For comparisons across cycles, the coverage information corresponds to the cycle with the lowest sample coverage.

Sheet Table III.B1.11.5
A1: PISA 2018 Results (Volume III) - © OECD 2019
A2: Annex B1 | B2: Annex B1.11 Results (tables): Students' life satisfaction and meaning in life
A3: Version 2 - Last updated: 02-Dec-2019
A4: Disclaimer: http://oe.cd/disclaimer
A6: Table III.B1.11.5
A7: Students who are not satisfied with life, by student characteristics
A8: Based on students' reports
B11: Percentage of students who are not satisfied1 with life, by the following student characteristics:
B12: Gender | K12: Socio-economic status2 | T12: Education level | AC12: Immigrant background
B13: Boys | E13: Girls | H13: Girls - boys | K13: Disadvantaged students | N13: Advantaged students | Q13: Advantaged -disadvantaged | T13: Lower secondary (ISCED 2) | W13: Upper secondary (ISCED 3) | Z13: ISCED 3 - ISCED 2 | AC13: Non-immigrant students | AF13: Immigrant students | AI13: Immigrant - non-immigrant
B14: % | C14: S.E. | E14: % | F14: S.E. | H14: % dif. | I14: S.E. | K14: % | L14: S.E. | N14: % | O14: S.E. | Q14: % dif. | R14: S.E. | T14: % | U14: S.E. | W14: % | X14: S.E. | Z14: % dif. | AA14: S.E. | AC14: % | AD14: S.E. | AF14: % | AG14: S.E. | AI14: % dif. | AJ14: S.E.
A15: OECD
A16: Australia | B16: m | C16: m | E16: m | F16: m | H16: m | I16: m | K16: m | L16: m | N16: m | O16: m | Q16: m | R16: m | T16: m | U16: m | W16: m | X16: m | Z16: m | AA16: m | AC16: m | AD16: m | AF16: m | AG16: m | AI16: m | AJ16: m
A17: Austria | B17: 14.374085 | C17: 0.72445868 | E17: 19.51357 | F17: 0.69376014 | H17: 5.1394854 | I17: 0.8992915 | K17: 19.026134 | L17: 1.3142094 | N17: 15.38705 | O17: 1.0561628 | Q17: -3.6390844 | R17: 1.6789922 | T17: m | U17: m | W17: m | X17: m | Z17: m | AA17: m | AC17: 15.732528 | AD17: 0.6521201 | AF17: 20.953386 | AG17: 1.5978918 | AI17: 5.2208587 | AJ17: 1.8006802
A18: Belgium | B18: m | C18: m | E18: m | F18: m | H18: m | I18: m | K18: m | L18: m | N18: m | O18: m | Q18: m | R18: m | T18: m | U18: m | W18: m | X18: m | Z18: m | AA18: m | AC18: m | AD18: m | AF18: m | AG18: m | AI18: m | AJ18: m
A19: Canada | B19: m | C19: m | E19: m | F19: m | H19: m | I19: m | K19: m | L19: m | N19: m | O19: m | Q19: m | R19: m | T19: m | U19: m | W19: m | X19: m | Z19: m | AA19: m | AC19: m | AD19: m | AF19: m | AG19: m | AI19: m | AJ19: m
A20: Chile | B20: 15.261614 | C20: 0.68966541 | E20: 19.998428 | F20: 0.8467566 | H20: 4.7368141 | I20: 0.99318087 | K20: 21.334463 | L20: 1.2545985 | N20: 14.957925 | O20: 0.89418391 | Q20: -6.3765382 | R20: 1.6255992 | T20: 26.126611 | U20: 4.1008389 | W20: 17.143061 | X20: 0.56674084 | Z20: -8.9835493 | AA20: 4.1023029 | AC20: 17.454146 | AD20: 0.62641917 | AF20: 23.167669 | AG20: 3.2579943 | AI20: 5.7135224 | AJ20: 3.3931054
A21: Colombia | B21: 12.268255 | C21: 0.6920866 | E21: 14.67905 | F21: 0.68213033 | H21: 2.4107946 | I21: 0.83934907 | K21: 12.535456 | L21: 1.0653907 | N21: 13.299913 | O21: 0.8940958 | Q21: 0.76445651 | R21: 1.4030548 | T21: 15.708154 | U21: 1.0076854 | W21: 12.255665 | X21: 0.5821018 | Z21: -3.4524894 | AA21: 1.1330979 | AC21: 13.507281 | AD21: 0.55473541 | AF21: 4.2719337 | AG21: 2.7307557 | AI21: -9.2353475 | AJ21: 2.8416906
A22: Czech Republic | B22: 16.115967 | C22: 0.81877269 | E22: 20.02002 | F22: 0.98050982 | H22: 3.904053 | I22: 1.2790776 | K22: 21.33551 | L22: 1.4085438 | N22: 15.994026 | O22: 0.9308679 | Q22: -5.3414842 | R22: 1.6233442 | T22: 17.918843 | U22: 0.93397953 | W22: 18.160232 | X22: 0.9501532 | Z22: 0.24138886 | AA22: 1.374326 | AC22: 17.89163 | AD22: 0.65643684 | AF22: 20.833213 | AG22: 3.3162705 | AI22: 2.9415832 | AJ22: 3.391577
A23: Denmark | B23: m | C23: m | E23: m | F23: m | H23: m | I23: m | K23: m | L23: m | N23: m | O23: m | Q23: m | R23: m | T23: m | U23: m | W23: m | X23: m | Z23: m | AA23: m | AC23: m | AD23: m | AF23: m | AG23: m | AI23: m | AJ23: m
A24: Estonia | B24: 11.70672 | C24: 0.66916055 | E24: 17.200339 | F24: 0.84507587 | H24: 5.4936193 | I24: 0.970856 | K24: 17.546404 | L24: 1.1492743 | N24: 9.5593635 | O24: 0.88790354 | Q24: -7.987041 | R24: 1.3608814 | T24: 14.513018 | U24: 0.59120082 | W24: 11.947061 | X24: 5.4564156 | Z24: -2.5659569 | AA24: 5.4387844 | AC24: 14.323626 | AD24: 0.63356038 | AF24: 15.256605 | AG24: 1.5750072 | AI24: 0.93297865 | AJ24: 1.7109607
A25: Finland | B25: 7.3989135 | C25: 0.58135513 | E25: 13.406274 | F25: 0.6931289 | H25: 6.0073607 | I25: 0.9057548 | K25: 14.110372 | L25: 1.1169209 | N25: 8.361861 | O25: 0.72378114 | Q25: -5.7485108 | R25: 1.3337778 | T25: 10.34634 | U25: 0.4543501 | W25: c | X25: c | Z25: c | AA25: c | AC25: 10.14023 | AD25: 0.45220009 | AF25: 13.669499 | AG25: 2.2890983 | AI25: 3.5292686 | AJ25: 2.2702882
A26: France | B26: 9.8976416 | C26: 0.54765862 | E26: 13.678779 | F26: 0.6958986 | H26: 3.7811377 | I26: 0.73382133 | K26: 16.478151 | L26: 0.97025634 | N26: 8.8006526 | O26: 0.85552494 | Q26: -7.6774986 | R26: 1.2599087 | T26: 17.256244 | U26: 1.1661745 | W26: 10.724098 | X26: 0.56140701 | Z26: -6.5321458 | AA26: 1.2926099 | AC26: 11.263862 | AD26: 0.53245402 | AF26: 14.676491 | AG26: 1.4820063 | AI26: 3.4126282 | AJ26: 1.5314824
A27: Germany | B27: 12.907386 | C27: 0.76057865 | E27: 21.068107 | F27: 0.91829783 | H27: 8.1607206 | I27: 1.1803161 | K27: 20.254899 | L27: 1.1887888 | N27: 12.930742 | O27: 1.0788001 | Q27: -7.324157 | R27: 1.7290922 | T27: 16.748831 | U27: 0.61912118 | W27: 16.662561 | X27: 3.2455883 | Z27: -0.086269566 | AA27: 3.309612 | AC27: 16.515858 | AD27: 0.69345102 | AF27: 17.579809 | AG27: 1.387883 | AI27: 1.0639515 | AJ27: 1.5447978
A28: Greece | B28: 14.084884 | C28: 0.70730399 | E28: 16.718838 | F28: 0.69352514 | H28: 2.6339537 | I28: 0.97670259 | K28: 16.448451 | L28: 0.90651914 | N28: 15.262557 | O28: 1.1207949 | Q28: -1.1858941 | R28: 1.3884485 | T28: 19.171266 | U28: 4.6769998 | W28: 15.239728 | X28: 0.48684734 | Z28: -3.931538 | AA28: 4.7012941 | AC28: 15.27905 | AD28: 0.50072511 | AF28: 17.030526 | AG28: 1.6555758 | AI28: 1.7514766 | AJ28: 1.6561208
A29: Hungary | B29: 12.177522 | C29: 0.79291705 | E29: 19.099453 | F29: 0.86910055 | H29: 6.9219305 | I29: 1.1375274 | K29: 19.029611 | L29: 1.2835878 | N29: 13.706061 | O29: 0.98423682 | Q29: -5.3235501 | R29: 1.5881911 | T29: 16.584926 | U29: 1.6687634 | W29: 15.583125 | X29: 0.70909006 | Z29: -1.001801 | AA29: 1.9609565 | AC29: 15.661181 | AD29: 0.63515849 | AF29: 14.3817 | AG29: 3.317779 | AI29: -1.279481 | AJ29: 3.3332365
A30: Iceland | B30: 10.228065 | C30: 0.79866827 | E30: 15.938803 | F30: 0.86316689 | H30: 5.7107377 | I30: 1.2026304 | K30: 17.200943 | L30: 1.2996423 | N30: 11.395282 | O30: 1.063308 | Q30: -5.805661 | R30: 1.7657315 | T30: 13.228972 | U30: 0.57415403 | W30: c | X30: c | Z30: c | AA30: c | AC30: 12.83001 | AD30: 0.58152757 | AF30: 17.820844 | AG30: 3.1977725 | AI30: 4.9908336 | AJ30: 3.2879312
A31: Ireland | B31: 15.48107 | C31: 0.79349597 | E31: 21.362999 | F31: 0.87408492 | H31: 5.8819287 | I31: 1.0770926 | K31: 20.567372 | L31: 1.1349949 | N31: 17.086589 | O31: 1.0079743 | Q31: -3.4807828 | R31: 1.4526814 | T31: 18.797207 | U31: 0.80436489 | W31: 17.808232 | X31: 0.90767009 | Z31: -0.98897485 | AA31: 1.1482281 | AC31: 17.843453 | AD31: 0.64709284 | AF31: 20.305221 | AG31: 1.4698911 | AI31: 2.4617686 | AJ31: 1.4930551
A32: Israel | B32: m | C32: m | E32: m | F32: m | H32: m | I32: m | K32: m | L32: m | N32: m | O32: m | Q32: m | R32: m | T32: m | U32: m | W32: m | X32: m | Z32: m | AA32: m | AC32: m | AD32: m | AF32: m | AG32: m | AI32: m | AJ32: m
A33: Italy | B33: 12.320809 | C33: 0.62148323 | E33: 18.799182 | F33: 0.87641043 | H33: 6.478373 | I33: 1.1332674 | K33: 18.09211 | L33: 1.2290987 | N33: 12.051466 | O33: 0.84035258 | Q33: -6.0406448 | R33: 1.4697222 | T33: 26.226105 | U33: 3.949981 | W33: 15.378116 | X33: 0.52205802 | Z33: -10.847989 | AA33: 3.9797611 | AC33: 14.460344 | AD33: 0.51319455 | AF33: 23.311979 | AG33: 2.0314387 | AI33: 8.8516358 | AJ33: 2.0099384
A34: Japan | B34: 24.935274 | C34: 0.85162344 | E34: 24.519879 | F34: 0.826917 | H34: -0.41539496 | I34: 1.161493 | K34: 25.000095 | L34: 1.1800406 | N34: 23.581819 | O34: 1.2816816 | Q34: -1.4182767 | R34: 1.6980098 | T34: m | U34: m | W34: 24.722135 | X34: 0.60645113 | Z34: m | AA34: m | AC34: w | AD34: w | AF34: w | AG34: w | AI34: w | AJ34: w
A35: Korea | B35: 17.694629 | C35: 0.73600892 | E35: 28.356669 | F35: 0.80374397 | H35: 10.66204 | I35: 0.99073767 | K35: 23.375967 | L35: 1.0846621 | N35: 23.258227 | O35: 1.0738112 | Q35: -0.11774058 | R35: 1.4113441 | T35: 21.231174 | U35: 1.7525273 | W35: 23.07978 | X35: 0.69003407 | Z35: 1.8486063 | AA35: 1.9314987 | AC35: 22.809429 | AD35: 0.62660112 | AF35: c | AG35: c | AI35: c | AJ35: c
A36: Latvia | B36: 11.084753 | C36: 0.72511204 | E36: 15.244973 | F36: 0.87769127 | H36: 4.1602203 | I36: 1.2028276 | K36: 16.482103 | L36: 1.2507219 | N36: 9.9146915 | O36: 0.85162702 | Q36: -6.5674115 | R36: 1.6218179 | T36: 13.113122 | U36: 0.53813933 | W36: 15.825566 | X36: 2.682782 | Z36: 2.7124443 | AA36: 2.6804817 | AC36: 13.125475 | AD36: 0.5514941 | AF36: 14.646358 | AG36: 2.499998 | AI36: 1.5208828 | AJ36: 2.5736779
A37: Lithuania | B37: 9.9535608 | C37: 0.64897129 | E37: 13.402647 | F37: 0.63046195 | H37: 3.4490858 | I37: 0.86137162 | K37: 11.936713 | L37: 0.77747658 | N37: 11.426026 | O37: 0.94985077 | Q37: -0.51068713 | R37: 1.12376 | T37: 11.664196 | U37: 0.47195128 | W37: m | X37: m | Z37: m | AA37: m | AC37: 11.627492 | AD37: 0.47852492 | AF37: 10.917851 | AG37: 2.7138705 | AI37: -0.70964041 | AJ37: 2.8143803
A38: Luxembourg | B38: 13.666265 | C38: 0.75733949 | E38: 18.271304 | F38: 0.70665018 | H38: 4.6050385 | I38: 1.0003346 | K38: 19.838068 | L38: 1.2025732 | N38: 11.122829 | O38: 0.95953485 | Q38: -8.715239 | R38: 1.5143371 | T38: 17.320062 | U38: 0.78137753 | W38: 14.280079 | X38: 0.68286039 | Z38: -3.0399826 | AA38: 1.0192192 | AC38: 14.282689 | AD38: 0.66028544 | AF38: 17.035211 | AG38: 0.75636501 | AI38: 2.7525219 | AJ38: 0.91348562
A39: Mexico | B39: 7.4144432 | C39: 0.54116392 | E39: 9.0019176 | F39: 0.6962375 | H39: 1.5874744 | I39: 0.90201251 | K39: 10.599373 | L39: 0.96924557 | N39: 6.7129417 | O39: 0.72641437 | Q39: -3.8864315 | R39: 1.2488533 | T39: 11.87773 | U39: 1.2757978 | V39: † | W39: 7.5044791 | X39: 0.46660998 | Z39: -4.3732512 | AA39: 1.4026613 | AB39: † | AC39: 7.9499602 | AD39: 0.42318503 | AF39: 15.060016 | AG39: 5.3783391 | AH39: † | AI39: 7.1100558 | AJ39: 5.3441667 | AK39: †
A40: Netherlands* | B40: 3.6903051 | C40: 0.49130929 | E40: 7.6123382 | F40: 0.62279558 | H40: 3.9220331 | I40: 0.71921803 | K40: 7.0935542 | L40: 0.987655 | N40: 4.1702211 | O40: 0.60750407 | Q40: -2.923333 | R40: 1.1235745 | T40: 6.1054691 | U40: 0.57256608 | W40: 5.0354752 | X40: 0.61621202 | Z40: -1.0699939 | AA40: 0.82750103 | AC40: 5.6204632 | AD40: 0.45394802 | AF40: 5.7057583 | AG40: 1.0103274 | AH40: † | AI40: 0.085295106 | AJ40: 1.0288187 | AK40: †
A41: New Zealand | B41: m | C41: m | E41: m | F41: m | H41: m | I41: m | K41: m | L41: m | N41: m | O41: m | Q41: m | R41: m | T41: m | U41: m | W41: m | X41: m | Z41: m | AA41: m | AC41: m | AD41: m | AF41: m | AG41: m | AI41: m | AJ41: m
A42: Norway | B42: m | C42: m | E42: m | F42: m | H42: m | I42: m | K42: m | L42: m | N42: m | O42: m | Q42: m | R42: m | T42: m | U42: m | W42: m | X42: m | Z42: m | AA42: m | AC42: m | AD42: m | AF42: m | AG42: m | AI42: m | AJ42: m
A43: Poland | B43: 15.160984 | C43: 0.76794059 | E43: 23.487747 | F43: 1.0605626 | H43: 8.326763 | I43: 1.2529063 | K43: 20.586583 | L43: 1.2189071 | N43: 17.474484 | O43: 1.0043683 | Q43: -3.1120987 | R43: 1.6117602 | T43: 19.102557 | U43: 0.67079917 | W43: c | X43: c | Z43: c | AA43: c | AC43: 19.334463 | AD43: 0.68805244 | AF43: c | AG43: c | AI43: c | AJ43: c
A44: Portugal* | B44: 10.485137 | C44: 0.751148 | E44: 13.787081 | F44: 0.65103852 | H44: 3.3019449 | I44: 0.87758706 | K44: 13.841401 | L44: 0.97445663 | N44: 8.8461603 | O44: 0.94532485 | Q44: -4.9952409 | R44: 1.2653983 | T44: 15.387286 | U44: 1.076658 | W44: 10.753429 | X44: 0.68744116 | Z44: -4.6338574 | AA44: 1.300914 | AC44: 11.750631 | AD44: 0.6268507 | AF44: 16.308437 | AG44: 2.5223312 | AI44: 4.5578063 | AJ44: 2.7532141
A45: Slovak Republic | B45: 12.584224 | C45: 0.70504089 | E45: 17.570292 | F45: 0.60796912 | H45: 4.9860678 | I45: 0.94706225 | K45: 18.255111 | L45: 1.2063586 | N45: 13.168241 | O45: 0.89613451 | Q45: -5.0868701 | R45: 1.5501752 | T45: 14.282677 | U45: 0.74941885 | W45: 15.78134 | X45: 0.65778633 | Z45: 1.4986626 | AA45: 1.0583787 | AC45: 15.035616 | AD45: 0.47390087 | AF45: 17.091288 | AG45: 4.6469655 | AI45: 2.0556722 | AJ45: 4.6636506
A46: Slovenia | B46: 14.818512 | C46: 0.70651362 | E46: 24.587639 | F46: 1.0051415 | H46: 9.7691269 | I46: 1.2104422 | K46: 20.579673 | L46: 1.2601235 | N46: 18.391518 | O46: 1.4426213 | Q46: -2.1881547 | R46: 1.9076431 | T46: 11.246473 | U46: 2.3306166 | W46: 20.247729 | X46: 0.66054448 | Z46: 9.001256 | AA46: 2.4623027 | AC46: 19.729209 | AD46: 0.63931973 | AF46: 18.485573 | AG46: 2.1768557 | AI46: -1.243636 | AJ46: 2.2394499
A47: Spain | B47: 10.079122 | C47: 0.36917208 | E47: 13.140234 | F47: 0.47748554 | H47: 3.061112 | I47: 0.58388912 | K47: 14.340071 | L47: 0.65975408 | N47: 8.6481013 | O47: 0.4062856 | Q47: -5.6919692 | R47: 0.69308564 | T47: 11.601161 | U47: 0.3115738 | W47: c | X47: c | Z47: c | AA47: c | AC47: 10.674897 | AD47: 0.31750867 | AF47: 17.199108 | AG47: 0.71076999 | AI47: 6.524211 | AJ47: 0.73051825
A48: Sweden | B48: 13.450482 | C48: 0.77295302 | E48: 19.756106 | F48: 0.91930374 | H48: 6.3056232 | I48: 1.2278784 | K48: 22.591222 | L48: 1.2656556 | N48: 12.810166 | O48: 0.85200618 | Q48: -9.7810563 | R48: 1.6155679 | T48: 16.787815 | U48: 0.5966154 | W48: 7.8878513 | X48: 2.8483785 | Z48: -8.8999636 | AA48: 2.911253 | AC48: 16.236568 | AD48: 0.60887634 | AF48: 17.87756 | AG48: 1.3485868 | AI48: 1.6409923 | AJ48: 1.4598576
A49: Switzerland | B49: 10.175111 | C49: 0.88767807 | E49: 14.055965 | F49: 0.84528172 | H49: 3.8808535 | I49: 1.2775928 | K49: 13.299178 | L49: 1.2177322 | N49: 9.7265361 | O49: 1.0236814 | Q49: -3.5726423 | R49: 1.8110903 | T49: 12.518489 | U49: 0.68362153 | W49: 10.810639 | X49: 1.0339095 | Z49: -1.7078494 | AA49: 1.1878661 | AC49: 10.623596 | AD49: 0.63749795 | AF49: 14.716597 | AG49: 0.96544194 | AI49: 4.0930007 | AJ49: 1.0249007
A50: Turkey | B50: 32.51004 | C50: 0.8833895 | E50: 35.042771 | F50: 1.1702555 | H50: 2.5327317 | I50: 1.3546363 | K50: 37.348636 | L50: 1.2945478 | N50: 29.316155 | O50: 1.459677 | Q50: -8.0324811 | R50: 1.9872666 | T50: c | U50: c | W50: 33.728763 | X50: 0.792309 | Z50: c | AA50: c | AC50: 33.569466 | AD50: 0.77314137 | AF50: 37.870129 | AG50: 7.4575 | AI50: 4.3006629 | AJ50: 7.4768293
A51: United Kingdom | B51: 20.779035 | C51: 0.60862872 | E51: 31.338042 | F51: 0.91087012 | H51: 10.559007 | I51: 1.0530395 | K51: 31.642518 | L51: 1.3647735 | N51: 21.145089 | O51: 0.89224145 | Q51: -10.497429 | R51: 1.6041468 | T51: c | U51: c | W51: 26.268201 | X51: 0.6040248 | Z51: c | AA51: c | AC51: 26.170796 | AD51: 0.62583529 | AF51: 26.292178 | AG51: 1.6212329 | AI51: 0.12138199 | AJ51: 1.6946993
A52: United States* | B52: 16.985351 | C52: 0.94472874 | E52: 21.445641 | F52: 0.85355217 | H52: 4.4602906 | I52: 1.1692234 | K52: 24.519932 | L52: 1.3610588 | N52: 14.305797 | O52: 0.98238525 | Q52: -10.214134 | R52: 1.6453739 | T52: 20.180968 | U52: 1.9598596 | W52: 19.107214 | X52: 0.71191585 | Z52: -1.073754 | AA52: 2.0257203 | AC52: 17.672761 | AD52: 0.74834783 | AF52: 23.207067 | AG52: 1.6422871 | AI52: 5.534306 | AJ52: 1.7516472
A53: OECD average | B53: 13.656339 | C53: 0.13179833 | E53: 18.736836 | F53: 0.14971877 | H53: 5.0804976 | I53: 0.19239365 | K53: 18.843003 | L53: 0.21288716 | N53: 13.760416 | O53: 0.17865149 | Q53: -5.0825862 | R53: 0.27856124 | T53: 15.963296 | U53: 0.34563137 | W53: 16.080607 | X53: 0.33631164 | Z53: -2.2803337 | AA53: 0.56900856 | AC53: 15.486783 | AD53: 0.11053293 | AF53: 17.617482 | AG53: 0.54275712 | AI53: 2.5444144 | AJ53: 0.55305719
A54: Partners
A55: Albania | B55: 5.2497276 | C55: 0.4103018 | E55: 5.3274646 | F55: 0.48593473 | H55: 0.077737012 | I55: 0.66046822 | K55: 5.9554763 | L55: 0.62601669 | N55: 5.0316358 | O55: 0.6832403 | Q55: -0.92384042 | R55: 0.98853371 | T55: 4.2514282 | U55: 0.43424581 | W55: 5.9174637 | X55: 0.42064617 | Z55: 1.6660356 | AA55: 0.59421784 | AC55: 5.2803144 | AD55: 0.30359669 | AF55: 3.203143 | AG55: 2.4689133 | AI55: -2.0771713 | AJ55: 2.4749944
A56: Argentina | B56: 13.19151 | C56: 0.69962264 | E56: 16.554291 | F56: 0.74865335 | H56: 3.3627808 | I56: 1.0584814 | K56: 17.859788 | L56: 1.0242219 | N56: 11.319529 | O56: 0.85548503 | Q56: -6.5402592 | R56: 1.3785663 | T56: 20.231039 | U56: 1.0160045 | W56: 12.378375 | X56: 0.54525769 | Z56: -7.8526632 | AA56: 1.1549213 | AC56: 14.51416 | AD56: 0.53239471 | AF56: 17.161514 | AG56: 1.9142576 | AI56: 2.6473538 | AJ56: 2.0449011
A57: Baku (Azerbaijan) | B57: 17.124111 | C57: 0.73364883 | E57: 20.426468 | F57: 1.0259239 | H57: 3.3023568 | I57: 1.3400663 | K57: 21.577733 | L57: 1.0728302 | N57: 15.117801 | O57: 0.92262347 | Q57: -6.4599312 | R57: 1.3749477 | T57: 19.552119 | U57: 1.0514512 | W57: 18.293212 | X57: 0.72772842 | Z57: -1.2589071 | AA57: 1.3229118 | AC57: 18.381165 | AD57: 0.61902203 | AF57: 21.077094 | AG57: 2.5481534 | AI57: 2.6959292 | AJ57: 2.4996808
A58: Belarus | B58: 5.4917936 | C58: 0.43480524 | E58: 7.1685381 | F58: 0.55189346 | H58: 1.6767444 | I58: 0.63063683 | K58: 6.7373132 | L58: 0.65928309 | N58: 5.9485231 | O58: 0.57044702 | Q58: -0.78879015 | R58: 0.85023646 | T58: 6.3500355 | U58: 0.53380318 | W58: 6.2520807 | X58: 0.5280672 | Z58: -0.097954765 | AA58: 0.74325441 | AC58: 6.0986124 | AD58: 0.39801516 | AF58: 10.177151 | AG58: 1.8632685 | AI58: 4.0785381 | AJ58: 1.9262611
A59: Bosnia and Herzegovina | B59: 9.182079 | C59: 0.57072778 | E59: 13.034973 | F59: 0.63465313 | H59: 3.8528937 | I59: 0.78860276 | K59: 13.566238 | L59: 0.90731689 | N59: 11.975864 | O59: 0.93028119 | Q59: -1.5903744 | R59: 1.3180121 | T59: 8.0463846 | U59: 0.95766583 | W59: 11.650424 | X59: 0.49455722 | Z59: 3.6040396 | AA59: 1.0517432 | AC59: 10.781448 | AD59: 0.4807162 | AF59: 17.993776 | AG59: 2.785012 | AI59: 7.2123284 | AJ59: 2.815368
A60: Brazil | B60: 15.030663 | C60: 0.62576974 | E60: 21.643833 | F60: 0.67890684 | H60: 6.6131703 | I60: 0.98606885 | K60: 19.792883 | L60: 0.93777567 | N60: 17.101149 | O60: 0.76937826 | Q60: -2.6917345 | R60: 1.1984483 | T60: 17.207373 | U60: 0.94784041 | V60: † | W60: 18.746849 | X60: 0.49057952 | Z60: 1.5394758 | AA60: 1.0816413 | AB60: † | AC60: 18.321353 | AD60: 0.44085656 | AF60: 9.4564839 | AG60: 5.143011 | AH60: † | AI60: -8.8648692 | AJ60: 5.1874315 | AK60: †
A61: Brunei Darussalam | B61: 25.741668 | C61: 0.65076966 | E61: 26.952692 | F61: 0.77045599 | H61: 1.2110242 | I61: 0.95997186 | K61: 29.228502 | L61: 0.98641687 | N61: 21.567007 | O61: 1.084705 | Q61: -7.661495 | R61: 1.4834177 | T61: 36.870628 | U61: 10.583833 | W61: 26.296163 | X61: 0.53342151 | Z61: -10.574465 | AA61: 10.669111 | AC61: 25.975579 | AD61: 0.54110199 | AF61: 30.47889 | AG61: 2.1711687 | AI61: 4.5033109 | AJ61: 2.2187944
A62: B-S-J-Z (China) | B62: 17.85527 | C62: 0.66680551 | E62: 19.675974 | F62: 0.74439424 | H62: 1.8207041 | I62: 1.028817 | K62: 20.950153 | L62: 1.3623138 | N62: 17.936266 | O62: 0.99855358 | Q62: -3.0138874 | R62: 1.7251636 | T62: 18.062389 | U62: 0.88417689 | W62: 19.176583 | X62: 0.57510679 | Z62: 1.1141949 | AA62: 1.0678221 | AC62: 18.70758 | AD62: 0.48353872 | AF62: c | AG62: c | AI62: c | AJ62: c
A63: Bulgaria | B63: 17.815519 | C63: 0.91968641 | E63: 19.343064 | F63: 0.92279286 | H63: 1.5275448 | I63: 1.3321177 | K63: 21.124131 | L63: 1.6490893 | N63: 15.563085 | O63: 1.0816548 | Q63: -5.561046 | R63: 1.8658309 | T63: c | U63: c | W63: 18.592558 | X63: 0.63676286 | Z63: c | AA63: c | AC63: 18.196024 | AD63: 0.64733622 | AF63: 28.148432 | AG63: 7.558085 | AI63: 9.9524076 | AJ63: 7.7002744
A64: Costa Rica | B64: 6.9680215 | C64: 0.53540854 | E64: 11.534302 | F64: 0.58196069 | H64: 4.5662805 | I64: 0.71304639 | K64: 9.5800293 | L64: 0.85621855 | N64: 9.2488263 | O64: 0.71254212 | Q64: -0.33120295 | R64: 1.1175602 | T64: 10.211706 | U64: 0.52632884 | W64: 8.2341287 | X64: 0.59818509 | Z64: -1.9775769 | AA64: 0.72008007 | AC64: 9.218382 | AD64: 0.44842727 | AF64: 9.583896 | AG64: 1.2197823 | AI64: 0.36551397 | AJ64: 1.2524277
A65: Croatia | B65: 8.1006023 | C65: 0.47295668 | E65: 14.155166 | F65: 0.58348316 | H65: 6.0545641 | I65: 0.73771559 | K65: 12.49051 | L65: 0.89786218 | N65: 11.001054 | O65: 0.68714219 | Q65: -1.4894557 | R65: 1.0702399 | T65: c | U65: c | W65: 11.205865 | X65: 0.38037932 | Z65: c | AA65: c | AC65: 11.021874 | AD65: 0.37306628 | AF65: 12.666658 | AG65: 1.5188595 | AI65: 1.6447839 | AJ65: 1.4708665
A66: Cyprus | B66: 18.481657 | C66: 0.74748631 | E66: 19.490157 | F66: 0.73137355 | H66: 1.0085004 | I66: 1.0210838 | K66: 23.344157 | L66: 1.3612734 | N66: 16.009555 | O66: 1.0845793 | Q66: -7.3346018 | R66: 1.7949467 | T66: 13.0976 | U66: 2.4293189 | W66: 19.246595 | X66: 0.55876572 | Z66: 6.1489951 | AA66: 2.5281749 | AC66: 18.619094 | AD66: 0.61187345 | AF66: 20.892929 | AG66: 1.6783124 | AI66: 2.2738352 | AJ66: 1.8610572
A67: Dominican Republic | B67: 9.6949336 | C67: 0.6726931 | D67: † | E67: 13.128508 | F67: 0.80476259 | G67: † | H67: 3.4335745 | I67: 1.1247848 | J67: † | K67: 13.425098 | L67: 1.3557587 | M67: † | N67: 10.216164 | O67: 0.76468587 | Q67: -3.208934 | R67: 1.56634 | S67: † | T67: 14.656891 | U67: 1.0763074 | V67: † | W67: 9.9349616 | X67: 0.60461561 | Z67: -4.7219298 | AA67: 1.3134728 | AB67: † | AC67: 11.284438 | AD67: 0.52380416 | AE67: † | AF67: 17.317164 | AG67: 3.9236339 | AH67: † | AI67: 6.0327253 | AJ67: 4.027454 | AK67: †
A68: Georgia | B68: 12.7181 | C68: 0.65250926 | E68: 12.401578 | F68: 0.75827344 | H68: -0.31652179 | I68: 0.79793845 | K68: 14.900883 | L68: 1.234364 | N68: 10.488167 | O68: 0.92881973 | Q68: -4.4127154 | R68: 1.2040272 | T68: 10.93843 | U68: 1.1480434 | W68: 12.833541 | X68: 0.66549868 | Z68: 1.8951115 | AA68: 1.3721509 | AC68: 12.183871 | AD68: 0.57322621 | AF68: 13.730214 | AG68: 4.9315737 | AI68: 1.5463434 | AJ68: 4.9616485
A69: Hong Kong (China)* | B69: 20.630271 | C69: 0.68788256 | E69: 19.583362 | F69: 0.84645085 | H69: -1.0469091 | I69: 1.0944332 | K69: 23.131666 | L69: 0.96711224 | N69: 18.547503 | O69: 1.2900025 | Q69: -4.5841627 | R69: 1.6488 | T69: 19.683636 | U69: 0.8741755 | W69: 20.331438 | X69: 0.67536733 | Z69: 0.64780128 | AA69: 1.0974494 | AC69: 20.216441 | AD69: 0.72428231 | AF69: 19.468985 | AG69: 0.90889999 | AI69: -0.74745631 | AJ69: 1.2358454
A70: Indonesia | B70: 13.158319 | C70: 0.75650287 | E70: 12.943461 | F70: 0.65886616 | H70: -0.2148587 | I70: 0.83101328 | K70: 13.829024 | L70: 1.1331475 | N70: 11.494163 | O70: 1.0286977 | Q70: -2.334861 | R70: 1.5470275 | T70: 13.16726 | U70: 0.83805724 | W70: 12.952788 | X70: 0.89075913 | Z70: -0.21447238 | AA70: 1.3062396 | AC70: 13.025921 | AD70: 0.57812487 | AF70: c | AG70: c | AI70: c | AJ70: c
A71: Jordan | B71: 24.90658 | C71: 1.0778737 | E71: 16.348934 | F71: 0.82477879 | H71: -8.5576454 | I71: 1.3435438 | K71: 27.949503 | L71: 1.3915432 | N71: 14.247295 | O71: 0.95247185 | Q71: -13.702208 | R71: 1.7105468 | T71: 20.424707 | U71: 0.67190757 | W71: m | X71: m | Z71: m | AA71: m | AC71: 20.270178 | AD71: 0.71746329 | AF71: 18.800901 | AG71: 1.6797525 | AI71: -1.4692775 | AJ71: 1.8295101
A72: Kazakhstan | B72: 4.8064657 | C72: 0.28511523 | E72: 5.6519923 | F72: 0.29711951 | H72: 0.84552663 | I72: 0.36681088 | K72: 4.8178216 | L72: 0.39257944 | N72: 5.2400303 | O72: 0.4294762 | Q72: 0.42220868 | R72: 0.5562034 | T72: 6.0751042 | U72: 0.35216389 | W72: 3.545987 | X72: 0.28289133 | Z72: -2.5291172 | AA72: 0.43093677 | AC72: 5.201911 | AD72: 0.23724115 | AF72: 4.6722071 | AG72: 0.66661932 | AI72: -0.52970394 | AJ72: 0.70231833
A73: Kosovo | B73: 8.1956226 | C73: 0.65769027 | E73: 9.0275639 | F73: 0.71652191 | H73: 0.83194127 | I73: 0.94066798 | K73: 9.8612968 | L73: 1.1031257 | N73: 6.700995 | O73: 0.74456956 | Q73: -3.1603018 | R73: 1.4267236 | T73: 5.9373446 | U73: 0.69432009 | W73: 9.4216548 | X73: 0.60772803 | Z73: 3.4843102 | AA73: 0.90393862 | AC73: 8.5849842 | AD73: 0.51259094 | AF73: 1.9527612 | AG73: 1.2950018 | AI73: -6.632223 | AJ73: 1.370102
A74: Lebanon | B74: 20.013045 | C74: 1.3449498 | E74: 15.875154 | F74: 1.1428664 | H74: -4.1378917 | I74: 1.1353504 | K74: 24.75954 | L74: 1.8946266 | M74: † | N74: 9.8004359 | O74: 1.4165879 | Q74: -14.959104 | R74: 2.3165726 | S74: † | T74: 24.7892 | U74: 1.9728106 | V74: † | W74: 15.313606 | X74: 1.1903146 | Z74: -9.4755941 | AA74: 2.1425393 | AB74: † | AC74: 17.410929 | AD74: 1.1740243 | AF74: 22.436444 | AG74: 3.4920572 | AI74: 5.0255157 | AJ74: 3.5255559
A75: Macao (China) | B75: 21.37004 | C75: 1.0038151 | E75: 23.84555 | F75: 0.88866743 | H75: 2.4755101 | I75: 1.2419134 | K75: 27.287352 | L75: 1.7011142 | N75: 20.79056 | O75: 1.4582483 | Q75: -6.4967923 | R75: 2.2597373 | T75: 24.630149 | U75: 1.0310503 | W75: 21.173834 | X75: 0.9565081 | Z75: -3.4563146 | AA75: 1.384222 | AC75: 22.25762 | AD75: 1.1792905 | AF75: 22.709256 | AG75: 0.84295528 | AI75: 0.45163595 | AJ75: 1.3721057
A76: Malaysia | B76: 14.88002 | C76: 0.84814878 | E76: 13.478919 | F76: 0.79016023 | H76: -1.4011017 | I76: 1.0091716 | K76: 16.473273 | L76: 1.1864333 | N76: 12.612305 | O76: 1.2663 | Q76: -3.8609679 | R76: 1.6765662 | T76: 30.480175 | U76: 2.4477445 | W76: 13.225422 | X76: 0.6286283 | Z76: -17.254753 | AA76: 2.4711273 | AC76: 13.987769 | AD76: 0.65233922 | AF76: 19.635626 | AG76: 4.5994059 | AI76: 5.6478568 | AJ76: 4.5301693
A77: Malta | B77: 17.832336 | C77: 0.99423008 | E77: 23.016762 | F77: 0.99360752 | H77: 5.1844267 | I77: 1.4360833 | K77: 21.717312 | L77: 1.576357 | N77: 19.416147 | O77: 1.5119971 | Q77: -2.301165 | R77: 2.3119313 | T77: c | U77: c | W77: 20.409908 | X77: 0.68799612 | Z77: c | AA77: c | AC77: 20.078088 | AD77: 0.73562962 | AF77: 22.878991 | AG77: 2.6390897 | AI77: 2.8009022 | AJ77: 2.8309908
A78: Moldova | B78: 12.478176 | C78: 0.85952586 | E78: 9.4963484 | F78: 0.57369971 | H78: -2.9818281 | I78: 0.99646312 | K78: 16.454596 | L78: 1.1752349 | N78: 6.9351025 | O78: 0.75062144 | Q78: -9.5194931 | R78: 1.3316649 | T78: 11.223138 | U78: 0.55483595 | W78: 9.2730274 | X78: 1.7198067 | Z78: -1.9501111 | AA78: 1.7762751 | AC78: 10.271503 | AD78: 0.48870409 | AF78: 17.757569 | AG78: 5.6335679 | AI78: 7.4860659 | AJ78: 5.547501
A79: Montenegro | B79: 12.278887 | C79: 0.59910089 | E79: 16.735112 | F79: 0.66472559 | H79: 4.456225 | I79: 1.0146594 | K79: 15.849956 | L79: 1.0654942 | N79: 13.465681 | O79: 0.85762483 | Q79: -2.3842744 | R79: 1.4289546 | T79: 14.138355 | U79: 4.3101528 | W79: 14.480875 | X79: 0.36539287 | Z79: 0.3425193 | AA79: 4.3221788 | AC79: 13.616885 | AD79: 0.39455537 | AF79: 27.797069 | AG79: 2.5228269 | AI79: 14.180183 | AJ79: 2.60134
A80: Morocco | B80: 18.927514 | C80: 0.81902614 | E80: 21.443976 | F80: 0.88297842 | H80: 2.516462 | I80: 1.1645362 | K80: 22.605583 | L80: 1.2979636 | M80: † | N80: 18.052896 | O80: 0.93259683 | Q80: -4.5526874 | R80: 1.5871824 | S80: † | T80: 20.73058 | U80: 0.96749683 | V80: † | W80: 19.576671 | X80: 0.83591952 | Z80: -1.1539094 | AA80: 1.2986561 | AB80: † | AC80: 19.966983 | AD80: 0.63365142 | AF80: 38.945386 | AG80: 6.8620599 | AI80: 18.978403 | AJ80: 6.849329
A81: North Macedonia | B81: 7.2403202 | C81: 0.4705018 | E81: 7.0817984 | F81: 0.51951308 | H81: -0.15852178 | I81: 0.66242027 | K81: 6.9926983 | L81: 0.77944445 | N81: 6.9461128 | O81: 0.77591709 | Q81: -0.04658558 | R81: 1.098761 | T81: c | U81: c | W81: 7.1777013 | X81: 0.36839817 | Z81: c | AA81: c | AC81: 7.1832485 | AD81: 0.38403113 | AF81: 2.1454165 | AG81: 1.5759721 | AI81: -5.037832 | AJ81: 1.6740806
A82: Panama | B82: 10.618655 | C82: 0.72000032 | D82: † | E82: 12.01743 | F82: 0.86090563 | G82: † | H82: 1.3987753 | I82: 1.1341276 | J82: † | K82: 9.0779279 | L82: 1.0120427 | M82: † | N82: 11.853895 | O82: 1.2514476 | Q82: 2.7759674 | R82: 1.5961181 | S82: † | T82: 13.980199 | U82: 1.2222832 | V82: † | W82: 10.4382 | X82: 0.66854538 | Z82: -3.5419983 | AA82: 1.4535626 | AB82: † | AC82: 10.350357 | AD82: 0.55564128 | AE82: † | AF82: 19.712155 | AG82: 2.6321226 | AI82: 9.3617988 | AJ82: 2.7603218 | AK82: †
A83: Peru | B83: 12.334649 | C83: 0.7078627 | E83: 15.879092 | F83: 0.7487029 | H83: 3.5444428 | I83: 1.0673147 | K83: 16.058968 | L83: 1.4381506 | M83: † | N83: 13.901064 | O83: 1.0406717 | Q83: -2.1579033 | R83: 1.8731291 | S83: † | T83: 18.756584 | U83: 1.5902551 | V83: † | W83: 13.121885 | X83: 0.49056692 | Z83: -5.6346984 | AA83: 1.6512124 | AB83: † | AC83: 13.823008 | AD83: 0.49426394 | AF83: c | AG83: c | AI83: c | AJ83: c
A84: Philippines | B84: 17.610185 | C84: 0.83629207 | E84: 11.447164 | F84: 0.59792459 | H84: -6.1630203 | I84: 0.85161157 | K84: 19.58057 | L84: 1.196308 | N84: 12.013109 | O84: 1.1230921 | Q84: -7.5674605 | R84: 1.6153781 | T84: 14.319967 | U84: 0.59290518 | W84: 16.475845 | X84: 4.518722 | Z84: 2.1558785 | AA84: 4.5848814 | AC84: 13.875675 | AD84: 0.58000812 | AF84: 27.040481 | AG84: 7.6064608 | AH84: † | AI84: 13.164806 | AJ84: 7.4972921 | AK84: †
A85: Qatar | B85: 19.195805 | C85: 0.58623756 | E85: 21.370554 | F85: 0.4606889 | H85: 2.1747486 | I85: 0.76426189 | K85: 23.145918 | L85: 0.79949167 | N85: 18.415455 | O85: 0.76403663 | Q85: -4.7304627 | R85: 1.1057081 | T85: 22.489524 | U85: 0.81608032 | W85: 19.717883 | X85: 0.44274945 | Z85: -2.7716408 | AA85: 0.9947582 | AC85: 19.375259 | AD85: 0.60360789 | AF85: 20.875668 | AG85: 0.47383303 | AI85: 1.500409 | AJ85: 0.79834221
A86: Romania | B86: 8.8277528 | C86: 0.69733899 | E86: 8.8426741 | F86: 0.56274245 | H86: 0.014921381 | I86: 0.97437741 | K86: 10.528915 | L86: 0.84967327 | N86: 6.0427416 | O86: 0.67675837 | Q86: -4.4861736 | R86: 1.1147317 | T86: 13.505627 | U86: 3.074905 | W86: 8.5054881 | X86: 0.38119287 | Z86: -5.0001386 | AA86: 3.1176512 | AC86: 8.7272901 | AD86: 0.47406167 | AF86: c | AG86: c | AI86: c | AJ86: c
A87: Russia | B87: 13.582465 | C87: 0.62694716 | E87: 18.039679 | F87: 0.68337479 | H87: 4.4572141 | I87: 0.87901457 | K87: 14.914217 | L87: 0.99231012 | N87: 14.125611 | O87: 0.95259905 | Q87: -0.78860527 | R87: 1.1772299 | T87: 16.28291 | U87: 0.51536273 | W87: 12.43593 | X87: 1.0481859 | Z87: -3.8469795 | AA87: 1.1161298 | AC87: 15.727996 | AD87: 0.4936624 | AF87: 17.112975 | AG87: 1.6343321 | AI87: 1.3849786 | AJ87: 1.6031112
A88: Saudi Arabia | B88: 15.916072 | C88: 0.73497164 | E88: 13.331669 | F88: 0.7602372 | H88: -2.5844033 | I88: 1.0624573 | K88: 12.487229 | L88: 0.93680864 | N88: 15.448814 | O88: 1.0869608 | Q88: 2.9615845 | R88: 1.3678482 | T88: 14.181454 | U88: 1.2261199 | W88: 14.746587 | X88: 0.60136301 | Z88: 0.56513314 | AA88: 1.4017941 | AC88: 14.391283 | AD88: 0.58221779 | AF88: 17.021032 | AG88: 1.3324912 | AI88: 2.6297485 | AJ88: 1.3949249
A89: Serbia | B89: 11.281301 | C89: 0.65787209 | E89: 15.281395 | F89: 0.739668 | H89: 4.000094 | I89: 1.0098828 | K89: 16.417864 | L89: 0.96635592 | N89: 12.723256 | O89: 0.96709368 | Q89: -3.694608 | R89: 1.4407541 | T89: c | U89: c | W89: 13.292829 | X89: 0.48022804 | Z89: c | AA89: c | AC89: 13.216466 | AD89: 0.49063984 | AF89: 14.073691 | AG89: 1.7276777 | AI89: 0.85722529 | AJ89: 1.7739213
A90: Singapore | B90: m | C90: m | E90: m | F90: m | H90: m | I90: m | K90: m | L90: m | N90: m | O90: m | Q90: m | R90: m | T90: m | U90: m | W90: m | X90: m | Z90: m | AA90: m | AC90: m | AD90: m | AF90: m | AG90: m | AI90: m | AJ90: m
A91: Chinese Taipei | B91: 16.484853 | C91: 0.68491294 | E91: 20.561334 | F91: 0.69052907 | H91: 4.0764807 | I91: 0.99537927 | K91: 20.926274 | L91: 0.75543884 | N91: 17.686881 | O91: 0.94674442 | Q91: -3.2393932 | R91: 1.1047627 | T91: 19.108422 | U91: 0.8491611 | W91: 18.19073 | X91: 0.58252322 | Z91: -0.91769193 | AA91: 1.0274976 | AC91: 18.50661 | AD91: 0.48110465 | AF91: 18.249524 | AG91: 4.6979613 | AI91: -0.25708588 | AJ91: 4.6260244
A92: Thailand | B92: 9.4665646 | C92: 0.47629705 | E92: 8.2508984 | F92: 0.60932553 | H92: -1.2156661 | I92: 0.69260051 | K92: 8.6695297 | L92: 0.86721651 | N92: 9.09913 | O92: 0.6620811 | Q92: 0.42960029 | R92: 1.0568178 | T92: 8.8598735 | U92: 1.1187788 | W92: 8.8089861 | X92: 0.46096231 | Z92: -0.050887391 | AA92: 1.2185051 | AC92: 8.626842 | AD92: 0.42972977 | AF92: 17.327922 | AG92: 3.3713374 | AI92: 8.70108 | AJ92: 3.3936225
A93: Ukraine | B93: 7.8718435 | C93: 0.55738965 | E93: 6.6857883 | F93: 0.47262977 | H93: -1.1860552 | I93: 0.72317068 | K93: 9.1587808 | L93: 0.89090792 | N93: 5.5059517 | O93: 0.58477174 | Q93: -3.6528292 | R93: 1.0189289 | T93: m | U93: m | W93: 7.3081898 | X93: 0.37082793 | Z93: m | AA93: m | AC93: 7.0997606 | AD93: 0.38736866 | AF93: 13.283719 | AG93: 3.5077612 | AI93: 6.1839583 | AJ93: 3.5765235
A94: United Arab Emirates | B94: 17.904011 | C94: 0.59240202 | E94: 21.609184 | F94: 0.72324085 | H94: 3.7051727 | I94: 0.8891807 | K94: 19.774343 | L94: 0.67384616 | N94: 20.428521 | O94: 1.3606636 | Q94: 0.65417802 | R94: 1.617873 | T94: 19.795735 | U94: 1.2324353 | W94: 19.862542 | X94: 0.59714276 | Z94: 0.066807276 | AA94: 1.4967315 | AC94: 18.838538 | AD94: 0.56442404 | AF94: 20.503631 | AG94: 0.75808898 | AI94: 1.6650931 | AJ94: 0.93055552
A95: Uruguay | B95: 9.9243867 | C95: 0.69004442 | E95: 15.193393 | F95: 0.8826437 | H95: 5.2690064 | I95: 1.085781 | K95: 17.152772 | L95: 1.4070538 | N95: 8.1024143 | O95: 0.76096324 | Q95: -9.050358 | R95: 1.5993353 | T95: 16.777245 | U95: 1.1685029 | W95: 10.703997 | X95: 0.69464485 | Z95: -6.0732485 | AA95: 1.3781298 | AC95: 12.575793 | AD95: 0.59748868 | AF95: 24.121056 | AG95: 6.5765714 | AI95: 11.545264 | AJ95: 6.6180745
A96: Viet Nam | B96: 8.0337816 | C96: 0.5628456 | E96: 6.3320089 | F96: 0.46198266 | H96: -1.7017727 | I96: 0.68983255 | K96: 6.6694575 | L96: 0.87637822 | N96: 7.6048801 | O96: 0.6379384 | Q96: 0.93542264 | R96: 1.1475515 | T96: 5.9888068 | U96: 1.9342968 | W96: 7.2113352 | X96: 0.38323865 | Z96: 1.2225284 | AA96: 1.948465 | AC96: 7.1329718 | AD96: 0.39794985 | AF96: c | AG96: c | AI96: c | AJ96: c
A101: Information on data for Cyprus: https://oe.cd/cyprus-disclaimer
A102: *Data did not meet the PISA technical standards but were accepted as largely comparable (see Annexes A2 and A4).
A104: 1. A student is classified as "not satisfied" with life if he or she reported between 0 and 4 on the life-satisfaction scale. The life-satisfaction scale ranges from 0 to 10.
A105: 2. A socio-economically disadvantaged (advantaged) student is a student in the bottom (top) quarter of the PISA index of economic, social and cultural status (ESCS) in his or her own country/economy.
A106: Notes: Values that are statistically significant are indicated in bold (see Annex A3).
A107: Information regarding the proportion of the sample covered is shown next to the standard error. No symbol means at least 75% of the population was covered; one dagger (†) means at least 50% but less than 75%; and one double-dagger (‡) means less than 50% was covered. For comparisons across cycles, the coverage information corresponds to the cycle with the lowest sample coverage.

Sheet Table III.B1.11.6
A1: PISA 2018 Results (Volume III) - © OECD 2019
A2: Annex B1 | B2: Annex B1.11 Results (tables): Students' life satisfaction and meaning in life
A3: Version 2 - Last updated: 02-Dec-2019
A4: Disclaimer: http://oe.cd/disclaimer
A6: Table III.B1.11.6
A7: Students who are satisfied with life, by school characteristics
A8: Based on students' reports
B11: Percentage of students who are satisfied or very satisfied1 with life, by the following school characteristics:
B12: School socio-economic profile2 | N12: School location | Z12: School type | AI12: Concentration of immigrant students3
B13: Disadvantaged schools | E13: Socio-economically average schools | H13: Advantaged schools | K13: Advantaged -disadvantaged schools | N13: Rural area or village (fewer than 3 000 people) | Q13: Town (3 000 to 100 000 people) | T13: City (over 100 000 people) | W13: City - rural area | Z13: Public | AC13: Private | AF13: Private - public | AI13: Low immigrant concentration | AL13: High immigrant concentration | AO13: High concentration - low concentration
B14: % | C14: S.E. | E14: % | F14: S.E. | H14: % | I14: S.E. | K14: % dif. | L14: S.E. | N14: % | O14: S.E. | Q14: % | R14: S.E. | T14: % | U14: S.E. | W14: % dif. | X14: S.E. | Z14: % | AA14: S.E. | AC14: % | AD14: S.E. | AF14: % dif. | AG14: S.E. | AI14: % | AJ14: S.E. | AL14: % | AM14: S.E. | AO14: % dif. | AP14: S.E.
A15: OECD
A16: Australia | B16: m | C16: m | E16: m | F16: m | H16: m | I16: m | K16: m | L16: m | N16: m | O16: m | Q16: m | R16: m | T16: m | U16: m | W16: m | X16: m | Z16: m | AA16: m | AC16: m | AD16: m | AF16: m | AG16: m | AI16: m | AJ16: m | AL16: m | AM16: m | AO16: m | AP16: m
A17: Austria | B17: 69.656022 | C17: 1.6183107 | E17: 69.679019 | F17: 1.1492028 | H17: 69.337076 | I17: 1.4511451 | K17: -0.31894579 | L17: 2.273215 | N17: 72.333193 | O17: 3.4013005 | Q17: 71.350589 | R17: 0.92844156 | T17: 65.295495 | U17: 1.5016603 | W17: -7.0376976 | X17: 3.7386005 | Z17: 70.416143 | AA17: 0.76059024 | AC17: 62.807699 | AD17: 3.2422216 | AF17: -7.6084442 | AG17: 3.3859022 | AI17: 72.300044 | AJ17: 1.2576164 | AL17: 68.010351 | AM17: 1.0186616 | AO17: -4.2896928 | AP17: 1.6685852
A18: Belgium | B18: m | C18: m | E18: m | F18: m | H18: m | I18: m | K18: m | L18: m | N18: m | O18: m | Q18: m | R18: m | T18: m | U18: m | W18: m | X18: m | Z18: m | AA18: m | AC18: m | AD18: m | AF18: m | AG18: m | AI18: m | AJ18: m | AL18: m | AM18: m | AO18: m | AP18: m
A19: Canada | B19: m | C19: m | E19: m | F19: m | H19: m | I19: m | K19: m | L19: m | N19: m | O19: m | Q19: m | R19: m | T19: m | U19: m | W19: m | X19: m | Z19: m | AA19: m | AC19: m | AD19: m | AF19: m | AG19: m | AI19: m | AJ19: m | AL19: m | AM19: m | AO19: m | AP19: m
A20: Chile | B20: 64.762873 | C20: 1.285776 | E20: 62.005044 | F20: 1.1398033 | H20: 68.127109 | I20: 1.3785383 | K20: 3.3642366 | L20: 1.8896311 | N20: 61.375508 | O20: 4.486968 | Q20: 64.851684 | R20: 1.2169702 | T20: 64.6724 | U20: 0.96409354 | W20: 3.2968924 | X20: 4.5425739 | Z20: 62.322909 | AA20: 1.2651155 | AC20: 65.273571 | AD20: 0.95407417 | AF20: 2.9506614 | AG20: 1.6078722 | AI20: 64.768782 | AJ20: 0.82134173 | AL20: 60.042646 | AM20: 2.3089817 | AO20: -4.726136 | AP20: 2.5058657
A21: Colombia | B21: 76.535631 | C21: 1.4748145 | E21: 72.719684 | F21: 0.9501048 | H21: 70.343947 | I21: 1.2876302 | K21: -6.191684 | L21: 2.0506661 | N21: 74.933071 | O21: 2.3440671 | Q21: 76.035145 | R21: 1.2728633 | T21: 70.876957 | U21: 0.86709102 | W21: -4.0561139 | X21: 2.4927196 | Z21: 73.52017 | AA21: 0.74092704 | AC21: 70.866996 | AD21: 1.4521777 | AF21: -2.6531739 | AG21: 1.5777496 | AI21: 72.981026 | AJ21: 0.68583713 | AL21: m | AM21: m | AO21: m | AP21: m
A22: Czech Republic | B22: 62.129882 | C22: 2.0043506 | E22: 64.822875 | F22: 1.0219337 | H22: 67.042493 | I22: 1.193845 | K22: 4.9126113 | L22: 2.3753413 | N22: 64.424825 | O22: 3.778853 | Q22: 65.774544 | R22: 0.84801891 | T22: 62.489816 | U22: 1.5615158 | W22: -1.9350086 | X22: 4.0458568 | Z22: 65.009447 | AA22: 0.77035389 | AC22: 60.58934 | AD22: 2.8769957 | AF22: -4.4201076 | AG22: 2.9207961 | AI22: 65.65301 | AJ22: 0.75048071 | AL22: 58.235347 | AM22: 2.3720754 | AO22: -7.4176636 | AP22: 2.4992969
A23: Denmark | B23: m | C23: m | E23: m | F23: m | H23: m | I23: m | K23: m | L23: m | N23: m | O23: m | Q23: m | R23: m | T23: m | U23: m | W23: m | X23: m | Z23: m | AA23: m | AC23: m | AD23: m | AF23: m | AG23: m | AI23: m | AJ23: m | AL23: m | AM23: m | AO23: m | AP23: m
A24: Estonia | B24: 70.149438 | C24: 1.5711904 | E24: 67.89096 | F24: 0.94842488 | H24: 73.36362 | I24: 1.542284 | K24: 3.2141819 | L24: 2.2525898 | N24: 69.977363 | O24: 1.9290576 | Q24: 68.700968 | R24: 0.96961236 | T24: 71.368407 | U24: 1.2441555 | W24: 1.3910448 | X24: 2.3392123 | Z24: 69.364856 | AA24: 0.72693879 | AC24: 80.663294 | AD24: 3.5516415 | AF24: 11.298438 | AG24: 3.625164 | AI24: 70.262041 | AJ24: 0.90870069 | AL24: 68.9712 | AM24: 1.1951796 | AO24: -1.2908403 | AP24: 1.4817928
A25: Finland | B25: 74.562423 | C25: 1.3727946 | E25: 78.183192 | F25: 0.7653503 | H25: 79.43695 | I25: 1.144526 | K25: 4.8745268 | L25: 1.8777796 | N25: 78.119145 | O25: 1.9414569 | Q25: 76.899271 | R25: 0.72158882 | T25: 78.707183 | U25: 1.0140842 | W25: 0.58803802 | X25: 2.3231466 | Z25: 77.517726 | AA25: 0.58472537 | AC25: 79.176196 | AD25: 1.729237 | AF25: 1.6584696 | AG25: 1.6972527 | AI25: 77.998306 | AJ25: 0.61899902 | AL25: 75.881428 | AM25: 1.8158776 | AO25: -2.1168785 | AP25: 1.9472186
A26: France | B26: 64.924376 | C26: 1.3768146 | E26: 69.762324 | F26: 1.0001363 | H26: 73.71137 | I26: 1.320916 | K26: 8.7869937 | L26: 1.9382432 | N26: 71.356556 | O26: 4.173395 | Q26: 69.714341 | R26: 0.69816461 | T26: 69.315372 | U26: 1.5519874 | W26: -2.0411836 | X26: 4.2591323 | Z26: 69.005329 | AA26: 0.69713807 | AC26: 71.906202 | AD26: 1.9189824 | AF26: 2.9008736 | AG26: 1.956231 | AI26: 71.118481 | AJ26: 1.0335521 | AL26: 67.509947 | AM26: 0.95393323 | AO26: -3.6085339 | AP26: 1.3952473
A27: Germany | B27: 64.580554 | C27: 1.6158031 | D27: † | E27: 66.935667 | F27: 1.0759112 | H27: 67.233358 | I27: 1.3879518 | K27: 2.6528044 | L27: 2.0256519 | M27: † | N27: c | O27: c | Q27: 66.800105 | R27: 0.86627411 | T27: 65.114512 | U27: 1.4001456 | W27: c | X27: c | Z27: 66.058338 | AA27: 0.7038532 | AC27: 71.613511 | AD27: 4.0009489 | AF27: 5.5551721 | AG27: 3.9083356 | AI27: 66.123239 | AJ27: 1.454045 | AL27: 66.680746 | AM27: 0.84164825 | AO27: 0.55750619 | AP27: 1.6919812
A28: Greece | B28: 67.546739 | C28: 1.4964568 | E28: 64.317066 | F28: 0.97403597 | H28: 65.871377 | I28: 1.2632113 | K28: -1.6753622 | L28: 2.0093199 | N28: 69.410004 | O28: 2.3747721 | Q28: 65.73402 | R28: 0.83033374 | T28: 64.298887 | U28: 1.164741 | W28: -5.1111169 | X28: 2.7677234 | Z28: 65.485757 | AA28: 0.65616306 | AC28: 66.523342 | AD28: 4.2182448 | AF28: 1.0375847 | AG28: 4.3021636 | AI28: 65.719935 | AJ28: 0.80745345 | AL28: 65.176181 | AM28: 1.0585081 | AO28: -0.54375403 | AP28: 1.3460656
A29: Hungary | B29: 67.492339 | C29: 1.7440621 | E29: 66.366662 | F29: 1.2307893 | H29: 71.352588 | I29: 2.0452176 | K29: 3.8602486 | L29: 2.7123756 | N29: 68.476147 | O29: 3.9249094 | Q29: 68.252585 | R29: 1.1200045 | T29: 67.504316 | U29: 1.4337442 | W29: -0.97183087 | X29: 4.2378681 | Z29: 67.851682 | AA29: 0.97342261 | AC29: 68.260489 | AD29: 1.7220849 | AF29: 0.40880723 | AG29: 1.8836566 | AI29: 67.908303 | AJ29: 0.88865822 | AL29: 68.051735 | AM29: 6.4785504 | AO29: 0.14343251 | AP29: 6.559962
A30: Iceland | B30: 69.738163 | C30: 1.5185818 | E30: 72.621367 | F30: 1.2175139 | H30: 74.556614 | I30: 1.4677558 | K30: 4.8184507 | L30: 2.2293103 | N30: 70.517575 | O30: 1.9805907 | Q30: 72.643725 | R30: 1.242595 | T30: 73.365009 | U30: 1.3826846 | W30: 2.8474346 | X30: 2.5849078 | Z30: 72.460616 | AA30: 0.79228676 | AC30: c | AD30: c | AF30: c | AG30: c | AI30: 72.231567 | AJ30: 0.86255069 | AL30: 73.207163 | AM30: 1.6919207 | AO30: 0.9755957 | AP30: 1.8806827
A31: Ireland | B31: 58.73102 | C31: 1.8992981 | E31: 62.080045 | F31: 1.3275543 | H31: 62.544708 | I31: 1.6622725 | K31: 3.8136871 | L31: 2.5335233 | N31: 65.821402 | O31: 2.2125618 | Q31: 60.899309 | R31: 1.1356701 | T31: 58.978125 | U31: 2.0163263 | W31: -6.8432765 | X31: 2.9823156 | Z31: 62.417739 | AA31: 1.5299513 | AC31: 60.49162 | AD31: 1.0447153 | AF31: -1.9261193 | AG31: 1.8520924 | AI31: 61.915205 | AJ31: 1.8956321 | AL31: 61.161756 | AM31: 1.0242334 | AO31: -0.75344911 | AP31: 2.159512
A32: Israel | B32: m | C32: m | E32: m | F32: m | H32: m | I32: m | K32: m | L32: m | N32: m | O32: m | Q32: m | R32: m | T32: m | U32: m | W32: m | X32: m | Z32: m | AA32: m | AC32: m | AD32: m | AF32: m | AG32: m | AI32: m | AJ32: m | AL32: m | AM32: m | AO32: m | AP32: m
A33: Italy | B33: 63.737237 | C33: 1.6297258 | E33: 67.50057 | F33: 1.0077385 | H33: 69.066455 | I33: 1.1055589 | K33: 5.3292176 | L33: 1.8660798 | N33: 72.16151 | O33: 2.8161018 | Q33: 67.918772 | R33: 0.87684565 | T33: 65.243435 | U33: 1.513702 | W33: -6.9180749 | X33: 3.205364 | Z33: 66.943016 | AA33: 0.72381858 | AC33: 68.912426 | AD33: 4.2611394 | AF33: 1.9694102 | AG33: 4.3657509 | AI33: 68.434691 | AJ33: 0.89114057 | AL33: 64.649816 | AM33: 1.1502787 | AO33: -3.7848742 | AP33: 1.4507469
A34: Japan | B34: 48.708365 | C34: 1.8500542 | E34: 50.987481 | F34: 1.017772 | H34: 50.215644 | I34: 1.4954976 | K34: 1.5072791 | L34: 2.3654055 | N34: m | O34: m | Q34: 50.718635 | R34: 1.4407803 | T34: 50.077611 | U34: 0.94308073 | W34: m | X34: m | Z34: 51.273114 | AA34: 0.94273006 | AC34: 48.227299 | AD34: 1.3704498 | AF34: -3.0458149 | AG34: 1.6602825 | AI34: w | AJ34: w | AL34: w | AM34: w | AO34: w | AP34: w
A35: Korea | B35: 57.798451 | C35: 1.9440169 | E35: 56.586094 | F35: 1.1059368 | H35: 55.938143 | I35: 1.3273004 | K35: -1.8603079 | L35: 2.3364763 | N35: c | O35: c | Q35: 57.707978 | R35: 1.9683294 | T35: 56.446598 | U35: 0.81882871 | W35: c | X35: c | Z35: 56.984584 | AA35: 1.0020918 | AC35: 56.147524 | AD35: 1.3466633 | AF35: -0.83706054 | AG35: 1.7282818 | AI35: 56.682921 | AJ35: 0.75397512 | AL35: c | AM35: c | AO35: c | AP35: c
A36: Latvia | B36: 66.482479 | C36: 1.5616351 | E36: 68.465815 | F36: 0.86771018 | H36: 71.84848 | I36: 1.4990995 | K36: 5.366001 | L36: 2.3300243 | N36: 66.807746 | O36: 1.7347212 | Q36: 69.445238 | R36: 0.93352683 | T36: 68.685668 | U36: 1.3187332 | W36: 1.8779222 | X36: 2.2875618 | Z36: 68.796731 | AA36: 0.71166867 | AC36: 61.260651 | AD36: 12.221961 | AF36: -7.5360799 | AG36: 12.232375 | AI36: 67.606595 | AJ36: 0.85597627 | AL36: 73.871584 | AM36: 1.4403871 | AO36: 6.2649893 | AP36: 1.8083723
A37: Lithuania | B37: 77.693816 | C37: 1.2493331 | E37: 75.118024 | F37: 0.87536713 | H37: 73.922219 | I37: 1.362456 | K37: -3.7715973 | L37: 1.8101425 | N37: 77.545185 | O37: 1.3064246 | Q37: 76.404667 | R37: 0.92745556 | T37: 73.213987 | U37: 1.1514862 | W37: -4.3311985 | X37: 1.7152627 | Z37: 75.436212 | AA37: 0.62376509 | AC37: 75.635417 | AD37: 2.6507388 | AF37: 0.19920542 | AG37: 2.646879 | AI37: 75.626872 | AJ37: 0.6409289 | AL37: 70.271637 | AM37: 2.2427588 | AO37: -5.3552348 | AP37: 2.3541571
A38: Luxembourg | B38: 62.531251 | C38: 1.463027 | E38: 68.753662 | F38: 0.88042744 | H38: 72.484452 | I38: 1.1873502 | K38: 9.9532011 | L38: 1.8175278 | N38: m | O38: m | Q38: 67.737346 | R38: 0.86359933 | T38: 68.830453 | U38: 0.97329449 | W38: m | X38: m | Z38: 69.098691 | AA38: 0.74057235 | AC38: 64.004478 | AD38: 1.7521941 | AF38: -5.0942127 | AG38: 1.9031807 | AI38: c | AJ38: c | AL38: 68.153784 | AM38: 0.69219801 | AO38: c | AP38: c
A39: Mexico | B39: 81.695642 | C39: 1.6853021 | D39: † | E39: 81.540755 | F39: 0.86094319 | H39: 85.539535 | I39: 0.95377155 | K39: 3.843893 | L39: 2.0597825 | M39: † | N39: 80.334712 | O39: 2.106949 | P39: † | Q39: 82.664634 | R39: 1.0892437 | T39: 83.060942 | U39: 0.72622453 | W39: 2.7262298 | X39: 2.3454051 | Y39: † | Z39: 82.25522 | AA39: 0.6142547 | AC39: 85.003785 | AD39: 1.4768156 | AF39: 2.7485645 | AG39: 1.5418603 | AI39: 82.812796 | AJ39: 0.6106175 | AL39: 76.655126 | AM39: 3.7829304 | AN39: † | AO39: -6.1576697 | AP39: 3.9237032 | AQ39: †
A40: Netherlands* | B40: 77.370815 | C40: 1.302347 | D40: † | E40: 80.771272 | F40: 1.1268472 | H40: 78.377845 | I40: 1.1699291 | K40: 1.0070307 | L40: 1.7596248 | M40: † | N40: c | O40: c | Q40: 79.873678 | R40: 0.83214132 | T40: 77.741145 | U40: 1.7965965 | W40: c | X40: c | Z40: 77.983189 | AA40: 1.5577576 | AC40: 80.254513 | AD40: 0.81962842 | AF40: 2.2713235 | AG40: 1.7716029 | AI40: 80.455933 | AJ40: 0.99322746 | AL40: 77.929582 | AM40: 1.3006257 | AO40: -2.5263509 | AP40: 1.6268433
A41: New Zealand | B41: m | C41: m | E41: m | F41: m | H41: m | I41: m | K41: m | L41: m | N41: m | O41: m | Q41: m | R41: m | T41: m | U41: m | W41: m | X41: m | Z41: m | AA41: m | AC41: m | AD41: m | AF41: m | AG41: m | AI41: m | AJ41: m | AL41: m | AM41: m | AO41: m | AP41: m
A42: Norway | B42: m | C42: m | E42: m | F42: m | H42: m | I42: m | K42: m | L42: m | N42: m | O42: m | Q42: m | R42: m | T42: m | U42: m | W42: m | X42: m | Z42: m | AA42: m | AC42: m | AD42: m | AF42: m | AG42: m | AI42: m | AJ42: m | AL42: m | AM42: m | AO42: m | AP42: m
A43: Poland | B43: 64.159192 | C43: 1.7164789 | E43: 61.78299 | F43: 0.93422869 | H43: 59.785299 | I43: 1.3218513 | K43: -4.3738925 | L43: 2.1307637 | N43: 64.451481 | O43: 1.5433679 | Q43: 60.480423 | R43: 1.0013408 | T43: 61.539667 | U43: 1.6082043 | W43: -2.9118142 | X43: 1.8662125 | Z43: 62.175177 | AA43: 0.79220143 | AC43: 55.721554 | AD43: 5.3583886 | AF43: -6.4536225 | AG43: 5.438725 | AI43: 61.908321 | AJ43: 0.79129827 | AL43: c | AM43: c | AO43: c | AP43: c
A44: Portugal* | B44: 70.270189 | C44: 1.371561 | E44: 67.409913 | F44: 1.1530916 | H44: 70.501381 | I44: 1.578139 | K44: 0.23119252 | L44: 2.3013887 | N44: 74.531038 | O44: 4.9647049 | Q44: 69.11374 | R44: 0.82072845 | T44: 67.753216 | U44: 1.660342 | W44: -6.7778219 | X44: 5.3297352 | Z44: 67.888259 | AA44: 0.85584776 | AC44: 75.139122 | AD44: 1.8135632 | AF44: 7.2508624 | AG44: 2.0492169 | AI44: 70.604956 | AJ44: 0.87397862 | AL44: 63.224806 | AM44: 1.4928689 | AO44: -7.3801498 | AP44: 1.7093851
A45: Slovak Republic | B45: 67.07555 | C45: 1.7647362 | E45: 70.508735 | F45: 0.93827508 | H45: 69.762204 | I45: 1.5952677 | K45: 2.6866539 | L45: 2.1259492 | N45: 69.07877 | O45: 1.8782641 | Q45: 70.112965 | R45: 0.75981193 | T45: 66.210706 | U45: 2.7623276 | W45: -2.8680639 | X45: 3.411067 | Z45: 69.852699 | AA45: 0.70450124 | AC45: 67.216808 | AD45: 2.0229078 | AF45: -2.6358908 | AG45: 2.0218119 | AI45: 69.628886 | AJ45: 0.68953611 | AL45: 65.478642 | AM45: 6.5427752 | AO45: -4.1502434 | AP45: 6.5085824
A46: Slovenia | B46: 66.785064 | C46: 1.230332 | E46: 63.941929 | F46: 1.066413 | H46: 61.831021 | I46: 1.8347235 | K46: -4.9540435 | L46: 2.2736275 | N46: 72.53674 | O46: 3.9963944 | Q46: 62.728713 | R46: 0.89993177 | T46: 65.058197 | U46: 1.6683438 | W46: -7.4785426 | X46: 4.6853922 | Z46: 63.999442 | AA46: 0.78474944 | AC46: 56.171204 | AD46: 4.5678416 | AF46: -7.8282376 | AG46: 4.6206229 | AI46: 63.172231 | AJ46: 0.89912171 | AL46: 66.262545 | AM46: 1.2210687 | AO46: 3.0903138 | AP46: 1.5257671
A47: Spain | B47: 71.30133 | C47: 1.0164392 | E47: 73.374461 | F47: 0.48951669 | H47: 75.993336 | I47: 0.72226034 | K47: 4.6920063 | L47: 1.3066589 | N47: 74.986391 | O47: 1.5002908 | Q47: 73.907144 | R47: 0.48501853 | T47: 72.804475 | U47: 0.78259176 | W47: -2.1819167 | X47: 1.7247265 | Z47: 72.028523 | AA47: 0.46724102 | AC47: 76.523006 | AD47: 0.59059531 | AF47: 4.4944822 | AG47: 0.78983106 | AI47: 75.859188 | AJ47: 0.51616661 | AL47: 70.865285 | AM47: 0.51470136 | AO47: -4.993903 | AP47: 0.78019054
A48: Sweden | B48: 64.009404 | C48: 1.4820393 | E48: 66.639142 | F48: 1.1728594 | H48: 69.471852 | I48: 1.6817222 | K48: 5.462448 | L48: 2.2909415 | N48: 67.575661 | O48: 2.5248483 | Q48: 66.348326 | R48: 1.0585714 | T48: 67.370108 | U48: 1.432239 | W48: -0.20555303 | X48: 3.0291003 | Z48: 66.982626 | AA48: 0.78760756 | AC48: 65.539644 | AD48: 1.9822082 | AF48: -1.4429825 | AG48: 2.135414 | AI48: 66.676437 | AJ48: 1.4663076 | AL48: 66.725105 | AM48: 0.91069824 | AO48: 0.048667832 | AP48: 1.8544931
A49: Switzerland | B49: 70.856125 | C49: 1.3673703 | E49: 74.29421 | F49: 1.0498729 | H49: 73.708784 | I49: 1.6817392 | K49: 2.8526587 | L49: 2.2578048 | N49: 72.226593 | O49: 3.1968381 | Q49: 73.603573 | R49: 0.9128257 | T49: 72.608392 | U49: 1.3834664 | W49: 0.38179957 | X49: 3.4354465 | Z49: 73.607284 | AA49: 0.78040318 | AC49: 68.126078 | AD49: 3.4031972 | AF49: -5.4812059 | AG49: 3.4778679 | AI49: 79.170628 | AJ49: 1.9603899 | AL49: 72.691649 | AM49: 0.77396423 | AO49: -6.4789785 | AP49: 2.1209568
A50: Turkey | B50: 41.050325 | C50: 1.6978848 | E50: 43.606344 | F50: 1.0447614 | H50: 46.027696 | I50: 1.8069947 | K50: 4.9773711 | L50: 2.5674583 | N50: c | O50: c | Q50: 44.325701 | R50: 1.4574632 | T50: 43.453628 | U50: 0.97041869 | W50: c | X50: c | Z50: 43.132173 | AA50: 0.73717561 | AC50: 47.067457 | AD50: 3.0450595 | AF50: 3.9352839 | AG50: 3.0050611 | AI50: 43.567303 | AJ50: 0.83330539 | AL50: c | AM50: c | AO50: c | AP50: c
A51: United Kingdom | B51: 48.60275 | C51: 1.4730632 | E51: 53.408066 | F51: 0.95205101 | H51: 54.574036 | I51: 1.7122126 | K51: 5.9712855 | L51: 2.1533721 | N51: 51.481341 | O51: 3.6913601 | Q51: 53.351869 | R51: 1.042128 | T51: 50.954081 | U51: 1.6978053 | W51: -0.52725964 | X51: 4.0791134 | Z51: 54.075044 | AA51: 1.0778196 | AC51: 51.603945 | AD51: 1.1837556 | AF51: -2.4710992 | AG51: 1.6498928 | AI51: 54.086366 | AJ51: 0.88537281 | AL51: 51.101581 | AM51: 1.2527383 | AO51: -2.984785 | AP51: 1.5348506
A52: United States* | B52: 59.193297 | C52: 1.3418773 | E52: 60.668031 | F52: 1.07026 | H52: 62.145483 | I52: 1.843332 | K52: 2.9521866 | L52: 2.2981774 | N52: 63.877016 | O52: 2.9939328 | Q52: 62.582004 | R52: 1.1497244 | T52: 58.101596 | U52: 1.300027 | W52: -5.7754194 | X52: 3.2786605 | Z52: 60.530588 | AA52: 0.67383464 | AC52: 62.64418 | AD52: 6.0762762 | AF52: 2.1135921 | AG52: 6.0770465 | AI52: 63.34469 | AJ52: 1.1485573 | AL52: 58.44104 | AM52: 1.1268305 | AO52: -4.9036496 | AP52: 1.6851713
A53: OECD average | B53: 65.671025 | C53: 0.28374723 | E53: 66.758047 | F53: 0.18731734 | H53: 68.137169 | I53: 0.26683204 | K53: 2.4661444 | L53: 0.39412762 | N53: 69.764124 | O53: 0.60566875 | Q53: 67.222723 | R53: 0.19153971 | T53: 66.038013 | U53: 0.25857987 | W53: -2.2859388 | X53: 0.68232685 | Z53: 66.815776 | AA53: 0.15728098 | AC53: 66.32315 | AD53: 0.67531743 | AF53: -0.29797658 | AG53: 0.69089452 | AI53: 68.164955 | AJ53: 0.19251517 | AL53: 67.170027 | AM53: 0.47550037 | AO53: -2.5992617 | AP53: 0.54241109
A54: Partners
A55: Albania | B55: 86.805108 | C55: 1.252764 | E55: 86.426774 | F55: 0.73106908 | H55: 85.968655 | I55: 1.1266702 | K55: -0.83645342 | L55: 1.6505932 | N55: 87.461823 | O55: 1.0616608 | Q55: 86.436736 | R55: 0.88902942 | T55: 85.659911 | U55: 0.92109264 | W55: -1.8019122 | X55: 1.3953478 | Z55: 86.35895 | AA55: 0.49914918 | AC55: 86.793124 | AD55: 1.8976612 | AF55: 0.43417383 | AG55: 1.866673 | AI55: 86.393237 | AJ55: 0.52951394 | AL55: 87.468903 | AM55: 6.9520332 | AO55: 1.0756661 | AP55: 6.9992929
A56: Argentina | B56: 66.317998 | C56: 1.4937961 | E56: 68.937215 | F56: 1.0518091 | H56: 73.95423 | I56: 1.2467874 | K56: 7.6362322 | L56: 1.7937617 | N56: 70.071375 | O56: 3.1077137 | Q56: 70.163903 | R56: 1.1124789 | T56: 69.218474 | U56: 0.91282171 | W56: -0.85290101 | X56: 3.3610345 | Z56: 67.918665 | AA56: 0.86899363 | AC56: 73.1731 | AD56: 1.144555 | AF56: 5.2544352 | AG56: 1.3958133 | AI56: 70.096262 | AJ56: 0.78337939 | AL56: 66.885761 | AM56: 1.73164 | AO56: -3.2105012 | AP56: 1.8589945
A57: Baku (Azerbaijan) | B57: 65.71066 | C57: 1.6681271 | E57: 66.644206 | F57: 1.1848873 | H57: 68.274874 | I57: 1.3081263 | K57: 2.5642137 | L57: 2.1052985 | N57: c | O57: c | Q57: 66.377658 | R57: 1.1090813 | T57: 68.771899 | U57: 1.1947079 | W57: c | X57: c | Z57: 66.764166 | AA57: 0.73469586 | AC57: c | AD57: c | AF57: c | AG57: c | AI57: 66.679627 | AJ57: 0.8418875 | AL57: 67.510915 | AM57: 1.4425901 | AO57: 0.83128721 | AP57: 1.6951835
A58: Belarus | B58: 84.809621 | C58: 1.1390271 | E58: 83.781942 | F58: 0.8518466 | H58: 81.262077 | I58: 1.0642354 | K58: -3.5475436 | L58: 1.6426701 | N58: 86.372072 | O58: 1.1149533 | Q58: 85.572701 | R58: 0.72645666 | T58: 80.981227 | U58: 0.84332264 | W58: -5.390845 | X58: 1.2688477 | Z58: 83.393196 | AA58: 0.59327619 | AC58: c | AD58: c | AF58: c | AG58: c | AI58: 83.250614 | AJ58: 0.6442011 | AL58: 85.345685 | AM58: 2.0722036 | AO58: 2.0950703 | AP58: 2.2751998
A59: Bosnia and Herzegovina | B59: 77.37476 | C59: 1.3715238 | E59: 76.290591 | F59: 0.97635423 | H59: 76.044242 | I59: 1.3173843 | K59: -1.3305173 | L59: 1.9447384 | N59: 80.553761 | O59: 2.2404982 | Q59: 76.82166 | R59: 0.77481251 | T59: 74.295806 | U59: 1.3078095 | W59: -6.2579555 | X59: 2.7371813 | Z59: 76.499658 | AA59: 0.68916145 | AC59: c | AD59: c | AF59: c | AG59: c | AI59: 76.493989 | AJ59: 0.70666328 | AL59: 76.629841 | AM59: 2.8488696 | AO59: 0.1358519 | AP59: 2.9493444
A60: Brazil | B60: 70.052768 | C60: 1.269654 | D60: † | E60: 63.945344 | F60: 0.76691924 | H60: 62.685534 | I60: 1.1395262 | K60: -7.3672342 | L60: 1.7919145 | M60: † | N60: 73.199905 | O60: 3.4421773 | P60: † | Q60: 66.810253 | R60: 0.89493914 | T60: 63.229598 | U60: 0.74439441 | W60: -9.9703068 | X60: 3.6119208 | Y60: † | Z60: 65.084931 | AA60: 0.60959878 | AC60: 64.108073 | AD60: 1.2120785 | AF60: -0.97685737 | AG60: 1.3769691 | AI60: 64.889891 | AJ60: 0.54715746 | AL60: 66.716718 | AM60: 6.2806858 | AN60: † | AO60: 1.8268275 | AP60: 6.378424 | AQ60: †
A61: Brunei Darussalam | B61: 39.213823 | C61: 1.2263239 | E61: 40.873675 | F61: 0.89932285 | H61: 46.949916 | I61: 1.3040869 | K61: 7.7360925 | L61: 1.8048949 | N61: 43.063455 | O61: 1.7191171 | Q61: 42.070554 | R61: 0.74690776 | T61: 40.275804 | U61: 1.957349 | W61: -2.7876507 | X61: 2.5823415 | Z61: 41.558584 | AA61: 0.67893632 | AC61: 44.524431 | AD61: 1.7137032 | AF61: 2.9658471 | AG61: 1.8085921 | AI61: 41.525682 | AJ61: 0.70990491 | AL61: 44.800509 | AM61: 1.6484319 | AO61: 3.2748266 | AP61: 1.8101584
A62: B-S-J-Z (China) | B62: 59.836733 | C62: 1.6336427 | E62: 57.278389 | F62: 1.1443022 | H62: 62.244004 | I62: 1.2162092 | K62: 2.4072706 | L62: 2.1038027 | N62: 61.411577 | O62: 2.7491655 | Q62: 57.980216 | R62: 1.2779054 | T62: 59.961783 | U62: 0.93161599 | W62: -1.4497944 | X62: 2.8756458 | Z62: 59.321876 | AA62: 0.773247 | AC62: 58.139672 | AD62: 2.3788698 | AF62: -1.1822044 | AG62: 2.5314258 | AI62: 59.151847 | AJ62: 0.72150892 | AL62: m | AM62: m | AO62: m | AP62: m
A63: Bulgaria | B63: 63.090814 | C63: 2.2270216 | E63: 64.967672 | F63: 1.1174897 | H63: 67.492261 | I63: 0.96419682 | K63: 4.4014471 | L63: 2.4342468 | N63: 68.894798 | O63: 3.4928557 | P63: † | Q63: 66.218844 | R63: 1.1322217 | T63: 63.760353 | U63: 1.1126623 | W63: -5.1344453 | X63: 3.5269362 | Y63: † | Z63: 65.132643 | AA63: 0.80364715 | AC63: c | AD63: c | AF63: c | AG63: c | AI63: 65.513079 | AJ63: 0.77178415 | AL63: 47.588256 | AM63: 9.3710347 | AN63: † | AO63: -17.924823 | AP63: 9.3058898 | AQ63: †
A64: Costa Rica | B64: 79.978798 | C64: 1.1012259 | E64: 78.465674 | F64: 0.88107509 | H64: 77.95945 | I64: 1.2655699 | K64: -2.0193488 | L64: 1.6074634 | N64: 79.610254 | O64: 1.2710412 | Q64: 79.401684 | R64: 0.71635246 | T64: 74.810338 | U64: 1.6930198 | W64: -4.7999165 | X64: 1.9757137 | Z64: 79.178825 | AA64: 0.64683155 | AC64: 75.687466 | AD64: 2.0647377 | AF64: -3.4913587 | AG64: 2.2054427 | AI64: 79.523772 | AJ64: 0.76663632 | AL64: 77.277197 | AM64: 1.0285789 | AO64: -2.2465746 | AP64: 1.2678315
A65: Croatia | B65: 77.077193 | C65: 1.1834572 | E65: 77.685382 | F65: 0.72696026 | H65: 73.171896 | I65: 1.0565233 | K65: -3.9052966 | L65: 1.572135 | N65: c | O65: c | Q65: 77.673872 | R65: 0.63717982 | T65: 74.56897 | U65: 0.73913829 | W65: c | X65: c | Z65: 76.312998 | AA65: 0.50026189 | AC65: 78.124462 | AD65: 4.6969579 | AF65: 1.8114642 | AG65: 4.7165057 | AI65: 77.435973 | AJ65: 0.67875967 | AL65: 74.880056 | AM65: 0.91678139 | AO65: -2.5559167 | AP65: 1.2400292
A66: Cyprus | B66: 61.09703 | C66: 1.207792 | E66: 63.703729 | F66: 0.82996669 | H66: 61.807631 | I66: 1.2330365 | K66: 0.710601 | L66: 1.7578608 | N66: 64.587601 | O66: 2.3205335 | Q66: 62.837251 | R66: 0.80497632 | T66: 61.976605 | U66: 1.165141 | W66: -2.6109957 | X66: 2.5790842 | Z66: 62.640826 | AA66: 0.63337845 | AC66: 62.646332 | AD66: 1.408758 | AF66: 0.0055056964 | AG66: 1.4238968 | AI66: 62.921211 | AJ66: 0.83042741 | AL66: 62.307714 | AM66: 0.91317826 | AO66: -0.61349746 | AP66: 1.2237822
A67: Dominican Republic | B67: 77.897027 | C67: 1.3786288 | D67: † | E67: 79.245258 | F67: 1.0550872 | G67: † | H67: 78.121547 | I67: 1.5392571 | K67: 0.22452001 | L67: 2.0424372 | M67: † | N67: 78.753097 | O67: 1.5436366 | P67: † | Q67: 79.625065 | R67: 0.95629389 | S67: † | T67: 76.588776 | U67: 1.60176 | W67: -2.1643215 | X67: 2.2587071 | Y67: † | Z67: 78.769087 | AA67: 0.84878437 | AB67: † | AC67: 78.015863 | AD67: 1.5791746 | AF67: -0.75322456 | AG67: 1.6851282 | AH67: † | AI67: 78.756964 | AJ67: 0.83897895 | AK67: † | AL67: 76.86122 | AM67: 2.4057628 | AN67: † | AO67: -1.8957444 | AP67: 2.557044 | AQ67: †
A68: Georgia | B68: 72.86247 | C68: 1.8172335 | E68: 73.494122 | F68: 0.97237136 | H68: 74.532366 | I68: 1.3725583 | K68: 1.6698962 | L68: 2.1646887 | N68: 72.676627 | O68: 1.6155995 | Q68: 75.802307 | R68: 1.1906986 | T68: 72.99454 | U68: 1.0244914 | W68: 0.31791318 | X68: 1.8128984 | Z68: 72.660813 | AA68: 0.79690644 | AC68: 81.066967 | AD68: 2.1802455 | AF68: 8.4061536 | AG68: 2.25915 | AI68: 73.444151 | AJ68: 0.76733267 | AL68: 79.399528 | AM68: 3.2947781 | AO68: 5.955377 | AP68: 3.3064669
A69: Hong Kong (China)* | B69: 47.619597 | C69: 1.2643322 | E69: 52.738085 | F69: 0.84645504 | H69: 55.419135 | I69: 1.8471504 | K69: 7.7995385 | L69: 2.2158803 | N69: c | O69: c | Q69: 55.142246 | R69: 2.035492 | T69: 51.756229 | U69: 0.90234142 | W69: c | X69: c | Z69: 51.110863 | AA69: 2.1680143 | AC69: 52.545739 | AD69: 0.83866307 | AF69: 1.4348763 | AG69: 2.3154923 | AI69: 45.875946 | AJ69: 2.1243455 | AL69: 52.432725 | AM69: 0.73891956 | AO69: 6.5567792 | AP69: 2.3559872
A70: Indonesia | B70: 72.009706 | C70: 2.64809 | E70: 69.945704 | F70: 1.3159463 | H70: 69.291183 | I70: 2.0691744 | K70: -2.718523 | L70: 3.2961793 | N70: 71.266756 | O70: 1.8863402 | Q70: 69.147841 | R70: 1.6016004 | T70: 71.930351 | U70: 1.3614543 | W70: 0.66359598 | X70: 2.2951076 | Z70: 70.186476 | AA70: 1.3531014 | AC70: 70.4243 | AD70: 1.7027919 | AF70: 0.23782333 | AG70: 2.1683155 | AI70: 70.220871 | AJ70: 1.0737059 | AL70: c | AM70: c | AO70: c | AP70: c
A71: Jordan | B71: 58.677984 | C71: 2.0983375 | E71: 61.609528 | F71: 0.96347621 | H71: 64.975864 | I71: 1.6341075 | K71: 6.29788 | L71: 2.6981594 | N71: 61.006598 | O71: 3.7806362 | Q71: 60.548004 | R71: 1.4084976 | T71: 63.205207 | U71: 1.0079611 | W71: 2.1986084 | X71: 3.8776216 | Z71: 60.703653 | AA71: 0.95120459 | AC71: 65.625752 | AD71: 1.5042956 | AF71: 4.9220994 | AG71: 1.8602948 | AI71: 61.585047 | AJ71: 1.1892204 | AL71: 62.001468 | AM71: 1.098912 | AO71: 0.41642084 | AP71: 1.7014721
A72: Kazakhstan | B72: 89.73813 | C72: 0.76133442 | E72: 86.686509 | F72: 0.52519324 | H72: 84.745772 | I72: 0.85601074 | K72: -4.9923586 | L72: 1.1780045 | N72: 91.958401 | O72: 0.66343225 | Q72: 88.660213 | R72: 0.69964766 | T72: 83.460498 | U72: 0.59448636 | W72: -8.4979032 | X72: 0.86232627 | Z72: 87.162521 | AA72: 0.3713016 | AC72: 84.594052 | AD72: 1.7052024 | AF72: -2.5684699 | AG72: 1.7093933 | AI72: 86.561523 | AJ72: 0.47064071 | AL72: 88.194295 | AM72: 0.88974813 | AO72: 1.6327722 | AP72: 1.0915534
A73: Kosovo | B73: 83.698219 | C73: 1.0427599 | E73: 82.023062 | F73: 0.88127225 | H73: 79.855931 | I73: 1.2312823 | K73: -3.8422878 | L73: 1.4582702 | N73: 86.920658 | O73: 1.5196361 | Q73: 81.998657 | R73: 0.78319647 | T73: 78.720286 | U73: 1.3343257 | W73: -8.2003718 | X73: 1.9047695 | Z73: 81.683553 | AA73: 0.66827879 | AC73: c | AD73: c | AF73: c | AG73: c | AI73: 81.855423 | AJ73: 0.6396663 | AL73: c | AM73: c | AO73: c | AP73: c
A74: Lebanon | B74: 47.186393 | C74: 2.1721288 | D74: † | E74: 56.81603 | F74: 1.7708329 | H74: 71.091375 | I74: 2.3580609 | K74: 23.904982 | L74: 3.0800838 | M74: † | N74: 51.024335 | O74: 3.758969 | Q74: 59.556872 | R74: 1.7063385 | T74: 62.605768 | U74: 2.5404175 | W74: 11.581433 | X74: 4.9268411 | Z74: 51.993828 | AA74: 1.3708565 | AC74: 64.211927 | AD74: 1.7671679 | AF74: 12.218099 | AG74: 2.0652435 | AI74: 61.643955 | AJ74: 1.3684588 | AL74: 48.630757 | AM74: 2.621376 | AO74: -13.013198 | AP74: 2.8756848
A75: Macao (China) | B75: 48.292807 | C75: 1.7103876 | E75: 50.209374 | F75: 1.1032124 | H75: 51.222467 | I75: 1.7069613 | K75: 2.92966 | L75: 2.6240702 | N75: c | O75: c | Q75: m | R75: m | T75: 49.998225 | U75: 0.72174131 | W75: c | X75: c | Z75: 38.871519 | AA75: 3.4687192 | AC75: 50.661913 | AD75: 0.7335912 | AF75: 11.790394 | AG75: 3.5261463 | AI75: m | AJ75: m | AL75: 49.984227 | AM75: 0.72423211 | AO75: m | AP75: m
A76: Malaysia | B76: 65.25597 | C76: 1.7808675 | E76: 61.785312 | F76: 1.36488 | H76: 63.878453 | I76: 2.0935642 | K76: -1.3775164 | L76: 2.579999 | N76: 64.901202 | O76: 1.7671696 | Q76: 66.560899 | R76: 1.5234246 | T76: 58.810433 | U76: 1.6115839 | W76: -6.0907691 | X76: 2.4121651 | Z76: 63.476128 | AA76: 1.0135923 | AC76: 58.515991 | AD76: 2.4859989 | AF76: -4.9601373 | AG76: 2.6512375 | AI76: 63.282685 | AJ76: 1.0007369 | AL76: 59.90015 | AM76: 3.2614858 | AO76: -3.3825358 | AP76: 3.3901454
A77: Malta | B77: 63.433095 | C77: 1.7125473 | E77: 57.870712 | F77: 1.1823543 | H77: 60.006612 | I77: 1.4321323 | K77: -3.4264833 | L77: 2.4710423 | N77: 61.478021 | O77: 2.5466417 | Q77: 59.482977 | R77: 0.89760399 | T77: m | U77: m | W77: m | X77: m | Z77: 59.542841 | AA77: 1.2118 | AC77: 59.855144 | AD77: 1.2975432 | AF77: 0.31230283 | AG77: 1.8187401 | AI77: 60.3306 | AJ77: 0.96638538 | AL77: 57.864157 | AM77: 1.7569808 | AO77: -2.4664437 | AP77: 1.9713141
A78: Moldova | B78: 73.155295 | C78: 1.8406702 | E78: 76.200763 | F78: 0.8493134 | H78: 80.44615 | I78: 1.5236278 | K78: 7.2908549 | L78: 2.399243 | N78: 75.482161 | O78: 1.1157577 | Q78: 77.595315 | R78: 1.0912715 | T78: 77.184459 | U78: 1.8255012 | W78: 1.7022977 | X78: 2.1727252 | Z78: 76.530338 | AA78: 0.74674107 | AC78: c | AD78: c | AF78: c | AG78: c | AI78: 76.45181 | AJ78: 0.71103884 | AL78: 79.00108 | AM78: 5.8552292 | AO78: 2.5492693 | AP78: 5.7826858
A79: Montenegro | B79: 73.910039 | C79: 1.1467892 | E79: 75.730423 | F79: 0.74243423 | H79: 73.473426 | I79: 1.1220374 | K79: -0.43661264 | L79: 1.5826184 | N79: c | O79: c | Q79: 75.156048 | R79: 0.62717211 | T79: 73.556214 | U79: 0.92782684 | W79: c | X79: c | Z79: 74.68071 | AA79: 0.5211607 | AC79: c | AD79: c | AF79: c | AG79: c | AI79: 74.797856 | AJ79: 0.60016071 | AL79: 74.289031 | AM79: 1.117684 | AO79: -0.50882501 | AP79: 1.2980598
A80: Morocco | B80: 65.380754 | C80: 1.7624857 | D80: † | E80: 61.663454 | F80: 1.2130008 | H80: 60.855707 | I80: 1.5845461 | K80: -4.5250466 | L80: 2.4644985 | M80: † | N80: 64.951804 | O80: 1.9627612 | P80: † | Q80: 61.81567 | R80: 1.6900417 | T80: 61.075152 | U80: 1.0351065 | W80: -3.8766519 | X80: 2.2654056 | Y80: † | Z80: 62.510592 | AA80: 0.83639164 | AC80: 59.200918 | AD80: 2.5146585 | AF80: -3.3096735 | AG80: 2.6318636 | AI80: 62.239476 | AJ80: 0.7983911 | AL80: m | AM80: m | AO80: m | AP80: m
A81: North Macedonia | B81: 84.058581 | C81: 1.0313372 | E81: 81.085511 | F81: 0.79069266 | H81: 78.537127 | I81: 0.98911995 | K81: -5.5214538 | L81: 1.5316343 | N81: c | O81: c | Q81: 81.97765 | R81: 0.72613903 | T81: 80.771362 | U81: 0.94895337 | W81: c | X81: c | Z81: 81.057687 | AA81: 0.56534986 | AC81: 87.012118 | AD81: 2.7499048 | AF81: 5.9544308 | AG81: 2.6675059 | AI81: 81.095077 | AJ81: 0.5629357 | AL81: c | AM81: c | AO81: c | AP81: c
A82: Panama | B82: 80.059061 | C82: 1.6124326 | D82: † | E82: 78.914542 | F82: 0.85137531 | G82: † | H82: 70.365961 | I82: 1.5976154 | K82: -9.6930998 | L82: 2.2027055 | M82: † | N82: 76.433018 | O82: 2.5517869 | P82: † | Q82: 78.740019 | R82: 1.0805946 | S82: † | T82: 73.523847 | U82: 1.6388387 | W82: -2.9091715 | X82: 2.9855437 | Y82: † | Z82: 77.845138 | AA82: 0.70388612 | AB82: † | AC82: 72.211454 | AD82: 1.8834828 | AF82: -5.6336846 | AG82: 2.0198 | AH82: † | AI82: 78.229657 | AJ82: 0.73195024 | AK82: † | AL82: 68.141085 | AM82: 2.4153253 | AO82: -10.088572 | AP82: 2.6745735 | AQ82: †
A83: Peru | B83: 71.76737 | C83: 1.7639032 | D83: † | E83: 68.962449 | F83: 1.1971886 | H83: 64.192879 | I83: 1.3017386 | K83: -7.5744908 | L83: 2.2834727 | M83: † | N83: 69.824445 | O83: 1.4884302 | P83: † | Q83: 67.800009 | R83: 1.0703929 | T83: 66.955061 | U83: 1.5341527 | W83: -2.8693843 | X83: 1.8249462 | Y83: † | Z83: 69.423236 | AA83: 0.85818931 | AC83: 64.65341 | AD83: 1.5735565 | AF83: -4.769826 | AG83: 1.7898932 | AI83: 68.063314 | AJ83: 0.77854379 | AL83: c | AM83: c | AO83: c | AP83: c
A84: Philippines | B84: 63.528357 | C84: 1.551814 | E84: 65.609525 | F84: 0.98467844 | H84: 67.165039 | I84: 1.8417127 | K84: 3.6366819 | L84: 2.4602904 | N84: 60.352417 | O84: 3.940067 | Q84: 67.590567 | R84: 1.1550521 | T84: 64.240662 | U84: 1.2282236 | W84: 3.8882453 | X84: 4.3881182 | Z84: 65.254015 | AA84: 0.7299326 | AC84: 66.782782 | AD84: 2.3391622 | AF84: 1.5287668 | AG84: 2.4226503 | AI84: 65.553804 | AJ84: 0.75408207 | AL84: c | AM84: c | AO84: c | AP84: c
A85: Qatar | B85: 62.426207 | C85: 0.931641 | E85: 62.818567 | F85: 0.6206456 | H85: 57.719311 | I85: 0.95145199 | K85: -4.7068966 | L85: 1.2811457 | N85: 61.992289 | O85: 2.380592 | Q85: 62.006615 | R85: 0.69176812 | T85: 60.921497 | U85: 0.67370889 | W85: -1.0707921 | X85: 2.4643427 | Z85: 63.213874 | AA85: 0.53194266 | AC85: 59.092706 | AD85: 0.84917346 | AF85: -4.1211685 | AG85: 0.92330611 | AI85: 63.414753 | AJ85: 2.3147663 | AL85: 61.281582 | AM85: 0.53663122 | AO85: -2.1331705 | AP85: 2.4080371
A86: Romania | B86: 74.260445 | C86: 1.6367191 | E86: 80.928123 | F86: 0.85610365 | H86: 82.409237 | I86: 1.217181 | K86: 8.1487915 | L86: 1.9350262 | N86: 68.916141 | O86: 4.6155877 | Q86: 80.466917 | R86: 0.92115366 | T86: 80.214582 | U86: 1.0437652 | W86: 11.298441 | X86: 4.7638405 | Z86: 79.698338 | AA86: 0.6741078 | AC86: c | AD86: c | AF86: c | AG86: c | AI86: 79.733184 | AJ86: 0.67557793 | AL86: c | AM86: c | AO86: c | AP86: c
A87: Russia | B87: 76.142596 | C87: 2.0043576 | E87: 67.335247 | F87: 0.96696694 | H87: 66.075874 | I87: 1.0068302 | K87: -10.066722 | L87: 2.0660639 | N87: 77.891666 | O87: 3.0553451 | Q87: 68.276791 | R87: 1.2324697 | T87: 66.611171 | U87: 0.83660729 | W87: -11.280495 | X87: 3.0784243 | Z87: 68.845931 | AA87: 0.78687612 | AC87: m | AD87: m | AF87: m | AG87: m | AI87: 69.11865 | AJ87: 0.99743966 | AL87: 69.422918 | AM87: 1.3303729 | AO87: 0.30426845 | AP87: 1.6352723
A88: Saudi Arabia | B88: 74.665683 | C88: 1.5776779 | E88: 70.782795 | F88: 1.1290007 | H88: 69.560864 | I88: 1.3514403 | K88: -5.1048189 | L88: 2.1178813 | N88: 79.553601 | O88: 2.7561676 | Q88: 73.386868 | R88: 1.4342901 | T88: 69.719906 | U88: 0.98524969 | W88: -9.833695 | X88: 2.8796326 | Z88: 71.953214 | AA88: 0.86639171 | AC88: 67.980601 | AD88: 1.3913577 | AF88: -3.9726127 | AG88: 1.6653411 | AI88: 72.257689 | AJ88: 0.9523946 | AL88: 69.964783 | AM88: 1.396157 | AO88: -2.2929056 | AP88: 1.701456
A89: Serbia | B89: 72.938375 | C89: 1.3672379 | E89: 75.536151 | F89: 0.878773 | H89: 73.619241 | I89: 1.3270703 | K89: 0.68086646 | L89: 1.9165512 | N89: c | O89: c | Q89: 74.730057 | R89: 0.92270352 | T89: 74.268401 | U89: 0.89957788 | W89: c | X89: c | Z89: 74.17143 | AA89: 0.61094239 | AC89: 81.399064 | AD89: 1.4179716 | AF89: 7.2276334 | AG89: 1.5302776 | AI89: 75.995867 | AJ89: 0.71566264 | AL89: 72.089856 | AM89: 1.0305373 | AO89: -3.9060109 | AP89: 1.2653177
A90: Singapore | B90: m | C90: m | E90: m | F90: m | H90: m | I90: m | K90: m | L90: m | N90: m | O90: m | Q90: m | R90: m | T90: m | U90: m | W90: m | X90: m | Z90: m | AA90: m | AC90: m | AD90: m | AF90: m | AG90: m | AI90: m | AJ90: m | AL90: m | AM90: m | AO90: m | AP90: m
A91: Chinese Taipei | B91: 55.522995 | C91: 0.96795574 | E91: 55.243701 | F91: 0.98045464 | H91: 57.358697 | I91: 1.2627098 | K91: 1.8357017 | L91: 1.5824866 | N91: 53.438873 | O91: 6.9098336 | Q91: 56.176749 | R91: 1.0506517 | T91: 55.83802 | U91: 0.8155191 | W91: 2.3991471 | X91: 6.9415158 | Z91: 55.74861 | AA91: 0.80474073 | AC91: 56.070395 | AD91: 1.1164733 | AF91: 0.32178496 | AG91: 1.3748933 | AI91: 55.842916 | AJ91: 0.65998236 | AL91: c | AM91: c | AO91: c | AP91: c
A92: Thailand | B92: 73.526882 | C92: 1.6769489 | E92: 72.891135 | F92: 1.047977 | H92: 73.784482 | I92: 1.237626 | K92: 0.25760039 | L92: 2.0384755 | N92: 75.824325 | O92: 2.2775222 | Q92: 73.066725 | R92: 1.1219777 | T92: 72.602612 | U92: 1.0380504 | W92: -3.2217126 | X92: 2.4473568 | Z92: 73.950345 | AA92: 0.78267729 | AC92: 69.682527 | AD92: 1.7773272 | AF92: -4.2678173 | AG92: 1.9238927 | AI92: 73.626282 | AJ92: 0.68199665 | AL92: 54.037131 | AM92: 7.5860576 | AO92: -19.589151 | AP92: 7.595731
A93: Ukraine | B93: 79.385353 | C93: 1.3580042 | E93: 82.335097 | F93: 0.86184545 | H93: 82.272951 | I93: 0.96612942 | K93: 2.8875978 | L93: 1.6646619 | N93: 85.61814 | O93: 1.6416512 | Q93: 81.947256 | R93: 1.089069 | T93: 79.800655 | U93: 0.80980722 | W93: -5.8174849 | X93: 1.7651534 | Z93: 81.513684 | AA93: 0.60513481 | AC93: c | AD93: c | AF93: c | AG93: c | AI93: 81.813934 | AJ93: 0.62510679 | AL93: 72.566673 | AM93: 5.1852361 | AO93: -9.2472618 | AP93: 5.2474568
A94: United Arab Emirates | B94: 65.212083 | C94: 0.66712057 | E94: 62.241522 | F94: 0.90199318 | H94: 56.239943 | I94: 2.0731309 | K94: -8.9721401 | L94: 2.0878125 | N94: 65.493013 | O94: 1.623707 | Q94: 63.562437 | R94: 0.82787878 | T94: 60.163242 | U94: 1.091393 | W94: -5.3297711 | X94: 2.0850214 | Z94: 64.542857 | AA94: 0.58959777 | AC94: 59.479155 | AD94: 1.064612 | AF94: -5.0637023 | AG94: 1.2691962 | AI94: 65.956569 | AJ94: 1.0019567 | AL94: 60.719119 | AM94: 0.78447707 | AO94: -5.2374506 | AP94: 1.2931376
A95: Uruguay | B95: 70.766018 | C95: 1.6862242 | E95: 72.642509 | F95: 1.0020651 | H95: 76.982902 | I95: 1.7084426 | K95: 6.2168845 | L95: 2.4095373 | N95: 72.994916 | O95: 2.6624619 | Q95: 74.121314 | R95: 1.0020119 | T95: 72.436686 | U95: 1.275241 | W95: -0.55823028 | X95: 2.8505463 | Z95: 72.333049 | AA95: 0.83181779 | AC95: 78.507836 | AD95: 2.0200864 | AF95: 6.1747873 | AG95: 2.1871734 | AI95: 73.390405 | AJ95: 0.76716285 | AL95: c | AM95: c | AO95: c | AP95: c
A96: Viet Nam | B96: 77.309089 | C96: 1.8549614 | E96: 73.360642 | F96: 1.3177447 | H96: 69.204306 | I96: 2.0141015 | K96: -8.104783 | L96: 2.6408545 | N96: 75.152116 | O96: 1.4662932 | Q96: 73.564278 | R96: 1.41442 | T96: 68.864513 | U96: 1.8183278 | W96: -6.2876036 | X96: 2.2993904 | Z96: 73.42015 | AA96: 0.95537876 | AC96: 70.794837 | AD96: 1.9537742 | AF96: -2.6253132 | AG96: 2.1822985 | AI96: 73.303822 | AJ96: 0.91812022 | AL96: c | AM96: c | AO96: c | AP96: c
A101: Information on data for Cyprus: https://oe.cd/cyprus-disclaimer
A102: *Data did not meet the PISA technical standards but were accepted as largely comparable (see Annexes A2 and A4).
A104: 1. A student is classified as "satisfied" with life if he or she reported between 7 and 10 on the life-satisfaction scale. The life-satisfaction scale ranges from 0 to 10.
A105: 2. The socio-economic profile is measured by the PISA index of economic, social and cultural status (ESCS). A socio-economically disadvantaged (advantaged) school is a school in the bottom (top) quarter of the index of ESCS in the relevant country/economy.
A106: 3. A school with a low (high) concentration of immigrant students is a school with less than (at least) 10% of immigrant students.
A107: Notes: Values that are statistically significant are indicated in bold (see Annex A3).
A108: Information regarding the proportion of the sample covered is shown next to the standard error. No symbol means at least 75% of the population was covered; one dagger (†) means at least 50% but less than 75%; and one double-dagger (‡) means less than 50% was covered. For comparisons across cycles, the coverage information corresponds to the cycle with the lowest sample coverage.

Sheet Table III.B1.11.7
A1: PISA 2018 Results (Volume III) - © OECD 2019
A2: Annex B1 | B2: Annex B1.11 Results (tables): Students' life satisfaction and meaning in life
A3: Version 2 - Last updated: 02-Dec-2019
A4: Disclaimer: http://oe.cd/disclaimer
A6: Table III.B1.11.7
A7: Students' life satisfaction and reading performance
A8: Based on students' reports
B11: Change in reading performance associated with a one-unit increase in the life-satisfaction scale | K11: Change in reading performance when students reported the following feelings about their lives:
K12: Not satisfied (Students who reported 0 to 4 on the life-satisfaction scale of 0 to 10) | Q12: Somewhat satisfied (Students who reported 5 to 6 on the life-satisfaction scale of 0 to 10) | W12: Moderately satisfied (Students who reported 7 to 8 on the life-satisfaction scale of 0 to 10) | AC12: Very satisfied (Students who reported 9 to 10 on the life-satisfaction scale of 0 to 10)
B13: Before accounting for students' and schools' socio-economic profile1 | E13: Explained variance in reading performance (r-squared x 100) | H13: After accounting for students' and schools' socio-economic profile | K13: Before accounting for students' and schools' socio-economic profile | N13: After accounting for students' and schools' socio-economic profile | Q13: Before accounting for students' and schools' socio-economic profile | T13: After accounting for students' and schools' socio-economic profile | W13: Before accounting for students' and schools' socio-economic profile | Z13: After accounting for students' and schools' socio-economic profile | AC13: Before accounting for students' and schools' socio-economic profile | AF13: After accounting for students' and schools' socio-economic profile
B14: Score dif. | C14: S.E. | E14: % | F14: S.E. | H14: Score dif. | I14: S.E. | K14: Score dif. | L14: S.E. | N14: Score dif. | O14: S.E. | Q14: Score dif. | R14: S.E. | T14: Score dif. | U14: S.E. | W14: Score dif. | X14: S.E. | Z14: Score dif. | AA14: S.E. | AC14: Score dif. | AD14: S.E. | AF14: Score dif. | AG14: S.E.
A15: OECD
A16: Australia | B16: m | C16: m | E16: m | F16: m | H16: m | I16: m | K16: m | L16: m | N16: m | O16: m | Q16: m | R16: m | T16: m | U16: m | W16: m | X16: m | Z16: m | AA16: m | AC16: m | AD16: m | AF16: m | AG16: m
A17: Austria | B17: 1.1782352 | C17: 0.60295292 | E17: 0.1010032 | F17: 0.11025437 | H17: 1.2762778 | I17: 0.52150695 | K17: -17.683167 | L17: 4.3842874 | N17: -14.922216 | O17: 3.5531305 | Q17: 3.3678883 | R17: 4.6503778 | T17: 4.2552256 | U17: 3.6159737 | W17: 21.73361 | X17: 3.3614813 | Z17: 14.252347 | AA17: 2.7521303 | AC17: -11.425015 | AD17: 3.3285301 | AF17: -6.5043021 | AG17: 2.8327755
A18: Belgium | B18: m | C18: m | E18: m | F18: m | H18: m | I18: m | K18: m | L18: m | N18: m | O18: m | Q18: m | R18: m | T18: m | U18: m | W18: m | X18: m | Z18: m | AA18: m | AC18: m | AD18: m | AF18: m | AG18: m
A19: Canada | B19: m | C19: m | E19: m | F19: m | H19: m | I19: m | K19: m | L19: m | N19: m | O19: m | Q19: m | R19: m | T19: m | U19: m | W19: m | X19: m | Z19: m | AA19: m | AC19: m | AD19: m | AF19: m | AG19: m
A20: Chile | B20: -0.74163308 | C20: 0.61592758 | E20: 0.049992976 | F20: 0.086374326 | H20: -1.2551455 | I20: 0.49327085 | K20: -6.4074462 | L20: 4.0357045 | N20: -1.4845684 | O20: 3.3176406 | Q20: 6.3362204 | R20: 3.7050718 | T20: 9.8004681 | U20: 3.1836116 | W20: 25.696301 | X20: 3.2833829 | Z20: 15.563683 | AA20: 2.6335655 | AC20: -21.722412 | AD20: 2.518716 | AF20: -18.359135 | AG20: 2.1430458
A21: Colombia | B21: -2.2746659 | C21: 0.53153955 | E21: 0.48450704 | F21: 0.22059456 | H21: -1.103313 | I21: 0.4544374 | K21: -1.2159813 | L21: 3.889921 | N21: -3.2758665 | O21: 3.4059981 | Q21: 10.238988 | R21: 3.5633465 | T21: 4.7318841 | U21: 3.1615927 | W21: 29.002396 | X21: 3.0921763 | Z21: 21.356703 | AA21: 2.616146 | AC21: -25.794226 | AD21: 2.8207115 | AF21: -16.685742 | AG21: 2.4400033
A22: Czech Republic | B22: -0.45746511 | C22: 0.68721645 | E22: 0.016931468 | F22: 0.06605984 | H22: -1.088134 | I22: 0.54789424 | K22: -2.5622049 | L22: 4.5050531 | N22: 2.4088602 | O22: 3.6673149 | Q22: -4.0168091 | R22: 3.647192 | T22: 0.83910655 | U22: 3.2488404 | W22: 21.845204 | X22: 3.3168926 | Z22: 12.523806 | AA22: 2.7187187 | AC22: -17.201774 | AD22: 3.3895223 | AF22: -14.447385 | AG22: 3.0018908
A23: Denmark | B23: m | C23: m | E23: m | F23: m | H23: m | I23: m | K23: m | L23: m | N23: m | O23: m | Q23: m | R23: m | T23: m | U23: m | W23: m | X23: m | Z23: m | AA23: m | AC23: m | AD23: m | AF23: m | AG23: m
A24: Estonia | B24: 0.36752802 | C24: 0.68036166 | E24: 0.011393417 | F24: 0.044355727 | H24: -0.39552508 | I24: 0.62615889 | K24: -16.450034 | L24: 4.4834982 | N24: -10.36038 | O24: 4.264348 | Q24: 5.8452666 | R24: 3.9107554 | T24: 7.6515284 | U24: 3.723195 | W24: 18.861355 | X24: 3.1613476 | Z24: 15.087633 | AA24: 3.0664775 | AC24: -13.485881 | AD24: 3.4581572 | AF24: -14.136692 | AG24: 3.3104369
A25: Finland | B25: 0.44009697 | C25: 0.69693137 | E25: 0.011171177 | F25: 0.040414614 | H25: -1.0054456 | I25: 0.64474296 | K25: -11.816215 | L25: 4.9045935 | N25: -4.2008828 | O25: 4.4953008 | Q25: 0.83063338 | R25: 4.6486523 | T25: 5.4840251 | U25: 4.5387068 | W25: 9.775898 | X25: 3.0375439 | Z25: 9.1233614 | AA25: 2.7486088 | AC25: -4.9547324 | AD25: 3.076774 | AF25: -9.2976559 | AG25: 2.7487573
A26: France | B26: 1.3476274 | C26: 0.66790176 | E26: 0.094240495 | F26: 0.088728009 | H26: -0.32664874 | I26: 0.5458182 | K26: -21.256447 | L26: 4.3137444 | N26: -5.1177371 | O26: 3.4849324 | Q26: -6.0577071 | R26: 4.2425425 | T26: -1.1434641 | U26: 3.4285136 | W26: 25.895718 | X26: 2.8308233 | Z26: 12.04934 | AA26: 2.2683381 | AC26: -14.400794 | AD26: 3.141829 | AF26: -10.114462 | AG26: 2.4934935
A27: Germany | B27: 0.57164597 | C27: 0.65214089 | E27: 0.02363161 | F27: 0.050758288 | H27: 0.047877985 | I27: 0.58547333 | K27: -13.7201 | L27: 4.341004 | N27: -4.5564315 | O27: 3.5923702 | Q27: -0.85727886 | R27: 4.3843398 | T27: -2.9375778 | U27: 3.5596664 | W27: 22.909857 | X27: 3.6607737 | Z27: 12.556354 | AA27: 3.0570361 | AC27: -13.671752 | AD27: 3.3406251 | AF27: -7.7253417 | AG27: 3.0271929
A28: Greece | B28: -0.90244855 | C28: 0.67861607 | E28: 0.056432905 | F28: 0.092270222 | H28: -0.45826212 | I28: 0.53077036 | K28: -10.820047 | L28: 4.326873 | N28: -8.8640456 | O28: 3.587828 | Q28: 6.3580636 | R28: 3.0108901 | T28: 4.2560967 | U28: 2.8205614 | W28: 25.295706 | X28: 3.0074075 | Z28: 17.954626 | AA28: 2.4978375 | AC28: -25.09314 | AD28: 3.3982162 | AF28: -16.963175 | AG28: 2.542939
A29: Hungary | B29: -1.073835 | C29: 0.65951776 | E29: 0.079364302 | F29: 0.096038144 | H29: -1.5311211 | I29: 0.49213075 | K29: -5.2516263 | L29: 4.2637598 | N29: 2.0460489 | O29: 3.4926486 | Q29: 0.39445618 | R29: 4.2139897 | T29: 3.8301219 | U29: 3.207477 | W29: 22.358249 | X29: 3.2154856 | Z29: 10.965082 | AA29: 2.7498788 | AC29: -19.509368 | AD29: 3.6897036 | AF29: -14.517369 | AG29: 2.6797852
A30: Iceland | B30: 3.0423916 | C30: 0.78250384 | E30: 0.4918816 | F30: 0.25422624 | H30: 1.9219601 | I30: 0.73663734 | K30: -30.072156 | L30: 5.3840043 | N30: -24.033443 | O30: 5.2602812 | Q30: -9.3692522 | R30: 5.3688397 | T30: -5.9800798 | U30: 5.4409344 | W30: 24.757781 | X30: 3.7881565 | Z30: 23.721138 | AA30: 3.6537534 | AC30: -4.8582368 | AD30: 3.9284806 | AF30: -8.6990606 | AG30: 3.7267097
A31: Ireland | B31: -1.7391114 | C31: 0.56049402 | E31: 0.22845812 | F31: 0.14414234 | H31: -2.3880917 | I31: 0.51364903 | K31: 4.1899464 | L31: 3.2382229 | N31: 8.8589178 | O31: 3.0093773 | Q31: 4.0662212 | R31: 3.2815306 | T31: 5.0343325 | U31: 3.022713 | W31: 10.744959 | X31: 2.7908231 | Z31: 6.4176331 | AA31: 2.5913199 | AC31: -19.332744 | AD31: 2.8637954 | AF31: -18.645487 | AG31: 2.8922751
A32: Israel | B32: m | C32: m | E32: m | F32: m | H32: m | I32: m | K32: m | L32: m | N32: m | O32: m | Q32: m | R32: m | T32: m | U32: m | W32: m | X32: m | Z32: m | AA32: m | AC32: m | AD32: m | AF32: m | AG32: m
A33: Italy | B33: -0.25286686 | C33: 0.64202667 | E33: 0.0058098373 | F33: 0.033142045 | H33: -0.70980427 | I33: 0.51404269 | K33: -13.887281 | L33: 4.162627 | N33: -6.4360819 | O33: 3.2720977 | Q33: 7.2150943 | R33: 3.5980436 | T33: 7.7657816 | U33: 3.250342 | W33: 22.289142 | X33: 2.69398 | Z33: 11.832251 | AA33: 2.2471082 | AC33: -23.65209 | AD33: 3.1027754 | AF33: -16.160461 | AG33: 2.8583661
A34: Japan | B34: 0.18051077 | C34: 0.58345205 | E34: 0.0031121866 | F34: 0.027038967 | H34: 0.093239645 | I34: 0.47563493 | K34: -6.0896368 | L34: 3.1083257 | N34: -5.3346297 | O34: 2.8381217 | Q34: -0.29821312 | R34: 3.1289266 | T34: 1.9311838 | U34: 2.7409856 | W34: 18.079767 | X34: 3.1042041 | Z34: 13.989377 | AA34: 2.4434607 | AC34: -16.528648 | AD34: 3.5571972 | AF34: -14.588231 | AG34: 3.0821605
A35: Korea | B35: -1.9539675 | C35: 0.64947395 | E35: 0.25899281 | F35: 0.17438893 | H35: -1.850817 | I35: 0.61054089 | K35: 2.8924083 | L35: 3.5071535 | N35: 2.7327126 | O35: 3.425737 | Q35: 3.7361921 | R35: 3.0980386 | T35: 5.1974448 | U35: 2.9732059 | W35: 17.687278 | X35: 2.9215884 | Z35: 16.263108 | AA35: 2.5841247 | AC35: -25.261704 | AD35: 3.1705066 | AF35: -24.864745 | AG35: 3.0555121
A36: Latvia | B36: -0.052121294 | C36: 0.66208395 | E36: 0.0022474137 | F36: 0.026902888 | H36: -1.1272172 | I36: 0.60004443 | K36: -9.8633521 | L36: 4.2487642 | N36: -5.3690266 | O36: 4.138977 | Q36: 4.1536688 | R36: 3.7567428 | T36: 7.9026532 | U36: 3.4964203 | W36: 13.650368 | X36: 2.8430753 | Z36: 12.04918 | AA36: 2.4275396 | AC36: -11.791041 | AD36: 3.1889702 | AF36: -15.102101 | AG36: 2.7701423
A37: Lithuania | B37: -1.6934348 | C37: 0.52744474 | E37: 0.19353376 | F37: 0.1220986 | H37: -1.0435255 | I37: 0.49601608 | K37: -2.2747727 | L37: 3.8911244 | N37: -2.9472837 | O37: 3.6159375 | Q37: -0.41323593 | R37: 4.3901695 | T37: -1.8135054 | U37: 3.6980073 | W37: 21.582932 | X37: 2.9624324 | Z37: 18.15165 | AA37: 2.6619843 | AC37: -17.08125 | AD37: 2.2721839 | AF37: -13.389198 | AG37: 2.2961899
A38: Luxembourg | B38: 2.2655585 | C38: 0.61980924 | E38: 0.27559333 | F38: 0.15382584 | H38: 0.48203134 | I38: 0.58406833 | K38: -23.058767 | L38: 4.1504541 | N38: -12.168634 | O38: 3.8524578 | Q38: -5.5816428 | R38: 4.7544939 | T38: 3.0798106 | U38: 3.9488797 | W38: 23.093931 | X38: 3.358628 | Z38: 15.364154 | AA38: 2.7414519 | AC38: -6.8093068 | AD38: 3.3699225 | AF38: -10.701364 | AG38: 2.9513891
A39: Mexico | B39: 0.11971596 | C39: 0.75443613 | E39: 0.0031292506 | F39: 0.037581611 | H39: -0.4287308 | I39: 0.6271165 | K39: -22.898466 | L39: 5.1552359 | N39: -16.213056 | O39: 4.4462719 | Q39: 4.0891508 | R39: 3.6403134 | T39: 5.8766379 | U39: 2.9886225 | W39: 22.104229 | X39: 2.7393092 | Z39: 19.395378 | AA39: 2.4917557 | AC39: -11.90575 | AD39: 2.8496822 | AF39: -12.431389 | AG39: 2.4786571
A40: Netherlands* | B40: -3.8942165 | C40: 1.0920974 | E40: 0.44217815 | F40: 0.24056081 | H40: -2.5711671 | I40: 0.90288883 | K40: -5.4842961 | L40: 7.281449 | N40: -1.4471797 | O40: 7.1227949 | Q40: 0.33465635 | R40: 4.7348686 | T40: 0.91206185 | U40: 4.0864838 | W40: 24.345613 | X40: 3.1726899 | Z40: 13.97479 | AA40: 2.8810621 | AC40: -29.677746 | AD40: 3.6322688 | AF40: -17.964949 | AG40: 3.2808633
A41: New Zealand | B41: m | C41: m | E41: m | F41: m | H41: m | I41: m | K41: m | L41: m | N41: m | O41: m | Q41: m | R41: m | T41: m | U41: m | W41: m | X41: m | Z41: m | AA41: m | AC41: m | AD41: m | AF41: m | AG41: m
