Workbook

Sheet TOC
A1: PISA 2018 Results (Volume III) - © OECD 2019
A2: Annex B1 | B2: Annex B1.12 Results (tables): Students' feelings
A3: Version 2 - Last updated: 02-Dec-2019
A4: Disclaimer: http://oe.cd/disclaimer
A6: TOC | B6: PISA 2018 Results - Volume III
A8: Chapter 12 | B8: Student feelings
A9: Tables
A11: ='Table III.B1.12.1'!A6 -> Table III.B1.12.1 | B11: ='Table III.B1.12.1'!$A$7 -> Students' positive feelings
A12: ='Table III.B1.12.2'!A6 -> Table III.B1.12.2 | B12: ='Table III.B1.12.2'!$A$7 -> Students' negative feelings
A13: ='Table III.B1.12.3'!A6 -> Table III.B1.12.3 | B13: ='Table III.B1.12.3'!$A$7 -> Prevalence of happiness in schools
A14: ='Table III.B1.12.4'!A6 -> Table III.B1.12.4 | B14: ='Table III.B1.12.4'!$A$7 -> Prevalence of sadness in schools
A15: ='Table III.B1.12.5'!A6 -> Table III.B1.12.5 | B15: ='Table III.B1.12.5'!$A$7 -> Index of positive feelings, by student characteristics
A16: ='Table III.B1.12.6'!A6 -> Table III.B1.12.6 | B16: ='Table III.B1.12.6'!$A$7 -> Feeling sad, by student characteristics
A17: ='Table III.B1.12.7'!A6 -> Table III.B1.12.7 | B17: ='Table III.B1.12.7'!$A$7 -> Index of positive feelings, by school characteristics
A18: ='Table III.B1.12.8'!A6 -> Table III.B1.12.8 | B18: ='Table III.B1.12.8'!$A$7 -> Feeling sad, by school characteristics
A19: ='Table III.B1.12.9'!A6 -> Table III.B1.12.9 | B19: ='Table III.B1.12.9'!$A$7 -> Positive feelings and reading performance
A20: ='Table III.B1.12.10'!A6 -> Table III.B1.12.10 | B20: ='Table III.B1.12.10'!$A$7 -> Intensity of positive feelings and reading performance
A21: ='Table III.B1.12.11'!A6 -> Table III.B1.12.11 | B21: ='Table III.B1.12.11'!$A$7 -> Negative feelings and reading performance
A22: ='Table III.B1.12.12'!A6 -> Table III.B1.12.12 | B22: ='Table III.B1.12.12'!$A$7 -> Intensity of negative feelings and reading performance
A23: ='Table III.B1.12.13'!A6 -> Table III.B1.12.13 | B23: ='Table III.B1.12.13'!$A$7 -> School-level positive feelings and reading performance
A24: ='Table III.B1.12.14'!A6 -> Table III.B1.12.14 | B24: ='Table III.B1.12.14'!$A$7 -> School-level negative feelings and reading performance
A25: ='Table III.B1.12.15'!A6 -> Table III.B1.12.15 | B25: ='Table III.B1.12.15'!$A$7 -> Internet use outside of school and positive feelings
A26: ='Table III.B1.12.16'!A6 -> Table III.B1.12.16 | B26: ='Table III.B1.12.16'!$A$7 -> Internet use outside of school and negative feelings
A27: ='Table III.B1.12.17'!A6 -> Table III.B1.12.17 | B27: ='Table III.B1.12.17'!$A$7 -> Internet use outside of school and feeling lively
A28: ='Table III.B1.12.18'!A6 -> Table III.B1.12.18 | B28: ='Table III.B1.12.18'!$A$7 -> Internet use outside of school and feeling miserable
A29: ='Table III.B1.12.19'!A6 -> Table III.B1.12.19 | B29: ='Table III.B1.12.19'!$A$7 -> Predictors of the index of positive feelings
A30: ='Table III.B1.12.20'!A6 -> Table III.B1.12.20 | B30: ='Table III.B1.12.20'!$A$7 -> Predictors of sadness
A31: ='Table III.B1.12.21'!A6 -> Table III.B1.12.21 | B31: ='Table III.B1.12.21'!$A$7 -> Association between students' satisfaction with different aspects of life and the index of positive feelings
A32: ='Table III.B1.12.22'!A6 -> Table III.B1.12.22 | B32: ='Table III.B1.12.22'!$A$7 -> Association between students' satisfaction with different aspects of life and feelings of sadness
A35: Symbols for missing data
A36: c: There were too few observations to provide reliable estimates (i.e. there were fewer than 30 students or fewer than 5 schools with valid data).
A37: m: Data are not available. There are no observations in the sample; these data were not collected by the country; or these data were collected but subsequently removed from the publication for technical reasons.
A38: w: Results were withdrawn at the request of the country concerned.

Sheet INFORMATION ON SCALED INDICES
A1: PISA 2018 Results (Volume III) - © OECD 2019
A2: Annex B1 | B2: Annex B1.12 Results (tables): Students' feelings
A3: Version 2 - Last updated: 02-Dec-2019
A4: Disclaimer: http://oe.cd/disclaimer
A6: Information on scaled indices used in PISA 2015 Results (Volume III): What School Life Means for Students’ Lives
A11: Full name of the index | B11: Name in dataset | C11: Questionnaire | D11: Item 1 | E11: Item 2 | F11: Item 3 | G11: Item 4 | H11: Item 5 | I11: Item 6 | J11: Item 7
A12: Adaptive instruction | B12: adaptivity | C12: Student | D12: ST212Q01HA | E12: ST212Q02HA | F12: ST212Q03HA
A13: Attitudes towards competition | B13: compete | C13: Student | D13: ST181Q02HA | E13: ST181Q03HA | F13: ST181Q04HA
A14: Enjoyment of reading | B14: joyread | C14: Student | D14: ST160Q01IR | E14: ST160Q02IA | F14: ST160Q03IA | G14: ST160Q04IR | H14: ST160Q05IR
A15: Exposure to bullying | B15: beingbullied | C15: Student | D15: ST038Q03NA | E15: ST038Q04NA | F15: ST038Q05NA
A16: Fear of failure | B16: gfofail | C16: Student | D16: ST183Q01HA | E16: ST183Q02HA | F16: ST183Q03HA
A17: Disciplinary climate | B17: disclima | C17: Student | D17: ST097Q01TA | E17: ST097Q02TA | F17: ST097Q03TA | G17: ST097Q04TA | H17: ST097Q05TA
A18: Learning goals | B18: mastgoal | C18: Student | D18: ST208Q01HA | E18: ST208Q02HA | F18: ST208Q04HA
A19: Meaning in life | B19: eudmo | C19: Student | D19: ST185Q01HA | E19: ST185Q02HA | F19: ST185Q03HA
A20: Motivation to master tasks | B20: workmast | C20: Student | D20: ST182Q03HA | E20: ST182Q04HA | F20: ST182Q05HA
A21: Parents’ emotional support | B21: emosups | C21: Student | D21: ST123Q02NA | E21: ST123Q03NA | F21: ST123Q04NA
A22: Parents’ perceived school quality | B22: pqschool | C22: Parent | D22: PA007Q01TR | E22: PA007Q02TR | F22: PA007Q03TR | G22: PA007Q04TR | H22: PA007Q05TR | I22: PA007Q06TR | J22: PA007Q07TR
A23: Positive feelings | B23: swbp | C23: Student | D23: ST186Q01HA | E23: ST186Q03HA | F23: ST186Q05HA
A24: School policies for parental involvement | B24: paschpol | C24: Parent | D24: PA007Q09NR | E24: PA007Q11NR | F24: PA007Q12NR | G24: PA007Q13NR | H24: PA007Q14NR | I24: PA007Q15NR
A25: Self-efficacy | B25: resilience | C25: Student | D25: ST188Q01HA | E25: ST188Q02HA | F25: ST188Q03HA | G25: ST188Q06HA | H25: ST188Q07HA
A26: Sense of belonging | B26: belong | C26: Student | D26: ST034Q01TA | E26: ST034Q02TR | F26: ST034Q03TR | G26: ST034Q04TA | H26: ST034Q05TR | I26: ST034Q06TA
A27: Shortage of educational staff | B27: staffshort | C27: School | D27: SC017Q01NA | E27: SC017Q02NA | F27: SC017Q03NA | G27: SC017Q04NA
A28: Student competition | B28: percomp | C28: Student | D28: ST205Q01HA | E28: ST205Q02HA | F28: ST205Q03HA
A29: Student co-operation | B29: percoop | C29: Student | D29: ST206Q01HA | E29: ST206Q02HA | F29: ST206Q03HA
A30: Teacher behaviour hindering learning | B30: teachbeha | C30: School | D30: SC061Q06TA | E30: SC061Q07TA | F30: SC061Q08TA | G30: SC061Q09TA | H30: SC061Q10TA
A31: Teacher enthusiasm | B31: teachint | C31: Student | D31: ST213Q01HA | E31: ST213Q02HA | F31: ST213Q03HA | G31: ST213Q04HA
A32: Teacher feedback | B32: perfeed | C32: Student | D32: ST104Q02NA | E32: ST104Q03NA | F32: ST104Q04NA
A33: Teacher support | B33: teachsup | C33: Student | D33: ST100Q01TR | E33: ST100Q02TR | F33: ST100Q03TR | G33: ST100Q04TR
A34: Teacher-directed instruction | B34: dirins | C34: Student | D34: ST102Q01TR | E34: ST102Q02TR | F34: ST102Q03TR | G34: ST102Q04TR
A35: Teachers' stimulation of reading engagement | B35: stimread | C35: Student | D35: ST152Q05IA | E35: ST152Q06IA | F35: ST152Q07IA | G35: ST152Q08IA
A36: Value of school | B36: attlnact | C36: Student | D36: ST036Q05TR | E36: ST036Q06TR | F36: ST036Q08TR

Sheet Table III.B1.12.1
A1: PISA 2018 Results (Volume III) - © OECD 2019
A2: Annex B1 | B2: Annex B1.12 Results (tables): Students' feelings
A3: Version 2 - Last updated: 02-Dec-2019
A4: Disclaimer: http://oe.cd/disclaimer
A6: Table III.B1.12.1
A7: Students' positive feelings
A8: Based on students' reports
B11: Index of positive feelings1 | H11: Percentage of students who reported feeling the following:
H12: Happy | T12: Lively | AF12: Proud | AR12: Joyful | BD12: Cheerful
B13: Average | E13: Variability | H13: Never | K13: Rarely | N13: Sometimes | Q13: Always | T13: Never | W13: Rarely | Z13: Sometimes | AC13: Always | AF13: Never | AI13: Rarely | AL13: Sometimes | AO13: Always | AR13: Never | AU13: Rarely | AX13: Sometimes | BA13: Always | BD13: Never | BG13: Rarely | BJ13: Sometimes | BM13: Always
B14: Mean index | C14: S.E. | E14: S.D. | F14: S.E. | H14: % | I14: S.E. | K14: % | L14: S.E. | N14: % | O14: S.E. | Q14: % | R14: S.E. | T14: % | U14: S.E. | W14: % | X14: S.E. | Z14: % | AA14: S.E. | AC14: % | AD14: S.E. | AF14: % | AG14: S.E. | AI14: % | AJ14: S.E. | AL14: % | AM14: S.E. | AO14: % | AP14: S.E. | AR14: % | AS14: S.E. | AU14: % | AV14: S.E. | AX14: % | AY14: S.E. | BA14: % | BB14: S.E. | BD14: % | BE14: S.E. | BG14: % | BH14: S.E. | BJ14: % | BK14: S.E. | BM14: % | BN14: S.E.
A15: OECD
A16: Australia | B16: m | C16: m | E16: m | F16: m | H16: m | I16: m | K16: m | L16: m | N16: m | O16: m | Q16: m | R16: m | T16: m | U16: m | W16: m | X16: m | Z16: m | AA16: m | AC16: m | AD16: m | AF16: m | AG16: m | AI16: m | AJ16: m | AL16: m | AM16: m | AO16: m | AP16: m | AR16: m | AS16: m | AU16: m | AV16: m | AX16: m | AY16: m | BA16: m | BB16: m | BD16: m | BE16: m | BG16: m | BH16: m | BJ16: m | BK16: m | BM16: m | BN16: m
A17: Austria | B17: 0.10998022 | C17: 0.016162497 | E17: 0.99519072 | F17: 0.0085857561 | H17: 1.5184281 | I17: 0.17307567 | K17: 7.0470975 | L17: 0.43669262 | N17: 48.845503 | O17: 0.72953565 | Q17: 42.588971 | R17: 0.75057362 | T17: 3.2360715 | U17: 0.26508649 | W17: 12.803585 | X17: 0.49376544 | Z17: 43.771056 | AA17: 0.64487884 | AC17: 40.189287 | AD17: 0.72917885 | AF17: 4.4085212 | AG17: 0.33781621 | AI17: 21.541107 | AJ17: 0.62968156 | AL17: 55.773728 | AM17: 0.60220194 | AO17: 18.276644 | AP17: 0.52112167 | AR17: 1.5127581 | AS17: 0.1658147 | AU17: 7.7005877 | AV17: 0.41478072 | AX17: 46.346103 | AY17: 0.69193585 | BA17: 44.440552 | BB17: 0.71937711 | BD17: 1.3923377 | BE17: 0.15882628 | BG17: 6.9853261 | BH17: 0.3983167 | BJ17: 43.666587 | BK17: 0.69301374 | BM17: 47.955749 | BN17: 0.75024218
A18: Belgium | B18: m | C18: m | E18: m | F18: m | H18: m | I18: m | K18: m | L18: m | N18: m | O18: m | Q18: m | R18: m | T18: m | U18: m | W18: m | X18: m | Z18: m | AA18: m | AC18: m | AD18: m | AF18: m | AG18: m | AI18: m | AJ18: m | AL18: m | AM18: m | AO18: m | AP18: m | AR18: m | AS18: m | AU18: m | AV18: m | AX18: m | AY18: m | BA18: m | BB18: m | BD18: m | BE18: m | BG18: m | BH18: m | BJ18: m | BK18: m | BM18: m | BN18: m
A19: Canada | B19: -0.05731641 | C19: 0.012519068 | E19: 1.0188123 | F19: 0.0048899 | H19: 1.2920782 | I19: 0.12648086 | K19: 5.5123626 | L19: 0.21104866 | N19: 46.040084 | O19: 0.54265025 | Q19: 47.155475 | R19: 0.6067559 | T19: 3.859242 | U19: 0.17793299 | W19: 15.943623 | X19: 0.37235593 | Z19: 50.711566 | AA19: 0.47634676 | AC19: 29.485569 | AD19: 0.48396721 | AF19: 3.8833962 | AG19: 0.20371059 | AI19: 19.9456 | AJ19: 0.38363971 | AL19: 55.559318 | AM19: 0.44607756 | AO19: 20.611686 | AP19: 0.36184766 | AR19: 2.1851429 | AS19: 0.16069141 | AU19: 11.610338 | AV19: 0.34824826 | AX19: 52.067465 | AY19: 0.42521159 | BA19: 34.137054 | BB19: 0.48973886 | BD19: 2.579584 | BE19: 0.16684182 | BG19: 12.557345 | BH19: 0.30854511 | BJ19: 49.846371 | BK19: 0.42491081 | BM19: 35.0167 | BN19: 0.53083641
A20: Chile | B20: 0.17035172 | C20: 0.016492328 | E20: 0.98247434 | F20: 0.008631556 | H20: 1.0750231 | I20: 0.17977764 | K20: 5.2269849 | L20: 0.30915876 | N20: 46.410737 | O20: 0.65619165 | Q20: 47.287255 | R20: 0.73232137 | T20: 2.129696 | U20: 0.2371001 | W20: 11.093556 | X20: 0.48090493 | Z20: 47.822649 | AA20: 0.83514882 | AC20: 38.954099 | AD20: 0.83367425 | AF20: 7.398106 | AG20: 0.41489338 | AI20: 22.224473 | AJ20: 0.53523242 | AL20: 46.932797 | AM20: 0.76131956 | AO20: 23.444624 | AP20: 0.63724512 | AR20: 1.3235405 | AS20: 0.2013171 | AU20: 6.3407445 | AV20: 0.33390092 | AX20: 41.147769 | AY20: 0.69382575 | BA20: 51.187946 | BB20: 0.81418497 | BD20: 2.0153187 | BE20: 0.23113828 | BG20: 9.3051465 | BH20: 0.39604758 | BJ20: 44.880191 | BK20: 0.69610992 | BM20: 43.799344 | BN20: 0.73448682
A21: Colombia | B21: 0.24820992 | C21: 0.013916018 | E21: 0.97863966 | F21: 0.0079145129 | H21: 0.75203979 | I21: 0.11032712 | K21: 6.4941897 | L21: 0.31476841 | N21: 43.725265 | O21: 0.59891724 | Q21: 49.028506 | R21: 0.58998324 | T21: 1.1566059 | U21: 0.16017051 | W21: 8.2571883 | X21: 0.46413034 | Z21: 44.502022 | AA21: 0.68718184 | AC21: 46.084184 | AD21: 0.83890942 | AF21: 8.3517817 | AG21: 0.43827251 | AI21: 19.275599 | AJ21: 0.62526482 | AL21: 42.217358 | AM21: 0.77786324 | AO21: 30.15526 | AP21: 0.95344668 | AR21: 0.81744835 | AS21: 0.10723634 | AU21: 7.0489838 | AV21: 0.35535295 | AX21: 37.533012 | AY21: 0.74863425 | BA21: 54.600556 | BB21: 0.753163 | BD21: 0.89233576 | BE21: 0.12987433 | BG21: 7.3223669 | BH21: 0.40999014 | BJ21: 42.508592 | BK21: 0.76694621 | BM21: 49.276705 | BN21: 0.73778516
A22: Czech Republic | B22: -0.13170145 | C22: 0.015790722 | E22: 1.0035375 | F22: 0.0099174109 | H22: 2.2253255 | I22: 0.23563974 | K22: 11.334449 | L22: 0.53621761 | N22: 53.669745 | O22: 0.83212695 | Q22: 32.77048 | R22: 0.73205785 | T22: 4.0950888 | U22: 0.30468455 | W22: 18.483473 | X22: 0.60676073 | Z22: 47.342075 | AA22: 0.75353016 | AC22: 30.079363 | AD22: 0.74231121 | AF22: 7.039004 | AG22: 0.35558353 | AI22: 29.229217 | AJ22: 0.65187186 | AL22: 47.098909 | AM22: 0.86373178 | AO22: 16.63287 | AP22: 0.64461179 | AR22: 1.6843604 | AS22: 0.18083198 | AU22: 9.7362726 | AV22: 0.47901793 | AX22: 54.721699 | AY22: 0.884476 | BA22: 33.857667 | BB22: 0.82146021 | BD22: 2.0431964 | BE22: 0.19478059 | BG22: 9.6755821 | BH22: 0.43525491 | BJ22: 50.677671 | BK22: 0.87334357 | BM22: 37.603551 | BN22: 0.75073922
A23: Denmark | B23: 0.24137527 | C23: 0.014970291 | E23: 0.88388108 | F23: 0.009953387 | H23: 1.4407393 | I23: 0.16202588 | K23: 7.4229927 | L23: 0.37843673 | N23: 56.543837 | O23: 0.75778999 | Q23: 34.592431 | R23: 0.68320075 | T23: 1.5523799 | U23: 0.18091208 | W23: 8.1731203 | X23: 0.42101022 | Z23: 56.293513 | AA23: 0.71207807 | AC23: 33.980987 | AD23: 0.68940298 | AF23: 2.2230235 | AG23: 0.22126156 | AI23: 13.89561 | AJ23: 0.57653385 | AL23: 66.936972 | AM23: 0.76621241 | AO23: 16.944395 | AP23: 0.63075983 | AR23: 0.70592317 | AS23: 0.12256168 | AU23: 2.2917979 | AV23: 0.22096615 | AX23: 42.40332 | AY23: 0.85810813 | BA23: 54.598959 | BB23: 0.87508934 | BD23: 0.69026873 | BE23: 0.11949491 | BG23: 2.5917239 | BH23: 0.2660499 | BJ23: 39.182351 | BK23: 0.75227768 | BM23: 57.535656 | BN23: 0.82916478
A24: Estonia | B24: -0.18499502 | C24: 0.016567314 | E24: 1.0180642 | F24: 0.0077548621 | H24: 1.5173377 | I24: 0.17265406 | K24: 9.3478151 | L24: 0.48222806 | N24: 50.655523 | O24: 0.75383504 | Q24: 38.479324 | R24: 0.81283665 | T24: 2.4904567 | U24: 0.21602701 | W24: 18.071714 | X24: 0.62489843 | Z24: 50.764808 | AA24: 0.73322339 | AC24: 28.673021 | AD24: 0.81897276 | AF24: 6.8645373 | AG24: 0.41807692 | AI24: 32.51381 | AJ24: 0.7877321 | AL24: 50.367958 | AM24: 0.84918095 | AO24: 10.253695 | AP24: 0.48577666 | AR24: 4.2142416 | AS24: 0.31958281 | AU24: 17.835062 | AV24: 0.59679198 | AX24: 48.733974 | AY24: 0.65949516 | BA24: 29.216722 | BB24: 0.69167924 | BD24: 1.7706972 | BE24: 0.18365277 | BG24: 9.2686744 | BH24: 0.4651331 | BJ24: 46.259134 | BK24: 0.75568106 | BM24: 42.701495 | BN24: 0.78475644
A25: Finland | B25: -0.11714228 | C25: 0.012884542 | E25: 0.93118338 | F25: 0.007439717 | H25: 1.5197836 | I25: 0.15245634 | K25: 7.659276 | L25: 0.37525638 | N25: 59.344936 | O25: 0.63794152 | Q25: 31.476004 | R25: 0.59463468 | T25: 2.7185594 | U25: 0.23687978 | W25: 17.118727 | X25: 0.53801163 | Z25: 63.082529 | AA25: 0.66261077 | AC25: 17.080185 | AD25: 0.48697956 | AF25: 4.222737 | AG25: 0.2653755 | AI25: 25.678176 | AJ25: 0.56332725 | AL25: 60.909544 | AM25: 0.67666724 | AO25: 9.189543 | AP25: 0.44309749 | AR25: 1.198934 | AS25: 0.11817648 | AU25: 6.7077343 | AV25: 0.34430752 | AX25: 60.178873 | AY25: 0.63450624 | BA25: 31.914459 | BB25: 0.67418504 | BD25: 1.3558666 | BE25: 0.13616052 | BG25: 8.0809819 | BH25: 0.4127235 | BJ25: 56.869167 | BK25: 0.64321363 | BM25: 33.693984 | BN25: 0.54073467
A26: France | B26: 0.27122914 | C26: 0.014566728 | E26: 0.95222799 | F26: 0.010178697 | H26: 1.2325801 | I26: 0.12896726 | K26: 5.234609 | L26: 0.3045711 | N26: 43.599212 | O26: 0.74077991 | Q26: 49.933599 | R26: 0.72902811 | T26: 9.5521301 | U26: 0.44069304 | W26: 21.532151 | X26: 0.67250537 | Z26: 46.226983 | AA26: 0.78116363 | AC26: 22.688736 | AD26: 0.67712163 | AF26: 5.2777181 | AG26: 0.32620565 | AI26: 21.619268 | AJ26: 0.49861728 | AL26: 50.546675 | AM26: 0.68793679 | AO26: 22.556339 | AP26: 0.58593372 | AR26: 1.3708777 | AS26: 0.18808149 | AU26: 6.1758454 | AV26: 0.3574891 | AX26: 40.967254 | AY26: 0.6039546 | BA26: 51.486023 | BB26: 0.69098893 | BD26: 1.1833394 | BE26: 0.15232689 | BG26: 5.2623672 | BH26: 0.29948631 | BJ26: 38.172995 | BK26: 0.69765934 | BM26: 55.381298 | BN26: 0.71476344
A27: Germany | B27: 0.074550392 | C27: 0.015887463 | D27: † | E27: 0.96070645 | F27: 0.010299789 | G27: † | H27: 0.90379257 | I27: 0.17477457 | K27: 7.3066479 | L27: 0.47773621 | N27: 52.652526 | O27: 0.93787164 | Q27: 39.137033 | R27: 0.83819866 | T27: 2.6158647 | U27: 0.30439803 | V27: † | W27: 14.126535 | X27: 0.59226296 | Y27: † | Z27: 45.46849 | AA27: 1.0155281 | AB27: † | AC27: 37.78911 | AD27: 0.83457104 | AE27: † | AF27: 3.8698436 | AG27: 0.26274124 | AH27: † | AI27: 23.906232 | AJ27: 0.69259568 | AK27: † | AL27: 56.112781 | AM27: 0.78288349 | AN27: † | AO27: 16.111143 | AP27: 0.6889377 | AQ27: † | AR27: 1.2455624 | AS27: 0.18694891 | AT27: † | AU27: 7.6933304 | AV27: 0.42060518 | AW27: † | AX27: 49.505227 | AY27: 0.71492969 | AZ27: † | BA27: 41.55588 | BB27: 0.67609824 | BC27: † | BD27: 1.0139415 | BE27: 0.18002308 | BF27: † | BG27: 6.6957811 | BH27: 0.38652498 | BI27: † | BJ27: 44.776176 | BK27: 0.93611569 | BL27: † | BM27: 47.514101 | BN27: 0.96939792 | BO27: †
A28: Greece | B28: -0.045323368 | C28: 0.013344683 | E28: 0.93335128 | F28: 0.0080915061 | H28: 2.3031315 | I28: 0.24970334 | K28: 8.3321457 | L28: 0.41488137 | N28: 54.7274 | O28: 0.73296014 | Q28: 34.637323 | R28: 0.68223741 | T28: 2.0792349 | U28: 0.20606336 | W28: 12.159273 | X28: 0.43328949 | Z28: 45.097218 | AA28: 0.73704755 | AC28: 40.664274 | AD28: 0.71511082 | AF28: 3.4273806 | AG28: 0.23452564 | AI28: 17.525075 | AJ28: 0.58595999 | AL28: 52.419327 | AM28: 0.74938358 | AO28: 26.628217 | AP28: 0.71712295 | AR28: 1.4226196 | AS28: 0.15922105 | AU28: 5.8143981 | AV28: 0.33725251 | AX28: 47.776158 | AY28: 0.7681447 | BA28: 44.986824 | BB28: 0.72351653 | BD28: 3.4677981 | BE28: 0.26535429 | BG28: 13.791137 | BH28: 0.49271709 | BJ28: 48.8004 | BK28: 0.68716748 | BM28: 33.940665 | BN28: 0.60543501
A29: Hungary | B29: 0.18779638 | C29: 0.017551106 | E29: 1.034142 | F29: 0.01073817 | H29: 1.6410307 | I29: 0.2243826 | K29: 6.3200261 | L29: 0.39546895 | N29: 40.29158 | O29: 0.78703585 | Q29: 51.747363 | R29: 0.83230517 | T29: 3.224608 | U29: 0.27764172 | W29: 14.504026 | X29: 0.50039581 | Z29: 42.283981 | AA29: 0.63154373 | AC29: 39.987385 | AD29: 0.74253079 | AF29: 5.8845318 | AG29: 0.37237902 | AI29: 21.772592 | AJ29: 0.68787882 | AL29: 50.875732 | AM29: 0.86331214 | AO29: 21.467144 | AP29: 0.66299315 | AR29: 1.2366565 | AS29: 0.18169719 | AU29: 6.8503046 | AV29: 0.41210737 | AX29: 36.431362 | AY29: 0.70181195 | BA29: 55.481677 | BB29: 0.7874408 | BD29: 3.496137 | BE29: 0.29922835 | BG29: 13.402193 | BH29: 0.44900661 | BJ29: 39.491141 | BK29: 0.82372635 | BM29: 43.610529 | BN29: 0.75092898
A30: Iceland | B30: -0.088781789 | C30: 0.016180255 | E30: 0.99989134 | F30: 0.011485077 | H30: 2.0155346 | I30: 0.23630514 | K30: 7.0442294 | L30: 0.50432687 | N30: 52.149449 | O30: 0.90107326 | Q30: 38.790787 | R30: 0.89984793 | T30: 1.8981217 | U30: 0.24209891 | W30: 8.1715007 | X30: 0.48696357 | Z30: 54.126079 | AA30: 0.92481488 | AC30: 35.804298 | AD30: 0.90711984 | AF30: 3.5726665 | AG30: 0.32684287 | AI30: 18.499597 | AJ30: 0.65212437 | AL30: 57.527759 | AM30: 0.8827107 | AO30: 20.399978 | AP30: 0.80746479 | AR30: 1.9193593 | AS30: 0.23752391 | AU30: 10.283983 | AV30: 0.51379005 | AX30: 57.136668 | AY30: 0.86398227 | BA30: 30.65999 | BB30: 0.81251196 | BD30: 1.7118126 | BE30: 0.23254474 | BG30: 6.4576076 | BH30: 0.43221564 | BJ30: 53.173625 | BK30: 0.90573798 | BM30: 38.656955 | BN30: 0.81150407
A31: Ireland | B31: -0.089399801 | C31: 0.014982076 | E31: 0.91334048 | F31: 0.0071215589 | H31: 0.43658489 | I31: 0.10041401 | K31: 3.8001539 | L31: 0.31124584 | N31: 50.496455 | O31: 0.71215796 | Q31: 45.266806 | R31: 0.78484426 | T31: 1.1159006 | U31: 0.17689203 | W31: 10.00361 | X31: 0.42044327 | Z31: 53.084375 | AA31: 0.69705429 | AC31: 35.796114 | AD31: 0.72004709 | AF31: 3.6620558 | AG31: 0.28024978 | AI31: 22.739058 | AJ31: 0.60900906 | AL31: 58.412213 | AM31: 0.67355046 | AO31: 15.186673 | AP31: 0.4511191 | AR31: 1.3486302 | AS31: 0.15938044 | AU31: 11.64278 | AV31: 0.47864816 | AX31: 59.752886 | AY31: 0.70526573 | BA31: 27.255703 | BB31: 0.66566251 | BD31: 1.0601737 | BE31: 0.16708707 | BG31: 10.144031 | BH31: 0.41435839 | BJ31: 56.835123 | BK31: 0.77900821 | BM31: 31.960672 | BN31: 0.76388899
A32: Israel | B32: m | C32: m | E32: m | F32: m | H32: m | I32: m | K32: m | L32: m | N32: m | O32: m | Q32: m | R32: m | T32: m | U32: m | W32: m | X32: m | Z32: m | AA32: m | AC32: m | AD32: m | AF32: m | AG32: m | AI32: m | AJ32: m | AL32: m | AM32: m | AO32: m | AP32: m | AR32: m | AS32: m | AU32: m | AV32: m | AX32: m | AY32: m | BA32: m | BB32: m | BD32: m | BE32: m | BG32: m | BH32: m | BJ32: m | BK32: m | BM32: m | BN32: m
A33: Italy | B33: m | C33: m | E33: m | F33: m | H33: 1.7457943 | I33: 0.19537482 | K33: 7.0164015 | L33: 0.36790563 | N33: 51.995566 | O33: 0.73646893 | Q33: 39.242238 | R33: 0.77048811 | T33: 14.518206 | U33: 0.53371253 | W33: 33.396687 | X33: 0.60297142 | Z33: 38.2174 | AA33: 0.67616041 | AC33: 13.867707 | AD33: 0.56131483 | AF33: 5.4635398 | AG33: 0.30621237 | AI33: 21.271319 | AJ33: 0.45325342 | AL33: 49.639704 | AM33: 0.80357672 | AO33: 23.625437 | AP33: 0.70360625 | AR33: 1.6644208 | AS33: 0.17887975 | AU33: 7.3769566 | AV33: 0.43243556 | AX33: 46.749069 | AY33: 0.74147315 | BA33: 44.209554 | BB33: 0.75154152 | BD33: 10.349194 | BE33: 0.46090545 | BG33: 23.574596 | BH33: 0.63745865 | BJ33: 43.238648 | BK33: 0.72257228 | BM33: 22.837563 | BN33: 0.51677587
A34: Japan | B34: -0.12914626 | C34: 0.01645362 | E34: 0.95512962 | F34: 0.0093713423 | H34: 2.2253905 | I34: 0.22533872 | K34: 6.6072802 | L34: 0.34236964 | N34: 56.073176 | O34: 0.70507214 | Q34: 35.094154 | R34: 0.76889013 | T34: 2.4280245 | U34: 0.22907114 | W34: 7.5163259 | X34: 0.36155425 | Z34: 45.795483 | AA34: 0.72670792 | AC34: 44.260166 | AD34: 0.80002074 | AF34: 10.849282 | AG34: 0.43397332 | AI34: 37.424601 | AJ34: 0.81304204 | AL34: 43.990137 | AM34: 0.7683539 | AO34: 7.7359806 | AP34: 0.35380114 | AR34: 1.6506436 | AS34: 0.18732726 | AU34: 4.1108702 | AV34: 0.243013 | AX34: 56.419652 | AY34: 0.67397695 | BA34: 37.818834 | BB34: 0.72078806 | BD34: 5.5219316 | BE34: 0.34771975 | BG34: 15.612431 | BH34: 0.44160877 | BJ34: 49.008307 | BK34: 0.70003527 | BM34: 29.85733 | BN34: 0.68596342
A35: Korea | B35: 0.032102615 | C35: 0.013760811 | E35: 1.0542859 | F35: 0.0073389898 | H35: 1.6191799 | I35: 0.15755056 | K35: 11.640475 | L35: 0.44367861 | N35: 42.838331 | O35: 0.58725954 | Q35: 43.902014 | R35: 0.60499885 | T35: 2.8746348 | U35: 0.23803202 | W35: 15.028172 | X35: 0.40829003 | Z35: 40.769007 | AA35: 0.62267688 | AC35: 41.328186 | AD35: 0.63768407 | AF35: 7.32241 | AG35: 0.37851751 | AI35: 26.681292 | AJ35: 0.58964561 | AL35: 43.454942 | AM35: 0.63967432 | AO35: 22.541356 | AP35: 0.53922355 | AR35: 1.3440085 | AS35: 0.15209907 | AU35: 8.3616056 | AV35: 0.3668514 | AX35: 45.394375 | AY35: 0.54888892 | BA35: 44.900011 | BB35: 0.58990726 | BD35: 1.850779 | BE35: 0.1672706 | BG35: 11.465707 | BH35: 0.49164922 | BJ35: 46.076332 | BK35: 0.49583893 | BM35: 40.607183 | BN35: 0.52135711
A36: Latvia | B36: 0.03295703 | C36: 0.016066855 | E36: 0.99676123 | F36: 0.0091800065 | H36: 1.7150338 | I36: 0.20640425 | K36: 11.152712 | L36: 0.47456553 | N36: 50.447027 | O36: 0.70606218 | Q36: 36.685228 | R36: 0.72539522 | T36: 3.2374617 | U36: 0.23840433 | W36: 19.403103 | X36: 0.68385514 | Z36: 48.221293 | AA36: 0.85734906 | AC36: 29.138142 | AD36: 0.60599485 | AF36: 8.8634388 | AG36: 0.39228096 | AI36: 35.014382 | AJ36: 0.72421622 | AL36: 45.571502 | AM36: 0.75121044 | AO36: 10.550677 | AP36: 0.50500238 | AR36: 1.4410306 | AS36: 0.1723192 | AU36: 7.7167021 | AV36: 0.41951988 | AX36: 48.08834 | AY36: 0.84542684 | BA36: 42.753927 | BB36: 0.78660405 | BD36: 1.8243028 | BE36: 0.2007108 | BG36: 8.8968071 | BH36: 0.43106943 | BJ36: 40.588583 | BK36: 0.8052893 | BM36: 48.690307 | BN36: 0.83979436
A37: Lithuania | B37: 0.079815047 | C37: 0.013829578 | E37: 1.0059563 | F37: 0.0079554648 | H37: 1.8330559 | I37: 0.19547498 | K37: 7.8662828 | L37: 0.38969922 | N37: 46.588772 | O37: 0.67040732 | Q37: 43.711889 | R37: 0.68673717 | T37: 2.7253042 | U37: 0.2599223 | W37: 15.146648 | X37: 0.43589609 | Z37: 49.148562 | AA37: 0.63034654 | AC37: 32.979486 | AD37: 0.6171591 | AF37: 4.4149242 | AG37: 0.29270647 | AI37: 22.699334 | AJ37: 0.54469285 | AL37: 53.683012 | AM37: 0.72474692 | AO37: 19.202729 | AP37: 0.58330858 | AR37: 1.6409763 | AS37: 0.16312938 | AU37: 8.1473535 | AV37: 0.38733265 | AX37: 48.467652 | AY37: 0.6069188 | BA37: 41.744018 | BB37: 0.65490841 | BD37: 1.4334023 | BE37: 0.1502386 | BG37: 7.5927271 | BH37: 0.39427191 | BJ37: 44.308699 | BK37: 0.59327669 | BM37: 46.665172 | BN37: 0.6514093
A38: Luxembourg | B38: 0.073416402 | C38: 0.013105162 | E38: 1.0060561 | F38: 0.0088230418 | H38: 1.7304701 | I38: 0.17764303 | K38: 6.9983033 | L38: 0.3476563 | N38: 48.389425 | O38: 0.74085832 | Q38: 42.881802 | R38: 0.66447982 | T38: 3.5984312 | U38: 0.28677703 | W38: 12.864638 | X38: 0.50342924 | Z38: 41.862516 | AA38: 0.78316578 | AC38: 41.674415 | AD38: 0.70618725 | AF38: 3.8163075 | AG38: 0.30922051 | AI38: 21.126012 | AJ38: 0.60131929 | AL38: 54.675508 | AM38: 0.70668894 | AO38: 20.382173 | AP38: 0.58603459 | AR38: 1.8834681 | AS38: 0.18739837 | AU38: 8.0111103 | AV38: 0.38863819 | AX38: 48.328621 | AY38: 0.71731982 | BA38: 41.7768 | BB38: 0.64751117 | BD38: 1.6953349 | BE38: 0.18496619 | BG38: 7.5366224 | BH38: 0.3904418 | BJ38: 44.292643 | BK38: 0.76798722 | BM38: 46.4754 | BN38: 0.73743777
A39: Mexico | B39: 0.35851249 | C39: 0.014895203 | D39: † | E39: 0.92253078 | F39: 0.014441702 | G39: † | H39: 0.7883207 | I39: 0.16826911 | K39: 3.5919201 | L39: 0.24176088 | N39: 39.645878 | O39: 0.60437802 | Q39: 55.973881 | R39: 0.65228762 | T39: 1.4226904 | U39: 0.18470787 | W39: 6.4188347 | X39: 0.4169876 | Z39: 46.9887 | AA39: 0.75694168 | AC39: 45.169775 | AD39: 0.74344999 | AF39: 4.85255 | AG39: 0.31898063 | AI39: 15.730282 | AJ39: 0.49870066 | AL39: 47.10543 | AM39: 0.66522357 | AO39: 32.311738 | AP39: 0.66891236 | AR39: 0.88191738 | AS39: 0.24350798 | AT39: † | AU39: 4.9471133 | AV39: 0.33519631 | AW39: † | AX39: 34.097977 | AY39: 0.66124121 | AZ39: † | BA39: 60.072992 | BB39: 0.70268996 | BC39: † | BD39: 1.3622812 | BE39: 0.21482641 | BF39: † | BG39: 6.1571693 | BH39: 0.36744141 | BI39: † | BJ39: 42.448798 | BK39: 0.74050115 | BL39: † | BM39: 50.031751 | BN39: 0.72323108 | BO39: †
A40: Netherlands* | B40: 0.082553189 | C40: 0.018435867 | E40: 0.86610676 | F40: 0.0085127921 | H40: 0.46033622 | I40: 0.12964275 | K40: 2.695352 | L40: 0.27205348 | N40: 46.829938 | O40: 1.0605666 | Q40: 50.014374 | R40: 1.0544857 | T40: 1.6308971 | U40: 0.26516782 | W40: 7.7620526 | X40: 0.4735583 | Z40: 54.3095 | AA40: 0.7810656 | AC40: 36.29755 | AD40: 0.94715639 | AF40: 1.9371002 | AG40: 0.21456969 | AI40: 14.658647 | AJ40: 0.50198208 | AL40: 64.431621 | AM40: 0.76062507 | AO40: 18.972631 | AP40: 0.74858025 | AR40: 0.59284955 | AS40: 0.14598039 | AU40: 3.2825285 | AV40: 0.31971697 | AX40: 44.840262 | AY40: 0.89202458 | BA40: 51.28436 | BB40: 0.88374665 | BD40: 3.4567676 | BE40: 0.31372075 | BG40: 15.509589 | BH40: 0.76929988 | BJ40: 58.662343 | BK40: 0.80219347 | BM40: 22.371301 | BN40: 0.92578307
A41: New Zealand | B41: m | C41: m | E41: m | F41: m | H41: m | I41: m | K41: m | L41: m | N41: m | O41: m | Q41: m | R41: m | T41: m | U41: m | W41: m | X41: m | Z41: m | AA41: m | AC41: m | AD41: m | AF41: m | AG41: m | AI41: m | AJ41: m | AL41: m | AM41: m | AO41: m | AP41: m | AR41: m | AS41: m | AU41: m | AV41: m | AX41: m | AY41: m | BA41: m | BB41: m | BD41: m | BE41: m | BG41: m | BH41: m | BJ41: m | BK41: m | BM41: m | BN41: m
A42: Norway | B42: m | C42: m | E42: m | F42: m | H42: m | I42: m | K42: m | L42: m | N42: m | O42: m | Q42: m | R42: m | T42: m | U42: m | W42: m | X42: m | Z42: m | AA42: m | AC42: m | AD42: m | AF42: m | AG42: m | AI42: m | AJ42: m | AL42: m | AM42: m | AO42: m | AP42: m | AR42: m | AS42: m | AU42: m | AV42: m | AX42: m | AY42: m | BA42: m | BB42: m | BD42: m | BE42: m | BG42: m | BH42: m | BJ42: m | BK42: m | BM42: m | BN42: m
A43: Poland | B43: -0.076022968 | C43: 0.01772141 | E43: 1.036487 | F43: 0.0087993701 | H43: 1.8725211 | I43: 0.22795388 | K43: 11.208843 | L43: 0.53229813 | N43: 52.42325 | O43: 0.80011317 | Q43: 34.495386 | R43: 0.73064148 | T43: 2.7985954 | U43: 0.21403091 | W43: 16.67241 | X43: 0.5476076 | Z43: 48.006529 | AA43: 0.60616953 | AC43: 32.522466 | AD43: 0.71789392 | AF43: 4.5844085 | AG43: 0.27907811 | AI43: 28.110991 | AJ43: 0.64306238 | AL43: 55.445356 | AM43: 0.77714769 | AO43: 11.859244 | AP43: 0.52135531 | AR43: 1.967391 | AS43: 0.17994696 | AU43: 10.781774 | AV43: 0.439009 | AX43: 49.118647 | AY43: 0.78171074 | BA43: 38.132188 | BB43: 0.82296423 | BD43: 1.593231 | BE43: 0.19870539 | BG43: 9.6793742 | BH43: 0.42322657 | BJ43: 47.714169 | BK43: 0.85206831 | BM43: 41.013226 | BN43: 0.87389909
A44: Portugal* | B44: 0.22320637 | C44: 0.0159057 | E44: 0.92121686 | F44: 0.0086015035 | H44: 0.78802726 | I44: 0.13912823 | K44: 3.3936913 | L44: 0.24799547 | N44: 48.494167 | O44: 0.71208097 | Q44: 47.324115 | R44: 0.74508633 | T44: 2.3060486 | U44: 0.23112231 | W44: 12.114843 | X44: 0.49836553 | Z44: 54.607018 | AA44: 0.71869245 | AC44: 30.972091 | AD44: 0.68739389 | AF44: 4.4193489 | AG44: 0.2801049 | AI44: 24.865557 | AJ44: 0.70371097 | AL44: 55.78301 | AM44: 0.72504627 | AO44: 14.932084 | AP44: 0.56035388 | AR44: 0.73654343 | AS44: 0.1120574 | AU44: 4.65868 | AV44: 0.32899885 | AX44: 46.242671 | AY44: 0.7739716 | BA44: 48.362106 | BB44: 0.79797174 | BD44: 0.68523574 | BE44: 0.11919328 | BG44: 5.060416 | BH44: 0.3345613 | BJ44: 46.53136 | BK44: 0.86152089 | BM44: 47.722988 | BN44: 0.86915439
A45: Slovak Republic | B45: -0.021095036 | C45: 0.016334466 | E45: 1.0470691 | F45: 0.0074900431 | H45: 2.3040583 | I45: 0.22536741 | K45: 10.707227 | L45: 0.4406417 | N45: 47.041335 | O45: 0.65404741 | Q45: 39.94738 | R45: 0.7151717 | T45: 4.7493344 | U45: 0.33935453 | W45: 21.250604 | X45: 0.64841218 | Z45: 51.845241 | AA45: 0.75502928 | AC45: 22.154821 | AD45: 0.57919576 | AF45: 10.363007 | AG45: 0.43814844 | AI45: 32.048158 | AJ45: 0.78616073 | AL45: 45.300642 | AM45: 0.8120534 | AO45: 12.288193 | AP45: 0.47899975 | AR45: 1.8826887 | AS45: 0.17855562 | AU45: 11.022551 | AV45: 0.51040891 | AX45: 48.074775 | AY45: 0.70993027 | BA45: 39.019985 | BB45: 0.74577814 | BD45: 1.8847776 | BE45: 0.19129034 | BG45: 9.1851196 | BH45: 0.4890964 | BJ45: 44.699279 | BK45: 0.67497551 | BM45: 44.230823 | BN45: 0.73482163
A46: Slovenia | B46: -0.60901824 | C46: 0.013862162 | E46: 0.9018799 | F46: 0.007708006 | H46: 1.6552429 | I46: 0.22455946 | K46: 15.594281 | L46: 0.54577937 | N46: 64.481498 | O46: 0.72907178 | Q46: 18.268978 | R46: 0.51287371 | T46: 2.5252983 | U46: 0.25928366 | W46: 18.588977 | X46: 0.5750262 | Z46: 55.10623 | AA46: 0.68156977 | AC46: 23.779495 | AD46: 0.50982303 | AF46: 4.5891395 | AG46: 0.33809798 | AI46: 38.601905 | AJ46: 0.76466498 | AL46: 47.386189 | AM46: 0.77536851 | AO46: 9.4227666 | AP46: 0.41884052 | AR46: 4.6623492 | AS46: 0.34808473 | AU46: 31.391331 | AV46: 0.77383028 | AX46: 51.387508 | AY46: 0.76142298 | BA46: 12.558811 | BB46: 0.46540535 | BD46: 1.2915156 | BE46: 0.16325678 | BG46: 11.711458 | BH46: 0.53636616 | BJ46: 55.8356 | BK46: 0.74450349 | BM46: 31.161426 | BN46: 0.66721505
A47: Spain | B47: 0.29734023 | C47: 0.0095435472 | E47: 0.94533873 | F47: 0.0057570833 | H47: 0.73112059 | I47: 0.083314123 | K47: 3.0917698 | L47: 0.13578755 | N47: 44.549696 | O47: 0.50400519 | Q47: 51.627414 | R47: 0.51426286 | T47: 0.86215996 | U47: 0.06881911 | W47: 6.1547931 | X47: 0.1825682 | Z47: 51.256492 | AA47: 0.40585261 | AC47: 41.726555 | AD47: 0.40986445 | AF47: 4.2681611 | AG47: 0.14635849 | AI47: 19.26063 | AJ47: 0.36116347 | AL47: 53.393769 | AM47: 0.49431009 | AO47: 23.07744 | AP47: 0.38694001 | AR47: 1.1959882 | AS47: 0.099457043 | AU47: 5.08937 | AV47: 0.16466893 | AX47: 41.872392 | AY47: 0.46139052 | BA47: 51.84225 | BB47: 0.48136076 | BD47: 0.71988618 | BE47: 0.0693712 | BG47: 4.1073104 | BH47: 0.17159806 | BJ47: 42.378678 | BK47: 0.46707833 | BM47: 52.794125 | BN47: 0.46550988
A48: Sweden | B48: -0.047830975 | C48: 0.015277626 | E48: 0.98260662 | F48: 0.009854298 | H48: 2.1125842 | I48: 0.21900996 | K48: 9.503 | L48: 0.46130322 | N48: 55.176602 | O48: 0.72202495 | Q48: 33.207814 | R48: 0.69138856 | T48: 3.0640917 | U48: 0.28296365 | W48: 16.070216 | X48: 0.57235506 | Z48: 55.82099 | AA48: 0.77928465 | AC48: 25.044703 | AD48: 0.60002544 | AF48: 4.1355954 | AG48: 0.30167571 | AI48: 21.58467 | AJ48: 0.68906515 | AL48: 56.788782 | AM48: 0.92071339 | AO48: 17.490953 | AP48: 0.63098317 | AR48: 1.455776 | AS48: 0.19834776 | AU48: 6.7067098 | AV48: 0.39114627 | AX48: 53.090016 | AY48: 0.79399517 | BA48: 38.747499 | BB48: 0.69431022 | BD48: 1.897297 | BE48: 0.25586663 | BG48: 8.3373215 | BH48: 0.39334337 | BJ48: 50.010167 | BK48: 0.75075094 | BM48: 39.755215 | BN48: 0.70211723
A49: Switzerland | B49: 0.21878508 | C49: 0.015401851 | E49: 0.92951383 | F49: 0.01031345 | H49: 0.94448388 | I49: 0.15540599 | K49: 4.3134228 | L49: 0.39272037 | N49: 47.272015 | O49: 0.80107058 | Q49: 47.470078 | R49: 0.81140241 | T49: 3.8269387 | U49: 0.42729965 | W49: 13.116155 | X49: 0.56302238 | Z49: 45.921839 | AA49: 0.7585942 | AC49: 37.135067 | AD49: 0.79768272 | AF49: 3.3330756 | AG49: 0.24592764 | AI49: 19.459876 | AJ49: 0.71319363 | AL49: 58.462676 | AM49: 0.92210524 | AO49: 18.744373 | AP49: 0.75926627 | AR49: 0.98214093 | AS49: 0.14289907 | AU49: 5.4398278 | AV49: 0.38260131 | AX49: 46.466943 | AY49: 0.77544281 | BA49: 47.111088 | BB49: 0.79709714 | BD49: 0.82220301 | BE49: 0.1308857 | BG49: 4.9279966 | BH49: 0.36792781 | BJ49: 44.041775 | BK49: 0.81848026 | BM49: 50.208026 | BN49: 0.80341402
A50: Turkey | B50: -0.26166695 | C50: 0.01719212 | E50: 1.1222671 | F50: 0.0086421209 | H50: 3.9215672 | I50: 0.24686482 | K50: 14.665995 | L50: 0.48873821 | N50: 49.079201 | O50: 0.69280256 | Q50: 32.333238 | R50: 0.70948138 | T50: 9.3628866 | U50: 0.40957773 | W50: 20.939711 | X50: 0.54148706 | Z50: 38.081622 | AA50: 0.69427407 | AC50: 31.615781 | AD50: 0.66399323 | AF50: 4.9599422 | AG50: 0.28252456 | AI50: 14.471344 | AJ50: 0.36623763 | AL50: 40.624533 | AM50: 0.69835255 | AO50: 39.94418 | AP50: 0.70352415 | AR50: 4.8811263 | AS50: 0.2990797 | AU50: 14.388282 | AV50: 0.51429223 | AX50: 48.508608 | AY50: 0.66803303 | BA50: 32.221984 | BB50: 0.62884909 | BD50: 4.5512989 | BE50: 0.25757798 | BG50: 13.149642 | BH50: 0.48587196 | BJ50: 43.848212 | BK50: 0.71930367 | BM50: 38.450847 | BN50: 0.68184832
A51: United Kingdom | B51: -0.28896195 | C51: 0.014682975 | E51: 0.96960304 | F51: 0.0084324856 | H51: 1.3043576 | I51: 0.14807162 | K51: 6.0867383 | L51: 0.35076372 | N51: 57.507787 | O51: 0.5654085 | Q51: 35.101117 | R51: 0.61469907 | T51: 2.1490455 | U51: 0.21818703 | W51: 15.316328 | X51: 0.49989836 | Z51: 53.361678 | AA51: 0.61766141 | AC51: 29.172948 | AD51: 0.57573011 | AF51: 5.8358358 | AG51: 0.36326069 | AI51: 29.335053 | AJ51: 0.77348667 | AL51: 52.955164 | AM51: 0.75857939 | AO51: 11.873947 | AP51: 0.41381203 | AR51: 2.2085696 | AS51: 0.19555332 | AU51: 15.981062 | AV51: 0.55278302 | AX51: 58.970997 | AY51: 0.71418061 | BA51: 22.839372 | BB51: 0.64729773 | BD51: 2.4329132 | BE51: 0.20691799 | BG51: 13.719738 | BH51: 0.42492012 | BJ51: 57.403205 | BK51: 0.6614075 | BM51: 26.444144 | BN51: 0.57399453
A52: United States* | B52: -0.13103507 | C52: 0.016044758 | E52: 1.0140471 | F52: 0.007147205 | H52: 1.1639038 | I52: 0.17674052 | K52: 5.9517745 | L52: 0.43935089 | N52: 49.796932 | O52: 0.77477468 | Q52: 43.08739 | R52: 0.7651564 | T52: 3.0639624 | U52: 0.25268515 | W52: 15.552869 | X52: 0.52430139 | Z52: 50.39447 | AA52: 0.71308729 | AC52: 30.988698 | AD52: 0.75058239 | AF52: 3.3484176 | AG52: 0.25556672 | AI52: 18.480555 | AJ52: 0.60938615 | AL52: 53.853252 | AM52: 0.79603126 | AO52: 24.317776 | AP52: 0.75338408 | AR52: 2.1154741 | AS52: 0.22945108 | AU52: 12.887853 | AV52: 0.48149707 | AX52: 52.679056 | AY52: 0.77008914 | BA52: 32.317617 | BB52: 0.80240325 | BD52: 2.6317568 | BE52: 0.24413334 | BG52: 14.732529 | BH52: 0.52301559 | BJ52: 51.660964 | BK52: 0.7560835 | BM52: 30.97475 | BN52: 0.8063602
A53: OECD average | B53: 0.0136369 | C53: 0.0027436088 | E53: 0.97684834 | F53: 0.0016029765 | H53: 1.5246518 | I53: 0.032596595 | K53: 7.505264 | L53: 0.070516023 | N53: 49.930714 | O53: 0.1290624 | Q53: 41.03937 | R53: 0.12850351 | T53: 3.4021241 | U53: 0.048831332 | W53: 14.492358 | X53: 0.090974919 | Z53: 48.759122 | AA53: 0.1278144 | AC53: 33.346396 | AD53: 0.12421491 | AF53: 5.2325558 | AG53: 0.056905001 | AI53: 23.474688 | AJ53: 0.11041495 | AL53: 52.319884 | AM53: 0.13320372 | AO53: 18.972872 | AP53: 0.10733341 | AR53: 1.7304193 | AS53: 0.034088318 | AU53: 9.0010576 | AV53: 0.07478103 | AX53: 48.234354 | AY53: 0.12764274 | BA53: 41.034169 | BB53: 0.12736326 | BD53: 2.2086536 | BE53: 0.038292025 | BG53: 9.7655255 | BH53: 0.077554181 | BJ53: 47.121478 | BK53: 0.13067015 | BM53: 40.904343 | BN53: 0.12914196
A54: Partners
A55: Albania | B55: 0.52051691 | C55: 0.011760226 | E55: 0.82980773 | F55: 0.010521608 | H55: 0.76905255 | I55: 0.13816363 | K55: 3.9933981 | L55: 0.28545479 | N55: 27.136267 | O55: 0.72359598 | Q55: 68.101282 | R55: 0.73904008 | T55: 1.256054 | U55: 0.15240948 | W55: 4.0154671 | X55: 0.29840291 | Z55: 16.233727 | AA55: 0.54617779 | AC55: 78.494752 | AD55: 0.58511581 | AF55: 1.2426267 | AG55: 0.12050172 | AI55: 5.2156402 | AJ55: 0.32439323 | AL55: 34.908288 | AM55: 0.77630621 | AO55: 58.633445 | AP55: 0.82645976 | AR55: 0.64938324 | AS55: 0.10418436 | AU55: 3.423898 | AV55: 0.30825391 | AX55: 29.703887 | AY55: 0.66711505 | BA55: 66.222832 | BB55: 0.68726595 | BD55: 1.3043593 | BE55: 0.14911477 | BG55: 7.2301054 | BH55: 0.3737413 | BJ55: 33.676639 | BK55: 0.72536783 | BM55: 57.788896 | BN55: 0.75269847
A56: Argentina | B56: 0.077222363 | C56: 0.012907481 | E56: 0.98787539 | F56: 0.0092686751 | H56: 2.3075691 | I56: 0.2091572 | K56: 5.8115818 | L56: 0.32249539 | N56: 51.270903 | O56: 0.57232959 | Q56: 40.609946 | R56: 0.572212 | T56: 2.9911902 | U56: 0.23165147 | W56: 9.0544633 | X56: 0.42934418 | Z56: 43.711638 | AA56: 0.65609749 | AC56: 44.242708 | AD56: 0.63411838 | AF56: 7.8686712 | AG56: 0.34475407 | AI56: 17.472084 | AJ56: 0.59176336 | AL56: 47.02175 | AM56: 0.75465191 | AO56: 27.637495 | AP56: 0.65929237 | AR56: 2.740287 | AS56: 0.23779768 | AU56: 6.3354662 | AV56: 0.36915728 | AX56: 47.969384 | AY56: 0.5536186 | BA56: 42.954863 | BB56: 0.60696449 | BD56: 2.7978301 | BE56: 0.15787202 | BG56: 5.9512243 | BH56: 0.30304944 | BJ56: 44.414796 | BK56: 0.70965296 | BM56: 46.836149 | BN56: 0.65540794
A57: Baku (Azerbaijan) | B57: 0.068160232 | C57: 0.017909281 | E57: 1.0760035 | F57: 0.01161596 | H57: 3.6864909 | I57: 0.27796168 | K57: 11.553192 | L57: 0.4981894 | N57: 40.477192 | O57: 0.74945883 | Q57: 44.283125 | R57: 0.78785816 | T57: 4.3606002 | U57: 0.32161582 | W57: 11.71645 | X57: 0.43776784 | Z57: 30.663384 | AA57: 0.71360134 | AC57: 53.259566 | AD57: 0.83570124 | AF57: 21.981471 | AG57: 0.70142758 | AI57: 19.717308 | AJ57: 0.57844888 | AL57: 29.137911 | AM57: 0.72814526 | AO57: 29.16331 | AP57: 0.64793144 | AR57: 3.3155586 | AS57: 0.25739799 | AU57: 9.1389453 | AV57: 0.44421284 | AX57: 34.419025 | AY57: 0.67679749 | BA57: 53.126471 | BB57: 0.75103732 | BD57: 4.369506 | BE57: 0.36730311 | BG57: 12.716209 | BH57: 0.52128431 | BJ57: 37.306359 | BK57: 0.7549394 | BM57: 45.607926 | BN57: 0.63523124
A58: Belarus | B58: 0.17919103 | C58: 0.016806017 | E58: 0.93389589 | F58: 0.0085967264 | H58: 0.69518707 | I58: 0.11577459 | K58: 7.3388232 | L58: 0.45286632 | N58: 42.883082 | O58: 0.65861438 | Q58: 49.082908 | R58: 0.74129078 | T58: 1.1141377 | U58: 0.15033057 | W58: 8.3650767 | X58: 0.41516349 | Z58: 35.142946 | AA58: 0.64862427 | AC58: 55.37784 | AD58: 0.77601971 | AF58: 7.0443128 | AG58: 0.35275684 | AI58: 26.749928 | AJ58: 0.60313156 | AL58: 52.472552 | AM58: 0.60372708 | AO58: 13.733207 | AP58: 0.42241275 | AR58: 0.40429636 | AS58: 0.083930637 | AU58: 4.8428627 | AV58: 0.33205846 | AX58: 38.660491 | AY58: 0.77301963 | BA58: 56.09235 | BB58: 0.83734162 | BD58: 2.8856138 | BE58: 0.2137218 | BG58: 13.492006 | BH58: 0.5470932 | BJ58: 45.199055 | BK58: 0.69503383 | BM58: 38.423326 | BN58: 0.74561476
A59: Bosnia and Herzegovina | B59: 0.35448153 | C59: 0.015037608 | E59: 0.98924316 | F59: 0.009989199 | H59: 2.0944331 | I59: 0.17641954 | K59: 5.6530394 | L59: 0.33761538 | N59: 33.815183 | O59: 0.7326312 | Q59: 58.437345 | R59: 0.71494629 | T59: 2.6168263 | U59: 0.24808786 | W59: 8.9593941 | X59: 0.43066499 | Z59: 39.151458 | AA59: 0.66669579 | AC59: 49.272322 | AD59: 0.60002991 | AF59: 2.8738973 | AG59: 0.24694154 | AI59: 10.7259 | AJ59: 0.37506979 | AL59: 52.042705 | AM59: 0.63677455 | AO59: 34.357498 | AP59: 0.64790729 | AR59: 1.7286279 | AS59: 0.20752112 | AU59: 5.9916194 | AV59: 0.28716473 | AX59: 38.657985 | AY59: 0.75273359 | BA59: 53.621768 | BB59: 0.77627869 | BD59: 1.5103387 | BE59: 0.16772634 | BG59: 4.5846748 | BH59: 0.25136102 | BJ59: 32.296268 | BK59: 0.70715359 | BM59: 61.608718 | BN59: 0.76769916
A60: Brazil | B60: 0.062500964 | C60: 0.013053523 | E60: 1.002923 | F60: 0.0069386152 | H60: 2.2400742 | I60: 0.17952212 | K60: 7.5652898 | L60: 0.30145379 | N60: 39.610621 | O60: 0.68932259 | Q60: 50.584015 | R60: 0.68407919 | T60: 3.1412013 | U60: 0.22533895 | W60: 12.340213 | X60: 0.41185453 | Z60: 37.902698 | AA60: 0.67258692 | AC60: 46.615888 | AD60: 0.67946996 | AF60: 13.924288 | AG60: 0.42817767 | AI60: 22.294141 | AJ60: 0.5122197 | AL60: 40.897584 | AM60: 0.6568516 | AO60: 22.883987 | AP60: 0.50120917 | AR60: 2.0436649 | AS60: 0.15781417 | AU60: 8.3136273 | AV60: 0.26329655 | AX60: 36.195942 | AY60: 0.65322025 | BA60: 53.446766 | BB60: 0.65283419 | BD60: 5.650668 | BE60: 0.27956506 | BG60: 15.691158 | BH60: 0.43714245 | BJ60: 46.316059 | BK60: 0.61342533 | BM60: 32.342115 | BN60: 0.66793165
A61: Brunei Darussalam | B61: -0.010509295 | C61: 0.012891663 | E61: 0.99379137 | F61: 0.0071550337 | H61: 0.88467896 | I61: 0.11047611 | K61: 5.6607728 | L61: 0.29806901 | N61: 45.640516 | O61: 0.57295725 | Q61: 47.814033 | R61: 0.55853845 | T61: 2.9222454 | U61: 0.21128636 | W61: 16.315828 | X61: 0.42714751 | Z61: 49.966461 | AA61: 0.61522465 | AC61: 30.795466 | AD61: 0.63452589 | AF61: 4.1011608 | AG61: 0.22778434 | AI61: 25.278193 | AJ61: 0.53513359 | AL61: 56.971028 | AM61: 0.66684069 | AO61: 13.649619 | AP61: 0.44130611 | AR61: 2.4684163 | AS61: 0.1960017 | AU61: 11.917527 | AV61: 0.40326836 | AX61: 47.5661 | AY61: 0.5974117 | BA61: 38.047957 | BB61: 0.57389349 | BD61: 2.4719866 | BE61: 0.17927668 | BG61: 11.943936 | BH61: 0.47906635 | BJ61: 46.851521 | BK61: 0.64997262 | BM61: 38.732556 | BN61: 0.73097056
A62: B-S-J-Z (China) | B62: 0.11073604 | C62: 0.014081682 | E62: 0.88668507 | F62: 0.0080422517 | H62: 0.49778579 | I62: 0.10063572 | K62: 1.3195522 | L62: 0.15176204 | N62: 35.674078 | O62: 0.69286744 | Q62: 62.508584 | R62: 0.70184176 | T62: 0.97609392 | U62: 0.13108062 | W62: 4.7936989 | X62: 0.2263105 | Z62: 41.238118 | AA62: 0.86372364 | AC62: 52.992089 | AD62: 0.88021683 | AF62: 3.2113326 | AG62: 0.23077904 | AI62: 15.317389 | AJ62: 0.44599983 | AL62: 65.59968 | AM62: 0.50687114 | AO62: 15.871599 | AP62: 0.52940266 | AR62: 0.91120073 | AS62: 0.13336056 | AU62: 4.4766413 | AV62: 0.26725395 | AX62: 59.458965 | AY62: 0.71830413 | BA62: 35.153193 | BB62: 0.77053141 | BD62: 2.7369455 | BE62: 0.2285038 | BG62: 11.290053 | BH62: 0.40352192 | BJ62: 55.546284 | BK62: 0.6446724 | BM62: 30.426718 | BN62: 0.63495332
A63: Bulgaria | B63: 0.15958985 | C63: 0.026206874 | E63: 1.1260663 | F63: 0.016761948 | H63: 4.7108381 | I63: 0.4604908 | K63: 8.6770267 | L63: 0.50465024 | N63: 36.718818 | O63: 0.80701142 | Q63: 49.893318 | R63: 0.97200813 | T63: 5.4016218 | U63: 0.43374481 | W63: 13.784867 | X63: 0.62011498 | Z63: 38.947189 | AA63: 0.79708577 | AC63: 41.866322 | AD63: 0.72475452 | AF63: 6.2787915 | AG63: 0.45000217 | AI63: 20.561177 | AJ63: 0.53307767 | AL63: 47.040765 | AM63: 0.88215947 | AO63: 26.119266 | AP63: 0.7430204 | AR63: 4.2227474 | AS63: 0.39570158 | AU63: 8.3714703 | AV63: 0.45561806 | AX63: 38.809241 | AY63: 0.8346077 | BA63: 48.596542 | BB63: 0.99153699 | BD63: 3.2781557 | BE63: 0.36102304 | BG63: 7.4121267 | BH63: 0.4181306 | BJ63: 33.195142 | BK63: 0.78919076 | BM63: 56.114576 | BN63: 0.91318249
A64: Costa Rica | B64: 0.32443159 | C64: 0.015375483 | E64: 0.93797515 | F64: 0.0090401217 | H64: 0.59516714 | I64: 0.10911526 | K64: 3.9918292 | L64: 0.25836113 | N64: 39.693425 | O64: 0.8405485 | Q64: 55.719579 | R64: 0.82733113 | T64: 1.2818829 | U64: 0.13190867 | W64: 7.9043997 | X64: 0.27774942 | Z64: 44.629039 | AA64: 0.79560233 | AC64: 46.184679 | AD64: 0.80346597 | AF64: 2.2528222 | AG64: 0.1953803 | AI64: 11.120218 | AJ64: 0.44065591 | AL64: 57.142209 | AM64: 0.84870356 | AO64: 29.48475 | AP64: 0.7811129 | AR64: 0.75955447 | AS64: 0.11992024 | AU64: 5.7832891 | AV64: 0.31303669 | AX64: 35.959654 | AY64: 0.7825286 | BA64: 57.497502 | BB64: 0.80879851 | BD64: 1.301238 | BE64: 0.16105369 | BG64: 7.2951984 | BH64: 0.35966328 | BJ64: 42.325447 | BK64: 0.81248277 | BM64: 49.078117 | BN64: 0.80438707
A65: Croatia | B65: 0.26186793 | C65: 0.013813137 | E65: 0.98636641 | F65: 0.0090425798 | H65: 1.0907704 | I65: 0.14369151 | K65: 4.749566 | L65: 0.28856521 | N65: 37.808927 | O65: 0.61338308 | Q65: 56.350736 | R65: 0.62495096 | T65: 2.9702923 | U65: 0.22231761 | W65: 13.36513 | X65: 0.49617918 | Z65: 46.82569 | AA65: 0.55364521 | AC65: 36.838888 | AD65: 0.59916948 | AF65: 2.6081591 | AG65: 0.17751561 | AI65: 16.283867 | AJ65: 0.50127034 | AL65: 61.164768 | AM65: 0.61401868 | AO65: 19.943205 | AP65: 0.56491352 | AR65: 1.4752256 | AS65: 0.16119813 | AU65: 7.4716409 | AV65: 0.36757382 | AX65: 45.236623 | AY65: 0.63567526 | BA65: 45.816511 | BB65: 0.65135751 | BD65: 1.1350132 | BE65: 0.15867139 | BG65: 5.7794082 | BH65: 0.33399408 | BJ65: 37.055403 | BK65: 0.64972252 | BM65: 56.030176 | BN65: 0.69471457
A66: Cyprus | B66: -0.092730279 | C66: 0.01596578 | E66: 0.99794438 | F66: 0.0098479108 | H66: 3.5948032 | I66: 0.26421268 | K66: 8.0518301 | L66: 0.38039462 | N66: 50.817128 | O66: 0.76640165 | Q66: 37.536238 | R66: 0.74244773 | T66: 3.9294091 | U66: 0.26379104 | W66: 11.622795 | X66: 0.53826458 | Z66: 47.999456 | AA66: 0.83280462 | AC66: 36.44834 | AD66: 0.68155833 | AF66: 4.4891949 | AG66: 0.27167373 | AI66: 17.533308 | AJ66: 0.58392506 | AL66: 53.671656 | AM66: 0.75341285 | AO66: 24.305841 | AP66: 0.68392682 | AR66: 2.6608114 | AS66: 0.22943447 | AU66: 7.046739 | AV66: 0.35092836 | AX66: 47.852608 | AY66: 0.68007649 | BA66: 42.439842 | BB66: 0.7249815 | BD66: 5.5835981 | BE66: 0.29127346 | BG66: 14.359363 | BH66: 0.52979631 | BJ66: 47.04059 | BK66: 0.72775619 | BM66: 33.016449 | BN66: 0.75057933
A67: Dominican Republic | B67: 0.3875792 | C67: 0.020767256 | D67: † | E67: 1.005537 | F67: 0.015311706 | G67: † | H67: 3.1697694 | I67: 0.32883824 | J67: † | K67: 4.9696388 | L67: 0.47456157 | M67: † | N67: 31.95739 | O67: 1.0050607 | P67: † | Q67: 59.903202 | R67: 1.0026074 | S67: † | T67: 11.424805 | U67: 0.65635305 | V67: † | W67: 13.511765 | X67: 0.71551621 | Y67: † | Z67: 36.420059 | AA67: 0.85335006 | AB67: † | AC67: 38.643371 | AD67: 0.90794974 | AE67: † | AF67: 8.3259429 | AG67: 0.5207122 | AH67: † | AI67: 13.664145 | AJ67: 0.69000521 | AK67: † | AL67: 34.996923 | AM67: 1.1392016 | AN67: † | AO67: 43.012989 | AP67: 1.1015921 | AQ67: † | AR67: 2.8092599 | AS67: 0.34050551 | AT67: † | AU67: 6.0388528 | AV67: 0.49040046 | AW67: † | AX67: 30.504781 | AY67: 0.85851991 | AZ67: † | BA67: 60.647106 | BB67: 0.96151348 | BC67: † | BD67: 2.2882126 | BE67: 0.31995427 | BF67: † | BG67: 6.9047409 | BH67: 0.47890593 | BI67: † | BJ67: 32.001604 | BK67: 0.84906971 | BL67: † | BM67: 58.805442 | BN67: 0.84193065 | BO67: †
A68: Georgia | B68: -0.1271635 | C68: 0.019271601 | E68: 1.017997 | F68: 0.011990362 | H68: 5.8359693 | I68: 0.46162238 | K68: 20.221964 | L68: 0.64767388 | N68: 49.36359 | O68: 0.84774421 | Q68: 24.578477 | R68: 0.75076686 | T68: 5.3798623 | U68: 0.49075903 | W68: 11.521194 | X68: 0.51327069 | Z68: 28.365744 | AA68: 0.75933603 | AC68: 54.7332 | AD68: 0.93617252 | AF68: 16.256297 | AG68: 0.68084806 | AI68: 26.369852 | AJ68: 0.69147623 | AL68: 38.206643 | AM68: 0.76583474 | AO68: 19.167207 | AP68: 0.67012239 | AR68: 3.4674036 | AS68: 0.30549763 | AU68: 10.980697 | AV68: 0.42693603 | AX68: 44.99183 | AY68: 0.74595864 | BA68: 40.56007 | BB68: 0.72167193 | BD68: 2.4203715 | BE68: 0.25477696 | BG68: 7.7721236 | BH68: 0.42335758 | BJ68: 34.819238 | BK68: 0.79710919 | BM68: 54.988267 | BN68: 0.8135335
A69: Hong Kong (China)* | B69: -0.055468868 | C69: 0.015136614 | E69: 0.94157099 | F69: 0.011039846 | H69: 1.366751 | I69: 0.20579975 | K69: 3.0261039 | L69: 0.24428865 | N69: 54.340094 | O69: 0.84465933 | Q69: 41.267051 | R69: 0.81672448 | T69: 2.5255133 | U69: 0.26621908 | W69: 12.633618 | X69: 0.46183847 | Z69: 55.949514 | AA69: 0.77352226 | AC69: 28.891354 | AD69: 0.82041791 | AF69: 6.2573364 | AG69: 0.32273131 | AI69: 28.980035 | AJ69: 0.73746228 | AL69: 55.578924 | AM69: 0.74617484 | AO69: 9.1837044 | AP69: 0.47939944 | AR69: 1.5352657 | AS69: 0.21913996 | AU69: 4.9480015 | AV69: 0.2899852 | AX69: 62.068505 | AY69: 0.84167414 | BA69: 31.448228 | BB69: 0.7860544 | BD69: 2.3663489 | BE69: 0.2515476 | BG69: 9.1330029 | BH69: 0.41373381 | BJ69: 54.979227 | BK69: 0.84046193 | BM69: 33.521421 | BN69: 0.73254137
A70: Indonesia | B70: 0.33284516 | C70: 0.014633301 | E70: 0.94435352 | F70: 0.0077806244 | H70: 0.77101661 | I70: 0.13599192 | K70: 8.0022233 | L70: 0.44760521 | N70: 37.911846 | O70: 0.73306616 | Q70: 53.314914 | R70: 0.73159826 | T70: 0.82345385 | U70: 0.12562623 | W70: 7.5325297 | X70: 0.44694655 | Z70: 35.859309 | AA70: 0.76285113 | AC70: 55.784708 | AD70: 0.81878558 | AF70: 1.8328338 | AG70: 0.24616551 | AI70: 12.576505 | AJ70: 0.47693915 | AL70: 49.920771 | AM70: 0.9832857 | AO70: 35.669889 | AP70: 0.92106765 | AR70: 0.77212779 | AS70: 0.14031605 | AU70: 6.565745 | AV70: 0.35185264 | AX70: 37.333926 | AY70: 0.71416464 | BA70: 55.328201 | BB70: 0.68906787 | BD70: 0.78970383 | BE70: 0.13909152 | BG70: 6.0896091 | BH70: 0.3454746 | BJ70: 33.333618 | BK70: 0.65169448 | BM70: 59.787069 | BN70: 0.77118844
A71: Jordan | B71: -0.21543826 | C71: 0.021207904 | E71: 1.1478671 | F71: 0.01160743 | H71: 9.1201818 | I71: 0.58359043 | K71: 10.25527 | L71: 0.4203315 | N71: 42.075914 | O71: 0.81403611 | Q71: 38.548635 | R71: 0.81839578 | T71: 5.9083267 | U71: 0.33136913 | W71: 12.436233 | X71: 0.54610083 | Z71: 44.192822 | AA71: 0.75193687 | AC71: 37.462619 | AD71: 0.68832036 | AF71: 5.5095599 | AG71: 0.41184315 | AI71: 9.7633533 | AJ71: 0.37434095 | AL71: 33.934833 | AM71: 0.7234324 | AO71: 50.792254 | AP71: 0.78129889 | AR71: 7.4158114 | AS71: 0.39734051 | AU71: 14.478699 | AV71: 0.48560261 | AX71: 38.97048 | AY71: 0.66323625 | BA71: 39.13501 | BB71: 0.75372483 | BD71: 8.8946552 | BE71: 0.43204252 | BG71: 13.322817 | BH71: 0.42242709 | BJ71: 30.890411 | BK71: 0.60331625 | BM71: 46.892117 | BN71: 0.69837156
A72: Kazakhstan | B72: 0.5673337 | C72: 0.010824934 | E72: 0.8986482 | F72: 0.0098916051 | H72: 0.99205468 | I72: 0.088156889 | K72: 6.3180924 | L72: 0.23757815 | N72: 26.678592 | O72: 0.56708312 | Q72: 66.011261 | R72: 0.61181076 | T72: 1.4096003 | U72: 0.12986158 | W72: 9.4412551 | X72: 0.34020223 | Z72: 36.725765 | AA72: 0.48118152 | AC72: 52.42338 | AD72: 0.58088611 | AF72: 16.685351 | AG72: 0.37634955 | AI72: 29.335093 | AJ72: 0.40184255 | AL72: 38.527554 | AM72: 0.45897973 | AO72: 15.452002 | AP72: 0.38027202 | AR72: 0.93850311 | AS72: 0.12822187 | AU72: 4.868366 | AV72: 0.21463141 | AX72: 28.483993 | AY72: 0.47976201 | BA72: 65.709138 | BB72: 0.52116237 | BD72: 0.89341153 | BE72: 0.11716829 | BG72: 3.8479823 | BH72: 0.20782391 | BJ72: 22.458462 | BK72: 0.41363669 | BM72: 72.800144 | BN72: 0.45894267
A73: Kosovo | B73: 0.46441961 | C73: 0.014260719 | E73: 0.87670348 | F73: 0.011256224 | H73: 1.5079916 | I73: 0.20600766 | K73: 4.349014 | L73: 0.36823633 | N73: 28.494832 | O73: 0.6852639 | Q73: 65.648163 | R73: 0.72915344 | T73: 1.7933076 | U73: 0.17906227 | W73: 5.9207063 | X73: 0.36238979 | Z73: 30.611233 | AA73: 0.77527416 | AC73: 61.674753 | AD73: 0.77483674 | AF73: 1.3189496 | AG73: 0.16339455 | AI73: 6.0807646 | AJ73: 0.43987963 | AL73: 34.564983 | AM73: 0.75411865 | AO73: 58.035303 | AP73: 0.82585621 | AR73: 1.317062 | AS73: 0.19099127 | AU73: 6.7682613 | AV73: 0.44706908 | AX73: 34.610305 | AY73: 0.74938098 | BA73: 57.304372 | BB73: 0.72030813 | BD73: 0.82794643 | BE73: 0.13037896 | BG73: 3.2795437 | BH73: 0.26766122 | BJ73: 30.778039 | BK73: 0.75996035 | BM73: 65.114471 | BN73: 0.78319479
A74: Lebanon | B74: -0.32415668 | C74: 0.032634268 | E74: 1.1338754 | F74: 0.015924822 | H74: 6.1948016 | I74: 0.56711589 | K74: 12.038601 | L74: 0.66510191 | N74: 43.284911 | O74: 0.96403355 | Q74: 38.481686 | R74: 0.93782964 | T74: 9.1363042 | U74: 0.56325745 | W74: 20.192914 | X74: 0.65535591 | Z74: 41.568049 | AA74: 0.85731785 | AC74: 29.102732 | AD74: 0.82863297 | AF74: 7.5317009 | AG74: 0.528717 | AI74: 17.107391 | AJ74: 0.73307168 | AL74: 41.664607 | AM74: 0.88291435 | AO74: 33.696301 | AP74: 0.91846226 | AR74: 12.456027 | AS74: 0.92943047 | AU74: 11.06678 | AV74: 0.60188157 | AX74: 41.397405 | AY74: 1.099573 | BA74: 35.079788 | BB74: 0.96888338 | BD74: 6.6766178 | BE74: 0.48114026 | BG74: 15.900703 | BH74: 0.74418857 | BJ74: 45.976578 | BK74: 0.90642727 | BM74: 31.446102 | BN74: 0.97133538
A75: Macao (China) | B75: -0.081928977 | C75: 0.018862018 | E75: 1.0373333 | F75: 0.008357871 | H75: 0.81821425 | I75: 0.14687194 | K75: 9.7687351 | L75: 0.50750518 | N75: 47.186169 | O75: 0.91548944 | Q75: 42.226882 | R75: 0.96012334 | T75: 2.8918317 | U75: 0.3078845 | W75: 17.058523 | X75: 0.54350868 | Z75: 45.842243 | AA75: 0.80354674 | AC75: 34.207402 | AD75: 0.7909269 | AF75: 5.7195573 | AG75: 0.34075936 | AI75: 32.162812 | AJ75: 0.830817 | AL75: 48.285644 | AM75: 0.82205922 | AO75: 13.831987 | AP75: 0.47757427 | AR75: 1.2191823 | AS75: 0.17361949 | AU75: 12.323713 | AV75: 0.54619073 | AX75: 49.966092 | AY75: 0.76735869 | BA75: 36.491013 | BB75: 0.81672868 | BD75: 2.2245879 | BE75: 0.25996075 | BG75: 15.73716 | BH75: 0.50505136 | BJ75: 44.93543 | BK75: 0.7064792 | BM75: 37.102823 | BN75: 0.74113939
A76: Malaysia | B76: 0.26940591 | C76: 0.022069773 | E76: 1.0075779 | F76: 0.012116516 | H76: 0.9884127 | I76: 0.17500313 | K76: 5.2360815 | L76: 0.37520887 | N76: 28.98438 | O76: 0.73885565 | Q76: 64.791125 | R76: 0.89900088 | T76: 2.4187006 | U76: 0.23159723 | W76: 16.21735 | X76: 0.56997621 | Z76: 45.472372 | AA76: 0.69644969 | AC76: 35.891578 | AD76: 0.79354169 | AF76: 4.1489809 | AG76: 0.32724774 | AI76: 22.295032 | AJ76: 0.7004114 | AL76: 54.625862 | AM76: 0.81341792 | AO76: 18.930126 | AP76: 0.68189577 | AR76: 2.969825 | AS76: 0.27350271 | AU76: 13.604837 | AV76: 0.55669972 | AX76: 36.488457 | AY76: 0.73550406 | BA76: 46.936881 | BB76: 0.87170293 | BD76: 1.4540498 | BE76: 0.19181523 | BG76: 7.2749544 | BH76: 0.42993524 | BJ76: 28.995318 | BK76: 0.78147614 | BM76: 62.275677 | BN76: 1.0413324
A77: Malta | B77: -0.037325641 | C77: 0.017780873 | E77: 0.99420411 | F77: 0.010392669 | H77: 1.5826848 | I77: 0.22302914 | K77: 4.7811989 | L77: 0.41148209 | N77: 51.019112 | O77: 0.76721298 | Q77: 42.617004 | R77: 0.83622206 | T77: 3.1590927 | U77: 0.33367909 | W77: 13.58676 | X77: 0.66705584 | Z77: 47.381061 | AA77: 0.89090111 | AC77: 35.873087 | AD77: 0.87199254 | AF77: 5.0729098 | AG77: 0.41799212 | AI77: 22.092872 | AJ77: 0.70952501 | AL77: 55.041202 | AM77: 0.86404603 | AO77: 17.793016 | AP77: 0.68964308 | AR77: 1.8820835 | AS77: 0.21475336 | AU77: 11.260077 | AV77: 0.54165159 | AX77: 51.834107 | AY77: 0.88802366 | BA77: 35.023733 | BB77: 0.83694278 | BD77: 2.3524235 | BE77: 0.26628943 | BG77: 9.7909896 | BH77: 0.49558103 | BJ77: 48.576152 | BK77: 0.83733176 | BM77: 39.280435 | BN77: 0.91719647
A78: Moldova | B78: 0.23190701 | C78: 0.015427144 | E78: 0.92597544 | F78: 0.0074016875 | H78: 0.93500077 | I78: 0.15270808 | K78: 6.706548 | L78: 0.34431959 | N78: 46.335386 | O78: 0.74851227 | Q78: 46.023066 | R78: 0.80197624 | T78: 1.4848272 | U78: 0.16719215 | W78: 9.7180746 | X78: 0.47316728 | Z78: 37.175389 | AA78: 0.8110627 | AC78: 51.621709 | AD78: 0.82323286 | AF78: 8.4384635 | AG78: 0.43505256 | AI78: 24.267833 | AJ78: 0.70350588 | AL78: 49.479973 | AM78: 0.74706027 | AO78: 17.813731 | AP78: 0.57873904 | AR78: 0.93567161 | AS78: 0.14603231 | AU78: 6.4821505 | AV78: 0.3684812 | AX78: 36.85131 | AY78: 0.73007662 | BA78: 55.730868 | BB78: 0.81905223 | BD78: 1.2177349 | BE78: 0.1533582 | BG78: 8.3962878 | BH78: 0.42726165 | BJ78: 42.166441 | BK78: 0.76727501 | BM78: 48.219536 | BN78: 0.83856457
A79: Montenegro | B79: 0.4031834 | C79: 0.012296554 | E79: 0.97790582 | F79: 0.0090725036 | H79: 2.1151535 | I79: 0.17839576 | K79: 5.0657818 | L79: 0.30090189 | N79: 30.916823 | O79: 0.67913158 | Q79: 61.902241 | R79: 0.68768783 | T79: 23.122853 | U79: 0.58919321 | W79: 25.459753 | X79: 0.57157847 | Z79: 33.896208 | AA79: 0.64702094 | AC79: 17.521186 | AD79: 0.53346929 | AF79: 2.7501867 | AG79: 0.22085764 | AI79: 9.0075377 | AJ79: 0.39427378 | AL79: 49.124382 | AM79: 0.6266621 | AO79: 39.117894 | AP79: 0.63816337 | AR79: 1.8045631 | AS79: 0.17233748 | AU79: 6.1173759 | AV79: 0.32273844 | AX79: 36.416427 | AY79: 0.65552251 | BA79: 55.661634 | BB79: 0.66002044 | BD79: 1.7806821 | BE79: 0.18750178 | BG79: 5.5637176 | BH79: 0.27714626 | BJ79: 28.056499 | BK79: 0.56861977 | BM79: 64.599101 | BN79: 0.58329076
A80: Morocco | B80: m | C80: m | E80: m | F80: m | H80: 3.3372497 | I80: 0.34458994 | J80: † | K80: 8.2672281 | L80: 0.43204365 | M80: † | N80: 47.724862 | O80: 0.77024355 | P80: † | Q80: 40.670661 | R80: 0.81465653 | S80: † | T80: 4.5106236 | U80: 0.38412747 | V80: † | W80: 11.459491 | X80: 0.46648691 | Y80: † | Z80: 40.156522 | AA80: 0.70219466 | AB80: † | AC80: 43.873364 | AD80: 0.79129049 | AE80: † | AF80: 6.1860988 | AG80: 0.41213994 | AH80: † | AI80: 14.718073 | AJ80: 0.51520475 | AK80: † | AL80: 49.994714 | AM80: 0.73264705 | AN80: † | AO80: 29.101114 | AP80: 0.72808725 | AQ80: † | AR80: 19.86647 | AS80: 0.71188282 | AT80: † | AU80: 29.798278 | AV80: 0.77524568 | AW80: † | AX80: 36.7205 | AY80: 0.87311258 | AZ80: † | BA80: 13.614752 | BB80: 0.6461118 | BC80: † | BD80: 19.596139 | BE80: 0.70361587 | BF80: † | BG80: 28.454813 | BH80: 0.70135657 | BI80: † | BJ80: 37.391961 | BK80: 0.8086912 | BL80: † | BM80: 14.557086 | BN80: 0.62603906 | BO80: †
A81: North Macedonia | B81: 0.37046226 | C81: 0.014573444 | E81: 0.93437477 | F81: 0.011463914 | H81: 1.6265659 | I81: 0.18072603 | K81: 4.146531 | L81: 0.28532209 | N81: 30.753859 | O81: 0.66226294 | Q81: 63.473044 | R81: 0.74570061 | T81: 2.0891732 | U81: 0.25320474 | W81: 5.9948191 | X81: 0.29023815 | Z81: 32.293964 | AA81: 0.64972462 | AC81: 59.622044 | AD81: 0.70263999 | AF81: 3.5367554 | AG81: 0.30082244 | AI81: 9.3197296 | AJ81: 0.43955252 | AL81: 46.357464 | AM81: 0.82046464 | AO81: 40.786051 | AP81: 0.78462155 | AR81: 2.3068922 | AS81: 0.22237256 | AU81: 3.6667826 | AV81: 0.28281282 | AX81: 36.697608 | AY81: 0.72545112 | BA81: 57.328717 | BB81: 0.72289732 | BD81: 3.4020401 | BE81: 0.28159142 | BG81: 7.0312637 | BH81: 0.39572471 | BJ81: 36.788718 | BK81: 0.84164325 | BM81: 52.777979 | BN81: 0.79962129
A82: Panama | B82: 0.38692095 | C82: 0.018520342 | D82: † | E82: 0.92499282 | F82: 0.015660058 | G82: † | H82: 1.5629909 | I82: 0.2959006 | J82: † | K82: 3.5510411 | L82: 0.42129957 | M82: † | N82: 38.143019 | O82: 0.85918483 | P82: † | Q82: 56.742949 | R82: 0.80485967 | S82: † | T82: 3.2431723 | U82: 0.36888231 | V82: † | W82: 7.4670056 | X82: 0.57607986 | Y82: † | Z82: 32.265681 | AA82: 0.84424758 | AB82: † | AC82: 57.024141 | AD82: 1.0972911 | AE82: † | AF82: 11.024696 | AG82: 0.69516702 | AH82: † | AI82: 13.363291 | AJ82: 0.60870896 | AK82: † | AL82: 37.117479 | AM82: 0.87072945 | AN82: † | AO82: 38.494534 | AP82: 0.99971819 | AQ82: † | AR82: 1.6712093 | AS82: 0.29189061 | AT82: † | AU82: 4.5827653 | AV82: 0.3666067 | AW82: † | AX82: 33.65963 | AY82: 0.88068521 | AZ82: † | BA82: 60.086395 | BB82: 0.91543256 | BC82: † | BD82: 1.856706 | BE82: 0.2590339 | BF82: † | BG82: 4.6061259 | BH82: 0.46372857 | BI82: † | BJ82: 37.528463 | BK82: 1.0284478 | BL82: † | BM82: 56.008705 | BN82: 1.0418978 | BO82: †
A83: Peru | B83: 0.37132847 | C83: 0.016073563 | D83: † | E83: 0.89802462 | F83: 0.010498899 | G83: † | H83: 0.81931112 | I83: 0.14024286 | J83: † | K83: 3.409881 | L83: 0.288568 | M83: † | N83: 42.517982 | O83: 0.85918269 | P83: † | Q83: 53.252826 | R83: 0.90792531 | S83: † | T83: 1.1820792 | U83: 0.14160209 | V83: † | W83: 4.7767273 | X83: 0.32146489 | Y83: † | Z83: 42.71368 | AA83: 0.79977466 | AB83: † | AC83: 51.327514 | AD83: 0.87343814 | AE83: † | AF83: 6.743333 | AG83: 0.38417734 | AH83: † | AI83: 16.798843 | AJ83: 0.52215511 | AK83: † | AL83: 44.245609 | AM83: 0.78234923 | AN83: † | AO83: 32.212215 | AP83: 0.73001793 | AQ83: † | AR83: 0.69041856 | AS83: 0.11825041 | AT83: † | AU83: 3.7900318 | AV83: 0.35186849 | AW83: † | AX83: 36.216859 | AY83: 0.79038131 | AZ83: † | BA83: 59.30269 | BB83: 0.8492774 | BC83: † | BD83: 1.14443 | BE83: 0.16102424 | BF83: † | BG83: 4.7694255 | BH83: 0.33584754 | BI83: † | BJ83: 40.796322 | BK83: 0.70859753 | BL83: † | BM83: 53.289823 | BN83: 0.72748306 | BO83: †
A84: Philippines | B84: 0.24705844 | C84: 0.018451355 | E84: 0.92763362 | F84: 0.0088533619 | H84: 1.0689218 | I84: 0.17771714 | K84: 3.4411328 | L84: 0.26625871 | N84: 35.559868 | O84: 0.72484754 | Q84: 59.930078 | R84: 0.85709227 | T84: 1.4299609 | U84: 0.17112361 | W84: 6.6729091 | X84: 0.29622744 | Z84: 45.424162 | AA84: 0.67222914 | AC84: 46.472968 | AD84: 0.77620528 | AF84: 2.4781169 | AG84: 0.2136735 | AI84: 9.6303823 | AJ84: 0.44191637 | AL84: 47.221323 | AM84: 0.74763272 | AO84: 40.670178 | AP84: 0.90689534 | AR84: 1.7334428 | AS84: 0.18369559 | AU84: 6.7988443 | AV84: 0.40807703 | AX84: 38.875623 | AY84: 0.73398527 | BA84: 52.59209 | BB84: 0.87374752 | BD84: 2.3428088 | BE84: 0.19504246 | BG84: 9.3003982 | BH84: 0.4408089 | BJ84: 46.52437 | BK84: 0.73680251 | BM84: 41.832423 | BN84: 0.81807497
A85: Qatar | B85: 0.011370983 | C85: 0.010549913 | E85: 1.0957898 | F85: 0.0064551736 | H85: 4.394602 | I85: 0.18687996 | K85: 8.0942569 | L85: 0.23312052 | N85: 40.134012 | O85: 0.36648166 | Q85: 47.377129 | R85: 0.3960575 | T85: 5.1255889 | U85: 0.24682374 | W85: 14.361529 | X85: 0.32272439 | Z85: 45.271883 | AA85: 0.47732683 | AC85: 35.241 | AD85: 0.39556585 | AF85: 6.2202465 | AG85: 0.20879438 | AI85: 15.878828 | AJ85: 0.34533668 | AL85: 40.856666 | AM85: 0.39706911 | AO85: 37.04426 | AP85: 0.37812974 | AR85: 3.7171225 | AS85: 0.17884257 | AU85: 10.269838 | AV85: 0.32860364 | AX85: 43.282279 | AY85: 0.37642032 | BA85: 42.730761 | BB85: 0.41598852 | BD85: 4.0621951 | BE85: 0.19204248 | BG85: 11.140158 | BH85: 0.2774214 | BJ85: 41.399376 | BK85: 0.44345861 | BM85: 43.39827 | BN85: 0.44518077
A86: Romania | B86: 0.19149298 | C86: 0.016470847 | E86: 0.9469587 | F86: 0.009878171 | H86: 1.5307814 | I86: 0.28321598 | K86: 5.2049477 | L86: 0.33100658 | N86: 46.385532 | O86: 0.84522143 | Q86: 46.878739 | R86: 0.86592031 | T86: 1.4421543 | U86: 0.17166731 | W86: 9.2987129 | X86: 0.45677115 | Z86: 39.801829 | AA86: 0.71398795 | AC86: 49.457304 | AD86: 0.81220915 | AF86: 5.1424762 | AG86: 0.35357066 | AI86: 20.918564 | AJ86: 0.59800645 | AL86: 52.296943 | AM86: 0.76755178 | AO86: 21.642017 | AP86: 0.83468806 | AR86: 1.0374131 | AS86: 0.20331069 | AU86: 6.8861062 | AV86: 0.35981387 | AX86: 45.131765 | AY86: 0.80487582 | BA86: 46.944715 | BB86: 0.84201606 | BD86: 1.4473329 | BE86: 0.16532513 | BG86: 6.492521 | BH86: 0.34757888 | BJ86: 40.839728 | BK86: 0.7602605 | BM86: 51.220418 | BN86: 0.79159962
A87: Russia | B87: -0.073158458 | C87: 0.019803257 | E87: 1.058483 | F87: 0.0091017647 | H87: 2.5347534 | I87: 0.23936572 | K87: 12.785347 | L87: 0.53310887 | N87: 42.747458 | O87: 0.65432366 | Q87: 41.932442 | R87: 0.82654343 | T87: 3.8684463 | U87: 0.26563274 | W87: 17.073153 | X87: 0.5438747 | Z87: 45.461814 | AA87: 0.66598349 | AC87: 33.596587 | AD87: 0.75986226 | AF87: 12.402662 | AG87: 0.44568231 | AI87: 30.815999 | AJ87: 0.53012856 | AL87: 39.783948 | AM87: 0.58959975 | AO87: 16.997392 | AP87: 0.48530928 | AR87: 2.1775029 | AS87: 0.21173388 | AU87: 8.8152774 | AV87: 0.43883037 | AX87: 41.168604 | AY87: 0.68836158 | BA87: 47.838616 | BB87: 0.78507593 | BD87: 5.7342557 | BE87: 0.32973798 | BG87: 18.514504 | BH87: 0.46162391 | BJ87: 42.98266 | BK87: 0.58712443 | BM87: 32.768581 | BN87: 0.78565817
A88: Saudi Arabia | B88: 0.03240399 | C88: 0.022368059 | E88: 1.0976206 | F88: 0.018049714 | H88: 7.5391482 | I88: 0.67952209 | K88: 7.0995196 | L88: 0.3838361 | N88: 39.41511 | O88: 0.75476669 | Q88: 45.946222 | R88: 0.94854361 | T88: 4.3270831 | U88: 0.50333221 | W88: 8.2072602 | X88: 0.37591384 | Z88: 38.315335 | AA88: 0.74050652 | AC88: 49.150322 | AD88: 0.84901446 | AF88: 6.1482274 | AG88: 0.42566395 | AI88: 10.395251 | AJ88: 0.3570183 | AL88: 31.050372 | AM88: 0.68814165 | AO88: 52.406149 | AP88: 0.72229537 | AR88: 5.5916177 | AS88: 0.47262426 | AU88: 8.8610892 | AV88: 0.3940704 | AX88: 34.433031 | AY88: 0.69483487 | BA88: 51.114262 | BB88: 0.71140012 | BD88: 6.5866556 | BE88: 0.43322648 | BG88: 10.507995 | BH88: 0.42029268 | BJ88: 36.195523 | BK88: 0.75029703 | BM88: 46.709827 | BN88: 0.74249884
A89: Serbia | B89: 0.23306812 | C89: 0.015660297 | E89: 1.045859 | F89: 0.012210178 | H89: 2.7072511 | I89: 0.30179684 | K89: 7.4689393 | L89: 0.368476 | N89: 35.524677 | O89: 0.69176968 | Q89: 54.299133 | R89: 0.74209999 | T89: 6.2606924 | U89: 0.34735099 | W89: 14.12587 | X89: 0.55064633 | Z89: 40.733608 | AA89: 0.66667645 | AC89: 38.87983 | AD89: 0.70461386 | AF89: 3.1833999 | AG89: 0.2858427 | AI89: 11.529601 | AJ89: 0.45275507 | AL89: 50.573618 | AM89: 0.6679956 | AO89: 34.713382 | AP89: 0.63956963 | AR89: 2.7068255 | AS89: 0.26931764 | AU89: 7.8465535 | AV89: 0.33413204 | AX89: 40.290485 | AY89: 0.63145146 | BA89: 49.156136 | BB89: 0.65644881 | BD89: 2.3299782 | BE89: 0.26332632 | BG89: 6.7573144 | BH89: 0.32499798 | BJ89: 33.978521 | BK89: 0.67238963 | BM89: 56.934186 | BN89: 0.66589868
A90: Singapore | B90: m | C90: m | E90: m | F90: m | H90: m | I90: m | K90: m | L90: m | N90: m | O90: m | Q90: m | R90: m | T90: m | U90: m | W90: m | X90: m | Z90: m | AA90: m | AC90: m | AD90: m | AF90: m | AG90: m | AI90: m | AJ90: m | AL90: m | AM90: m | AO90: m | AP90: m | AR90: m | AS90: m | AU90: m | AV90: m | AX90: m | AY90: m | BA90: m | BB90: m | BD90: m | BE90: m | BG90: m | BH90: m | BJ90: m | BK90: m | BM90: m | BN90: m
A91: Chinese Taipei | B91: 0.12495448 | C91: 0.013773203 | E91: 1.0052633 | F91: 0.0059566013 | H91: 0.73418382 | I91: 0.097068568 | K91: 5.4296827 | L91: 0.27490866 | N91: 44.461883 | O91: 0.58774017 | Q91: 49.374251 | R91: 0.67596574 | T91: 1.8297296 | U91: 0.1659084 | W91: 11.558621 | X91: 0.36050121 | Z91: 43.05078 | AA91: 0.71167361 | AC91: 43.56087 | AD91: 0.69637353 | AF91: 13.161897 | AG91: 0.36904378 | AI91: 43.550334 | AJ91: 0.66068115 | AL91: 37.109337 | AM91: 0.55095432 | AO91: 6.1784317 | AP91: 0.29538116 | AR91: 1.3101574 | AS91: 0.136135 | AU91: 7.5276687 | AV91: 0.30579002 | AX91: 47.811908 | AY91: 0.68197729 | BA91: 43.350266 | BB91: 0.71660912 | BD91: 1.4356985 | BE91: 0.12387141 | BG91: 9.5805275 | BH91: 0.37077067 | BJ91: 44.257132 | BK91: 0.58060361 | BM91: 44.726642 | BN91: 0.56849045
A92: Thailand | B92: 0.3185756 | C92: 0.017374263 | E92: 0.98032 | F92: 0.010969364 | H92: 0.85022533 | I92: 0.12908681 | K92: 7.0451163 | L92: 0.40732485 | N92: 33.071915 | O92: 0.74421418 | Q92: 59.032743 | R92: 0.77409175 | T92: 1.3080254 | U92: 0.17772254 | W92: 7.9684514 | X92: 0.45206638 | Z92: 34.874473 | AA92: 0.71255496 | AC92: 55.84905 | AD92: 0.77219751 | AF92: 1.2275405 | AG92: 0.14008617 | AI92: 16.488174 | AJ92: 0.60417589 | AL92: 56.432141 | AM92: 0.79529571 | AO92: 25.852145 | AP92: 0.84942009 | AR92: 1.3546605 | AS92: 0.17123055 | AU92: 9.320727 | AV92: 0.4704081 | AX92: 40.836613 | AY92: 0.71579875 | BA92: 48.487999 | BB92: 0.79210816 | BD92: 1.0786789 | BE92: 0.18070726 | BG92: 5.4717479 | BH92: 0.41022543 | BJ92: 28.630537 | BK92: 0.63063127 | BM92: 64.819036 | BN92: 0.7468957
A93: Ukraine | B93: 0.31006997 | C93: 0.012861744 | E93: 0.93983842 | F93: 0.0090778355 | H93: 1.132039 | I93: 0.16251941 | K93: 8.0243492 | L93: 0.32907017 | N93: 43.99506 | O93: 0.69749094 | Q93: 46.848552 | R93: 0.68153092 | T93: 2.4712139 | U93: 0.23451741 | W93: 11.792578 | X93: 0.41089839 | Z93: 45.135986 | AA93: 0.64370002 | AC93: 40.600222 | AD93: 0.66860328 | AF93: 12.816872 | AG93: 0.49941309 | AI93: 28.74757 | AJ93: 0.66248685 | AL93: 44.017156 | AM93: 0.81348014 | AO93: 14.418401 | AP93: 0.48505915 | AR93: 1.0539127 | AS93: 0.15519942 | AU93: 5.9266118 | AV93: 0.34759457 | AX93: 36.270564 | AY93: 0.69582922 | BA93: 56.748911 | BB93: 0.68595315 | BD93: 1.0605443 | BE93: 0.15728548 | BG93: 4.860075 | BH93: 0.29657073 | BJ93: 33.498588 | BK93: 0.8011799 | BM93: 60.580792 | BN93: 0.75852725
A94: United Arab Emirates | B94: 0.041395357 | C94: 0.013668361 | E94: 1.0816193 | F94: 0.0073429895 | H94: 3.4609046 | I94: 0.17789185 | K94: 6.699463 | L94: 0.26229917 | N94: 39.774438 | O94: 0.57989461 | Q94: 50.065194 | R94: 0.58166634 | T94: 3.9176356 | U94: 0.16744621 | W94: 12.613156 | X94: 0.3533919 | Z94: 45.341783 | AA94: 0.47315277 | AC94: 38.127425 | AD94: 0.42995991 | AF94: 5.2184994 | AG94: 0.22532827 | AI94: 14.468556 | AJ94: 0.38151278 | AL94: 40.595817 | AM94: 0.61446056 | AO94: 39.717128 | AP94: 0.68107055 | AR94: 4.3311805 | AS94: 0.21662543 | AU94: 11.20212 | AV94: 0.33786331 | AX94: 41.673454 | AY94: 0.58233195 | BA94: 42.793246 | BB94: 0.57198639 | BD94: 3.7572719 | BE94: 0.1997031 | BG94: 10.063792 | BH94: 0.47424583 | BJ94: 39.302499 | BK94: 0.45276283 | BM94: 46.876437 | BN94: 0.64927639
A95: Uruguay | B95: 0.18568817 | C95: 0.018444492 | E95: 0.92606079 | F95: 0.012199155 | H95: 1.6200828 | I95: 0.18824074 | K95: 4.3433328 | L95: 0.32309848 | N95: 46.603324 | O95: 0.90785034 | Q95: 47.43326 | R95: 0.93777518 | T95: 2.2320181 | U95: 0.24989612 | W95: 9.4497196 | X95: 0.52412937 | Z95: 47.1287 | AA95: 0.84663838 | AC95: 41.189563 | AD95: 0.86707488 | AF95: 5.6231297 | AG95: 0.35995038 | AI95: 16.489242 | AJ95: 0.63256629 | AL95: 52.393626 | AM95: 0.86651147 | AO95: 25.494002 | AP95: 0.78561651 | AR95: 1.7662277 | AS95: 0.25940579 | AU95: 5.1596883 | AV95: 0.3639862 | AX95: 43.955901 | AY95: 0.83934351 | BA95: 49.118183 | BB95: 0.88673984 | BD95: 1.6393662 | BE95: 0.24419534 | BG95: 6.3602361 | BH95: 0.39313007 | BJ95: 47.260433 | BK95: 0.88102795 | BM95: 44.739965 | BN95: 0.90142091
A96: Viet Nam | B96: m | C96: m | E96: m | F96: m | H96: 1.3190827 | I96: 0.2265278 | K96: 14.04818 | L96: 0.51987593 | N96: 46.154833 | O96: 0.63773744 | Q96: 38.477903 | R96: 0.72323979 | T96: 1.8513438 | U96: 0.18357806 | W96: 16.866713 | X96: 0.64699832 | Z96: 48.483044 | AA96: 0.84613664 | AC96: 32.798899 | AD96: 0.90092806 | AF96: 2.9011651 | AG96: 0.25413079 | AI96: 23.348836 | AJ96: 0.61377199 | AL96: 57.047843 | AM96: 0.84219662 | AO96: 16.702156 | AP96: 0.72934733 | AR96: 6.3855966 | AS96: 0.42237055 | AU96: 29.50763 | AV96: 0.93158238 | AX96: 49.836766 | AY96: 0.91516672 | BA96: 14.270007 | BB96: 0.55155614 | BD96: 0.47787645 | BE96: 0.12820107 | BG96: 8.9618659 | BH96: 0.36743389 | BJ96: 45.654719 | BK96: 0.68908001 | BM96: 44.905538 | BN96: 0.74246344
A101: Information on data for Cyprus: https://oe.cd/cyprus-disclaimer
A102: *Data did not meet the PISA technical standards but were accepted as largely comparable (see Annexes A2 and A4).
A104: 1. The index of positive feelings is based on three items: "happy", "joyful" and "cheerful".
A105: Note: Information regarding the proportion of the sample covered is shown next to the standard error. No symbol means at least 75% of the population was covered; one dagger (†) means at least 50% but less than 75%; and one double-dagger (‡) means less than 50% was covered. For comparisons across cycles, the coverage information corresponds to the cycle with the lowest sample coverage.

Sheet Table III.B1.12.2
A1: PISA 2018 Results (Volume III) - © OECD 2019
A2: Annex B1 | B2: Annex B1.12 Results (tables): Students' feelings
A3: Version 2 - Last updated: 02-Dec-2019
A4: Disclaimer: http://oe.cd/disclaimer
A6: Table III.B1.12.2
A7: Students' negative feelings
A8: Based on students' reports
B11: Percentage of students who reported feeling the following:
B12: Scared | N12: Miserable | Z12: Afraid | AL12: Sad
B13: Never | E13: Rarely | H13: Sometimes | K13: Always | N13: Never | Q13: Rarely | T13: Sometimes | W13: Always | Z13: Never | AC13: Rarely | AF13: Sometimes | AI13: Always | AL13: Never | AO13: Rarely | AR13: Sometimes | AU13: Always
B14: % | C14: S.E. | E14: % | F14: S.E. | H14: % | I14: S.E. | K14: % | L14: S.E. | N14: % | O14: S.E. | Q14: % | R14: S.E. | T14: % | U14: S.E. | W14: % | X14: S.E. | Z14: % | AA14: S.E. | AC14: % | AD14: S.E. | AF14: % | AG14: S.E. | AI14: % | AJ14: S.E. | AL14: % | AM14: S.E. | AO14: % | AP14: S.E. | AR14: % | AS14: S.E. | AU14: % | AV14: S.E.
A15: OECD
A16: Australia | B16: m | C16: m | E16: m | F16: m | H16: m | I16: m | K16: m | L16: m | N16: m | O16: m | Q16: m | R16: m | T16: m | U16: m | W16: m | X16: m | Z16: m | AA16: m | AC16: m | AD16: m | AF16: m | AG16: m | AI16: m | AJ16: m | AL16: m | AM16: m | AO16: m | AP16: m | AR16: m | AS16: m | AU16: m | AV16: m
A17: Austria | B17: 18.326901 | C17: 0.63620979 | E17: 49.385697 | F17: 0.86899202 | H17: 28.503796 | I17: 0.78649893 | K17: 3.7836062 | L17: 0.34246389 | N17: 11.466557 | O17: 0.45964381 | Q17: 48.272017 | R17: 0.77050185 | T17: 35.073468 | U17: 0.76374829 | W17: 5.1879582 | X17: 0.31083758 | Z17: 7.9873433 | AA17: 0.41386611 | AC17: 35.978954 | AD17: 0.76753261 | AF17: 45.369357 | AG17: 0.70516071 | AI17: 10.664346 | AJ17: 0.50002067 | AL17: 9.8265863 | AM17: 0.45829687 | AO17: 46.316903 | AP17: 0.81167841 | AR17: 38.436892 | AS17: 0.85606572 | AU17: 5.4196185 | AV17: 0.30309998
A18: Belgium | B18: m | C18: m | E18: m | F18: m | H18: m | I18: m | K18: m | L18: m | N18: m | O18: m | Q18: m | R18: m | T18: m | U18: m | W18: m | X18: m | Z18: m | AA18: m | AC18: m | AD18: m | AF18: m | AG18: m | AI18: m | AJ18: m | AL18: m | AM18: m | AO18: m | AP18: m | AR18: m | AS18: m | AU18: m | AV18: m
A19: Canada | B19: 15.127492 | C19: 0.37385417 | E19: 46.475588 | F19: 0.51829927 | H19: 33.005461 | I19: 0.54469038 | K19: 5.3914599 | L19: 0.2262172 | N19: 16.831583 | O19: 0.40244774 | Q19: 42.130551 | R19: 0.50494856 | T19: 34.913629 | U19: 0.47978269 | W19: 6.124237 | X19: 0.267035 | Z19: 16.442779 | AA19: 0.37901986 | AC19: 42.096135 | AD19: 0.49074051 | AF19: 34.028096 | AG19: 0.45311964 | AI19: 7.4329904 | AJ19: 0.20395318 | AL19: 8.1834052 | AM19: 0.27128923 | AO19: 35.395753 | AP19: 0.44129223 | AR19: 47.449758 | AS19: 0.50325073 | AU19: 8.9710832 | AV19: 0.3207138
A20: Chile | B20: 28.747107 | C20: 0.69680563 | E20: 46.715193 | F20: 0.85390307 | H20: 21.235684 | I20: 0.55928139 | K20: 3.3020157 | L20: 0.26475431 | N20: 16.104436 | O20: 0.53219485 | Q20: 33.31023 | R20: 0.61358215 | T20: 41.586106 | U20: 0.7484145 | W20: 8.9992284 | X20: 0.40414623 | Z20: 27.481362 | AA20: 0.75647819 | AC20: 46.298224 | AD20: 0.79445472 | AF20: 22.742587 | AG20: 0.60493436 | AI20: 3.4778268 | AJ20: 0.26394896 | AL20: 9.6317203 | AM20: 0.4047122 | AO20: 36.122426 | AP20: 0.60699929 | AR20: 46.35533 | AS20: 0.69514267 | AU20: 7.890524 | AV20: 0.40587915
A21: Colombia | B21: 11.573053 | C21: 0.50864148 | E21: 50.573809 | F21: 0.71188327 | H21: 33.917078 | I21: 0.67198521 | K21: 3.9360592 | L21: 0.31670759 | N21: 34.133089 | O21: 0.81521745 | Q21: 40.684376 | R21: 0.68365682 | T21: 21.75138 | U21: 0.58639159 | W21: 3.4311558 | X21: 0.25155383 | Z21: 5.179996 | AA21: 0.35496907 | AC21: 35.835758 | AD21: 0.80416 | AF21: 48.362988 | AG21: 0.71042399 | AI21: 10.621259 | AJ21: 0.55455744 | AL21: 7.3302806 | AM21: 0.41180265 | AO21: 42.721647 | AP21: 0.7832225 | AR21: 44.212254 | AS21: 0.74630499 | AU21: 5.7358178 | AV21: 0.29239589
A22: Czech Republic | B22: 8.2031991 | C22: 0.39997173 | E22: 37.169952 | F22: 0.71700932 | H22: 45.977967 | I22: 0.72661309 | K22: 8.6488813 | L22: 0.51396234 | N22: 10.380837 | O22: 0.46804984 | Q22: 45.966828 | R22: 0.59582249 | T22: 38.025985 | U22: 0.69487499 | W22: 5.6263506 | X22: 0.3730577 | Z22: 7.2004212 | AA22: 0.36272035 | AC22: 34.116034 | AD22: 0.76695493 | AF22: 46.214839 | AG22: 0.72332456 | AI22: 12.468706 | AJ22: 0.59621809 | AL22: 6.8291859 | AM22: 0.42494711 | AO22: 41.342281 | AP22: 0.71593597 | AR22: 45.263429 | AS22: 0.73250948 | AU22: 6.5651038 | AV22: 0.42580965
A23: Denmark | B23: 13.545513 | C23: 0.48079987 | E23: 51.997616 | F23: 0.85749564 | H23: 32.162474 | I23: 0.68980911 | K23: 2.2943975 | L23: 0.23838389 | N23: 20.754162 | O23: 0.52920678 | Q23: 50.560287 | R23: 0.72230813 | T23: 26.522243 | U23: 0.71039608 | W23: 2.1633075 | X23: 0.1953961 | Z23: 44.441774 | AA23: 0.6593541 | AC23: 32.487986 | AD23: 0.60440637 | AF23: 18.867598 | AG23: 0.50591213 | AI23: 4.2026414 | AJ23: 0.28553111 | AL23: 9.1017305 | AM23: 0.44393118 | AO23: 43.289754 | AP23: 0.69351928 | AR23: 44.424318 | AS23: 0.71206704 | AU23: 3.1841978 | AV23: 0.23547471
A24: Estonia | B24: 11.448359 | C24: 0.47936248 | E24: 54.996341 | F24: 0.77423608 | H24: 30.360034 | I24: 0.76249564 | K24: 3.195266 | L24: 0.28234781 | N24: 16.112746 | O24: 0.58330333 | Q24: 40.805111 | R24: 0.73329882 | T24: 35.900337 | U24: 0.72345161 | W24: 7.1818064 | X24: 0.44870028 | Z24: 7.0490131 | AA24: 0.37479592 | AC24: 40.141303 | AD24: 0.72245512 | AF24: 42.722685 | AG24: 0.80144749 | AI24: 10.086999 | AJ24: 0.5297027 | AL24: 5.5066916 | AM24: 0.35990477 | AO24: 43.169072 | AP24: 0.71042523 | AR24: 42.210107 | AS24: 0.75864811 | AU24: 9.1141299 | AV24: 0.44943366
A25: Finland | B25: 14.847719 | C25: 0.43424509 | E25: 59.147419 | F25: 0.6008791 | H25: 23.748747 | I25: 0.47661906 | K25: 2.2561155 | L25: 0.2304637 | N25: 16.500898 | O25: 0.53882062 | Q25: 51.668217 | R25: 0.65679223 | T25: 29.154974 | U25: 0.55995931 | W25: 2.6759112 | X25: 0.23774051 | Z25: 6.0068492 | AA25: 0.3305564 | AC25: 43.109663 | AD25: 0.5987248 | AF25: 43.494545 | AG25: 0.64147197 | AI25: 7.3889429 | AJ25: 0.35559977 | AL25: 6.7901452 | AM25: 0.37092554 | AO25: 47.451506 | AP25: 0.55706413 | AR25: 42.033067 | AS25: 0.53938949 | AU25: 3.7252827 | AV25: 0.25427983
A26: France | B26: 20.729229 | C26: 0.54135218 | E26: 50.921892 | F26: 0.81929537 | H26: 25.123204 | I26: 0.66405381 | K26: 3.2256748 | L26: 0.23371972 | N26: 16.807647 | O26: 0.5468403 | Q26: 46.259979 | R26: 0.72431266 | T26: 33.107281 | U26: 0.59568838 | W26: 3.8250932 | X26: 0.26286562 | Z26: 8.4519816 | AA26: 0.39042369 | AC26: 33.886892 | AD26: 0.61351551 | AF26: 42.830971 | AG26: 0.59105639 | AI26: 14.830156 | AJ26: 0.49121929 | AL26: 10.128164 | AM26: 0.3814828 | AO26: 44.051709 | AP26: 0.66915463 | AR26: 41.037079 | AS26: 0.68155591 | AU26: 4.7830479 | AV26: 0.25861588
A27: Germany | B27: 18.501087 | C27: 0.67676896 | D27: † | E27: 53.282833 | F27: 0.77201945 | G27: † | H27: 25.360367 | I27: 0.71418313 | J27: † | K27: 2.8557138 | L27: 0.27328554 | M27: † | N27: 9.6793477 | O27: 0.50848488 | P27: † | Q27: 49.300717 | R27: 0.7924181 | S27: † | T27: 36.755852 | U27: 0.85996116 | V27: † | W27: 4.2640829 | X27: 0.32505161 | Y27: † | Z27: 7.1664345 | AA27: 0.4777871 | AB27: † | AC27: 38.251871 | AD27: 0.78206924 | AE27: † | AF27: 44.628367 | AG27: 0.84473901 | AH27: † | AI27: 9.9533271 | AJ27: 0.53263055 | AK27: † | AL27: 8.557015 | AM27: 0.49129112 | AN27: † | AO27: 48.289495 | AP27: 0.84216782 | AQ27: † | AR27: 39.31585 | AS27: 0.85095072 | AT27: † | AU27: 3.8376403 | AV27: 0.368397 | AW27: †
A28: Greece | B28: 13.749462 | C28: 0.45792436 | E28: 47.963501 | F28: 0.75487539 | H28: 33.049034 | I28: 0.6253435 | K28: 5.2380024 | L28: 0.27456535 | N28: 17.32555 | O28: 0.49364835 | Q28: 46.586178 | R28: 0.65835715 | T28: 30.846526 | U28: 0.61914065 | W28: 5.2417456 | X28: 0.29755705 | Z28: 6.8879061 | AA28: 0.36835697 | AC28: 32.779505 | AD28: 0.6310674 | AF28: 45.564821 | AG28: 0.6942849 | AI28: 14.767767 | AJ28: 0.44193669 | AL28: 7.0242402 | AM28: 0.3445434 | AO28: 41.931126 | AP28: 0.66664648 | AR28: 45.534713 | AS28: 0.7273278 | AU28: 5.5099215 | AV28: 0.30715832
A29: Hungary | B29: 20.892561 | C29: 0.66564073 | E29: 49.540298 | F29: 0.82032444 | H29: 26.175988 | I29: 0.7137706 | K29: 3.3911523 | L29: 0.2919893 | N29: 13.5473 | O29: 0.51155031 | Q29: 45.039746 | R29: 0.84719471 | T29: 34.732333 | U29: 0.80958589 | W29: 6.6806213 | X29: 0.39122296 | Z29: 17.123065 | AA29: 0.65805964 | AC29: 41.933729 | AD29: 0.77694627 | AF29: 30.3802 | AG29: 0.70175279 | AI29: 10.563005 | AJ29: 0.55018365 | AL29: 10.240478 | AM29: 0.44645 | AO29: 44.897436 | AP29: 0.93168679 | AR29: 39.517343 | AS29: 0.86157697 | AU29: 5.3447437 | AV29: 0.38107354
A30: Iceland | B30: 24.244992 | C30: 0.78571375 | E30: 49.444279 | F30: 1.0068376 | H30: 23.4006 | I30: 0.77728127 | K30: 2.9101297 | L30: 0.34812649 | N30: 17.663475 | O30: 0.61527878 | Q30: 43.071724 | R30: 0.87729629 | T30: 33.160789 | U30: 0.7748697 | W30: 6.104011 | X30: 0.41227519 | Z30: 23.563578 | AA30: 0.83294621 | AC30: 48.182517 | AD30: 0.83343612 | AF30: 24.156158 | AG30: 0.69537061 | AI30: 4.0977474 | AJ30: 0.34175807 | AL30: 13.037307 | AM30: 0.53113155 | AO30: 42.65765 | AP30: 1.0188 | AR30: 38.535843 | AS30: 0.96637399 | AU30: 5.7691999 | AV30: 0.38859662
A31: Ireland | B31: 12.105211 | C31: 0.39574314 | E31: 51.696792 | F31: 0.69354154 | H31: 33.754629 | I31: 0.73645069 | K31: 2.4433685 | L31: 0.19806375 | N31: 16.186743 | O31: 0.55592204 | Q31: 47.65256 | R31: 0.68498693 | T31: 33.275554 | U31: 0.80103122 | W31: 2.885143 | X31: 0.24543758 | Z31: 14.330508 | AA31: 0.45254878 | AC31: 51.737857 | AD31: 0.69118434 | AF31: 31.016934 | AG31: 0.73187634 | AI31: 2.9147008 | AJ31: 0.2202136 | AL31: 4.4472876 | AM31: 0.24327871 | AO31: 37.523746 | AP31: 0.78094231 | AR31: 53.056025 | AS31: 0.73516452 | AU31: 4.9729417 | AV31: 0.29212985
A32: Israel | B32: m | C32: m | E32: m | F32: m | H32: m | I32: m | K32: m | L32: m | N32: m | O32: m | Q32: m | R32: m | T32: m | U32: m | W32: m | X32: m | Z32: m | AA32: m | AC32: m | AD32: m | AF32: m | AG32: m | AI32: m | AJ32: m | AL32: m | AM32: m | AO32: m | AP32: m | AR32: m | AS32: m | AU32: m | AV32: m
A33: Italy | B33: 12.738935 | C33: 0.45081645 | E33: 46.667779 | F33: 0.74930643 | H33: 36.29144 | I33: 0.62985991 | K33: 4.3018452 | L33: 0.31677434 | N33: 11.44823 | O33: 0.40871648 | Q33: 42.443545 | R33: 0.62418312 | T33: 39.70858 | U33: 0.65940684 | W33: 6.399645 | X33: 0.39894786 | Z33: 19.920193 | AA33: 0.55449582 | AC33: 49.027627 | AD33: 0.72918564 | AF33: 27.388867 | AG33: 0.70946843 | AI33: 3.6633133 | AJ33: 0.27213607 | AL33: 6.856278 | AM33: 0.35260236 | AO33: 37.888006 | AP33: 0.70563571 | AR33: 49.084406 | AS33: 0.762299 | AU33: 6.17131 | AV33: 0.37758502
A34: Japan | B34: 9.2318562 | C34: 0.41960074 | E34: 30.10525 | F34: 0.67926575 | H34: 50.725838 | I34: 0.78653486 | K34: 9.9370553 | L34: 0.41939548 | N34: 16.202347 | O34: 0.52558151 | Q34: 38.254687 | R34: 0.65265553 | T34: 37.449275 | U34: 0.63726401 | W34: 8.0936914 | X34: 0.39706809 | Z34: 4.1987839 | AA34: 0.29665004 | AC34: 12.608044 | AD34: 0.45906664 | AF34: 54.82643 | AG34: 0.62138441 | AI34: 28.366742 | AJ34: 0.62254814 | AL34: 6.6733032 | AM34: 0.36471349 | AO34: 27.727528 | AP34: 0.6008473 | AR34: 54.275049 | AS34: 0.74004733 | AU34: 11.324119 | AV34: 0.4806425
A35: Korea | B35: 15.735533 | C35: 0.5016564 | E35: 36.412794 | F35: 0.6553399 | H35: 38.304713 | I35: 0.67060176 | K35: 9.5469599 | L35: 0.39884646 | N35: 34.9915 | O35: 0.64395107 | Q35: 35.268279 | R35: 0.53212717 | T35: 24.325407 | U35: 0.55663288 | W35: 5.4148139 | X35: 0.32149105 | Z35: 7.8488954 | AA35: 0.39743495 | AC35: 23.375504 | AD35: 0.55445598 | AF35: 44.707738 | AG35: 0.57169937 | AI35: 24.067862 | AJ35: 0.65569225 | AL35: 11.817867 | AM35: 0.48105836 | AO35: 35.830267 | AP35: 0.62779369 | AR35: 42.504677 | AS35: 0.58211275 | AU35: 9.8471892 | AV35: 0.47887935
A36: Latvia | B36: 9.9088445 | C36: 0.46972537 | E36: 53.492613 | F36: 0.77855203 | H36: 32.298433 | I36: 0.77206987 | K36: 4.3001098 | L36: 0.31985614 | N36: 17.948021 | O36: 0.65939104 | Q36: 44.077877 | R36: 0.82332596 | T36: 31.27688 | U36: 0.71560206 | W36: 6.6972225 | X36: 0.386375 | Z36: 9.1415106 | AA36: 0.42630398 | AC36: 46.107386 | AD36: 0.7693368 | AF36: 36.612624 | AG36: 0.79386205 | AI36: 8.1384794 | AJ36: 0.43884609 | AL36: 6.2445903 | AM36: 0.35618966 | AO36: 43.392724 | AP36: 0.77145493 | AR36: 42.45507 | AS36: 0.77297644 | AU36: 7.9076152 | AV36: 0.45432578
A37: Lithuania | B37: 17.219221 | C37: 0.56068314 | E37: 52.059597 | F37: 0.72147107 | H37: 27.700967 | I37: 0.60297847 | K37: 3.0202162 | L37: 0.24461157 | N37: 31.890558 | O37: 0.64165606 | Q37: 38.573645 | R37: 0.69447951 | T37: 24.095424 | U37: 0.6423852 | W37: 5.4403729 | X37: 0.31089802 | Z37: 22.072914 | AA37: 0.56810714 | AC37: 46.538809 | AD37: 0.6617357 | AF37: 26.632748 | AG37: 0.56539344 | AI37: 4.7555284 | AJ37: 0.28636924 | AL37: 12.848346 | AM37: 0.52835015 | AO37: 42.537896 | AP37: 0.7779275 | AR37: 38.625623 | AS37: 0.72292345 | AU37: 5.9881349 | AV37: 0.34323387
A38: Luxembourg | B38: 16.799929 | C38: 0.53921584 | E38: 47.893205 | F38: 0.716319 | H38: 30.513351 | I38: 0.5948178 | K38: 4.7935156 | L38: 0.34327399 | N38: 11.048541 | O38: 0.44081687 | Q38: 45.029995 | R38: 0.69394949 | T38: 38.041455 | U38: 0.71568998 | W38: 5.8800096 | X38: 0.39240664 | Z38: 7.6436969 | AA38: 0.37381579 | AC38: 32.921342 | AD38: 0.61525763 | AF38: 46.864068 | AG38: 0.73973437 | AI38: 12.570892 | AJ38: 0.53689856 | AL38: 8.5846409 | AM38: 0.38957536 | AO38: 42.41652 | AP38: 0.70564838 | AR38: 42.678966 | AS38: 0.67135999 | AU38: 6.319873 | AV38: 0.36276092
A39: Mexico | B39: 22.967563 | C39: 0.66302708 | D39: † | E39: 47.913336 | F39: 0.58103092 | G39: † | H39: 26.427101 | I39: 0.69141041 | J39: † | K39: 2.6919998 | L39: 0.25360189 | M39: † | N39: 19.430103 | O39: 0.54105275 | Q39: 37.163982 | R39: 0.77938557 | T39: 37.021998 | U39: 0.76228827 | W39: 6.3839167 | X39: 0.35218456 | Z39: 22.300501 | AA39: 0.69662123 | AB39: † | AC39: 48.375798 | AD39: 0.7986451 | AE39: † | AF39: 26.379818 | AG39: 0.78425794 | AH39: † | AI39: 2.9438822 | AJ39: 0.23399958 | AK39: † | AL39: 11.72529 | AM39: 0.43380262 | AN39: † | AO39: 38.316052 | AP39: 0.72627961 | AQ39: † | AR39: 43.784832 | AS39: 0.77420372 | AT39: † | AU39: 6.1738253 | AV39: 0.34814768 | AW39: †
A40: Netherlands* | B40: 20.403573 | C40: 0.71238471 | E40: 50.940173 | F40: 0.83522318 | H40: 26.573048 | I40: 0.76711693 | K40: 2.0832053 | L40: 0.24600201 | N40: 22.099542 | O40: 0.81805903 | Q40: 47.12223 | R40: 0.92595123 | T40: 28.426881 | U40: 0.79066421 | W40: 2.3513466 | X40: 0.2686139 | Z40: 7.7523944 | AA40: 0.45690377 | AC40: 34.378499 | AD40: 0.80271681 | AF40: 50.145924 | AG40: 0.869853 | AI40: 7.7231825 | AJ40: 0.52125853 | AL40: 9.7067744 | AM40: 0.56748286 | AO40: 45.20026 | AP40: 0.80965651 | AR40: 42.463515 | AS40: 0.84969786 | AU40: 2.6294505 | AV40: 0.29122469
A41: New Zealand | B41: m | C41: m | E41: m | F41: m | H41: m | I41: m | K41: m | L41: m | N41: m | O41: m | Q41: m | R41: m | T41: m | U41: m | W41: m | X41: m | Z41: m | AA41: m | AC41: m | AD41: m | AF41: m | AG41: m | AI41: m | AJ41: m | AL41: m | AM41: m | AO41: m | AP41: m | AR41: m | AS41: m | AU41: m | AV41: m
A42: Norway | B42: m | C42: m | E42: m | F42: m | H42: m | I42: m | K42: m | L42: m | N42: m | O42: m | Q42: m | R42: m | T42: m | U42: m | W42: m | X42: m | Z42: m | AA42: m | AC42: m | AD42: m | AF42: m | AG42: m | AI42: m | AJ42: m | AL42: m | AM42: m | AO42: m | AP42: m | AR42: m | AS42: m | AU42: m | AV42: m
A43: Poland | B43: 14.720232 | C43: 0.54823994 | E43: 54.552356 | F43: 0.66567445 | H43: 26.960516 | I43: 0.58947858 | K43: 3.7668964 | L43: 0.31693202 | N43: 9.0238666 | O43: 0.3654307 | Q43: 46.565258 | R43: 0.74265859 | T43: 37.219906 | U43: 0.66547396 | W43: 7.1909695 | X43: 0.42462287 | Z43: 17.960772 | AA43: 0.50415426 | AC43: 56.821032 | AD43: 0.71721287 | AF43: 21.38372 | AG43: 0.57487866 | AI43: 3.8344751 | AJ43: 0.33117855 | AL43: 6.3085298 | AM43: 0.33156907 | AO43: 43.315193 | AP43: 0.70535315 | AR43: 42.597811 | AS43: 0.75795011 | AU43: 7.7784662 | AV43: 0.43599398
A44: Portugal* | B44: 15.266494 | C44: 0.60500235 | E44: 55.008705 | F44: 0.74997789 | H44: 27.937607 | I44: 0.68598996 | K44: 1.7871936 | L44: 0.16746691 | N44: 13.426366 | O44: 0.49134335 | Q44: 48.946227 | R44: 0.78329545 | T44: 35.114946 | U44: 0.78274742 | W44: 2.5124606 | X44: 0.26241716 | Z44: 2.3992727 | AA44: 0.20028499 | AC44: 20.217999 | AD44: 0.61109363 | AF44: 59.522352 | AG44: 0.70783647 | AI44: 17.860376 | AJ44: 0.5228149 | AL44: 6.6170298 | AM44: 0.38408364 | AO44: 45.025124 | AP44: 0.79335587 | AR44: 45.253503 | AS44: 0.82535949 | AU44: 3.1043437 | AV44: 0.33232248
A45: Slovak Republic | B45: 13.258023 | C45: 0.52939701 | E45: 52.361188 | F45: 0.63790968 | H45: 30.338288 | I45: 0.6573712 | K45: 4.0425014 | L45: 0.29056067 | N45: 10.955842 | O45: 0.50352096 | Q45: 42.424941 | R45: 0.77935344 | T45: 37.802173 | U45: 0.66336649 | W45: 8.8170443 | X45: 0.47406452 | Z45: 8.9496875 | AA45: 0.42276302 | AC45: 40.328714 | AD45: 0.72519285 | AF45: 39.889345 | AG45: 0.67299159 | AI45: 10.832253 | AJ45: 0.49667688 | AL45: 6.4664456 | AM45: 0.34724448 | AO45: 38.420717 | AP45: 0.76859348 | AR45: 45.593946 | AS45: 0.81892942 | AU45: 9.5188906 | AV45: 0.47309317
A46: Slovenia | B46: 15.104795 | C46: 0.55873265 | E46: 63.901689 | F46: 0.84434 | H46: 18.210478 | I46: 0.60876958 | K46: 2.783038 | L46: 0.23540925 | N46: 11.903962 | O46: 0.59175915 | Q46: 52.393456 | R46: 0.83774601 | T46: 29.142542 | U46: 0.77315384 | W46: 6.56004 | X46: 0.37207524 | Z46: 4.537111 | AA46: 0.31312727 | AC46: 43.13739 | AD46: 0.71131085 | AF46: 41.359284 | AG46: 0.70859998 | AI46: 10.966215 | AJ46: 0.5099395 | AL46: 6.5107094 | AM46: 0.40652531 | AO46: 58.757598 | AP46: 0.73991734 | AR46: 29.718966 | AS46: 0.73334535 | AU46: 5.0127263 | AV46: 0.32527114
A47: Spain | B47: 17.107023 | C47: 0.26914277 | E47: 51.901473 | F47: 0.33075811 | H47: 29.031641 | I47: 0.33960404 | K47: 1.9598627 | L47: 0.1176331 | N47: 17.710844 | O47: 0.3537069 | Q47: 44.156563 | R47: 0.41343299 | T47: 34.10065 | U47: 0.35618913 | W47: 4.0319425 | X47: 0.15936362 | Z47: 4.236196 | AA47: 0.17684203 | AC47: 24.634396 | AD47: 0.37636416 | AF47: 58.304865 | AG47: 0.47474256 | AI47: 12.824543 | AJ47: 0.3016469 | AL47: 6.9442088 | AM47: 0.19551987 | AO47: 39.056573 | AP47: 0.37527965 | AR47: 50.36937 | AS47: 0.40073334 | AU47: 3.6298488 | AV47: 0.16219693
A48: Sweden | B48: 16.725468 | C48: 0.69592067 | E48: 50.006286 | F48: 0.73917725 | H48: 29.986026 | I48: 0.70499602 | K48: 3.2822199 | L48: 0.25690996 | N48: 15.436286 | O48: 0.66044339 | Q48: 44.867012 | R48: 0.81425643 | T48: 34.628433 | U48: 0.71973078 | W48: 5.0682686 | X48: 0.32417781 | Z48: 8.5940453 | AA48: 0.48183039 | AC48: 37.900982 | AD48: 0.76800073 | AF48: 43.71933 | AG48: 0.77631109 | AI48: 9.7856431 | AJ48: 0.46377923 | AL48: 10.338388 | AM48: 0.61047179 | AO48: 39.686087 | AP48: 0.74122425 | AR48: 44.569378 | AS48: 0.7373929 | AU48: 5.4061468 | AV48: 0.31781272
A49: Switzerland | B49: 17.79588 | C49: 0.66863825 | E49: 52.44785 | F49: 0.74955427 | H49: 27.107032 | I49: 0.69957299 | K49: 2.6492382 | L49: 0.29724734 | N49: 10.735407 | O49: 0.4253382 | Q49: 51.062007 | R49: 0.84905406 | T49: 34.958489 | U49: 0.78495491 | W49: 3.2440969 | X49: 0.28456322 | Z49: 7.9924563 | AA49: 0.41174671 | AC49: 38.326758 | AD49: 0.73685134 | AF49: 44.834692 | AG49: 0.81908582 | AI49: 8.8460938 | AJ49: 0.43918526 | AL49: 8.9411094 | AM49: 0.43054402 | AO49: 47.25466 | AP49: 0.80781921 | AR49: 40.307623 | AS49: 0.73393889 | AU49: 3.4966072 | AV49: 0.30374708
A50: Turkey | B50: 23.806373 | C50: 0.65101909 | E50: 49.940683 | F50: 0.73089137 | H50: 22.531539 | I50: 0.60661909 | K50: 3.7214046 | L50: 0.2436412 | N50: 40.098683 | O50: 0.61141905 | Q50: 35.613301 | R50: 0.62039661 | T50: 17.951865 | U50: 0.47902255 | W50: 6.3361513 | X50: 0.36484325 | Z50: 13.412205 | AA50: 0.49012578 | AC50: 42.420879 | AD50: 0.69537145 | AF50: 32.325776 | AG50: 0.55396952 | AI50: 11.84114 | AJ50: 0.39782742 | AL50: 6.7899428 | AM50: 0.37012328 | AO50: 35.440588 | AP50: 0.61037218 | AR50: 44.782223 | AS50: 0.59551906 | AU50: 12.987246 | AV50: 0.52839055
A51: United Kingdom | B51: 13.60282 | C51: 0.39823084 | E51: 47.62382 | F51: 0.71493668 | H51: 33.767979 | I51: 0.69289763 | K51: 5.0053806 | L51: 0.29361606 | N51: 10.200976 | O51: 0.388219 | Q51: 37.351114 | R51: 0.7228973 | T51: 44.706122 | U51: 0.61630672 | W51: 7.7417888 | X51: 0.44492343 | Z51: 6.8360268 | AA51: 0.31782722 | AC51: 27.347529 | AD51: 0.68647721 | AF51: 45.876562 | AG51: 0.7084174 | AI51: 19.939882 | AJ51: 0.60950915 | AL51: 6.8609942 | AM51: 0.35618189 | AO51: 33.271547 | AP51: 0.63103646 | AR51: 51.118409 | AS51: 0.70270165 | AU51: 8.7490492 | AV51: 0.39646987
A52: United States* | B52: 14.293793 | C52: 0.5811967 | E52: 41.052975 | F52: 0.75863539 | H52: 39.005547 | I52: 0.86505981 | K52: 5.6476847 | L52: 0.36528325 | N52: 20.113598 | O52: 0.72993728 | Q52: 39.567978 | R52: 0.76396778 | T52: 34.212644 | U52: 0.65478084 | W52: 6.1057801 | X52: 0.46136496 | Z52: 17.929971 | AA52: 0.64215152 | AC52: 39.591808 | AD52: 0.64127565 | AF52: 36.376643 | AG52: 0.76762553 | AI52: 6.101578 | AJ52: 0.35348411 | AL52: 7.4868044 | AM52: 0.4483898 | AO52: 29.166175 | AP52: 0.64244504 | AR52: 52.377742 | AS52: 0.79231711 | AU52: 10.969278 | AV52: 0.51249873
A53: OECD average | B53: 16.210258 | C53: 0.098141799 | E53: 49.487281 | F53: 0.13097281 | H53: 30.296456 | I53: 0.11962717 | K53: 4.0060053 | L53: 0.052279193 | N53: 17.44247 | O53: 0.098028998 | Q53: 43.818457 | R53: 0.12811157 | T53: 33.280941 | U53: 0.12144775 | W53: 5.4581317 | X53: 0.06139917 | Z53: 12.282489 | AA53: 0.084586584 | AC53: 38.153029 | AD53: 0.12265181 | AF53: 39.297842 | AG53: 0.12196051 | AI53: 10.266641 | AJ53: 0.079828043 | AL53: 8.261109 | AM53: 0.073082569 | AO53: 41.183251 | AP53: 0.12765582 | AR53: 44.060722 | AS53: 0.1304061 | AU53: 6.4949179 | AV53: 0.065850737
A54: Partners
A55: Albania | B55: 19.602327 | C55: 0.61274201 | E55: 42.720073 | F55: 0.63758194 | H55: 32.965621 | I55: 0.6563862 | K55: 4.7119782 | L55: 0.31035901 | N55: 73.725439 | O55: 0.59018995 | Q55: 15.82546 | R55: 0.48527484 | T55: 7.4362595 | U55: 0.33550942 | W55: 3.0128415 | X55: 0.25451242 | Z55: 24.35317 | AA55: 0.59300563 | AC55: 36.614087 | AD55: 0.70389572 | AF55: 29.306832 | AG55: 0.63255385 | AI55: 9.7259109 | AJ55: 0.42496903 | AL55: 14.33648 | AM55: 0.54331357 | AO55: 43.120887 | AP55: 0.70393938 | AR55: 38.752016 | AS55: 0.77311857 | AU55: 3.7906174 | AV55: 0.24743637
A56: Argentina | B56: 18.604159 | C56: 0.65463472 | E56: 41.675288 | F56: 0.69259002 | H56: 33.941946 | I56: 0.69962236 | K56: 5.7786068 | L56: 0.33077429 | N56: 28.190738 | O56: 0.6133617 | Q56: 35.805213 | R56: 0.76170074 | T56: 30.108344 | U56: 0.64422239 | W56: 5.8957046 | X56: 0.34686282 | Z56: 25.420796 | AA56: 0.68450902 | AC56: 37.259502 | AD56: 0.67875204 | AF56: 30.548962 | AG56: 0.66322672 | AI56: 6.7707407 | AJ56: 0.3386808 | AL56: 11.389007 | AM56: 0.45362726 | AO56: 28.504066 | AP56: 0.63909013 | AR56: 48.865203 | AS56: 0.76247848 | AU56: 11.241724 | AV56: 0.45102026
A57: Baku (Azerbaijan) | B57: 22.616209 | C57: 0.67428214 | E57: 42.737812 | F57: 0.73648761 | H57: 29.447091 | I57: 0.59808056 | K57: 5.1988873 | L57: 0.41479172 | N57: 51.659019 | O57: 0.83161232 | Q57: 24.594484 | R57: 0.70154167 | T57: 17.423599 | U57: 0.61924324 | W57: 6.3228977 | X57: 0.42149798 | Z57: 13.82672 | AA57: 0.5482723 | AC57: 32.039867 | AD57: 0.60708365 | AF57: 39.794279 | AG57: 0.65018365 | AI57: 14.339134 | AJ57: 0.50689507 | AL57: 12.4841 | AM57: 0.50087286 | AO57: 36.722783 | AP57: 0.68183945 | AR57: 40.290974 | AS57: 0.68781187 | AU57: 10.502143 | AV57: 0.4464716
A58: Belarus | B58: 11.776626 | C58: 0.42927909 | E58: 59.325939 | F58: 0.73743423 | H58: 26.778627 | I58: 0.71017465 | K58: 2.1188081 | L58: 0.18586276 | N58: 20.017923 | O58: 0.52986114 | Q58: 53.261022 | R58: 0.64667619 | T58: 23.7774 | U58: 0.6122037 | W58: 2.943654 | X58: 0.24543639 | Z58: 18.54383 | AA58: 0.59868014 | AC58: 52.612696 | AD58: 0.7210709 | AF58: 25.966103 | AG58: 0.75401747 | AI58: 2.8773701 | AJ58: 0.20238218 | AL58: 7.6649357 | AM58: 0.4060337 | AO58: 47.331838 | AP58: 0.75062962 | AR58: 39.327854 | AS58: 0.8222161 | AU58: 5.6753722 | AV58: 0.38016979
A59: Bosnia and Herzegovina | B59: 20.044533 | C59: 0.67373461 | E59: 44.195412 | F59: 0.87054702 | H59: 30.768239 | I59: 0.79571414 | K59: 4.9918156 | L59: 0.32198683 | N59: 17.785063 | O59: 0.52734286 | Q59: 46.949942 | R59: 0.70405603 | T59: 29.47244 | U59: 0.74359845 | W59: 5.7925557 | X59: 0.35122894 | Z59: 13.707679 | AA59: 0.57035059 | AC59: 39.296243 | AD59: 0.69241471 | AF59: 38.830367 | AG59: 0.76935918 | AI59: 8.16571 | AJ59: 0.44930293 | AL59: 12.768488 | AM59: 0.61457886 | AO59: 44.329402 | AP59: 0.73450045 | AR59: 37.644986 | AS59: 0.75463332 | AU59: 5.2571249 | AV59: 0.35144884
A60: Brazil | B60: 15.513342 | C60: 0.49081302 | E60: 43.222426 | F60: 0.58620696 | H60: 35.724552 | I60: 0.49853302 | K60: 5.539679 | L60: 0.29041496 | N60: 26.478004 | O60: 0.59053511 | Q60: 33.300767 | R60: 0.56220752 | T60: 31.01823 | U60: 0.57131817 | W60: 9.2029992 | X60: 0.37640013 | Z60: 19.498213 | AA60: 0.55458236 | AC60: 32.484355 | AD60: 0.55824028 | AF60: 36.054777 | AG60: 0.59887969 | AI60: 11.962655 | AJ60: 0.46092787 | AL60: 7.7309978 | AM60: 0.34437792 | AO60: 28.359191 | AP60: 0.58423295 | AR60: 50.607084 | AS60: 0.69839591 | AU60: 13.302727 | AV60: 0.41067177
A61: Brunei Darussalam | B61: 6.0140986 | C61: 0.32761621 | E61: 34.082326 | F61: 0.60791274 | H61: 46.838814 | I61: 0.61874445 | K61: 13.064762 | L61: 0.44148196 | N61: 9.5116704 | O61: 0.37523317 | Q61: 37.973583 | R61: 0.68904937 | T61: 42.171368 | U61: 0.72027409 | W61: 10.343378 | X61: 0.41052052 | Z61: 6.4243618 | AA61: 0.34737537 | AC61: 33.668666 | AD61: 0.59272906 | AF61: 44.953007 | AG61: 0.59826653 | AI61: 14.953965 | AJ61: 0.42139377 | AL61: 3.4469705 | AM61: 0.22003095 | AO61: 28.420513 | AP61: 0.63266351 | AR61: 48.984471 | AS61: 0.55988801 | AU61: 19.148045 | AV61: 0.47794043
A62: B-S-J-Z (China) | B62: 6.3533053 | C62: 0.37300136 | E62: 35.006351 | F62: 0.67798152 | H62: 53.066006 | I62: 0.6474611 | K62: 5.5743372 | L62: 0.34756912 | N62: 8.0716966 | O62: 0.40183277 | Q62: 33.707785 | R62: 0.50036332 | T62: 51.168873 | U62: 0.64106981 | W62: 7.0516451 | X62: 0.39062377 | Z62: 2.1143956 | AA62: 0.20524248 | AC62: 11.335091 | AD62: 0.40044812 | AF62: 70.316549 | AG62: 0.5316766 | AI62: 16.233965 | AJ62: 0.51365253 | AL62: 2.2330774 | AM62: 0.23147954 | AO62: 14.66415 | AP62: 0.39686699 | AR62: 71.704196 | AS62: 0.50612119 | AU62: 11.398577 | AV62: 0.37363255
A63: Bulgaria | B63: 17.947759 | C63: 0.7089203 | E63: 49.188805 | F63: 0.7479641 | H63: 27.091544 | I63: 0.78452044 | K63: 5.7718925 | L63: 0.3736633 | N63: 16.040621 | O63: 0.6466677 | Q63: 44.445909 | R63: 0.67789096 | T63: 29.994544 | U63: 0.73946442 | W63: 9.5189256 | X63: 0.4938817 | Z63: 10.533373 | AA63: 0.64422305 | AC63: 33.77218 | AD63: 0.75498896 | AF63: 41.007299 | AG63: 0.76572586 | AI63: 14.687148 | AJ63: 0.52479556 | AL63: 11.291989 | AM63: 0.64869607 | AO63: 43.936535 | AP63: 0.7646666 | AR63: 36.865499 | AS63: 0.87752552 | AU63: 7.9059771 | AV63: 0.38647901
A64: Costa Rica | B64: 22.227337 | C64: 0.60510018 | E64: 53.422529 | F64: 0.62661808 | H64: 22.108031 | I64: 0.58258131 | K64: 2.2421031 | L64: 0.21558048 | N64: 21.462723 | O64: 0.66480881 | Q64: 47.812805 | R64: 0.73412894 | T64: 27.146775 | U64: 0.81406028 | W64: 3.5776964 | X64: 0.29068422 | Z64: 14.672587 | AA64: 0.52175033 | AC64: 54.508195 | AD64: 0.66902635 | AF64: 27.610707 | AG64: 0.66707295 | AI64: 3.2085109 | AJ64: 0.23146558 | AL64: 7.2303768 | AM64: 0.37647279 | AO64: 39.013326 | AP64: 0.62261921 | AR64: 47.294559 | AS64: 0.66457732 | AU64: 6.4617383 | AV64: 0.36127585
A65: Croatia | B65: 15.168088 | C65: 0.47011935 | E65: 47.602037 | F65: 0.62414877 | H65: 33.470203 | I65: 0.67936858 | K65: 3.759672 | L65: 0.26027695 | N65: 11.539794 | O65: 0.4595525 | Q65: 48.189435 | R65: 0.61778623 | T65: 34.739879 | U65: 0.72448933 | W65: 5.5308917 | X65: 0.30218698 | Z65: 5.3002189 | AA65: 0.29380377 | AC65: 36.500825 | AD65: 0.65395103 | AF65: 47.350759 | AG65: 0.72714119 | AI65: 10.848197 | AJ65: 0.44185736 | AL65: 8.4060218 | AM65: 0.45898485 | AO65: 45.862316 | AP65: 0.71267382 | AR65: 40.362183 | AS65: 0.78540687 | AU65: 5.3694787 | AV65: 0.29729621
A66: Cyprus | B66: 19.901945 | C66: 0.58934842 | E66: 50.857099 | F66: 0.69136819 | H66: 25.150789 | I66: 0.56448974 | K66: 4.0901674 | L66: 0.28289218 | N66: 31.949227 | O66: 0.69990802 | Q66: 39.03512 | R66: 0.7173423 | T66: 22.996272 | U66: 0.5925139 | W66: 6.0193807 | X66: 0.36228662 | Z66: 24.433184 | AA66: 0.63546746 | AC66: 48.143709 | AD66: 0.78451471 | AF66: 22.880609 | AG66: 0.47447112 | AI66: 4.5424979 | AJ66: 0.28569894 | AL66: 9.7400159 | AM66: 0.44907001 | AO66: 40.742546 | AP66: 0.76938767 | AR66: 42.66126 | AS66: 0.75068502 | AU66: 6.8561782 | AV66: 0.3996311
A67: Dominican Republic | B67: 30.471952 | C67: 1.0618969 | D67: † | E67: 40.775534 | F67: 1.050166 | G67: † | H67: 23.501287 | I67: 0.823707 | J67: † | K67: 5.2512271 | L67: 0.47812358 | M67: † | N67: 35.254855 | O67: 0.92303047 | P67: † | Q67: 35.392386 | R67: 0.88038186 | S67: † | T67: 22.5891 | U67: 0.79430359 | V67: † | W67: 6.7636596 | X67: 0.48592571 | Y67: † | Z67: 20.726663 | AA67: 0.8698579 | AB67: † | AC67: 41.67747 | AD67: 0.93227638 | AE67: † | AF67: 31.032879 | AG67: 0.80723957 | AH67: † | AI67: 6.5629877 | AJ67: 0.51709992 | AK67: † | AL67: 11.458313 | AM67: 0.69504193 | AN67: † | AO67: 32.158568 | AP67: 1.1101487 | AQ67: † | AR67: 46.163768 | AS67: 1.1121541 | AT67: † | AU67: 10.219351 | AV67: 0.5718263 | AW67: †
A68: Georgia | B68: 23.555977 | C68: 0.59633106 | E68: 49.221259 | F68: 0.76888209 | H68: 21.630567 | I68: 0.64604351 | K68: 5.5921972 | L68: 0.43588602 | N68: 41.539443 | O68: 0.87776381 | Q68: 34.419373 | R68: 0.68746859 | T68: 16.547983 | U68: 0.6163433 | W68: 7.4932012 | X68: 0.47886866 | Z68: 31.962622 | AA68: 0.77591238 | AC68: 43.561012 | AD68: 0.78893954 | AF68: 19.50569 | AG68: 0.64845251 | AI68: 4.970676 | AJ68: 0.36405497 | AL68: 13.259364 | AM68: 0.49180593 | AO68: 45.293192 | AP68: 0.87654774 | AR68: 32.857344 | AS68: 0.74177365 | AU68: 8.5900999 | AV68: 0.54579319
A69: Hong Kong (China)* | B69: 6.3383607 | C69: 0.44659431 | E69: 28.27646 | F69: 0.69229011 | H69: 55.857398 | I69: 0.69999253 | K69: 9.5277809 | L69: 0.36770268 | N69: 6.9261074 | O69: 0.40865884 | Q69: 31.642688 | R69: 0.56968102 | T69: 51.352417 | U69: 0.55731039 | W69: 10.078787 | X69: 0.40424525 | Z69: 3.8323861 | AA69: 0.35303042 | AC69: 13.607213 | AD69: 0.72582418 | AF69: 60.637023 | AG69: 0.78164791 | AI69: 21.923377 | AJ69: 0.77743131 | AL69: 3.4517249 | AM69: 0.31969405 | AO69: 19.262427 | AP69: 0.58599867 | AR69: 64.149675 | AS69: 0.6778546 | AU69: 13.136173 | AV69: 0.43126595
A70: Indonesia | B70: 2.7561741 | C70: 0.26212051 | E70: 34.281831 | F70: 0.81483602 | H70: 54.189665 | I70: 0.94009547 | K70: 8.7723298 | L70: 0.66683834 | N70: 31.363764 | O70: 0.92847034 | Q70: 41.403931 | R70: 0.81632449 | T70: 22.026305 | U70: 0.63683735 | W70: 5.2060001 | X70: 0.47464878 | Z70: 2.8248006 | AA70: 0.28235359 | AC70: 35.310186 | AD70: 0.7399495 | AF70: 50.409137 | AG70: 0.77188817 | AI70: 11.455877 | AJ70: 0.65733222 | AL70: 4.2376133 | AM70: 0.34470782 | AO70: 40.076929 | AP70: 0.8575331 | AR70: 47.706822 | AS70: 0.92270924 | AU70: 7.9786361 | AV70: 0.5219441
A71: Jordan | B71: 20.943838 | C71: 0.59724587 | E71: 43.64626 | F71: 0.70541255 | H71: 28.357278 | I71: 0.57693933 | K71: 7.0526233 | L71: 0.34220761 | N71: 32.533916 | O71: 0.65668491 | Q71: 36.476143 | R71: 0.81320452 | T71: 22.507983 | U71: 0.63447721 | W71: 8.4819585 | X71: 0.38511498 | Z71: 17.973671 | AA71: 0.53074917 | AC71: 41.040596 | AD71: 0.61450609 | AF71: 31.304001 | AG71: 0.52943288 | AI71: 9.6817319 | AJ71: 0.46575573 | AL71: 17.262537 | AM71: 0.5154568 | AO71: 39.746416 | AP71: 0.8516906 | AR71: 32.94234 | AS71: 0.64765786 | AU71: 10.048708 | AV71: 0.46232552
A72: Kazakhstan | B72: 22.983589 | C72: 0.48138386 | E72: 44.846064 | F72: 0.45749086 | H72: 28.939025 | I72: 0.50338698 | K72: 3.2313216 | L72: 0.15623603 | N72: 47.228379 | O72: 0.59753696 | Q72: 35.539491 | R72: 0.4455598 | T72: 14.515614 | U72: 0.35094174 | W72: 2.7165166 | X72: 0.15979452 | Z72: 19.404522 | AA72: 0.39468172 | AC72: 43.329434 | AD72: 0.44021166 | AF72: 31.077958 | AG72: 0.47612626 | AI72: 6.1880857 | AJ72: 0.24339017 | AL72: 21.004707 | AM72: 0.48897243 | AO72: 43.709733 | AP72: 0.43872159 | AR72: 30.386991 | AS72: 0.47878852 | AU72: 4.8985695 | AV72: 0.21230264
A73: Kosovo | B73: 21.275492 | C73: 0.71462996 | E73: 43.545064 | F73: 0.96557773 | H73: 32.674255 | I73: 0.78628932 | K73: 2.5051892 | L73: 0.25111091 | N73: 64.471339 | O73: 0.73862092 | Q73: 24.255321 | R73: 0.66975604 | T73: 8.3386295 | U73: 0.39724315 | W73: 2.9347107 | X73: 0.26634387 | Z73: 25.33767 | AA73: 0.72918492 | AC73: 42.536498 | AD73: 0.87441798 | AF73: 28.538114 | AG73: 0.79364056 | AI73: 3.587718 | AJ73: 0.26309285 | AL73: 16.322229 | AM73: 0.59493021 | AO73: 45.126536 | AP73: 0.7665758 | AR73: 34.834593 | AS73: 0.79714005 | AU73: 3.716642 | AV73: 0.31836961
A74: Lebanon | B74: 17.455143 | C74: 0.68431003 | E74: 40.831854 | F74: 0.96352819 | H74: 33.861836 | I74: 0.80055675 | K74: 7.8511675 | L74: 0.50471246 | N74: 25.478323 | O74: 0.75734237 | Q74: 33.736895 | R74: 0.84679515 | T74: 30.324667 | U74: 0.71007618 | W74: 10.460115 | X74: 0.60733094 | Z74: 12.575234 | AA74: 0.6112822 | AC74: 35.61776 | AD74: 0.96529794 | AF74: 42.35872 | AG74: 0.96851334 | AI74: 9.448286 | AJ74: 0.57622097 | AL74: 12.00604 | AM74: 0.56501444 | AO74: 37.14537 | AP74: 0.79688819 | AR74: 42.357277 | AS74: 0.82959217 | AU74: 8.491313 | AV74: 0.53150915
A75: Macao (China) | B75: 8.5943815 | C75: 0.45275416 | E75: 53.428072 | F75: 0.73503112 | H75: 31.703543 | I75: 0.82116003 | K75: 6.2740041 | L75: 0.41450124 | N75: 7.7166647 | O75: 0.4252422 | Q75: 45.352006 | R75: 0.79581687 | T75: 36.229475 | U75: 0.73146214 | W75: 10.701854 | X75: 0.54914823 | Z75: 7.4128325 | AA75: 0.41206806 | AC75: 45.461851 | AD75: 0.88107298 | AF75: 37.887498 | AG75: 0.81155192 | AI75: 9.237818 | AJ75: 0.51861975 | AL75: 5.0825496 | AM75: 0.36284622 | AO75: 34.978501 | AP75: 0.72351641 | AR75: 44.187883 | AS75: 0.78407123 | AU75: 15.751066 | AV75: 0.6990854
A76: Malaysia | B76: 9.8828497 | C76: 0.4713007 | E76: 52.748431 | F76: 0.71399442 | H76: 32.577255 | I76: 0.67504581 | K76: 4.7914643 | L76: 0.32198308 | N76: 21.614121 | O76: 0.72692269 | Q76: 45.774952 | R76: 0.61808748 | T76: 26.630151 | U76: 0.78344548 | W76: 5.9807759 | X76: 0.34162892 | Z76: 6.2159451 | AA76: 0.39699027 | AC76: 41.22993 | AD76: 0.72477692 | AF76: 40.534606 | AG76: 0.69696395 | AI76: 12.019519 | AJ76: 0.44590405 | AL76: 3.2200116 | AM76: 0.24723784 | AO76: 35.471117 | AP76: 0.66024839 | AR76: 45.173467 | AS76: 0.83867231 | AU76: 16.135404 | AV76: 0.55865561
A77: Malta | B77: 10.323995 | C77: 0.50417323 | E77: 41.508087 | F77: 0.88638518 | H77: 41.641776 | I77: 0.87762768 | K77: 6.5261429 | L77: 0.45951864 | N77: 17.172307 | O77: 0.6436978 | Q77: 42.114352 | R77: 0.81345678 | T77: 33.970112 | U77: 0.8779989 | W77: 6.7432292 | X77: 0.45074154 | Z77: 12.42318 | AA77: 0.52796908 | AC77: 42.980596 | AD77: 0.94300475 | AF77: 36.953637 | AG77: 0.89068458 | AI77: 7.6425865 | AJ77: 0.44315503 | AL77: 4.8317448 | AM77: 0.3654119 | AO77: 32.609869 | AP77: 0.73509223 | AR77: 53.25378 | AS77: 0.89646885 | AU77: 9.304607 | AV77: 0.54315027
A78: Moldova | B78: 17.084497 | C78: 0.56208131 | E78: 58.94104 | F78: 0.75586973 | H78: 22.029696 | I78: 0.58826866 | K78: 1.9447666 | L78: 0.2183291 | N78: 24.27027 | O78: 0.71972285 | Q78: 48.160857 | R78: 0.68689938 | T78: 24.720804 | U78: 0.56558526 | W78: 2.8480681 | X78: 0.27939219 | Z78: 10.752717 | AA78: 0.52714697 | AC78: 45.845921 | AD78: 0.71440106 | AF78: 35.860686 | AG78: 0.68755787 | AI78: 7.5406754 | AJ78: 0.37911274 | AL78: 7.6600184 | AM78: 0.47678648 | AO78: 47.583098 | AP78: 0.74591918 | AR78: 39.651737 | AS78: 0.69595216 | AU78: 5.1051471 | AV78: 0.36070465
A79: Montenegro | B79: 32.665487 | C79: 0.68524333 | E79: 44.33515 | F79: 0.61746813 | H79: 18.858216 | I79: 0.46813193 | K79: 4.1411468 | L79: 0.23177939 | N79: 58.232548 | O79: 0.54998534 | Q79: 25.928114 | R79: 0.5344378 | T79: 11.904377 | U79: 0.41020362 | W79: 3.9349609 | X79: 0.26699936 | Z79: 30.878801 | AA79: 0.61720583 | AC79: 43.918258 | AD79: 0.66224678 | AF79: 21.10318 | AG79: 0.45754572 | AI79: 4.0997605 | AJ79: 0.23847143 | AL79: 13.502102 | AM79: 0.45920279 | AO79: 42.892086 | AP79: 0.67711342 | AR79: 37.691806 | AS79: 0.61892594 | AU79: 5.9140056 | AV79: 0.27988815
A80: Morocco | B80: 16.974481 | C80: 0.59155024 | D80: † | E80: 40.265663 | F80: 0.94637685 | G80: † | H80: 34.843518 | I80: 0.79034821 | J80: † | K80: 7.9163385 | L80: 0.41546213 | M80: † | N80: 22.870442 | O80: 0.72700994 | P80: † | Q80: 37.219323 | R80: 0.83709159 | S80: † | T80: 31.447383 | U80: 0.76343502 | V80: † | W80: 8.4628516 | X80: 0.46242014 | Y80: † | Z80: 8.466454 | AA80: 0.47136432 | AB80: † | AC80: 32.964654 | AD80: 0.65776223 | AE80: † | AF80: 46.466921 | AG80: 0.73096668 | AH80: † | AI80: 12.101971 | AJ80: 0.4644032 | AK80: † | AL80: 11.562832 | AM80: 0.48781578 | AN80: † | AO80: 34.838546 | AP80: 0.81794387 | AQ80: † | AR80: 43.673456 | AS80: 0.78971368 | AT80: † | AU80: 9.9251655 | AV80: 0.47008027 | AW80: †
A81: North Macedonia | B81: 33.726003 | C81: 0.71125129 | E81: 43.453112 | F81: 0.74512694 | H81: 20.282839 | I81: 0.72611785 | K81: 2.5380466 | L81: 0.26273231 | N81: 63.514703 | O81: 0.62373154 | Q81: 22.533477 | R81: 0.61706527 | T81: 10.791913 | U81: 0.4445333 | W81: 3.1599066 | X81: 0.27445996 | Z81: 15.865641 | AA81: 0.50091928 | AC81: 41.766056 | AD81: 0.76792351 | AF81: 38.431174 | AG81: 0.81388931 | AI81: 3.9371291 | AJ81: 0.31242808 | AL81: 11.855772 | AM81: 0.46692146 | AO81: 43.887071 | AP81: 0.78996034 | AR81: 40.232574 | AS81: 0.78541019 | AU81: 4.0245832 | AV81: 0.32524896
A82: Panama | B82: 25.425884 | C82: 0.88041851 | D82: † | E82: 43.392603 | F82: 0.94752364 | G82: † | H82: 27.118901 | I82: 0.78316342 | J82: † | K82: 4.0626124 | L82: 0.36034032 | M82: † | N82: 20.227343 | O82: 0.70742029 | P82: † | Q82: 30.192587 | R82: 0.86298016 | S82: † | T82: 42.066414 | U82: 0.91462309 | V82: † | W82: 7.5136569 | X82: 0.4944659 | Y82: † | Z82: 21.322159 | AA82: 0.85399098 | AB82: † | AC82: 39.875294 | AD82: 0.90597027 | AE82: † | AF82: 34.282601 | AG82: 0.99565914 | AH82: † | AI82: 4.5199462 | AJ82: 0.39929644 | AK82: † | AL82: 12.105782 | AM82: 0.6253401 | AN82: † | AO82: 29.469616 | AP82: 0.92505162 | AQ82: † | AR82: 51.37441 | AS82: 0.94319774 | AT82: † | AU82: 7.0501914 | AV82: 0.51314564 | AW82: †
A83: Peru | B83: 25.284904 | C83: 0.67430032 | D83: † | E83: 47.265266 | F83: 0.74681157 | G83: † | H83: 25.220764 | I83: 0.74663996 | J83: † | K83: 2.2290657 | L83: 0.24642056 | M83: † | N83: 16.300972 | O83: 0.67715458 | P83: † | Q83: 37.520033 | R83: 0.73350492 | S83: † | T83: 40.285138 | U83: 0.72345856 | V83: † | W83: 5.8938559 | X83: 0.37851868 | Y83: † | Z83: 23.127861 | AA83: 0.73447452 | AB83: † | AC83: 47.026087 | AD83: 0.83955899 | AE83: † | AF83: 26.923447 | AG83: 0.74962135 | AH83: † | AI83: 2.9226045 | AJ83: 0.26340978 | AK83: † | AL83: 9.5021296 | AM83: 0.42499087 | AN83: † | AO83: 37.040694 | AP83: 0.73998112 | AQ83: † | AR83: 47.334284 | AS83: 0.65351123 | AT83: † | AU83: 6.1228915 | AV83: 0.40002013 | AW83: †
A84: Philippines | B84: 7.933967 | C84: 0.40370614 | E84: 30.969113 | F84: 0.68309659 | H84: 55.548872 | I84: 0.66193151 | K84: 5.5480479 | L84: 0.36396564 | N84: 15.821502 | O84: 0.49003181 | Q84: 36.965418 | R84: 0.57911687 | T84: 40.973425 | U84: 0.59561869 | W84: 6.2396546 | X84: 0.30735651 | Z84: 4.9912444 | AA84: 0.36368185 | AC84: 25.498577 | AD84: 0.55643405 | AF84: 56.718685 | AG84: 0.70124766 | AI84: 12.791494 | AJ84: 0.59419374 | AL84: 5.5692137 | AM84: 0.34882232 | AO84: 25.34246 | AP84: 0.5423206 | AR84: 60.68631 | AS84: 0.6282834 | AU84: 8.4020162 | AV84: 0.45456532
A85: Qatar | B85: 18.894976 | C85: 0.39928624 | E85: 42.819965 | F85: 0.47388918 | H85: 30.720803 | I85: 0.46103012 | K85: 7.5642562 | L85: 0.23616941 | N85: 20.987455 | O85: 0.3504386 | Q85: 40.027553 | R85: 0.41888469 | T85: 29.945849 | U85: 0.42086866 | W85: 9.0391437 | X85: 0.23668395 | Z85: 18.814901 | AA85: 0.31910031 | AC85: 40.956381 | AD85: 0.44582633 | AF85: 32.176006 | AG85: 0.39507995 | AI85: 8.0527118 | AJ85: 0.19622295 | AL85: 8.3041287 | AM85: 0.2463513 | AO85: 33.572618 | AP85: 0.44223837 | AR85: 46.254207 | AS85: 0.42242077 | AU85: 11.869047 | AV85: 0.29678986
A86: Romania | B86: 14.495652 | C86: 0.57774317 | E86: 52.205061 | F86: 0.78451619 | H86: 30.344821 | I86: 0.81759445 | K86: 2.9544658 | L86: 0.26727745 | N86: 14.419548 | O86: 0.61158539 | Q86: 50.734581 | R86: 0.68351438 | T86: 30.750579 | U86: 0.68803346 | W86: 4.0952926 | X86: 0.29602372 | Z86: 22.870241 | AA86: 0.77460325 | AC86: 46.984311 | AD86: 0.73685787 | AF86: 25.688387 | AG86: 0.66499283 | AI86: 4.4570611 | AJ86: 0.31744624 | AL86: 11.026174 | AM86: 0.53652241 | AO86: 49.342319 | AP86: 0.66823413 | AR86: 35.329907 | AS86: 0.69178447 | AU86: 4.3016 | AV86: 0.29736254
A87: Russia | B87: 17.806025 | C87: 0.52995564 | E87: 54.659393 | F87: 0.70494162 | H87: 24.266557 | I87: 0.51898236 | K87: 3.268025 | L87: 0.2474797 | N87: 55.537135 | O87: 1.068882 | Q87: 26.586435 | R87: 0.70214247 | T87: 12.653687 | U87: 0.44797783 | W87: 5.2227436 | X87: 0.35833052 | Z87: 17.843177 | AA87: 0.61741236 | AC87: 46.679964 | AD87: 0.69678236 | AF87: 28.176836 | AG87: 0.50376381 | AI87: 7.3000227 | AJ87: 0.3352828 | AL87: 10.805419 | AM87: 0.41404107 | AO87: 40.417647 | AP87: 0.72919438 | AR87: 39.26874 | AS87: 0.63072743 | AU87: 9.5081949 | AV87: 0.4235709
A88: Saudi Arabia | B88: 23.965432 | C88: 0.78635109 | E88: 45.082375 | F88: 0.82095337 | H88: 26.301052 | I88: 0.69214753 | K88: 4.6511415 | L88: 0.33490039 | N88: 36.255838 | O88: 0.66937037 | Q88: 38.925859 | R88: 0.68390226 | T88: 19.552889 | U88: 0.55919015 | W88: 5.2654142 | X88: 0.35668774 | Z88: 42.729026 | AA88: 0.81691742 | AC88: 37.148787 | AD88: 0.67890645 | AF88: 16.375616 | AG88: 0.56217127 | AI88: 3.7465712 | AJ88: 0.28394584 | AL88: 21.881828 | AM88: 0.58360796 | AO88: 39.420679 | AP88: 0.6531982 | AR88: 30.628788 | AS88: 0.70941491 | AU88: 8.068706 | AV88: 0.43368886
A89: Serbia | B89: 30.700778 | C89: 0.67980603 | E89: 43.957044 | F89: 0.73349744 | H89: 19.908246 | I89: 0.53795101 | K89: 5.4339323 | L89: 0.36919653 | N89: 48.450901 | O89: 0.76437111 | Q89: 28.896654 | R89: 0.76563165 | T89: 17.181259 | U89: 0.55310957 | W89: 5.4711868 | X89: 0.3193453 | Z89: 24.991993 | AA89: 0.66911691 | AC89: 44.321116 | AD89: 0.69236658 | AF89: 24.846751 | AG89: 0.63912949 | AI89: 5.8401397 | AJ89: 0.34574784 | AL89: 13.433588 | AM89: 0.58419386 | AO89: 39.267382 | AP89: 0.70299158 | AR89: 40.089306 | AS89: 0.70462055 | AU89: 7.2097239 | AV89: 0.39296503
A90: Singapore | B90: m | C90: m | E90: m | F90: m | H90: m | I90: m | K90: m | L90: m | N90: m | O90: m | Q90: m | R90: m | T90: m | U90: m | W90: m | X90: m | Z90: m | AA90: m | AC90: m | AD90: m | AF90: m | AG90: m | AI90: m | AJ90: m | AL90: m | AM90: m | AO90: m | AP90: m | AR90: m | AS90: m | AU90: m | AV90: m
A91: Chinese Taipei | B91: 10.38279 | C91: 0.35608844 | E91: 63.169855 | F91: 0.71509716 | H91: 23.766015 | I91: 0.54568828 | K91: 2.6813397 | L91: 0.22388752 | N91: 15.336855 | O91: 0.4776879 | Q91: 50.73012 | R91: 0.56764519 | T91: 28.661758 | U91: 0.50074519 | W91: 5.2712671 | X91: 0.297771 | Z91: 8.9778966 | AA91: 0.33537264 | AC91: 45.684491 | AD91: 0.7148997 | AF91: 38.101909 | AG91: 0.62229245 | AI91: 7.2357027 | AJ91: 0.34214571 | AL91: 7.2157385 | AM91: 0.37297631 | AO91: 44.989506 | AP91: 0.5983113 | AR91: 40.533053 | AS91: 0.66707603 | AU91: 7.2617018 | AV91: 0.33373265
A92: Thailand | B92: 10.885814 | C92: 0.54832194 | E92: 43.270527 | F92: 0.68246068 | H92: 40.36269 | I92: 0.67914976 | K92: 5.4809684 | L92: 0.3901868 | N92: 4.3737095 | O92: 0.36817081 | Q92: 37.225551 | R92: 0.6335632 | T92: 46.27118 | U92: 0.70324402 | W92: 12.12956 | X92: 0.51941487 | Z92: 4.8419825 | AA92: 0.40857276 | AC92: 35.259436 | AD92: 0.73534336 | AF92: 46.842532 | AG92: 0.73010006 | AI92: 13.05605 | AJ92: 0.54779126 | AL92: 5.028154 | AM92: 0.44708286 | AO92: 38.081039 | AP92: 0.84938447 | AR92: 45.347307 | AS92: 0.82069609 | AU92: 11.5435 | AV92: 0.50887724
A93: Ukraine | B93: 19.079629 | C93: 0.61185426 | E93: 54.136484 | F93: 0.76301966 | H93: 24.843001 | I93: 0.57306556 | K93: 1.9408861 | L93: 0.19866915 | N93: 53.904331 | O93: 0.70699872 | Q93: 31.941514 | R93: 0.60800823 | T93: 11.881854 | U93: 0.50164902 | W93: 2.2723009 | X93: 0.24110903 | Z93: 13.693643 | AA93: 0.57896691 | AC93: 51.572347 | AD93: 0.74685927 | AF93: 30.224364 | AG93: 0.55189531 | AI93: 4.509646 | AJ93: 0.32772613 | AL93: 8.7253192 | AM93: 0.41364566 | AO93: 43.688438 | AP93: 0.69883559 | AR93: 41.192235 | AS93: 0.6997622 | AU93: 6.3940074 | AV93: 0.35488754
A94: United Arab Emirates | B94: 23.377913 | C94: 0.46748394 | E94: 39.781291 | F94: 0.52737654 | H94: 28.749453 | I94: 0.39596446 | K94: 8.0913432 | L94: 0.48900052 | N94: 27.613341 | O94: 0.43305424 | Q94: 36.919066 | R94: 0.49088741 | T94: 27.261086 | U94: 0.5151338 | W94: 8.2065065 | X94: 0.295529 | Z94: 25.282642 | AA94: 0.50765038 | AC94: 38.420038 | AD94: 0.62543148 | AF94: 28.448244 | AG94: 0.42814641 | AI94: 7.8490769 | AJ94: 0.58267541 | AL94: 14.517857 | AM94: 0.42347652 | AO94: 33.370107 | AP94: 0.52481086 | AR94: 41.986562 | AS94: 0.50321803 | AU94: 10.125474 | AV94: 0.36788355
A95: Uruguay | B95: 31.661034 | C95: 0.75266328 | E95: 45.759343 | F95: 0.86221733 | H95: 19.816932 | I95: 0.58276738 | K95: 2.7626899 | L95: 0.27320731 | N95: 36.15869 | O95: 0.75597598 | Q95: 36.376921 | R95: 0.72064096 | T95: 23.278249 | U95: 0.6996096 | W95: 4.1861401 | X95: 0.31181697 | Z95: 25.233164 | AA95: 0.64984904 | AC95: 44.728197 | AD95: 0.68618347 | AF95: 26.182126 | AG95: 0.60941607 | AI95: 3.8565133 | AJ95: 0.32410331 | AL95: 10.665166 | AM95: 0.59637537 | AO95: 36.599714 | AP95: 0.86997557 | AR95: 45.334501 | AS95: 0.84554504 | AU95: 7.4006195 | AV95: 0.44078531
A96: Viet Nam | B96: 6.3339783 | C96: 0.37133813 | E96: 52.628347 | F96: 0.64754588 | H96: 32.656979 | I96: 0.74876866 | K96: 8.3806951 | L96: 0.49608775 | N96: 21.065619 | O96: 0.63172311 | Q96: 55.167264 | R96: 0.72604659 | T96: 18.993672 | U96: 0.64841443 | W96: 4.7734441 | X96: 0.34073484 | Z96: 6.6833379 | AA96: 0.30887567 | AC96: 48.992031 | AD96: 0.81674642 | AF96: 33.792065 | AG96: 0.73678536 | AI96: 10.532566 | AJ96: 0.46998353 | AL96: 4.3726308 | AM96: 0.3569729 | AO96: 47.714702 | AP96: 0.90664395 | AR96: 34.517625 | AS96: 0.88823401 | AU96: 13.395043 | AV96: 0.57843809
A101: Information on data for Cyprus: https://oe.cd/cyprus-disclaimer
A102: *Data did not meet the PISA technical standards but were accepted as largely comparable (see Annexes A2 and A4).
A104: Note: Information regarding the proportion of the sample covered is shown next to the standard error. No symbol means at least 75% of the population was covered; one dagger (†) means at least 50% but less than 75%; and one double-dagger (‡) means less than 50% was covered. For comparisons across cycles, the coverage information corresponds to the cycle with the lowest sample coverage.

Sheet Table III.B1.12.3
A1: PISA 2018 Results (Volume III) - © OECD 2019
A2: Annex B1 | B2: Annex B1.12 Results (tables): Students' feelings
A3: Version 2 - Last updated: 02-Dec-2019
A4: Disclaimer: http://oe.cd/disclaimer
A6: Table III.B1.12.3
A7: Prevalence of happiness in schools
A8: Based on students' reports
B11: Percentage of students who feel happy sometimes or always | E11: Percentage of students who are in schools where…
E12: Over 90% of students feel happy sometimes or always | H12: Between 75% and 90% of students feel happy sometimes or always | K12: Between 25% and 75% of students feel happy sometimes or always | N12: Between 10% and 25% of students feel happy sometimes or always | Q12: 10% of students or less feel happy sometimes or always
B14: % | C14: S.E. | E14: % | F14: S.E. | H14: % | I14: S.E. | K14: % | L14: S.E. | N14: % | O14: S.E. | Q14: % | R14: S.E.
A15: OECD
A16: Australia | B16: m | C16: m | E16: m | F16: m | H16: m | I16: m | K16: m | L16: m | N16: m | O16: m | Q16: m | R16: m
A17: Austria | B17: 91.434474 | C17: 0.46713294 | E17: 67.839586 | F17: 3.0328402 | H17: 28.297854 | I17: 2.938277 | K17: 3.8625606 | L17: 1.183681 | N17: 0 | O17: c | Q17: 0 | R17: c
A18: Belgium | B18: m | C18: m | E18: m | F18: m | H18: m | I18: m | K18: m | L18: m | N18: m | O18: m | Q18: m | R18: m
A19: Canada | B19: 93.195559 | C19: 0.21534035 | E19: 76.019739 | F19: 1.9629649 | H19: 23.197079 | I19: 1.9227315 | K19: 0.31742133 | L19: 0.13427188 | N19: 0 | O19: c | Q19: 0.46576087 | R19: 0.45916424
A20: Chile | B20: 93.697992 | C20: 0.35851601 | E20: 80.342035 | F20: 2.7803762 | H20: 18.315293 | I20: 2.7519826 | K20: 1.3109873 | L20: 0.522297 | N20: 0 | O20: c | Q20: 0.031684749 | R20: 0.031599494
A21: Colombia | B21: 92.753771 | C21: 0.37176031 | E21: 70.81681 | F21: 3.3578227 | H21: 28.592878 | I21: 3.3566126 | K21: 0.59031204 | L21: 0.36338721 | N21: 0 | O21: c | Q21: 0 | R21: c
A22: Czech Republic | B22: 86.440225 | C22: 0.5819767 | E22: 43.89565 | F22: 2.834436 | H22: 43.066113 | I22: 2.8904675 | K22: 13.038237 | L22: 1.9313118 | N22: 0 | O22: c | Q22: 0 | R22: c
A23: Denmark | B23: 91.136268 | C23: 0.41554989 | E23: 64.547836 | F23: 2.9308074 | H23: 32.431913 | I23: 2.81221 | K23: 3.0202501 | L23: 1.0428909 | N23: 0 | O23: c | Q23: 0 | R23: c
A24: Estonia | B24: 89.134847 | C24: 0.53414207 | E24: 50.580089 | F24: 2.2336476 | H24: 44.430694 | I24: 2.1399435 | K24: 4.7461658 | L24: 0.97983481 | N24: 0.18725783 | O24: 0.18739217 | Q24: 0.055794283 | R24: 0.055714091
A25: Finland | B25: 90.82094 | C25: 0.38994079 | E25: 57.48236 | F25: 3.120246 | H25: 40.820137 | I25: 3.1427829 | K25: 1.6295363 | L25: 0.46308198 | N25: 0 | O25: c | Q25: 0.067967289 | R25: 0.067211315
A26: France | B26: 93.532811 | C26: 0.34364362 | E26: 76.233998 | F26: 2.8079947 | H26: 22.428421 | I26: 2.8234679 | K26: 1.337581 | L26: 0.58646741 | N26: 0 | O26: c | Q26: 0 | R26: c
A27: Germany | B27: 91.78956 | C27: 0.52507164 | E27: 67.316879 | F27: 3.5803586 | H27: 29.755683 | I27: 3.4677763 | K27: 2.9274377 | L27: 1.3667869 | N27: 0 | O27: c | Q27: 0 | R27: c
A28: Greece | B28: 89.364723 | C28: 0.4691103 | E28: 56.649491 | F28: 3.0695286 | H28: 37.987695 | I28: 2.9478313 | K28: 5.2881897 | L28: 1.3705088 | N28: 0 | O28: c | Q28: 0.074623971 | R28: 0.055530429
A29: Hungary | B29: 92.038943 | C29: 0.46487575 | E29: 70.844739 | F29: 2.9447006 | H29: 25.536171 | I29: 2.8165818 | K29: 3.5649684 | L29: 0.87724546 | N29: 0 | O29: c | Q29: 0.05412106 | R29: 0.054303521
A30: Iceland | B30: 90.940236 | C30: 0.51934868 | E30: 64.661233 | F30: 0.22490465 | H30: 32.896089 | I30: 0.20637131 | K30: 2.353223 | L30: 0.094732607 | N30: 0 | O30: c | Q30: 0.089455122 | R30: 0.05150868
A31: Ireland | B31: 95.763261 | C31: 0.32245798 | E31: 92.750551 | F31: 2.1694812 | H31: 6.2414647 | I31: 2.0031162 | K31: 1.0079839 | L31: 0.80804322 | N31: 0 | O31: c | Q31: 0 | R31: c
A32: Israel | B32: m | C32: m | E32: m | F32: m | H32: m | I32: m | K32: m | L32: m | N32: m | O32: m | Q32: m | R32: m
A33: Italy | B33: 91.237804 | C33: 0.41154414 | E33: 62.884601 | F33: 2.9131534 | H33: 33.453579 | I33: 2.8949324 | K33: 3.6594468 | L33: 0.91458238 | N33: 0 | O33: c | Q33: 0.0023724043 | R33: 0.0023729845
A34: Japan | B34: 91.167329 | C34: 0.41127383 | E34: 64.845853 | F34: 3.2819797 | H34: 32.09837 | I34: 3.1393649 | K34: 3.055777 | L34: 1.2176864 | N34: 0 | O34: c | Q34: 0 | R34: c
A35: Korea | B35: 86.740345 | C35: 0.48511272 | E35: 31.577822 | F35: 3.5680498 | H35: 61.82933 | I35: 3.6349531 | K35: 6.592848 | L35: 1.9513447 | N35: 0 | O35: c | Q35: 0 | R35: c
A36: Latvia | B36: 87.132254 | C36: 0.54547485 | E36: 39.689149 | F36: 1.9818306 | H36: 49.204988 | I36: 1.9524492 | K36: 11.105863 | L36: 1.2271038 | N36: 0 | O36: c | Q36: 0 | R36: c
A37: Lithuania | B37: 90.300661 | C37: 0.45078578 | E37: 61.555058 | F37: 1.7792175 | H37: 32.9893 | I37: 1.7633083 | K37: 5.3302602 | L37: 0.8399074 | N37: 0 | O37: c | Q37: 0.12538196 | R37: 0.10705859
A38: Luxembourg | B38: 91.271227 | C38: 0.39101044 | E38: 65.635529 | F38: 0.098863478 | H38: 34.364471 | I38: 0.098863478 | K38: 0 | L38: c | N38: 0 | O38: c | Q38: 0 | R38: c
A39: Mexico | B39: 95.619759 | C39: 0.32207924 | E39: 90.230431 | F39: 1.9783487 | H39: 8.8930014 | I39: 1.8716334 | K39: 0.65238097 | L39: 0.41967276 | N39: 0 | O39: c | Q39: 0.22418653 | R39: 0.22215179
A40: Netherlands* | B40: 96.844312 | C40: 0.30715351 | E40: 90.078256 | F40: 2.1691914 | H40: 9.8798066 | I40: 2.1690799 | K40: 0.041937733 | L40: 0.041751329 | N40: 0 | O40: c | Q40: 0 | R40: c
A41: New Zealand | B41: m | C41: m | E41: m | F41: m | H41: m | I41: m | K41: m | L41: m | N41: m | O41: m | Q41: m | R41: m
A42: Norway | B42: m | C42: m | E42: m | F42: m | H42: m | I42: m | K42: m | L42: m | N42: m | O42: m | Q42: m | R42: m
A43: Poland | B43: 86.918636 | C43: 0.59056067 | E43: 42.729419 | F43: 3.6072339 | H43: 50.508725 | I43: 3.4408162 | K43: 6.5497881 | L43: 1.5835966 | N43: 0 | O43: c | Q43: 0.2120679 | R43: 0.15194722
A44: Portugal* | B44: 95.818281 | C44: 0.30127681 | E44: 87.034308 | F44: 2.0541446 | H44: 12.725512 | I44: 2.0709252 | K44: 0.24018022 | L44: 0.18072375 | N44: 0 | O44: c | Q44: 0 | R44: c
A45: Slovak Republic | B45: 86.988715 | C45: 0.49007979 | E45: 40.719933 | F45: 2.6208293 | H45: 47.396462 | I45: 2.7732745 | K45: 11.782495 | L45: 1.4607753 | N45: 0 | O45: c | Q45: 0.10110961 | R45: 0.10322733
A46: Slovenia | B46: 82.750477 | C46: 0.59522999 | E46: 17.718138 | F46: 0.59470855 | H46: 64.751278 | I46: 0.51121957 | K46: 17.390205 | L46: 0.46080503 | N46: 0 | O46: c | Q46: 0.14037846 | R46: 0.10265958
A47: Spain | B47: 96.17711 | C47: 0.16422024 | E47: 91.573391 | F47: 1.2533211 | H47: 8.2839728 | I47: 1.2296151 | K47: 0.14263574 | L47: 0.10779138 | N47: 0 | O47: c | Q47: 0 | R47: c
A48: Sweden | B48: 88.384416 | C48: 0.53193898 | E48: 46.907758 | F48: 3.1945829 | H48: 47.045847 | I48: 3.6828255 | K48: 6.0270706 | L48: 1.8072052 | N48: 0 | O48: c | Q48: 0.019323503 | R48: 0.0202232
A49: Switzerland | B49: 94.742093 | C49: 0.4402057 | E49: 81.701327 | F49: 3.0824402 | H49: 17.266027 | I49: 3.2237476 | K49: 1.0326457 | L49: 0.96981124 | N49: 0 | O49: c | Q49: 0 | R49: c
A50: Turkey | B50: 81.412438 | C50: 0.56813411 | E50: 16.154481 | F50: 2.7386133 | H50: 63.241969 | I50: 3.5772932 | K50: 20.510446 | L50: 2.6321467 | N50: 0.093104139 | O50: 0.092523231 | Q50: 0 | R50: c
A51: United Kingdom | B51: 92.608904 | C51: 0.40103389 | E51: 72.321885 | F51: 2.9816529 | H51: 26.915481 | I51: 2.876106 | K51: 0.76263401 | L51: 0.80108043 | N51: 0 | O51: c | Q51: 0 | R51: c
A52: United States* | B52: 92.884322 | C52: 0.4407547 | E52: 75.581365 | F52: 3.8915731 | H52: 22.663399 | I52: 3.8137835 | K52: 1.7552358 | L52: 1.2287303 | N52: 0 | O52: c | Q52: 0 | R52: c
A53: OECD average | B53: 90.970084 | C53: 0.078591626 | E53: 63.091241 | F53: 0.4759215 | H53: 32.422156 | I53: 0.47835563 | K53: 4.4258345 | L53: 0.19773733 | N53: 0.0087613114 | O53: 0.0065309043 | Q53: 0.052007116 | R53: 0.018050704
A54: Partners
A55: Albania | B55: 95.237549 | C55: 0.32528635 | E55: 84.290854 | F55: 2.0179978 | H55: 14.765296 | I55: 1.9124823 | K55: 0.89634415 | L55: 0.37704331 | N55: 0 | O55: c | Q55: 0.047505979 | R55: 0.043358859
A56: Argentina | B56: 91.880849 | C56: 0.39315701 | E56: 63.640022 | F56: 2.689643 | H56: 34.492782 | I56: 2.6835182 | K56: 1.8671964 | L56: 0.74044009 | N56: 0 | O56: c | Q56: 0 | R56: c
A57: Baku (Azerbaijan) | B57: 84.760317 | C57: 0.57892889 | E57: 28.115165 | F57: 3.3535385 | H57: 59.769261 | I57: 3.6727052 | K57: 12.115574 | L57: 2.1108735 | N57: 0 | O57: c | Q57: 0 | R57: c
A58: Belarus | B58: 91.96599 | C58: 0.48243377 | E58: 69.586885 | F58: 3.6851595 | H58: 28.468769 | I58: 3.5837556 | K58: 1.9443461 | L58: 0.93322945 | N58: 0 | O58: c | Q58: 0 | R58: c
A59: Bosnia and Herzegovina | B59: 92.252528 | C59: 0.38512251 | E59: 71.781365 | F59: 3.1436634 | H59: 26.391228 | I59: 3.0760786 | K59: 1.8274068 | L59: 0.70688432 | N59: 0 | O59: c | Q59: 0 | R59: c
A60: Brazil | B60: 90.194636 | C60: 0.34856756 | E60: 56.986368 | F60: 2.5393932 | H60: 37.659907 | I60: 2.4724307 | K60: 5.2687276 | L60: 0.76877463 | N60: 0 | O60: c | Q60: 0.084997828 | R60: 0.065325084
A61: Brunei Darussalam | B61: 93.454548 | C61: 0.32226426 | E61: 89.070074 | F61: 0.063843832 | H61: 10.929926 | I61: 0.063843832 | K61: 0 | L61: c | N61: 0 | O61: c | Q61: 0 | R61: c
A62: B-S-J-Z (China) | B62: 98.182662 | C62: 0.18040884 | E62: 98.385042 | F62: 0.79393769 | H62: 1.5671249 | I62: 0.79225151 | K62: 0.047833348 | L62: 0.047868548 | N62: 0 | O62: c | Q62: 0 | R62: c
A63: Bulgaria | B63: 86.612135 | C63: 0.81865572 | E63: 40.362107 | F63: 3.7804579 | H63: 47.822569 | I63: 3.6390309 | K63: 11.815324 | L63: 2.5037515 | N63: 0 | O63: c | Q63: 0 | R63: c
A64: Costa Rica | B64: 95.413004 | C64: 0.28170755 | E64: 91.079537 | F64: 2.0339688 | H64: 8.920463 | I64: 2.0339688 | K64: 0 | L64: c | N64: 0 | O64: c | Q64: 0 | R64: c
A65: Croatia | B65: 94.159664 | C65: 0.34640588 | E65: 83.828785 | F65: 2.4141876 | H65: 15.32317 | I65: 2.353083 | K65: 0.84804544 | L65: 0.56284367 | N65: 0 | O65: c | Q65: 0 | R65: c
A66: Cyprus | B66: 88.353367 | C66: 0.45736797 | E66: 47.236297 | F66: 0.73303104 | H66: 44.059931 | I66: 0.8048074 | K66: 8.7037725 | L66: 0.29550938 | N66: 0 | O66: c | Q66: 0 | R66: c
A67: Dominican Republic | B67: 91.860592 | C67: 0.55078161 | D67: † | E67: 67.553587 | F67: 3.10457 | H67: 28.922293 | I67: 3.0712624 | K67: 3.1761502 | L67: 1.0730707 | N67: 0 | O67: c | Q67: 0.34796992 | R67: 0.21086264
A68: Georgia | B68: 73.942067 | C68: 0.90567755 | E68: 14.856048 | F68: 2.1039127 | H68: 35.187968 | I68: 2.9606987 | K68: 48.714083 | L68: 3.0990617 | N68: 0.41769001 | O68: 0.31031352 | Q68: 0.8242117 | R68: 0.44912055
A69: Hong Kong (China)* | B69: 95.607145 | C69: 0.33098531 | E69: 91.572008 | F69: 2.2701598 | H69: 8.1823552 | I69: 2.3168988 | K69: 0.24563718 | L69: 0.40513655 | N69: 0 | O69: c | Q69: 0 | R69: c
A70: Indonesia | B70: 91.22676 | C70: 0.45689214 | E70: 63.789719 | F70: 3.7251732 | H70: 32.666234 | I70: 3.4596891 | K70: 3.5440471 | L70: 1.5106658 | N70: 0 | O70: c | Q70: 0 | R70: c
A71: Jordan | B71: 80.624548 | C71: 0.74595272 | E71: 24.459457 | F71: 2.8007196 | H71: 47.166839 | I71: 3.197627 | K71: 28.159235 | L71: 2.4744652 | N71: 0.21446935 | O71: 0.21469498 | Q71: 0 | R71: c
A72: Kazakhstan | B72: 92.689853 | C72: 0.24306224 | E72: 70.65616 | F72: 2.5364026 | H72: 28.253257 | I72: 2.5106617 | K72: 1.0905834 | L72: 0.49080588 | N72: 0 | O72: c | Q72: 0 | R72: c
A73: Kosovo | B73: 94.142994 | C73: 0.39222817 | E73: 77.816389 | F73: 1.5930538 | H73: 20.543541 | I73: 1.5616744 | K73: 1.6400704 | L73: 0.35879826 | N73: 0 | O73: c | Q73: 0 | R73: c
A74: Lebanon | B74: 81.766597 | C74: 1.0237099 | E74: 38.856401 | F74: 2.989824 | H74: 32.621464 | I74: 2.9550498 | K74: 27.305172 | L74: 2.5705857 | N74: 0.64364446 | O74: 0.38048596 | Q74: 0.57331823 | R74: 0.29172216
A75: Macao (China) | B75: 89.413051 | C75: 0.52394507 | E75: 39.812225 | F75: 0.056155615 | H75: 59.924548 | I75: 0.056280152 | K75: 0.26322717 | L75: 0.00023496086 | N75: 0 | O75: c | Q75: 0 | R75: c
A76: Malaysia | B76: 93.775506 | C76: 0.46588422 | E76: 80.98656 | F76: 2.7888099 | H76: 17.106082 | I76: 2.586938 | K76: 1.9073578 | L76: 1.0950328 | N76: 0 | O76: c | Q76: 0 | R76: c
A77: Malta | B77: 93.636116 | C77: 0.46231402 | E77: 81.013902 | F77: 0.1047783 | H77: 18.986098 | I77: 0.1047783 | K77: 0 | L77: c | N77: 0 | O77: c | Q77: 0 | R77: c
A78: Moldova | B78: 92.358451 | C78: 0.39844587 | E78: 69.743223 | F78: 3.1502044 | H78: 29.199864 | I78: 3.1739318 | K78: 1.0569133 | L78: 0.43216512 | N78: 0 | O78: c | Q78: 0 | R78: c
A79: Montenegro | B79: 92.819065 | C79: 0.33772348 | E79: 82.966797 | F79: 0.64222219 | H79: 16.392318 | I79: 0.53210702 | K79: 0.64088573 | L79: 0.38436569 | N79: 0 | O79: c | Q79: 0 | R79: c
A80: Morocco | B80: 88.395522 | C80: 0.49135107 | D80: † | E80: 42.694318 | F80: 3.8369681 | H80: 53.237286 | I80: 3.9724551 | K80: 3.9488846 | L80: 1.2122784 | N80: 0 | O80: c | Q80: 0.11951202 | R80: 0.11677778
A81: North Macedonia | B81: 94.226903 | C81: 0.32474526 | E81: 87.762657 | F81: 0.075390754 | H81: 12.237343 | I81: 0.075390754 | K81: 0 | L81: c | N81: 0 | O81: c | Q81: 0 | R81: c
A82: Panama | B82: 94.885968 | C82: 0.43048264 | D82: † | E82: 84.531378 | F82: 1.7834058 | H82: 12.685113 | I82: 1.6350593 | K82: 2.7120298 | L82: 0.76299401 | N82: 0 | O82: c | Q82: 0.071479083 | R82: 0.047165355
A83: Peru | B83: 95.770808 | C83: 0.31439539 | D83: † | E83: 89.371722 | F83: 1.6147377 | H83: 8.1334625 | I83: 1.5639926 | K83: 2.4948153 | L83: 0.74653481 | N83: 0 | O83: c | Q83: 0 | R83: c
A84: Philippines | B84: 95.489945 | C84: 0.35317956 | E84: 90.99664 | F84: 2.6452773 | H84: 8.1733249 | I84: 2.5174708 | K84: 0.83003468 | L84: 0.82825114 | N84: 0 | O84: c | Q84: 0 | R84: c
A85: Qatar | B85: 87.511141 | C85: 0.31237259 | E85: 47.534902 | F85: 0.068987205 | H85: 40.591714 | I85: 0.06794819 | K85: 11.866514 | L85: 0.054513486 | N85: 0 | O85: c | Q85: 0.0068703848 | R85: 0.0097190565
A86: Romania | B86: 93.264271 | C86: 0.43241201 | E86: 78.78876 | F86: 3.2216299 | H86: 19.235305 | I86: 3.1458328 | K86: 1.8943272 | L86: 0.80370959 | N86: 0 | O86: c | Q86: 0.081608089 | R86: 0.085764073
A87: Russia | B87: 84.6799 | C87: 0.60042758 | E87: 25.903048 | F87: 2.8639389 | H87: 59.323132 | I87: 3.0543821 | K87: 14.77382 | L87: 2.0379669 | N87: 0 | O87: c | Q87: 0 | R87: c
A88: Saudi Arabia | B88: 85.361332 | C88: 0.7933508 | E88: 47.296002 | F88: 3.025195 | H88: 33.379932 | I88: 2.7786566 | K88: 18.516797 | L88: 2.431658 | N88: 0.68205736 | O88: 0.60460672 | Q88: 0.12521295 | R88: 0.1251968
A89: Serbia | B89: 89.82381 | C89: 0.49068421 | E89: 52.119965 | F89: 3.2899949 | H89: 42.728976 | I89: 3.4221526 | K89: 5.1510589 | L89: 1.9278283 | N89: 0 | O89: c | Q89: 0 | R89: c
A90: Singapore | B90: m | C90: m | E90: m | F90: m | H90: m | I90: m | K90: m | L90: m | N90: m | O90: m | Q90: m | R90: m
A91: Chinese Taipei | B91: 93.836133 | C91: 0.29074722 | E91: 81.896748 | F91: 2.4676699 | H91: 18.103252 | I91: 2.4676699 | K91: 0 | L91: c | N91: 0 | O91: c | Q91: 0 | R91: c
A92: Thailand | B92: 92.104658 | C92: 0.45522344 | E92: 72.958646 | F92: 3.2064701 | H92: 24.910729 | I92: 2.9460475 | K92: 2.0257666 | L92: 0.83619479 | N92: 0 | O92: c | Q92: 0.10485861 | R92: 0.074432755
A93: Ukraine | B93: 90.843612 | C93: 0.35874326 | E93: 60.601565 | F93: 3.2223721 | H93: 36.660338 | I93: 3.2192681 | K93: 2.7380965 | L93: 0.90485383 | N93: 0 | O93: c | Q93: 0 | R93: c
A94: United Arab Emirates | B94: 89.839632 | C94: 0.33028693 | E94: 60.068795 | F94: 1.7345114 | H94: 32.217497 | I94: 1.4936001 | K94: 7.6446319 | L94: 0.85861799 | N94: 0.066987746 | O94: 0.0023631549 | Q94: 0.0020892289 | R94: 0.0020881595
A95: Uruguay | B95: 94.036584 | C95: 0.38599422 | E95: 80.997321 | F95: 2.6976452 | H95: 17.397007 | I95: 2.6284952 | K95: 1.6056726 | L95: 0.79135361 | N95: 0 | O95: c | Q95: 0 | R95: c
A96: Viet Nam | B96: 84.632737 | C96: 0.54867158 | E96: 26.743238 | F96: 4.1421162 | H96: 63.526233 | I96: 4.7901635 | K96: 9.7305293 | L96: 2.3542813 | N96: 0 | O96: c | Q96: 0 | R96: c
A101: Information on data for Cyprus: https://oe.cd/cyprus-disclaimer
A102: *Data did not meet the PISA technical standards but were accepted as largely comparable (see Annexes A2 and A4).
A104: Note: Information regarding the proportion of the sample covered is shown next to the standard error. No symbol means at least 75% of the population was covered; one dagger (†) means at least 50% but less than 75%; and one double-dagger (‡) means less than 50% was covered. For comparisons across cycles, the coverage information corresponds to the cycle with the lowest sample coverage.

Sheet Table III.B1.12.4
A1: PISA 2018 Results (Volume III) - © OECD 2019
A2: Annex B1 | B2: Annex B1.12 Results (tables): Students' feelings
A3: Version 2 - Last updated: 02-Dec-2019
A4: Disclaimer: http://oe.cd/disclaimer
A6: Table III.B1.12.4
A7: Prevalence of sadness in schools
A8: Based on students' reports
B11: Percentage of students who feel sad sometimes or always | E11: Percentage of students who are in schools where…
E12: Over 90% of students feel sad sometimes or always | H12: Between 75% and 90% of students feel sad sometimes or always | K12: Between 25% and 75% of students feel sad sometimes or always | N12: Between 10% and 25% of students feel sad sometimes or always | Q12: 10% of students or less feel sad sometimes or always
B14: % | C14: S.E. | E14: % | F14: S.E. | H14: % | I14: S.E. | K14: % | L14: S.E. | N14: % | O14: S.E. | Q14: % | R14: S.E.
A15: OECD
A16: Australia | B16: m | C16: m | E16: m | F16: m | H16: m | I16: m | K16: m | L16: m | N16: m | O16: m | Q16: m | R16: m
A17: Austria | B17: 43.85651 | C17: 0.89608556 | E17: 1.0254652 | F17: 0.43557133 | H17: 0.84291001 | I17: 0.42070138 | K17: 89.234065 | L17: 1.6890142 | N17: 7.1797347 | O17: 1.5782683 | Q17: 1.7178249 | R17: 0.57867253
A18: Belgium | B18: m | C18: m | E18: m | F18: m | H18: m | I18: m | K18: m | L18: m | N18: m | O18: m | Q18: m | R18: m
A19: Canada | B19: 56.420842 | C19: 0.50147203 | E19: 0.58579836 | F19: 0.45934981 | H19: 5.9408278 | I19: 1.1968085 | K19: 92.892059 | L19: 1.4293543 | N19: 0.47692217 | O19: 0.40982943 | Q19: 0.10439242 | R19: 0.039640505
A20: Chile | B20: 54.245854 | C20: 0.72905026 | E20: 0.7951946 | F20: 0.33522928 | H20: 3.2066585 | I20: 1.1985064 | K20: 94.160716 | L20: 1.4045742 | N20: 0.37624361 | O20: 0.214555 | Q20: 1.461187 | R20: 0.82212293
A21: Colombia | B21: 49.948072 | C21: 0.71789826 | E21: 0.3433124 | F21: 0.20160137 | H21: 4.3681311 | I21: 1.4730108 | K21: 93.061656 | L21: 1.4753472 | N21: 2.1541342 | O21: 0.48765088 | Q21: 0.072766714 | R21: 0.072091906
A22: Czech Republic | B22: 51.828533 | C22: 0.81893696 | E22: 1.1695513 | F22: 0.62089272 | H22: 4.3278245 | I22: 1.1299608 | K22: 91.223322 | L22: 1.5633329 | N22: 2.317295 | O22: 0.63291662 | Q22: 0.96200726 | R22: 0.47731897
A23: Denmark | B23: 47.608516 | C23: 0.71207924 | E23: 0.19180008 | F23: 0.13868006 | H23: 3.4700019 | I23: 1.1663115 | K23: 92.596337 | L23: 1.6320573 | N23: 3.4773897 | O23: 1.1418044 | Q23: 0.26447119 | R23: 0.18643765
A24: Estonia | B24: 51.324237 | C24: 0.76427708 | E24: 0.64534576 | F24: 0.31303247 | H24: 1.9275159 | I24: 0.77130019 | K24: 94.345091 | L24: 1.1487844 | N24: 2.462587 | O24: 0.88020194 | Q24: 0.61945992 | R24: 0.25235254
A25: Finland | B25: 45.758349 | C25: 0.62556667 | E25: 0.20077465 | F25: 0.11589741 | H25: 0 | I25: c | K25: 98.190897 | L25: 0.89348011 | N25: 1.5384055 | O25: 0.88254764 | Q25: 0.069922596 | R25: 0.072802514
A26: France | B26: 45.820127 | C26: 0.68194854 | E26: 0.0043797383 | F26: 0.0044274281 | H26: 0.36456934 | I26: 0.28611611 | K26: 96.665168 | L26: 1.0895862 | N26: 2.9220079 | O26: 1.0563377 | Q26: 0.043874654 | R26: 0.04383866
A27: Germany | B27: 43.15349 | C27: 0.90652982 | D27: † | E27: 0.20307271 | F27: 0.24880574 | H27: 1.3141113 | I27: 0.73360943 | K27: 89.300721 | L27: 2.0249171 | N27: 8.3790462 | O27: 1.9334833 | Q27: 0.80304915 | R27: 0.51074106
A28: Greece | B28: 51.044634 | C28: 0.70805134 | E28: 0.62421527 | F28: 0.21956492 | H28: 1.3007414 | I28: 0.59161027 | K28: 97.145745 | L28: 0.72230184 | N28: 0.51326728 | O28: 0.31829293 | Q28: 0.41603155 | R28: 0.17914826
A29: Hungary | B29: 44.862086 | C29: 0.97336054 | E29: 0.92483693 | F29: 0.34667404 | H29: 1.532952 | I29: 0.85704968 | K29: 88.880136 | L29: 1.8581824 | N29: 6.7310218 | O29: 1.8041748 | Q29: 1.9310535 | R29: 0.40222524
A30: Iceland | B30: 44.305043 | C30: 1.0009317 | E30: 0.54926218 | F30: 0.086034002 | H30: 0 | I30: c | K30: 95.634797 | L30: 0.14221709 | N30: 3.1827472 | O30: 0.098475541 | Q30: 0.63319367 | R30: 0.091196392
A31: Ireland | B31: 58.028967 | C31: 0.80424405 | E31: 0 | F31: c | H31: 9.220385 | I31: 2.0884484 | K31: 90.779615 | L31: 2.0884484 | N31: 0 | O31: c | Q31: 0 | R31: c
A32: Israel | B32: m | C32: m | E32: m | F32: m | H32: m | I32: m | K32: m | L32: m | N32: m | O32: m | Q32: m | R32: m
A33: Italy | B33: 55.255716 | C33: 0.74712086 | E33: 0.21633248 | F33: 0.11774774 | H33: 5.5924038 | I33: 1.433275 | K33: 92.455802 | L33: 1.7166577 | N33: 1.5752891 | O33: 0.83398641 | Q33: 0.16017241 | R33: 0.074650017
A34: Japan | B34: 65.599169 | C34: 0.72839422 | E34: 1.1428843 | F34: 0.65809275 | H34: 16.451514 | I34: 2.61022 | K34: 82.405601 | L34: 2.6973446 | N34: 0 | O34: c | Q34: 0 | R34: c
A35: Korea | B35: 52.351866 | C35: 0.69670922 | E35: 0.10328629 | F35: 0.070140004 | H35: 2.6786403 | I35: 1.1579252 | K35: 96.545492 | L35: 1.3116001 | N35: 0.60779015 | O35: 0.6073229 | Q35: 0.06479165 | R35: 0.06541077
A36: Latvia | B36: 50.362685 | C36: 0.80258905 | E36: 0.51452526 | F36: 0.27750782 | H36: 2.9552371 | I36: 0.92848435 | K36: 92.011755 | L36: 1.3682633 | N36: 3.5171088 | O36: 1.0071618 | Q36: 1.0013736 | R36: 0.3814836
A37: Lithuania | B37: 44.613758 | C37: 0.73042153 | E37: 0.74876204 | F37: 0.34301387 | H37: 1.6119191 | I37: 0.33958463 | K37: 91.578393 | L37: 1.0784869 | N37: 4.9039557 | O37: 0.95083899 | Q37: 1.1569701 | R37: 0.35367111
A38: Luxembourg | B38: 48.998839 | C38: 0.67008642 | E38: 0 | F38: c | H38: 0 | I38: c | K38: 100 | L38: c | N38: 0 | O38: c | Q38: 0 | R38: c
A39: Mexico | B39: 49.958658 | C39: 0.7578555 | D39: † | E39: 0.8981553 | F39: 0.48232056 | H39: 2.1620215 | I39: 0.93069421 | K39: 91.999163 | L39: 1.2520314 | N39: 2.162151 | O39: 1.0034745 | Q39: 2.7785091 | R39: 0.88140903
A40: Netherlands* | B40: 45.092966 | C40: 0.84038124 | E40: 0 | F40: c | H40: 0.041937733 | I40: 0.041751329 | K40: 94.916347 | L40: 0.94072815 | N40: 5.0417154 | O40: 0.93898861 | Q40: 0 | R40: c
A41: New Zealand | B41: m | C41: m | E41: m | F41: m | H41: m | I41: m | K41: m | L41: m | N41: m | O41: m | Q41: m | R41: m
A42: Norway | B42: m | C42: m | E42: m | F42: m | H42: m | I42: m | K42: m | L42: m | N42: m | O42: m | Q42: m | R42: m
A43: Poland | B43: 50.376278 | C43: 0.75557164 | E43: 1.0110557 | F43: 0.38850137 | H43: 1.0258826 | I43: 0.56528427 | K43: 95.578153 | L43: 1.0906531 | N43: 1.8653143 | O43: 0.842353 | Q43: 0.51959477 | R43: 0.17603635
A44: Portugal* | B44: 48.357846 | C44: 0.80182436 | E44: 0.026176415 | F44: 0.024805822 | H44: 1.6118153 | I44: 0.77582641 | K44: 94.037142 | L44: 1.6814149 | N44: 4.1011809 | O44: 1.3266044 | Q44: 0.22368579 | R44: 0.16612469
A45: Slovak Republic | B45: 55.112837 | C45: 0.80602544 | E45: 0.81940195 | F45: 0.29598833 | H45: 8.3798513 | I45: 1.7560274 | K45: 88.342175 | L45: 1.854865 | N45: 1.8625708 | O45: 0.67495449 | Q45: 0.5960014 | R45: 0.28768531
A46: Slovenia | B46: 34.731692 | C46: 0.73912846 | E46: 0.21112473 | F46: 0.12710873 | H46: 0 | I46: c | K46: 78.422974 | L46: 0.55585534 | N46: 17.322658 | O46: 0.51730817 | Q46: 4.0432433 | R46: 0.48411829
A47: Spain | B47: 53.999219 | C47: 0.37909029 | E47: 0.022405074 | F47: 0.025557917 | H47: 1.2305939 | I47: 0.36116559 | K47: 98.142178 | L47: 0.48447347 | N47: 0.3845862 | O47: 0.23100482 | Q47: 0.22023639 | R47: 0.22393284
A48: Sweden | B48: 49.975525 | C48: 0.8186184 | E48: 0.2899041 | F48: 0.16677029 | H48: 1.041854 | I48: 0.65390124 | K48: 96.222609 | L48: 1.2941755 | N48: 2.0386158 | O48: 1.0908991 | Q48: 0.40701739 | R48: 0.23502806
A49: Switzerland | B49: 43.80423 | C49: 0.72395509 | E49: 0.32700777 | F49: 0.17540683 | H49: 1.2008336 | I49: 0.77399021 | K49: 90.745656 | L49: 1.8455704 | N49: 6.4379224 | O49: 1.5497771 | Q49: 1.2885802 | R49: 0.6288748
A50: Turkey | B50: 57.769469 | C50: 0.67033181 | E50: 0.046552069 | F50: 0.044865557 | H50: 4.5580177 | I50: 1.5813865 | K50: 95.348878 | L50: 1.5821232 | N50: 0 | O50: c | Q50: 0.046552069 | R50: 0.046333779
A51: United Kingdom | B51: 59.867458 | C51: 0.76663208 | E51: 0.51563627 | F51: 0.41631314 | H51: 8.6192137 | I51: 2.1099088 | K51: 90.678404 | L51: 2.143253 | N51: 0.18674605 | O51: 0.16426786 | Q51: 0 | R51: c
A52: United States* | B52: 63.347021 | C52: 0.7273058 | E52: 0 | F52: c | H52: 13.21821 | I52: 2.6522215 | K52: 86.758726 | L52: 2.6528025 | N52: 0 | O52: c | Q52: 0.023064457 | R52: 0.017803642
A53: OECD average | B53: 50.55564 | C53: 0.13417139 | E53: 0.44238184 | F53: 0.051126707 | H53: 3.443643 | I53: 0.21129326 | K53: 92.509368 | L53: 0.26984055 | N53: 2.9287002 | O53: 0.15982555 | Q53: 0.6759071 | R53: 0.060519095
A54: Partners
A55: Albania | B55: 42.542633 | C55: 0.75301263 | E55: 0.4942101 | F55: 0.16651673 | H55: 0.24885779 | I55: 0.17986153 | K55: 92.209996 | L55: 1.2601365 | N55: 4.5360711 | O55: 1.1900837 | Q55: 2.5108655 | R55: 0.46094515
A56: Argentina | B56: 60.106927 | C56: 0.73933879 | E56: 0.11776132 | F56: 0.065961681 | H56: 7.8863242 | I56: 1.5454343 | K56: 91.128407 | L56: 1.5763051 | N56: 0.32316127 | O56: 0.28545804 | Q56: 0.54434594 | R56: 0.30959522
A57: Baku (Azerbaijan) | B57: 50.793117 | C57: 0.72824897 | E57: 0.12505339 | F57: 0.12660814 | H57: 1.4989178 | I57: 1.0826317 | K57: 98.159093 | L57: 1.1085625 | N57: 0.21693627 | O57: 0.21599325 | Q57: 0 | R57: c
A58: Belarus | B58: 45.003226 | C58: 0.8828082 | E58: 0.097975044 | F58: 0.097897347 | H58: 1.4348473 | I58: 0.70048666 | K58: 91.629114 | L58: 1.9253874 | N58: 6.1345705 | O58: 1.7487413 | Q58: 0.70349294 | R58: 0.26910339
A59: Bosnia and Herzegovina | B59: 42.902111 | C59: 0.74402817 | E59: 0.035936516 | F59: 0.034594934 | H59: 0 | I59: c | K59: 98.041349 | L59: 0.63589705 | N59: 1.4422427 | O59: 0.61849393 | Q59: 0.48047165 | R59: 0.19519605
A60: Brazil | B60: 63.909811 | C60: 0.62860429 | E60: 3.8224245 | F60: 0.82482658 | H60: 15.954984 | I60: 1.7876591 | K60: 78.480816 | L60: 2.0815954 | N60: 0.64468562 | O60: 0.27865243 | Q60: 1.0970893 | R60: 0.43244896
A61: Brunei Darussalam | B61: 68.132516 | C61: 0.63428117 | E61: 0 | F61: c | H61: 17.112987 | I61: 0.051463034 | K61: 82.887013 | L61: 0.051463034 | N61: 0 | O61: c | Q61: 0 | R61: c
A62: B-S-J-Z (China) | B62: 83.102772 | C62: 0.47676156 | E62: 17.637187 | F62: 2.6400936 | H62: 68.739209 | I62: 2.9691289 | K62: 13.623603 | L62: 1.743297 | N62: 0 | O62: c | Q62: 0 | R62: c
A63: Bulgaria | B63: 44.771476 | C63: 0.89053134 | E63: 0.15690107 | F63: 0.16110553 | H63: 1.7166552 | I63: 0.86966904 | K63: 90.833499 | L63: 2.1416817 | N63: 5.2315971 | O63: 2.0527906 | Q63: 2.0613471 | R63: 0.98575513
A64: Costa Rica | B64: 53.756297 | C64: 0.63743567 | E64: 0.30290641 | F64: 0.29979723 | H64: 1.1991503 | I64: 0.57689245 | K64: 97.729725 | L64: 0.81635964 | N64: 0.59324247 | O64: 0.45964137 | Q64: 0.17497607 | R64: 0.1728143
A65: Croatia | B65: 45.731662 | C65: 0.77630965 | E65: 0 | F65: c | H65: 1.421379 | I65: 0.86588436 | K65: 94.037847 | L65: 1.5451832 | N65: 4.4480913 | O65: 1.273141 | Q65: 0.092682343 | R65: 0.096999499
A66: Cyprus | B66: 49.517438 | C66: 0.75790425 | E66: 0 | F66: c | H66: 0.56742815 | I66: 0.42505853 | K66: 98.970448 | L66: 0.56881362 | N66: 0.37235288 | O66: 0.36370376 | Q66: 0.089771176 | R66: 0.050188815
A67: Dominican Republic | B67: 56.383119 | C67: 1.0956476 | D67: † | E67: 4.9306314 | F67: 1.3190548 | H67: 7.528728 | I67: 1.9971954 | K67: 84.379846 | L67: 2.3803967 | N67: 1.7134084 | O67: 0.98079953 | Q67: 1.447386 | R67: 0.60144467
A68: Georgia | B68: 41.447444 | C68: 0.78162247 | E68: 0.94583989 | F68: 0.26481327 | H68: 3.69111 | I68: 0.8043429 | K68: 83.603469 | L68: 1.7215877 | N68: 8.6275398 | O68: 1.6348004 | Q68: 3.1320412 | R68: 0.49181412
A69: Hong Kong (China)* | B69: 77.285849 | C69: 0.67058207 | E69: 6.2498691 | F69: 1.7714455 | H69: 56.761523 | I69: 3.7281648 | K69: 36.087104 | L69: 3.6600425 | N69: 0 | O69: c | Q69: 0.90150401 | R69: 0.89036613
A70: Indonesia | B70: 55.685458 | C70: 0.87093201 | E70: 0.40408569 | F70: 0.25756026 | H70: 3.223788 | I70: 1.4238275 | K70: 95.734007 | L70: 1.4458159 | N70: 0.060764677 | O70: 0.061099954 | Q70: 0.57735508 | R70: 0.35986902
A71: Jordan | B71: 42.991047 | C71: 0.7546173 | E71: 0 | F71: c | H71: 0.045999705 | I71: 0.033821697 | K71: 95.022929 | L71: 1.4585342 | N71: 4.9310716 | O71: 1.4581381 | Q71: 0 | R71: c
A72: Kazakhstan | B72: 35.28556 | C72: 0.55245048 | E72: 0.10465611 | F72: 0.040617619 | H72: 0.39028841 | I72: 0.39076022 | K72: 76.132851 | L72: 1.8659145 | N72: 19.293396 | O72: 1.7837381 | Q72: 4.0788078 | R72: 0.65076266
A73: Kosovo | B73: 38.551235 | C73: 0.83228717 | E73: 0.40262943 | F73: 0.20181136 | H73: 0.25872293 | I73: 0.1843979 | K73: 87.340797 | L73: 0.96453655 | N73: 9.3411671 | O73: 0.8530958 | Q73: 2.656684 | R73: 0.72416819
A74: Lebanon | B74: 50.84859 | C74: 0.74390579 | E74: 2.0815001 | F74: 0.68308687 | H74: 3.1387453 | I74: 0.99550734 | K74: 90.566656 | L74: 1.5523087 | N74: 3.1005637 | O74: 1.0842232 | Q74: 1.1125354 | R74: 0.42274356
A75: Macao (China) | B75: 59.938949 | C75: 0.80153339 | E75: 0 | F75: c | H75: 5.5655341 | I75: 0.032222671 | K75: 94.434466 | L75: 0.032222671 | N75: 0 | O75: c | Q75: 0 | R75: c
A76: Malaysia | B76: 61.308871 | C76: 0.72015102 | E76: 0 | F76: c | H76: 8.3950168 | I76: 2.2028955 | K76: 91.604983 | L76: 2.2028955 | N76: 0 | O76: c | Q76: 0 | R76: c
A77: Malta | B77: 62.558387 | C77: 0.72626513 | E77: 1.9261283 | F77: 0.02751523 | H77: 27.552777 | I77: 0.12670022 | K77: 70.432299 | L77: 0.12829726 | N77: 0 | O77: c | Q77: 0.088796157 | R77: 0.051095903
A78: Moldova | B78: 44.756884 | C78: 0.74722846 | E78: 0 | F78: c | H78: 0.017697851 | I78: 0.0035429256 | K78: 94.233507 | L78: 1.5117297 | N78: 5.0694301 | O78: 1.4759009 | Q78: 0.67936481 | R78: 0.33564125
A79: Montenegro | B79: 43.605812 | C79: 0.64009332 | E79: 0 | F79: c | H79: 0.26837888 | I79: 0.014072824 | K79: 99.080704 | L79: 0.50546377 | N79: 0.46615932 | O79: 0.46614046 | Q79: 0.18475828 | R79: 0.18556008
A80: Morocco | B80: 53.598622 | C80: 0.69991759 | D80: † | E80: 0.671868 | F80: 0.56859577 | H80: 1.8462771 | I80: 0.99664916 | K80: 96.208701 | L80: 1.3723924 | N80: 0.70310983 | O80: 0.5051228 | Q80: 0.57004377 | R80: 0.54189419
A81: North Macedonia | B81: 44.257158 | C81: 0.78719661 | E81: 0.042077481 | F81: 0.037188031 | H81: 0.48945444 | I81: 0.013083107 | K81: 95.592221 | L81: 0.086408997 | N81: 3.2374107 | O81: 0.044821346 | Q81: 0.63883624 | R81: 0.091548479
A82: Panama | B82: 58.424602 | C82: 0.94055647 | D82: † | E82: 3.0805771 | F82: 0.81273178 | H82: 5.5312421 | I82: 1.1501826 | K82: 89.970875 | L82: 1.3298466 | N82: 0.40980124 | O82: 0.29008445 | Q82: 1.0075046 | R82: 0.40859841
A83: Peru | B83: 53.457176 | C83: 0.74797191 | D83: † | E83: 4.2733066 | F83: 1.1143854 | H83: 5.6494779 | I83: 1.2612247 | K83: 85.749854 | L83: 1.9203787 | N83: 2.3655627 | O83: 0.73570063 | Q83: 1.9617983 | R83: 0.73961765
A84: Philippines | B84: 69.088326 | C84: 0.59716003 | E84: 0.39441337 | F84: 0.29963724 | H84: 26.334978 | I84: 3.2529618 | K84: 73.270608 | L84: 3.2504007 | N84: 0 | O84: c | Q84: 0 | R84: c
A85: Qatar | B85: 58.123253 | C85: 0.45411204 | E85: 0.013739826 | F85: 0.0048695106 | H85: 2.5400879 | I85: 0.022464219 | K85: 97.150526 | L85: 0.022144965 | N85: 0.27467614 | O85: 0.011040178 | Q85: 0.020970127 | R85: 0.0048139651
A86: Romania | B86: 39.631507 | C86: 0.69838821 | E86: 0.28394715 | F86: 0.20348739 | H86: 0 | I86: c | K86: 92.73891 | L86: 1.739355 | N86: 5.9187054 | O86: 1.6847086 | Q86: 1.0584372 | R86: 0.35246317
A87: Russia | B87: 48.776935 | C87: 0.78154816 | E87: 0.069026793 | F87: 0.097317665 | H87: 0.78478947 | I87: 0.59237014 | K87: 94.508824 | L87: 1.1763795 | N87: 2.9381761 | O87: 0.92009455 | Q87: 1.6991839 | R87: 0.45144024
A88: Saudi Arabia | B88: 38.697494 | C88: 0.70983257 | E88: 1.0138239 | F88: 0.71394542 | H88: 0.49776516 | I88: 0.49878442 | K88: 88.934083 | L88: 2.0720139 | N88: 8.799967 | O88: 1.8830637 | Q88: 0.75436079 | R88: 0.28987975
A89: Serbia | B89: 47.29903 | C89: 0.7444376 | E89: 0.3085433 | F89: 0.20031116 | H89: 0 | I89: c | K89: 96.497027 | L89: 1.047186 | N89: 3.0062798 | O89: 1.0293197 | Q89: 0.18814963 | R89: 0.13589195
A90: Singapore | B90: m | C90: m | E90: m | F90: m | H90: m | I90: m | K90: m | L90: m | N90: m | O90: m | Q90: m | R90: m
A91: Chinese Taipei | B91: 47.794755 | C91: 0.6931074 | E91: 0 | F91: c | H91: 0 | I91: c | K91: 98.850003 | L91: 0.271019 | N91: 1.1499968 | O91: 0.271019 | Q91: 0 | R91: c
A92: Thailand | B92: 56.890807 | C92: 0.86394122 | E92: 0.72711452 | F92: 0.33566137 | H92: 3.1517216 | I92: 1.185556 | K92: 95.690373 | L92: 1.2378718 | N92: 0.16666432 | O92: 0.11783585 | Q92: 0.26412618 | R92: 0.12475901
A93: Ukraine | B93: 47.586243 | C93: 0.69597386 | E93: 0.12737077 | F93: 0.074228682 | H93: 0.77261153 | I93: 0.56455901 | K93: 96.684767 | L93: 1.150927 | N93: 1.6738171 | O93: 0.96113476 | Q93: 0.74143388 | R93: 0.2761542
A94: United Arab Emirates | B94: 52.112036 | C94: 0.68402866 | E94: 0.85878745 | F94: 0.56449884 | H94: 7.7088833 | I94: 1.8147404 | K94: 86.490287 | L94: 1.4679865 | N94: 4.8499392 | O94: 0.62825663 | Q94: 0.092102936 | R94: 0.018257882
A95: Uruguay | B95: 52.73512 | C95: 0.86924159 | E95: 0.41682263 | F95: 0.25574471 | H95: 3.4096244 | I95: 1.44326 | K95: 94.970682 | L95: 1.6528832 | N95: 0.82837521 | O95: 0.51426853 | Q95: 0.37449525 | R95: 0.17402559
A96: Viet Nam | B96: 47.912668 | C96: 0.97200373 | E96: 0.081142894 | F96: 0.058895254 | H96: 0.026981591 | I96: 0.027123009 | K96: 98.931084 | L96: 0.72809436 | N96: 0.72073357 | O96: 0.69463425 | Q96: 0.24005783 | R96: 0.19918425
A101: Information on data for Cyprus: https://oe.cd/cyprus-disclaimer
A102: *Data did not meet the PISA technical standards but were accepted as largely comparable (see Annexes A2 and A4).
A104: Note: Information regarding the proportion of the sample covered is shown next to the standard error. No symbol means at least 75% of the population was covered; one dagger (†) means at least 50% but less than 75%; and one double-dagger (‡) means less than 50% was covered. For comparisons across cycles, the coverage information corresponds to the cycle with the lowest sample coverage.

Sheet Table III.B1.12.5
A1: PISA 2018 Results (Volume III) - © OECD 2019
A2: Annex B1 | B2: Annex B1.12 Results (tables): Students' feelings
A3: Version 2 - Last updated: 02-Dec-2019
A4: Disclaimer: http://oe.cd/disclaimer
A6: Table III.B1.12.5
A7: Index of positive feelings, by student characteristics
A8: Based on students' reports
B11: Index of positive feelings,1 by the following student characteristics:
B12: Gender | K12: Socio-economic status2 | T12: Education level | AC12: Immigrant background
B13: Boys | E13: Girls | H13: Girls - boys | K13: Disadvantaged students | N13: Advantaged students | Q13: Advantaged -disadvantaged | T13: Lower secondary (ISCED 2) | W13: Upper secondary (ISCED 3) | Z13: ISCED 3 - ISCED 2 | AC13: Non-immigrant students | AF13: Immigrant students | AI13: Immigrant - non-immigrant
B14: Mean index | C14: S.E. | E14: Mean index | F14: S.E. | H14: Dif. | I14: S.E. | K14: Mean index | L14: S.E. | N14: Mean index | O14: S.E. | Q14: Dif. | R14: S.E. | T14: Mean index | U14: S.E. | W14: Mean index | X14: S.E. | Z14: Dif. | AA14: S.E. | AC14: Mean index | AD14: S.E. | AF14: Mean index | AG14: S.E. | AI14: Dif. | AJ14: S.E.
A15: OECD
A16: Australia | B16: m | C16: m | E16: m | F16: m | H16: m | I16: m | K16: m | L16: m | N16: m | O16: m | Q16: m | R16: m | T16: m | U16: m | W16: m | X16: m | Z16: m | AA16: m | AC16: m | AD16: m | AF16: m | AG16: m | AI16: m | AJ16: m
A17: Austria | B17: 0.088807609 | C17: 0.021189561 | E17: 0.13076424 | F17: 0.023807552 | H17: 0.041956628 | I17: 0.031366781 | K17: 0.060156817 | L17: 0.036158794 | N17: 0.12798397 | O17: 0.026788032 | Q17: 0.067827149 | R17: 0.042988722 | T17: m | U17: m | W17: m | X17: m | Z17: m | AA17: m | AC17: 0.13066686 | AD17: 0.017640918 | AF17: 0.041330508 | AG17: 0.031401947 | AI17: -0.089336353 | AJ17: 0.03401367
A18: Belgium | B18: m | C18: m | E18: m | F18: m | H18: m | I18: m | K18: m | L18: m | N18: m | O18: m | Q18: m | R18: m | T18: m | U18: m | W18: m | X18: m | Z18: m | AA18: m | AC18: m | AD18: m | AF18: m | AG18: m | AI18: m | AJ18: m
A19: Canada | B19: -0.041808873 | C19: 0.017199056 | E19: -0.072396065 | F19: 0.014195576 | H19: -0.030587191 | I19: 0.019095966 | K19: -0.18650799 | L19: 0.022485357 | N19: 0.03197118 | O19: 0.021104931 | Q19: 0.21847917 | R19: 0.027756341 | T19: 0.074542994 | U19: 0.030654467 | W19: -0.072287973 | X19: 0.013787952 | Z19: -0.14683097 | AA19: 0.034602508 | AC19: -0.068212411 | AD19: 0.014223653 | AF19: -0.031663447 | AG19: 0.021117091 | AI19: 0.036548963 | AJ19: 0.023467914
A20: Chile | B20: 0.241684 | C20: 0.024884755 | E20: 0.097580111 | F20: 0.020178309 | H20: -0.14410389 | I20: 0.031084871 | K20: 0.098937903 | L20: 0.034170747 | N20: 0.19185424 | O20: 0.022993717 | Q20: 0.092916335 | R20: 0.039445706 | T20: 0.096363664 | U20: 0.059737104 | W20: 0.17400184 | X20: 0.016811643 | Z20: 0.077638179 | AA20: 0.060611401 | AC20: 0.17036528 | AD20: 0.01731975 | AF20: 0.15158191 | AG20: 0.070618078 | AI20: -0.018783369 | AJ20: 0.072945587
A21: Colombia | B21: 0.31705086 | C21: 0.021128883 | E21: 0.18287163 | F21: 0.021230353 | H21: -0.13417922 | I21: 0.031875158 | K21: 0.25214949 | L21: 0.028195725 | N21: 0.22623051 | O21: 0.025548609 | Q21: -0.025918975 | R21: 0.039100316 | T21: 0.2472052 | U21: 0.028036 | W21: 0.24878126 | X21: 0.01647466 | Z21: 0.0015760562 | AA21: 0.033825154 | AC21: 0.24653745 | AD21: 0.01400979 | AF21: 0.27747593 | AG21: 0.21176 | AI21: 0.030938482 | AJ21: 0.21199619
A22: Czech Republic | B22: -0.12831128 | C22: 0.02232945 | E22: -0.1352198 | F22: 0.022412558 | H22: -0.0069085216 | I22: 0.031630646 | K22: -0.21524635 | L22: 0.036418955 | N22: -0.10045915 | O22: 0.028924264 | Q22: 0.1147872 | R22: 0.046820277 | T22: -0.13311072 | U22: 0.023592452 | W22: -0.13017789 | X22: 0.021523791 | Z22: 0.0029328323 | AA22: 0.032386507 | AC22: -0.1177344 | AD22: 0.015050963 | AF22: -0.48691592 | AG22: 0.099401379 | AI22: -0.36918152 | AJ22: 0.098615096
A23: Denmark | B23: 0.30481135 | C23: 0.019885437 | E23: 0.18005965 | F23: 0.01893863 | H23: -0.1247517 | I23: 0.024725953 | K23: 0.20010071 | L23: 0.028216214 | N23: 0.23713124 | O23: 0.027602114 | Q23: 0.037030524 | R23: 0.041308213 | T23: 0.23788394 | U23: 0.014691964 | W23: c | X23: c | Z23: c | AA23: c | AC23: 0.23556066 | AD23: 0.015786407 | AF23: 0.28478492 | AG23: 0.043800763 | AI23: 0.04922426 | AJ23: 0.046253805
A24: Estonia | B24: -0.22515911 | C24: 0.021524193 | E24: -0.14561086 | F24: 0.020842066 | H24: 0.079548245 | I24: 0.026506014 | K24: -0.28380427 | L24: 0.030446474 | N24: -0.099551534 | O24: 0.02703611 | Q24: 0.18425273 | R24: 0.037548748 | T24: -0.18502477 | U24: 0.01597978 | W24: -0.18292953 | X24: 0.17983391 | Z24: 0.0020952406 | AA24: 0.17639962 | AC24: -0.18743042 | AD24: 0.01621978 | AF24: -0.15574463 | AG24: 0.051774708 | AI24: 0.031685786 | AJ24: 0.050508745
A25: Finland | B25: -0.11349749 | C25: 0.019823494 | E25: -0.12077876 | F25: 0.015877441 | H25: -0.0072812683 | I25: 0.025023482 | K25: -0.27746139 | L25: 0.028042356 | N25: 0.012317662 | O25: 0.025753445 | Q25: 0.28977905 | R25: 0.040227165 | T25: -0.11634547 | U25: 0.01283615 | W25: c | X25: c | Z25: c | AA25: c | AC25: -0.10578588 | AD25: 0.012675333 | AF25: -0.29038978 | AG25: 0.0606632 | AI25: -0.1846039 | AJ25: 0.060089802
A26: France | B26: 0.22169557 | C26: 0.017811845 | E26: 0.32040366 | F26: 0.019322712 | H26: 0.098708089 | I26: 0.02331621 | K26: 0.2160454 | L26: 0.029678388 | N26: 0.29583962 | O26: 0.024107126 | Q26: 0.079794218 | R26: 0.038629522 | T26: 0.074069529 | U26: 0.045280335 | W26: 0.30815103 | X26: 0.014397731 | Z26: 0.2340815 | AA26: 0.046203057 | AC26: 0.28291109 | AD26: 0.015124881 | AF26: 0.20816529 | AG26: 0.039849967 | AI26: -0.0747458 | AJ26: 0.04139675
A27: Germany | B27: 0.078960922 | C27: 0.023390748 | D27: † | E27: 0.0697057 | F27: 0.022078169 | H27: -0.0092552221 | I27: 0.032662585 | J27: † | K27: 0.032003474 | L27: 0.031523299 | N27: 0.10759557 | O27: 0.028987533 | Q27: 0.075592092 | R27: 0.044024273 | T27: 0.078500051 | U27: 0.015513676 | V27: † | W27: -0.033463957 | X27: 0.1077774 | Z27: -0.11196401 | AA27: 0.10636527 | AB27: † | AC27: 0.076025379 | AD27: 0.018951049 | AF27: 0.087316015 | AG27: 0.032688407 | AI27: 0.011290636 | AJ27: 0.038235773
A28: Greece | B28: -0.027634855 | C28: 0.020251607 | E28: -0.062729298 | F28: 0.017496774 | H28: -0.035094443 | I28: 0.026720388 | K28: -0.1258462 | L28: 0.026859577 | N28: -0.03695681 | O28: 0.027931976 | Q28: 0.088889393 | R28: 0.0395217 | T28: -0.13590795 | U28: 0.072308059 | W28: -0.04167168 | X28: 0.013398992 | Z28: 0.094236274 | AA28: 0.073033606 | AC28: -0.036096088 | AD28: 0.013867159 | AF28: -0.10392135 | AG28: 0.038288971 | AI28: -0.067825261 | AJ28: 0.038319516
A29: Hungary | B29: 0.23746231 | C29: 0.023760285 | E29: 0.14027127 | F29: 0.022365714 | H29: -0.097191042 | I29: 0.030772275 | K29: 0.094450369 | L29: 0.031974013 | N29: 0.27990876 | O29: 0.028949996 | Q29: 0.18545839 | R29: 0.041676889 | T29: 0.12006749 | U29: 0.06968997 | W29: 0.1946211 | X29: 0.016943525 | Z29: 0.074553611 | AA29: 0.069310133 | AC29: 0.18855341 | AD29: 0.017968969 | AF29: 0.28295442 | AG29: 0.11136 | AI29: 0.09440101 | AJ29: 0.11386822
A30: Iceland | B30: -0.040948373 | C30: 0.027120522 | E30: -0.13356651 | F30: 0.02024798 | H30: -0.092618137 | I30: 0.034966132 | K30: -0.21767984 | L30: 0.036222955 | N30: 0.035594771 | O30: 0.036128174 | Q30: 0.25327461 | R30: 0.055394217 | T30: -0.088289373 | U30: 0.01638125 | W30: c | X30: c | Z30: c | AA30: c | AC30: -0.073066953 | AD30: 0.017560832 | AF30: -0.36761216 | AG30: 0.079224369 | AI30: -0.29454521 | AJ30: 0.085139476
A31: Ireland | B31: -0.089826451 | C31: 0.017897294 | E31: -0.088979831 | F31: 0.020734774 | H31: 0.00084661985 | I31: 0.024597409 | K31: -0.14010798 | L31: 0.028615853 | N31: -0.038663611 | O31: 0.027059292 | Q31: 0.10144436 | R31: 0.035597332 | T31: -0.092155235 | U31: 0.017431356 | W31: -0.084599129 | X31: 0.023934754 | Z31: 0.0075561059 | AA31: 0.027708246 | AC31: -0.089601028 | AD31: 0.015386673 | AF31: -0.097944526 | AG31: 0.04131285 | AI31: -0.0083434984 | AJ31: 0.043008903
A32: Israel | B32: m | C32: m | E32: m | F32: m | H32: m | I32: m | K32: m | L32: m | N32: m | O32: m | Q32: m | R32: m | T32: m | U32: m | W32: m | X32: m | Z32: m | AA32: m | AC32: m | AD32: m | AF32: m | AG32: m | AI32: m | AJ32: m
A33: Italy | B33: m | C33: m | E33: m | F33: m | H33: m | I33: m | K33: m | L33: m | N33: m | O33: m | Q33: m | R33: m | T33: m | U33: m | W33: m | X33: m | Z33: m | AA33: m | AC33: m | AD33: m | AF33: m | AG33: m | AI33: m | AJ33: m
A34: Japan | B34: -0.29843796 | C34: 0.021667577 | E34: 0.03113549 | F34: 0.01911304 | H34: 0.32957345 | I34: 0.027242343 | K34: -0.21323443 | L34: 0.029855926 | N34: -0.033392508 | O34: 0.032372342 | Q34: 0.17984192 | R34: 0.042768101 | T34: m | U34: m | W34: -0.12914626 | X34: 0.01645362 | Z34: m | AA34: m | AC34: w | AD34: w | AF34: w | AG34: w | AI34: w | AJ34: w
A35: Korea | B35: 0.071762182 | C35: 0.019613168 | E35: -0.01137533 | F35: 0.019009058 | H35: -0.083137511 | I35: 0.027782862 | K35: 0.00028074075 | L35: 0.023540747 | N35: 0.049019255 | O35: 0.024185392 | Q35: 0.048738514 | R35: 0.032730804 | T35: 0.05093706 | U35: 0.040112564 | W35: 0.028507716 | X35: 0.01505116 | Z35: -0.022429344 | AA35: 0.043915053 | AC35: 0.034597881 | AD35: 0.013383663 | AF35: c | AG35: c | AI35: c | AJ35: c
A36: Latvia | B36: 0.060329473 | C36: 0.021330329 | E36: 0.0071442466 | F36: 0.025028113 | H36: -0.053185226 | I36: 0.033800196 | K36: -0.057204791 | L36: 0.032417436 | N36: 0.12920735 | O36: 0.026710392 | Q36: 0.18641214 | R36: 0.042921818 | T36: 0.034854628 | U36: 0.015714327 | W36: -0.018023821 | X36: 0.090709961 | Z36: -0.052878449 | AA36: 0.089292669 | AC36: 0.038849029 | AD36: 0.016121623 | AF36: -0.045274833 | AG36: 0.062527311 | AI36: -0.084123862 | AJ36: 0.063468059
A37: Lithuania | B37: 0.089118782 | C37: 0.023062877 | E37: 0.07040374 | F37: 0.018222614 | H37: -0.018715042 | I37: 0.031078259 | K37: 0.0048485156 | L37: 0.033062805 | N37: 0.071784724 | O37: 0.023916978 | Q37: 0.066936209 | R37: 0.044162878 | T37: 0.079815047 | U37: 0.013829578 | W37: m | X37: m | Z37: m | AA37: m | AC37: 0.083242874 | AD37: 0.01463923 | AF37: 0.017685786 | AG37: 0.10140081 | AI37: -0.065557088 | AJ37: 0.10536628
A38: Luxembourg | B38: 0.06928009 | C38: 0.020599376 | E38: 0.077619262 | F38: 0.018823238 | H38: 0.0083391725 | I38: 0.029521943 | K38: -0.033054139 | L38: 0.030632286 | N38: 0.17761381 | O38: 0.027735442 | Q38: 0.21066795 | R38: 0.043421201 | T38: 0.037330221 | U38: 0.018993448 | W38: 0.11684917 | X38: 0.018341494 | Z38: 0.079518953 | AA38: 0.026796832 | AC38: 0.12235997 | AD38: 0.020920789 | AF38: 0.035741969 | AG38: 0.021259031 | AI38: -0.086618001 | AJ38: 0.032881289
A39: Mexico | B39: 0.38652621 | C39: 0.022829023 | D39: † | E39: 0.33299191 | F39: 0.019116894 | G39: † | H39: -0.053534294 | I39: 0.029404197 | J39: † | K39: 0.30288687 | L39: 0.035010527 | M39: † | N39: 0.37926853 | O39: 0.022323806 | Q39: 0.076381652 | R39: 0.041924168 | S39: † | T39: 0.26427943 | U39: 0.054994686 | V39: † | W39: 0.3758857 | X39: 0.014070867 | Z39: 0.11160627 | AA39: 0.056746582 | AB39: † | AC39: 0.36437734 | AD39: 0.014170517 | AF39: 0.078627542 | AG39: 0.20016793 | AH39: † | AI39: -0.28574979 | AJ39: 0.20012539 | AK39: †
A40: Netherlands* | B40: 0.076521088 | C40: 0.024772787 | E40: 0.088332208 | F40: 0.024557609 | H40: 0.01181112 | I40: 0.032797478 | K40: 0.018287436 | L40: 0.036712978 | M40: † | N40: 0.12161506 | O40: 0.035163805 | Q40: 0.10332763 | R40: 0.053360369 | S40: † | T40: 0.074896956 | U40: 0.02206402 | V40: † | W40: 0.094055122 | X40: 0.030003443 | Z40: 0.019158166 | AA40: 0.036013343 | AB40: † | AC40: 0.096568718 | AD40: 0.018701482 | AF40: -0.027695227 | AG40: 0.044093447 | AH40: † | AI40: -0.12426395 | AJ40: 0.044000756 | AK40: †
A41: New Zealand | B41: m | C41: m | E41: m | F41: m | H41: m | I41: m | K41: m | L41: m | N41: m | O41: m | Q41: m | R41: m | T41: m | U41: m | W41: m | X41: m | Z41: m | AA41: m | AC41: m | AD41: m | AF41: m | AG41: m | AI41: m | AJ41: m
A42: Norway | B42: m | C42: m | E42: m | F42: m | H42: m | I42: m | K42: m | L42: m | N42: m | O42: m | Q42: m | R42: m | T42: m | U42: m | W42: m | X42: m | Z42: m | AA42: m | AC42: m | AD42: m | AF42: m | AG42: m | AI42: m | AJ42: m
A43: Poland | B43: -0.037984115 | C43: 0.024031151 | E43: -0.11325852 | F43: 0.024115659 | H43: -0.075274404 | I43: 0.032686151 | K43: -0.11140716 | L43: 0.032923085 | N43: -0.10329591 | O43: 0.035408661 | Q43: 0.0081112506 | R43: 0.052418403 | T43: -0.068063881 | U43: 0.017206814 | W43: c | X43: c | Z43: c | AA43: c | AC43: -0.07176987 | AD43: 0.017800833 | AF43: c | AG43: c | AI43: c | AJ43: c
A44: Portugal* | B44: 0.24039496 | C44: 0.024684621 | E44: 0.20588946 | F44: 0.020797923 | H44: -0.034505503 | I44: 0.032658492 | K44: 0.2519672 | L44: 0.024780517 | N44: 0.21637999 | O44: 0.034415664 | Q44: -0.035587203 | R44: 0.041137148 | T44: 0.27418856 | U44: 0.032135031 | W44: 0.20195956 | X44: 0.018456306 | Z44: -0.072229004 | AA44: 0.037952416 | AC44: 0.22534317 | AD44: 0.017378446 | AF44: 0.16960217 | AG44: 0.062096623 | AI44: -0.055741003 | AJ44: 0.067365469
A45: Slovak Republic | B45: -0.030272895 | C45: 0.023888088 | E45: -0.012221569 | F45: 0.018185114 | H45: 0.018051326 | I45: 0.027089895 | K45: -0.09365944 | L45: 0.033038748 | N45: 0.057907532 | O45: 0.026647252 | Q45: 0.15156697 | R45: 0.03746436 | T45: -0.019741142 | U45: 0.027210442 | W45: -0.022173871 | X45: 0.021278454 | Z45: -0.0024327289 | AA45: 0.035576536 | AC45: -0.020075065 | AD45: 0.016090509 | AF45: -0.079905088 | AG45: 0.16969172 | AI45: -0.059830023 | AJ45: 0.16862735
A46: Slovenia | B46: -0.5222231 | C46: 0.017779026 | E46: -0.69705827 | F46: 0.021388127 | H46: -0.17483517 | I46: 0.028217069 | K46: -0.62587716 | L46: 0.027755748 | N46: -0.58607177 | O46: 0.031625793 | Q46: 0.039805391 | R46: 0.04216984 | T46: -0.5027879 | U46: 0.070210953 | W46: -0.61651831 | X46: 0.015545707 | Z46: -0.11373041 | AA46: 0.076241207 | AC46: -0.62299579 | AD46: 0.014979807 | AF46: -0.44971154 | AG46: 0.0476499 | AI46: 0.17328425 | AJ46: 0.051065823
A47: Spain | B47: 0.32364646 | C47: 0.013719196 | E47: 0.27073169 | F47: 0.011642123 | H47: -0.052914762 | I47: 0.016890411 | K47: 0.24309888 | L47: 0.017777378 | N47: 0.35571432 | O47: 0.015522199 | Q47: 0.11261544 | R47: 0.02118085 | T47: 0.29704609 | U47: 0.0095926216 | W47: c | X47: c | Z47: c | AA47: c | AC47: 0.31564694 | AD47: 0.01021758 | AF47: 0.17186719 | AG47: 0.019622282 | AI47: -0.14377975 | AJ47: 0.021998273
A48: Sweden | B48: 0.0046241328 | C48: 0.024274345 | E48: -0.098510737 | F48: 0.021669291 | H48: -0.10313487 | I48: 0.034325451 | K48: -0.13300604 | L48: 0.032582464 | N48: 0.037625736 | O48: 0.030817944 | Q48: 0.17063178 | R48: 0.045424868 | T48: -0.049392748 | U48: 0.015357216 | W48: 0.043574712 | X48: 0.10824671 | Z48: 0.092967461 | AA48: 0.10919739 | AC48: -0.045689946 | AD48: 0.017396689 | AF48: -0.043846792 | AG48: 0.037168847 | AI48: 0.0018431536 | AJ48: 0.042707974
A49: Switzerland | B49: 0.19323313 | C49: 0.024422171 | E49: 0.24614468 | F49: 0.020929561 | H49: 0.05291155 | I49: 0.033608493 | K49: 0.16105004 | L49: 0.03482504 | N49: 0.21888254 | O49: 0.031653617 | Q49: 0.057832499 | R49: 0.049608699 | T49: 0.21460458 | U49: 0.018679293 | W49: 0.22863116 | X49: 0.028975333 | Z49: 0.014026581 | AA49: 0.035063507 | AC49: 0.23489046 | AD49: 0.018018681 | AF49: 0.19367952 | AG49: 0.023408828 | AI49: -0.041210935 | AJ49: 0.02634398
A50: Turkey | B50: -0.34954183 | C50: 0.023365544 | E50: -0.17335341 | F50: 0.022223682 | H50: 0.17618842 | I50: 0.030617217 | K50: -0.34241479 | L50: 0.025886806 | N50: -0.20795359 | O50: 0.034448353 | Q50: 0.1344612 | R50: 0.04266777 | T50: c | U50: c | W50: -0.26102458 | X50: 0.017276583 | Z50: c | AA50: c | AC50: -0.25717233 | AD50: 0.017559226 | AF50: -0.42387025 | AG50: 0.13518326 | AI50: -0.16669792 | AJ50: 0.13830966
A51: United Kingdom | B51: -0.25509072 | C51: 0.018271719 | E51: -0.32046909 | F51: 0.020523892 | H51: -0.06537837 | I51: 0.025804245 | K51: -0.39122953 | L51: 0.027970253 | N51: -0.18547514 | O51: 0.025229427 | Q51: 0.2057544 | R51: 0.031512112 | T51: c | U51: c | W51: -0.28894644 | X51: 0.014688826 | Z51: c | AA51: c | AC51: -0.31506034 | AD51: 0.016250079 | AF51: -0.1933514 | AG51: 0.035604162 | AI51: 0.12170894 | AJ51: 0.040777041
A52: United States* | B52: -0.11103427 | C52: 0.024959827 | E52: -0.15143261 | F52: 0.021733374 | H52: -0.040398345 | I52: 0.034155738 | K52: -0.27627378 | L52: 0.032862864 | N52: -0.021783344 | O52: 0.030998666 | Q52: 0.25449044 | R52: 0.046680571 | T52: -0.22518509 | U52: 0.054342977 | W52: -0.12381751 | X52: 0.017340696 | Z52: 0.10136758 | AA52: 0.058871268 | AC52: -0.099726345 | AD52: 0.016001169 | AF52: -0.19967767 | AG52: 0.033250009 | AI52: -0.099951323 | AJ52: 0.033035663
A53: OECD average | B53: 0.023681865 | C53: 0.0039251817 | E53: 0.0037125253 | F53: 0.0036668801 | H53: -0.01996934 | I53: 0.0052840879 | K53: -0.057669401 | L53: 0.0055070782 | N53: 0.062833645 | O53: 0.0050965732 | Q53: 0.12050305 | R53: 0.0075283596 | T53: 0.023725228 | U53: 0.0070256244 | W53: 0.00042655942 | X53: 0.011100669 | Z53: 0.018610471 | AA53: 0.015268558 | AC53: 0.024535988 | AD53: 0.0029554766 | AF53: -0.035596837 | AG53: 0.0163065 | AI53: -0.063212967 | AJ53: 0.016574283
A54: Partners
A55: Albania | B55: 0.53908772 | C55: 0.016662594 | E55: 0.50193904 | F55: 0.015519335 | H55: -0.037148685 | I55: 0.021972143 | K55: 0.48216656 | L55: 0.023934689 | N55: 0.54927117 | O55: 0.026520107 | Q55: 0.067104611 | R55: 0.036625715 | T55: 0.53568537 | U55: 0.025192717 | W55: 0.51139669 | X55: 0.015684466 | Z55: -0.024288686 | AA55: 0.032900142 | AC55: 0.52254816 | AD55: 0.012121487 | AF55: 0.74393325 | AG55: 0.10561894 | AI55: 0.22138508 | AJ55: 0.10814176
A56: Argentina | B56: 0.15921833 | C56: 0.017866646 | E56: 6.4336295e-05 | F56: 0.016928891 | H56: -0.159154 | I56: 0.023343519 | K56: -0.011180756 | L56: 0.031246526 | N56: 0.17995981 | O56: 0.024376486 | Q56: 0.19114057 | R56: 0.037360068 | T56: 0.015684266 | U56: 0.027320925 | W56: 0.10415735 | X56: 0.014102745 | Z56: 0.088473084 | AA56: 0.030698598 | AC56: 0.090028837 | AD56: 0.013963429 | AF56: -0.10026911 | AG56: 0.057955046 | AI56: -0.19029794 | AJ56: 0.062711802
A57: Baku (Azerbaijan) | B57: 0.054864092 | C57: 0.026415993 | D57: † | E57: 0.080668533 | F57: 0.020702776 | H57: 0.025804442 | I57: 0.030961333 | J57: † | K57: -0.020437573 | L57: 0.033112019 | N57: 0.14633669 | O57: 0.02840013 | Q57: 0.16677426 | R57: 0.041771286 | T57: 0.070457626 | U57: 0.031034456 | V57: † | W57: 0.066849233 | X57: 0.020203092 | Z57: -0.0036083921 | AA57: 0.035356544 | AB57: † | AC57: 0.076235097 | AD57: 0.019158324 | AF57: -0.0094644446 | AG57: 0.070242374 | AI57: -0.085699542 | AJ57: 0.075985633
A58: Belarus | B58: 0.16986221 | C58: 0.021345084 | E58: 0.18922969 | F58: 0.023214147 | H58: 0.019367488 | I58: 0.029160047 | K58: 0.20231435 | L58: 0.029047028 | N58: 0.16784545 | O58: 0.02881076 | Q58: -0.034468907 | R58: 0.040477409 | T58: 0.16108033 | U58: 0.023938242 | W58: 0.19321302 | X58: 0.020935123 | Z58: 0.032132689 | AA58: 0.029783496 | AC58: 0.19103414 | AD58: 0.01629399 | AF58: -0.045245189 | AG58: 0.077224693 | AI58: -0.23627933 | AJ58: 0.073893772
A59: Bosnia and Herzegovina | B59: 0.37659668 | C59: 0.022945748 | E59: 0.33248043 | F59: 0.018306566 | H59: -0.044116248 | I59: 0.028690216 | K59: 0.31457281 | L59: 0.031137376 | N59: 0.38762349 | O59: 0.026452207 | Q59: 0.073050678 | R59: 0.041604266 | T59: 0.40702186 | U59: 0.045244359 | W59: 0.34453839 | X59: 0.015187778 | Z59: -0.062483467 | AA59: 0.047029474 | AC59: 0.35807127 | AD59: 0.015211404 | AF59: 0.2704935 | AG59: 0.091530873 | AI59: -0.087577769 | AJ59: 0.093334711
A60: Brazil | B60: 0.12741921 | C60: 0.019352061 | E60: 0.0014473806 | F60: 0.019424035 | H60: -0.12597183 | I60: 0.028757066 | K60: 0.036571404 | L60: 0.028830949 | M60: † | N60: 0.1036852 | O60: 0.02639718 | Q60: 0.067113793 | R60: 0.039694024 | S60: † | T60: -0.011533844 | U60: 0.036786983 | V60: † | W60: 0.082620866 | X60: 0.013258097 | Z60: 0.09415471 | AA60: 0.038902093 | AB60: † | AC60: 0.06834974 | AD60: 0.013331866 | AF60: -0.53754152 | AG60: 0.19529424 | AH60: † | AI60: -0.60589126 | AJ60: 0.1963018 | AK60: †
A61: Brunei Darussalam | B61: -0.043870151 | C61: 0.016627175 | E61: 0.022455448 | F61: 0.017376412 | H61: 0.066325599 | I61: 0.022284878 | K61: -0.091225376 | L61: 0.028716396 | N61: 0.040795391 | O61: 0.025592152 | Q61: 0.13202077 | R61: 0.042791975 | T61: -0.45177253 | U61: 0.16017278 | W61: -0.0083153328 | X61: 0.012922597 | Z61: 0.4434572 | AA61: 0.16093723 | AC61: 0.0033296741 | AD61: 0.013056102 | AF61: -0.14203869 | AG61: 0.04462699 | AI61: -0.14536837 | AJ61: 0.045264831
A62: B-S-J-Z (China) | B62: 0.01757132 | C62: 0.015312766 | E62: 0.21269726 | F62: 0.019718852 | H62: 0.19512594 | I62: 0.022092257 | K62: 0.045940017 | L62: 0.026071304 | N62: 0.14578361 | O62: 0.022122281 | Q62: 0.09984359 | R62: 0.032709361 | T62: 0.1124147 | U62: 0.029477045 | W62: 0.10960356 | X62: 0.013516261 | Z62: -0.0028111451 | AA62: 0.03286803 | AC62: 0.11164825 | AD62: 0.014063626 | AF62: c | AG62: c | AI62: c | AJ62: c
A63: Bulgaria | B63: 0.09535386 | C63: 0.034133052 | E63: 0.22500465 | F63: 0.027808653 | H63: 0.12965079 | I63: 0.034355082 | K63: 0.09199247 | L63: 0.049296458 | N63: 0.22222532 | O63: 0.038471054 | Q63: 0.13023285 | R63: 0.059603575 | T63: c | U63: c | W63: 0.16076725 | X63: 0.026010575 | Z63: c | AA63: c | AC63: 0.1727584 | AD63: 0.025102734 | AF63: -0.61812028 | AG63: 0.18914853 | AI63: -0.79087868 | AJ63: 0.18815212
A64: Costa Rica | B64: 0.40231582 | C64: 0.021104138 | E64: 0.25049111 | F64: 0.019340316 | H64: -0.15182471 | I64: 0.026357008 | K64: 0.32225732 | L64: 0.027246188 | N64: 0.34230841 | O64: 0.028978918 | Q64: 0.020051094 | R64: 0.036146646 | T64: 0.31951564 | U64: 0.017284459 | W64: 0.33021437 | X64: 0.024258421 | Z64: 0.010698724 | AA64: 0.027966919 | AC64: 0.33051923 | AD64: 0.015769722 | AF64: 0.27224969 | AG64: 0.039477307 | AI64: -0.05826954 | AJ64: 0.040386021
A65: Croatia | B65: 0.27982289 | C65: 0.019252686 | E65: 0.24454995 | F65: 0.018610112 | H65: -0.035272939 | I65: 0.025764786 | K65: 0.24458322 | L65: 0.031929443 | N65: 0.17203323 | O65: 0.019384052 | Q65: -0.072549997 | R65: 0.036105433 | T65: c | U65: c | W65: 0.2621901 | X65: 0.013772893 | Z65: c | AA65: c | AC65: 0.25852898 | AD65: 0.014729117 | AF65: 0.32681842 | AG65: 0.040643755 | AI65: 0.068289438 | AJ65: 0.042458236
A66: Cyprus | B66: -0.15920469 | C66: 0.021438123 | E66: -0.028444294 | F66: 0.020380162 | H66: 0.13076039 | I66: 0.0270842 | K66: -0.22965582 | L66: 0.036847423 | N66: 0.060666991 | O66: 0.027664123 | Q66: 0.29032281 | R66: 0.044021634 | T66: -0.11354331 | U66: 0.13859394 | W66: -0.091863888 | X66: 0.014901783 | Z66: 0.021679424 | AA66: 0.13750479 | AC66: -0.057534293 | AD66: 0.015264937 | AF66: -0.29716665 | AG66: 0.043320607 | AI66: -0.23963236 | AJ66: 0.042674032
A67: Dominican Republic | B67: 0.44308483 | C67: 0.027918483 | D67: † | E67: 0.33641864 | F67: 0.030531905 | G67: † | H67: -0.10666619 | I67: 0.041739208 | J67: † | K67: 0.33680739 | L67: 0.04989275 | M67: ‡ | N67: 0.43736051 | O67: 0.038217938 | P67: † | Q67: 0.10055313 | R67: 0.066871703 | S67: ‡ | T67: 0.32124455 | U67: 0.039238618 | V67: ‡ | W67: 0.41511723 | X67: 0.02278858 | Y67: † | Z67: 0.093872675 | AA67: 0.043155107 | AB67: ‡ | AC67: 0.40127095 | AD67: 0.021207435 | AE67: † | AF67: 0.15650465 | AG67: 0.16453377 | AH67: ‡ | AI67: -0.2447663 | AJ67: 0.16588533 | AK67: ‡
A68: Georgia | B68: -0.16997519 | C68: 0.024764318 | E68: -0.086574917 | F68: 0.024168788 | H68: 0.083400269 | I68: 0.030446927 | K68: -0.22395857 | L68: 0.031504804 | N68: -0.02332167 | O68: 0.036304822 | Q68: 0.2006369 | R68: 0.040769699 | T68: -0.11039528 | U68: 0.043737444 | W68: -0.12982808 | X68: 0.020308068 | Z68: -0.019432799 | AA68: 0.045775856 | AC68: -0.11482877 | AD68: 0.01913477 | AF68: -0.35142497 | AG68: 0.20757124 | AI68: -0.2365962 | AJ68: 0.20783239
A69: Hong Kong (China)* | B69: -0.14207271 | C69: 0.017698959 | E69: 0.034875032 | F69: 0.021052438 | H69: 0.17694774 | I69: 0.02473974 | K69: -0.077781039 | L69: 0.03175826 | N69: -0.081458545 | O69: 0.028790267 | Q69: -0.0036775058 | R69: 0.045212972 | T69: 0.0025521042 | U69: 0.027170878 | W69: -0.084142338 | X69: 0.014947528 | Z69: -0.086694442 | AA69: 0.027196188 | AC69: -0.064212419 | AD69: 0.018827318 | AF69: -0.023143497 | AG69: 0.025444418 | AI69: 0.041068922 | AJ69: 0.031301973
A70: Indonesia | B70: 0.30215632 | C70: 0.020786251 | E70: 0.3619478 | F70: 0.019328751 | H70: 0.059791481 | I70: 0.027458564 | K70: 0.2482838 | L70: 0.032646098 | N70: 0.37385837 | O70: 0.027708386 | Q70: 0.12557457 | R70: 0.045229753 | T70: 0.27862724 | U70: 0.02399904 | W70: 0.37745598 | X70: 0.016656676 | Z70: 0.098828737 | AA70: 0.028815839 | AC70: 0.33698743 | AD70: 0.014459862 | AF70: -0.29133198 | AG70: 0.43412521 | AI70: -0.62831941 | AJ70: 0.43447761
A71: Jordan | B71: -0.3915214 | C71: 0.030058607 | E71: -0.05782873 | F71: 0.025814177 | H71: 0.33369267 | I71: 0.035594438 | K71: -0.41021037 | L71: 0.045192698 | N71: 0.0019647422 | O71: 0.039240352 | Q71: 0.41217512 | R71: 0.061080621 | T71: -0.21543826 | U71: 0.021207904 | W71: m | X71: m | Z71: m | AA71: m | AC71: -0.20893512 | AD71: 0.023650836 | AF71: -0.15847865 | AG71: 0.038116931 | AI71: 0.050456468 | AJ71: 0.047512809
A72: Kazakhstan | B72: 0.50777766 | C72: 0.013462738 | E72: 0.62877864 | F72: 0.014108243 | H72: 0.12100098 | I72: 0.017393689 | K72: 0.52190237 | L72: 0.02120436 | N72: 0.60584482 | O72: 0.016618474 | Q72: 0.083942453 | R72: 0.026119231 | T72: 0.50130402 | U72: 0.016177951 | W72: 0.66902231 | X72: 0.015086873 | Z72: 0.16771829 | AA72: 0.019256095 | AC72: 0.57252544 | AD72: 0.010782653 | AF72: 0.54195439 | AG72: 0.039622438 | AI72: -0.030571047 | AJ72: 0.039477498
A73: Kosovo | B73: 0.48181834 | C73: 0.020316724 | E73: 0.44792677 | F73: 0.022283527 | H73: -0.033891573 | I73: 0.031774976 | K73: 0.39076165 | L73: 0.028341155 | N73: 0.56193856 | O73: 0.027063239 | Q73: 0.17117691 | R73: 0.039954126 | T73: 0.48174549 | U73: 0.031554625 | W73: 0.4593518 | X73: 0.015999038 | Z73: -0.022393694 | AA73: 0.035540504 | AC73: 0.46662642 | AD73: 0.013972848 | AF73: 0.53009993 | AG73: 0.098014852 | AI73: 0.063473506 | AJ73: 0.097702333
A74: Lebanon | B74: -0.40846954 | C74: 0.039502109 | E74: -0.24754638 | F74: 0.037019284 | H74: 0.16092316 | I74: 0.040032694 | K74: -0.53276163 | L74: 0.047886554 | M74: † | N74: -0.052594944 | O74: 0.04286054 | Q74: 0.48016669 | R74: 0.058262088 | S74: † | T74: -0.65913996 | U74: 0.05280216 | V74: † | W74: -0.20109832 | X74: 0.036822992 | Z74: 0.45804164 | AA74: 0.060976456 | AB74: † | AC74: -0.26381899 | AD74: 0.031606474 | AF74: -0.6814448 | AG74: 0.081992465 | AI74: -0.41762581 | AJ74: 0.07447394
A75: Macao (China) | B75: -0.17174492 | C75: 0.021538913 | E75: 0.010041625 | F75: 0.026220022 | H75: 0.18178654 | I75: 0.02958719 | K75: -0.18710476 | L75: 0.02949428 | N75: -0.041915971 | O75: 0.034064577 | Q75: 0.14518879 | R75: 0.045495756 | T75: -0.13285488 | U75: 0.026766214 | W75: -0.046714798 | X75: 0.022718014 | Z75: 0.086140085 | AA75: 0.031683788 | AC75: -0.11371066 | AD75: 0.029066115 | AF75: -0.061621358 | AG75: 0.022890245 | AI75: 0.052089299 | AJ75: 0.034168148
A76: Malaysia | B76: 0.1701112 | C76: 0.027249275 | E76: 0.36366808 | F76: 0.023708117 | H76: 0.19355688 | I76: 0.026634867 | K76: 0.11696387 | L76: 0.036091101 | N76: 0.3948164 | O76: 0.031588425 | Q76: 0.27785253 | R76: 0.048394604 | T76: -0.45939409 | U76: 0.094195625 | W76: 0.31147579 | X76: 0.019189511 | Z76: 0.77086989 | AA76: 0.093190508 | AC76: 0.28525923 | AD76: 0.022036152 | AF76: 0.037540859 | AG76: 0.1208663 | AI76: -0.24771837 | AJ76: 0.11900963
A77: Malta | B77: -0.028127475 | C77: 0.025846081 | E77: -0.046351236 | F77: 0.021898433 | H77: -0.018223761 | I77: 0.032027998 | K77: -0.038623749 | L77: 0.042911322 | N77: -0.085063803 | O77: 0.033983396 | Q77: -0.046440054 | R77: 0.052900556 | T77: c | U77: c | W77: -0.036373551 | X77: 0.017806604 | Z77: c | AA77: c | AC77: -0.025771504 | AD77: 0.017949399 | AF77: -0.19521262 | AG77: 0.079809824 | AI77: -0.16944112 | AJ77: 0.082865808
A78: Moldova | B78: 0.28232347 | C78: 0.019787889 | E78: 0.18037575 | F78: 0.020010841 | H78: -0.10194772 | I78: 0.025282893 | K78: 0.1018785 | L78: 0.030345153 | N78: 0.2757012 | O78: 0.027123544 | Q78: 0.1738227 | R78: 0.037538942 | T78: 0.24132532 | U78: 0.016499972 | W78: 0.15234273 | X78: 0.036326002 | Z78: -0.088982586 | AA78: 0.039415473 | AC78: 0.23686752 | AD78: 0.015225037 | AF78: 0.017015503 | AG78: 0.13669257 | AI78: -0.21985202 | AJ78: 0.13404184
A79: Montenegro | B79: 0.39225551 | C79: 0.017589566 | E79: 0.414174 | F79: 0.01716296 | H79: 0.021918491 | I79: 0.024540933 | K79: 0.35475368 | L79: 0.027223647 | N79: 0.40161178 | O79: 0.024575418 | Q79: 0.046858107 | R79: 0.035102857 | T79: 0.35452005 | U79: 0.10505723 | W79: 0.40478176 | X79: 0.012259907 | Z79: 0.050261713 | AA79: 0.10577117 | AC79: 0.42059072 | AD79: 0.012243905 | AF79: 0.14935237 | AG79: 0.069735504 | AI79: -0.27123835 | AJ79: 0.071470483
A80: Morocco | B80: m | C80: m | E80: m | F80: m | H80: m | I80: m | K80: m | L80: m | N80: m | O80: m | Q80: m | R80: m | T80: m | U80: m | W80: m | X80: m | Z80: m | AA80: m | AC80: m | AD80: m | AF80: m | AG80: m | AI80: m | AJ80: m
A81: North Macedonia | B81: 0.31586004 | C81: 0.021462055 | E81: 0.42934787 | F81: 0.018117661 | H81: 0.11348783 | I81: 0.027164129 | K81: 0.29507899 | L81: 0.029774714 | N81: 0.44137633 | O81: 0.030065445 | Q81: 0.14629734 | R81: 0.041765574 | T81: c | U81: c | W81: 0.37096602 | X81: 0.014492606 | Z81: c | AA81: c | AC81: 0.38859257 | AD81: 0.015359228 | AF81: 0.19112969 | AG81: 0.13207127 | AI81: -0.19746288 | AJ81: 0.13155821
A82: Panama | B82: 0.39066357 | C82: 0.025852158 | D82: † | E82: 0.38339463 | F82: 0.02474787 | G82: † | H82: -0.0072689412 | I82: 0.03441528 | J82: † | K82: 0.36372324 | L82: 0.038028043 | M82: ‡ | N82: 0.32339142 | O82: 0.037476802 | Q82: -0.040331829 | R82: 0.056214021 | S82: ‡ | T82: 0.40168506 | U82: 0.034119864 | V82: ‡ | W82: 0.38234241 | X82: 0.022118298 | Y82: † | Z82: -0.019342642 | AA82: 0.041272854 | AB82: ‡ | AC82: 0.41114043 | AD82: 0.017750534 | AE82: † | AF82: 0.082200574 | AG82: 0.083495487 | AH82: † | AI82: -0.32893986 | AJ82: 0.085038265 | AK82: †
A83: Peru | B83: 0.36270392 | C83: 0.020858767 | D83: † | E83: 0.38059414 | F83: 0.02214393 | G83: † | H83: 0.01789022 | I83: 0.028492549 | J83: † | K83: 0.44940144 | L83: 0.031890741 | M83: † | N83: 0.34172559 | O83: 0.02623283 | Q83: -0.10767585 | R83: 0.042959712 | S83: † | T83: 0.37502883 | U83: 0.041672979 | V83: † | W83: 0.37066118 | X83: 0.01666036 | Z83: -0.0043676466 | AA83: 0.043314365 | AB83: † | AC83: 0.37211263 | AD83: 0.016105346 | AE83: † | AF83: c | AG83: c | AI83: c | AJ83: c
A84: Philippines | B84: 0.18838913 | C84: 0.022654467 | E84: 0.2987495 | F84: 0.019238933 | H84: 0.11036037 | I84: 0.02003176 | K84: 0.10653846 | L84: 0.034248158 | N84: 0.29935135 | O84: 0.025970408 | Q84: 0.19281289 | R84: 0.038935599 | T84: 0.24726224 | U84: 0.018658005 | W84: 0.2191468 | X84: 0.083826785 | Z84: -0.028115437 | AA84: 0.088885363 | AC84: 0.26618857 | AD84: 0.017338294 | AF84: -0.33606342 | AG84: 0.14371192 | AI84: -0.60225198 | AJ84: 0.13796313
A85: Qatar | B85: -0.11356768 | C85: 0.015594854 | E85: 0.12035706 | F85: 0.014974471 | H85: 0.23392475 | I85: 0.02239923 | K85: -0.15938431 | L85: 0.022709133 | N85: 0.10290181 | O85: 0.015308129 | Q85: 0.26228612 | R85: 0.027881951 | T85: -0.08756082 | U85: 0.022873797 | W85: 0.04013682 | X85: 0.012378632 | Z85: 0.12769764 | AA85: 0.026772467 | AC85: 0.013194386 | AD85: 0.015282286 | AF85: 0.017694069 | AG85: 0.014312181 | AI85: 0.0044996826 | AJ85: 0.020485517
A86: Romania | B86: 0.24804525 | C86: 0.023648534 | E86: 0.13298481 | F86: 0.022789514 | H86: -0.11506044 | I86: 0.03245855 | K86: 0.072804097 | L86: 0.032667804 | N86: 0.26147699 | O86: 0.028167287 | Q86: 0.1886729 | R86: 0.044374015 | T86: 0.18555231 | U86: 0.087747534 | W86: 0.19190452 | X86: 0.016125535 | Z86: 0.0063522132 | AA86: 0.088012847 | AC86: 0.20522084 | AD86: 0.018687179 | AF86: c | AG86: c | AI86: c | AJ86: c
A87: Russia | B87: -0.035957081 | C87: 0.025144253 | E87: -0.10845081 | F87: 0.024238832 | H87: -0.072493725 | I87: 0.029762156 | K87: -0.013014144 | L87: 0.037138255 | N87: -0.050772442 | O87: 0.027321294 | Q87: -0.037758299 | R87: 0.040782456 | T87: -0.088064499 | U87: 0.018555528 | W87: 0.042106772 | X87: 0.055644582 | Z87: 0.13017127 | AA87: 0.053684078 | AC87: -0.066484047 | AD87: 0.020889491 | AF87: -0.12936611 | AG87: 0.059730504 | AI87: -0.062882062 | AJ87: 0.062360165
A88: Saudi Arabia | B88: -0.14196801 | C88: 0.037264204 | E88: 0.20632384 | F88: 0.019707178 | H88: 0.34829185 | I88: 0.039220587 | K88: -0.16625021 | L88: 0.041427673 | N88: 0.16633833 | O88: 0.037689514 | Q88: 0.33258854 | R88: 0.049048929 | T88: -0.20015556 | U88: 0.065519206 | W88: 0.084334916 | X88: 0.02139448 | Z88: 0.28449048 | AA88: 0.069637577 | AC88: 0.060454945 | AD88: 0.024224092 | AF88: 0.13367824 | AG88: 0.037222838 | AI88: 0.073223291 | AJ88: 0.045086845
A89: Serbia | B89: 0.16797111 | C89: 0.023463219 | E89: 0.29463423 | F89: 0.019257861 | H89: 0.12666312 | I89: 0.029734835 | K89: 0.15291274 | L89: 0.037090217 | N89: 0.25678092 | O89: 0.030309833 | Q89: 0.10386819 | R89: 0.050364067 | T89: c | U89: c | W89: 0.23438304 | X89: 0.015578307 | Z89: c | AA89: c | AC89: 0.24632864 | AD89: 0.016371331 | AF89: 0.11402958 | AG89: 0.047565379 | AI89: -0.13229906 | AJ89: 0.048825522
A90: Singapore | B90: m | C90: m | E90: m | F90: m | H90: m | I90: m | K90: m | L90: m | N90: m | O90: m | Q90: m | R90: m | T90: m | U90: m | W90: m | X90: m | Z90: m | AA90: m | AC90: m | AD90: m | AF90: m | AG90: m | AI90: m | AJ90: m
A91: Chinese Taipei | B91: 0.096025864 | C91: 0.017390513 | E91: 0.15385128 | F91: 0.021133023 | H91: 0.057825412 | I91: 0.027302503 | K91: 0.05905601 | L91: 0.024810431 | N91: 0.12702197 | O91: 0.029044903 | Q91: 0.067965964 | R91: 0.038407153 | T91: 0.15979918 | U91: 0.01975235 | W91: 0.10543573 | X91: 0.01945743 | Z91: -0.054363453 | AA91: 0.029047083 | AC91: 0.12508846 | AD91: 0.014028931 | AF91: 0.040616414 | AG91: 0.16448569 | AI91: -0.084472046 | AJ91: 0.1669893
A92: Thailand | B92: 0.23622176 | C92: 0.021426387 | E92: 0.39038793 | F92: 0.022292939 | H92: 0.15416617 | I92: 0.026841636 | K92: 0.24404763 | L92: 0.032076382 | N92: 0.40287645 | O92: 0.026342613 | Q92: 0.15882881 | R92: 0.037696406 | T92: 0.19385842 | U92: 0.043558106 | W92: 0.35105509 | X92: 0.016960778 | Z92: 0.15719667 | AA92: 0.045524906 | AC92: 0.32988514 | AD92: 0.016601235 | AF92: -0.056161686 | AG92: 0.23150165 | AI92: -0.38604683 | AJ92: 0.23064898
A93: Ukraine | B93: 0.26714636 | C93: 0.018715602 | E93: 0.35694654 | F93: 0.014241619 | H93: 0.089800181 | I93: 0.021354778 | K93: 0.25762119 | L93: 0.028075587 | N93: 0.36463977 | O93: 0.029500149 | Q93: 0.10701858 | R93: 0.041300474 | T93: m | U93: m | W93: 0.31006997 | X93: 0.012861744 | Z93: m | AA93: m | AC93: 0.31977113 | AD93: 0.013324507 | AF93: 0.17189107 | AG93: 0.10473614 | AI93: -0.14788006 | AJ93: 0.1070314
A94: United Arab Emirates | B94: -0.053796854 | C94: 0.017385965 | E94: 0.12490083 | F94: 0.018817749 | H94: 0.17869768 | I94: 0.022170747 | K94: -0.054761242 | L94: 0.019619464 | N94: 0.10997795 | O94: 0.025498184 | Q94: 0.16473919 | R94: 0.02955378 | T94: -0.13568468 | U94: 0.032946989 | W94: 0.062685443 | X94: 0.014315406 | Z94: 0.19837013 | AA94: 0.034268578 | AC94: 0.058936194 | AD94: 0.014099684 | AF94: 0.045417622 | AG94: 0.019885971 | AI94: -0.013518572 | AJ94: 0.021587048
A95: Uruguay | B95: 0.29776106 | C95: 0.025227427 | E95: 0.092456907 | F95: 0.024224106 | H95: -0.20530415 | I95: 0.033930416 | K95: 0.057437853 | L95: 0.031752395 | N95: 0.32382553 | O95: 0.029943432 | Q95: 0.26638768 | R95: 0.041098758 | T95: 0.083834001 | U95: 0.027914042 | V95: † | W95: 0.23103152 | X95: 0.022714796 | Z95: 0.14719752 | AA95: 0.035196589 | AB95: † | AC95: 0.18382026 | AD95: 0.018177465 | AF95: -0.026790773 | AG95: 0.17572765 | AH95: † | AI95: -0.21061103 | AJ95: 0.17409973 | AK95: †
A96: Viet Nam | B96: m | C96: m | E96: m | F96: m | H96: m | I96: m | K96: m | L96: m | N96: m | O96: m | Q96: m | R96: m | T96: m | U96: m | W96: m | X96: m | Z96: m | AA96: m | AC96: m | AD96: m | AF96: m | AG96: m | AI96: m | AJ96: m
A101: Information on data for Cyprus: https://oe.cd/cyprus-disclaimer
A102: *Data did not meet the PISA technical standards but were accepted as largely comparable (see Annexes A2 and A4).
A104: 1. The index of positive feelings is based on three items: "happy", "joyful" and "cheerful".
A105: 2. A socio-economically disadvantaged (advantaged) student is a student in the bottom (top) quarter of the PISA index of economic, social and cultural status (ESCS) in his or her own country/economy.
A106: Notes: Values that are statistically significant are indicated in bold (see Annex A3).
A107: Information regarding the proportion of the sample covered is shown next to the standard error. No symbol means at least 75% of the population was covered; one dagger (†) means at least 50% but less than 75%; and one double-dagger (‡) means less than 50% was covered. For comparisons across cycles, the coverage information corresponds to the cycle with the lowest sample coverage.

Sheet Table III.B1.12.6
A1: PISA 2018 Results (Volume III) - © OECD 2019
A2: Annex B1 | B2: Annex B1.12 Results (tables): Students' feelings
A3: Version 2 - Last updated: 02-Dec-2019
A4: Disclaimer: http://oe.cd/disclaimer
A6: Table III.B1.12.6
A7: Feeling sad, by student characteristics
A8: Based on students' reports
B11: Percentage of students who reported feeling sad sometimes or always, by the following student characteristics:
B12: Gender | K12: Socio-economic status1 | T12: Education level | AC12: Immigrant background
B13: Boys | E13: Girls | H13: Girls-boys | K13: Disadvantaged students | N13: Advantaged students | Q13: Advantaged -disadvantaged | T13: Lower secondary (ISCED 2) | W13: Upper secondary (ISCED 3) | Z13: ISCED 3 - ISCED 2 | AC13: Non-immigrant students | AF13: Immigrant students | AI13: Immigrant - non-immigrant
B14: % | C14: S.E. | E14: % | F14: S.E. | H14: % dif. | I14: S.E. | K14: % | L14: S.E. | N14: % | O14: S.E. | Q14: % dif. | R14: S.E. | T14: % | U14: S.E. | W14: % | X14: S.E. | Z14: % dif. | AA14: S.E. | AC14: % | AD14: S.E. | AF14: % | AG14: S.E. | AI14: % dif. | AJ14: S.E.
A15: OECD
A16: Australia | B16: m | C16: m | E16: m | F16: m | H16: m | I16: m | K16: m | L16: m | N16: m | O16: m | Q16: m | R16: m | T16: m | U16: m | W16: m | X16: m | Z16: m | AA16: m | AC16: m | AD16: m | AF16: m | AG16: m | AI16: m | AJ16: m
A17: Austria | B17: 27.225154 | C17: 0.92240905 | E17: 60.243381 | F17: 0.94439984 | H17: 33.018228 | I17: 1.2409389 | K17: 42.099546 | L17: 1.7932406 | N17: 42.361977 | O17: 1.2704745 | Q17: 0.26243132 | R17: 1.9830309 | T17: m | U17: m | W17: m | X17: m | Z17: m | AA17: m | AC17: 44.193181 | AD17: 0.93833473 | AF17: 42.755707 | AG17: 2.1592175 | AI17: -1.437474 | AJ17: 2.2993066
A18: Belgium | B18: m | C18: m | E18: m | F18: m | H18: m | I18: m | K18: m | L18: m | N18: m | O18: m | Q18: m | R18: m | T18: m | U18: m | W18: m | X18: m | Z18: m | AA18: m | AC18: m | AD18: m | AF18: m | AG18: m | AI18: m | AJ18: m
A19: Canada | B19: 41.753779 | C19: 0.73676213 | E19: 70.707947 | F19: 0.68795819 | H19: 28.954168 | I19: 1.0405847 | K19: 57.579282 | L19: 1.0049189 | N19: 56.496242 | O19: 0.92899303 | Q19: -1.0830397 | R19: 1.3098365 | T19: 47.097808 | U19: 1.2369944 | W19: 57.479589 | X19: 0.53316673 | Z19: 10.381781 | AA19: 1.3316562 | AC19: 56.339702 | AD19: 0.54754149 | AF19: 56.871269 | AG19: 0.93261355 | AI19: 0.53156669 | AJ19: 1.0427674
A20: Chile | B20: 40.596098 | C20: 1.0558705 | E20: 68.156444 | F20: 0.91142888 | H20: 27.560346 | I20: 1.5270429 | K20: 55.961004 | L20: 1.5520736 | N20: 56.273113 | O20: 1.2210121 | Q20: 0.31210829 | R20: 2.0167734 | T20: 51.260711 | U20: 3.8814006 | W20: 54.392265 | X20: 0.74492088 | Z20: 3.1315535 | AA20: 3.9682928 | AC20: 54.406346 | AD20: 0.72533017 | AF20: 51.646772 | AG20: 4.3101163 | AI20: -2.7595743 | AJ20: 4.3491111
A21: Colombia | B21: 37.602019 | C21: 1.04919 | E21: 61.686559 | F21: 0.91824042 | H21: 24.084539 | I21: 1.4150208 | K21: 51.639737 | L21: 1.6171153 | N21: 49.282908 | O21: 1.3856241 | Q21: -2.3568292 | R21: 2.1280057 | T21: 49.914879 | U21: 1.4313899 | W21: 49.966855 | X21: 0.87982236 | Z21: 0.051975634 | AA21: 1.7660237 | AC21: 49.872426 | AD21: 0.72897205 | AF21: 62.857915 | AG21: 9.4155671 | AI21: 12.985489 | AJ21: 9.279986
A22: Czech Republic | B22: 39.119621 | C22: 1.1374118 | E22: 64.967962 | F22: 1.0045879 | H22: 25.848341 | I22: 1.5298387 | K22: 48.794553 | L22: 1.8267812 | N22: 52.923983 | O22: 1.3647882 | Q22: 4.1294297 | R22: 2.1442587 | T22: 49.83107 | U22: 1.1499252 | W22: 53.990848 | X22: 1.0843499 | Z22: 4.1597777 | AA22: 1.5369304 | AC22: 51.911106 | AD22: 0.82499311 | AF22: 51.463039 | AG22: 4.4233664 | AI22: -0.44806619 | AJ22: 4.4078904
A23: Denmark | B23: 27.039049 | C23: 0.92681817 | E23: 67.616577 | F23: 1.0543037 | H23: 40.577528 | I23: 1.510525 | K23: 47.019536 | L23: 1.5277363 | N23: 49.308288 | O23: 1.3824629 | Q23: 2.2887521 | R23: 2.006988 | T23: 47.45517 | U23: 0.71013739 | W23: c | X23: c | Z23: c | AA23: c | AC23: 48.102445 | AD23: 0.76119053 | AF23: 43.067077 | AG23: 2.0774808 | AI23: -5.0353685 | AJ23: 2.2131283
A24: Estonia | B24: 36.543086 | C24: 1.0594392 | E24: 65.841565 | F24: 1.0092073 | H24: 29.298479 | I24: 1.412852 | K24: 51.758949 | L24: 1.6763707 | N24: 49.826036 | O24: 1.4298435 | Q24: -1.9329126 | R24: 2.3042888 | T24: 51.424365 | U24: 0.78145573 | W24: 44.313669 | X24: 8.6905777 | Z24: -7.1106966 | AA24: 8.8365719 | AC24: 51.079547 | AD24: 0.81405849 | AF24: 52.950512 | AG24: 2.1071 | AI24: 1.8709644 | AJ24: 2.2489546
A25: Finland | B25: 27.105234 | C25: 0.81534754 | E25: 64.331238 | F25: 0.83793162 | H25: 37.226004 | I25: 1.1541256 | K25: 44.472852 | L25: 1.4951547 | N25: 47.882415 | O25: 1.3796652 | Q25: 3.4095634 | R25: 1.9837784 | T25: 45.651344 | U25: 0.61599237 | W25: c | X25: c | Z25: c | AA25: c | AC25: 46.091052 | AD25: 0.64105121 | AF25: 40.07906 | AG25: 3.2286384 | AI25: -6.011992 | AJ25: 3.2843512
A26: France | B26: 32.16631 | C26: 0.87569472 | E26: 59.415469 | F26: 0.99976406 | H26: 27.24916 | I26: 1.3647558 | K26: 44.416601 | L26: 1.5862079 | N26: 49.768625 | O26: 1.1175647 | Q26: 5.3520236 | R26: 2.0602889 | T26: 44.742625 | U26: 2.0684285 | W26: 46.021404 | X26: 0.70290363 | Z26: 1.2787791 | AA26: 2.16944 | AC26: 46.700105 | AD26: 0.76976716 | AF26: 40.772922 | AG26: 1.8995496 | AI26: -5.9271837 | AJ26: 2.1678251
A27: Germany | B27: 26.234655 | C27: 0.99910151 | D27: † | E27: 61.788809 | F27: 1.0980803 | H27: 35.554154 | I27: 1.3038587 | J27: † | K27: 42.164031 | L27: 1.6235608 | N27: 43.702396 | O27: 1.9642061 | Q27: 1.5383649 | R27: 2.5117367 | T27: 43.330829 | U27: 0.93066511 | V27: † | W27: 38.249752 | X27: 3.2531622 | Z27: -5.0810767 | AA27: 3.3644017 | AB27: † | AC27: 44.013289 | AD27: 1.0881387 | AF27: 39.168016 | AG27: 1.781353 | AI27: -4.845273 | AJ27: 2.1260833
A28: Greece | B28: 38.547125 | C28: 0.93970041 | E28: 63.367712 | F28: 1.0802517 | H28: 24.820587 | I28: 1.4748248 | K28: 50.331784 | L28: 1.5323211 | N28: 50.78453 | O28: 1.2750696 | Q28: 0.4527456 | R28: 1.8270684 | T28: 54.109697 | U28: 4.6187619 | W28: 50.918385 | X28: 0.72257416 | Z28: -3.1913123 | AA28: 4.7161259 | AC28: 51.015448 | AD28: 0.72172256 | AF28: 53.073445 | AG28: 2.1010213 | AI28: 2.057997 | AJ28: 2.1410631
