Workbook
Name _: [1]EAT12_1!#REF!,[1]EAT12_1!#REF!,[1]EAT12_1!#REF!,[1]EAT12_1!#REF!,[1]EAT12_1!#REF!,[1]EAT12_1!#REF!,[1]EAT12_1!#REF!,[1]EAT12_1!#REF!,[1]EAT12_1!#REF!,[1]EAT12_1!#REF!
Name _: [1]EAT12_1!#REF!,[1]EAT12_1!#REF!,[1]EAT12_1!#REF!,[1]EAT12_1!#REF!,[1]EAT12_1!#REF!,[1]EAT12_1!#REF!,[1]EAT12_1!#REF!,[1]EAT12_1!#REF!,[1]EAT12_1!#REF!,[1]EAT12_1!#REF!
Name _______ISC3: [2]ISC01!$B:$B+[3]Q_ISC3!$1:$23
Name ______ISC3: [2]ISC01!$B:$B+[3]Q_ISC3!$1:$23
Name _____ISC3: [2]ISC01!$B:$B+[3]Q_ISC3!$1:$23
Name ____ISC3: [2]ISC01!$B:$B+[3]Q_ISC3!$1:$23
Name ___ISC3: [2]ISC01!$B:$B+[3]Q_ISC3!$1:$23
Name __ISC3: [2]ISC01!$B:$B+[3]Q_ISC3!$1:$23
Name _6Y: [1]EAT12_1!#REF!,[1]EAT12_1!#REF!,[1]EAT12_1!#REF!,[1]EAT12_1!#REF!,[1]EAT12_1!#REF!,[1]EAT12_1!#REF!,[1]EAT12_1!#REF!,[1]EAT12_1!#REF!,[1]EAT12_1!#REF!,[1]EAT12_1!#REF!
Name _6Y: [1]EAT12_1!#REF!,[1]EAT12_1!#REF!,[1]EAT12_1!#REF!,[1]EAT12_1!#REF!,[1]EAT12_1!#REF!,[1]EAT12_1!#REF!,[1]EAT12_1!#REF!,[1]EAT12_1!#REF!,[1]EAT12_1!#REF!,[1]EAT12_1!#REF!
Name _ISC3: [2]ISC01!$B:$B+[3]Q_ISC3!$1:$23
Name calcul: '[6]Calcul_B1.1'!$A$1:$L$37
Name POpula: [8]POpula!$A$1:$I$1559
Name SPSS: [9]Figure5.6!$B$2:$X$30
Name toto: [10]Data5.11a!$B$3:$C$34

Sheet TOC
A1: PISA 2018 Results (Volume II) - © OECD 2019
A2: Annex B1 | B2: Annex B1.5 Results (tables): How do schools compensate for socio-economic disadvantage?
A3: Version 2 - Last updated: 02-Dec-2019
A4: Disclaimer: http://oe.cd/disclaimer
A6: TOC | B6: Volume II
A8: Chapter 5 | B8: How do schools compensate for socio-economic disadvantage?
A9: Tables
A11: ='Table II.B1.5.1'!A6 -> Table II.B1.5.1 | B11: ='Table II.B1.5.1'!$A$7 -> Variation in class size, by school characteristics
A12: ='Table II.B1.5.2'!A6 -> Table II.B1.5.2 | B12: ='Table II.B1.5.2'!$A$7 -> Student-teacher ratio, by school characteristics
A13: ='Table II.B1.5.3'!A6 -> Table II.B1.5.3 | B13: ='Table II.B1.5.3'!$A$7 -> Fully certified teachers, by school characteristics
A14: ='Table II.B1.5.4'!A6 -> Table II.B1.5.4 | B14: ='Table II.B1.5.4'!$A$7 -> Teachers with at least a master's degree, by school characteristics
A15: ='Table II.B1.5.5'!A6 -> Table II.B1.5.5 | B15: ='Table II.B1.5.5'!$A$7 -> Novice teachers, by school characteristics
A16: ='Table II.B1.5.6'!A6 -> Table II.B1.5.6 | B16: ='Table II.B1.5.6'!$A$7 -> Teachers and professional development activities, by school characteristics
A17: ='Table II.B1.5.7'!A6 -> Table II.B1.5.7 | B17: ='Table II.B1.5.7'!$A$7 -> Teacher absenteeism, by school characteristics
A18: ='Table II.B1.5.8'!A6 -> Table II.B1.5.8 | B18: ='Table II.B1.5.8'!$A$7 -> Teachers' satisfaction with their current job environment, by school characteristics
A19: ='Table II.B1.5.9'!A6 -> Table II.B1.5.9 | B19: ='Table II.B1.5.9'!$A$7 -> Teachers' satisfaction with teaching profession, by school characteristics
A20: ='Table II.B1.5.10'!A6 -> Table II.B1.5.10 | B20: ='Table II.B1.5.10'!$A$7 -> Teachers' self-efficacy in maintaining positive relations with students, by school characteristics
A21: ='Table II.B1.5.11'!A6 -> Table II.B1.5.11 | B21: ='Table II.B1.5.11'!$A$7 -> Teachers' self-efficacy in classroom management, by school characteristics
A22: ='Table II.B1.5.12'!A6 -> Table II.B1.5.12 | B22: ='Table II.B1.5.12'!$A$7 -> Teachers' self-efficacy in instructional settings, by school characteristics
A23: ='Table II.B1.5.13'!A6 -> Table II.B1.5.13 | B23: ='Table II.B1.5.13'!$A$7 -> Variation in principals' views on staff shortage, by school characteristics
A24: ='Table II.B1.5.14'!A6 -> Table II.B1.5.14 | B24: ='Table II.B1.5.14'!$A$7 -> Variation in principals' views on material shortage, by school characteristics
A25: ='Table II.B1.5.15'!A6 -> Table II.B1.5.15 | B25: ='Table II.B1.5.15'!$A$7 -> Principals' views on lack of educational material, by school characteristics
A26: ='Table II.B1.5.16'!A6 -> Table II.B1.5.16 | B26: ='Table II.B1.5.16'!$A$7 -> Principals' views on lack of teaching staff, by school characteristics
A27: ='Table II.B1.5.17'!A6 -> Table II.B1.5.17 | B27: ='Table II.B1.5.17'!$A$7 -> Principals' negative views on educational material, by school characteristics
A28: ='Table II.B1.5.18'!A6 -> Table II.B1.5.18 | B28: ='Table II.B1.5.18'!$A$7 -> Principals' views on lack of physical infrastructure, by school characteristics
A29: ='Table II.B1.5.19'!A6 -> Table II.B1.5.19 | B29: ='Table II.B1.5.19'!$A$7 -> Principals' negative views on teaching staff, by school characteristics
A30: ='Table II.B1.5.20'!A6 -> Table II.B1.5.20 | B30: ='Table II.B1.5.20'!$A$7 -> Principals' views on lack of assisting staff, by school characteristics
A31: ='Table II.B1.5.21'!A6 -> Table II.B1.5.21 | B31: ='Table II.B1.5.21'!$A$7 -> Principals' negative views on assisting staff, by school characteristics
A32: ='Table II.B1.5.22'!A6 -> Table II.B1.5.22 | B32: ='Table II.B1.5.22'!$A$7 -> Principals' negative views on physical infrastructure, by school characteristics
A33: ='Table II.B1.5.23'!A6 -> Table II.B1.5.23 | B33: ='Table II.B1.5.23'!$A$7 -> Teachers not being well prepared for classes, by school characteristics
A34: ='Table II.B1.5.24'!A6 -> Table II.B1.5.24 | B34: ='Table II.B1.5.24'!$A$7 -> Teacher training, by school characteristics
A35: ='Table II.B1.5.25'!A6 -> Table II.B1.5.25 | B35: ='Table II.B1.5.25'!$A$7 -> Teachers who participated in selected professional development activities, by school characteristics
A39: Symbols for missing data
A40: c: There were too few observations to provide reliable estimates (i.e. there were fewer than 30 students or fewer than 5 schools with valid data).
A41: m: Data are not available. There was no observation in the sample; these data were not collected by the country; or these data were collected but subsequently removed from the publication for technical reasons.
A42: w: Results were withdrawn at the request of the country concerned.
A44: OECD averages
A45: OECD average | B45: Arithmetic mean across all OECD countries.
A47: Note
A48: Information on data for Cyprus: https://oe.cd/cyprus-disclaimer

Sheet Table II.B1.5.1
A1: PISA 2018 Results (Volume II) - © OECD 2019
A2: Annex B1 | B2: Annex B1.5 Results (tables): How do schools compensate for socio-economic disadvantage?
A3: Version 2 - Last updated: 02-Dec-2019
A4: Disclaimer: http://oe.cd/disclaimer
A6: Table II.B1.5.1
A7: Variation in class size, by school characteristics
A8: Results based on school principals' reports about the average size of language-of-instruction classes in the modal grade for 15-year-olds
B11: All schools1 | N11: Average class size, by schools' socio-economic profile3 | X11: Average class size, by type of school
B12: Sample size | C12: Coverage2 | D12: Average class size | F12: Percentiles of class size | L12: Variability in class size across schools
L13: Inter-decile range | N13: Bottom quarter | P13: Second quarter | R13: Third quarter | T13: Top quarter | V13: Top - bottom quarter | X13: Public | Z13: Private government-dependent | AB13: Private independent | AD13: Private-Public4
B14: Number of schools | C14: % | D14: Mean | E14: S.E. | F14: 10th | G14: S.E. | H14: Median (50th) | I14: S.E. | J14: 90th | K14: S.E. | L14: I.D.R. | M14: S.E. | N14: Mean | O14: S.E. | P14: Mean | Q14: S.E. | R14: Mean | S14: S.E. | T14: Mean | U14: S.E. | V14: Dif. | W14: S.E. | X14: Mean | Y14: S.E. | Z14: Mean | AA14: S.E. | AB14: Mean | AC14: S.E. | AD14: Dif. | AE14: S.E.
A15: OECD
A16: Australia | B16: 682 | C16: 89.932747 | D16: 24.737923 | E16: 0.13100152 | F16: 23 | G16: c | H16: 23 | I16: c | J16: 28 | K16: c | L16: 5 | M16: c | N16: 24.174745 | O16: 0.28862537 | P16: 24.896906 | Q16: 0.29449085 | R16: 25.220017 | S16: 0.27490218 | T16: 24.691323 | U16: 0.34625546 | V16: 0.51657748 | W16: 0.42794395 | X16: 25.006431 | Y16: 0.15371508 | Z16: 24.998941 | AA16: 0.29603445 | AB16: 23.320567 | AC16: 0.35276683 | AD16: -0.65467239 | AE16: 0.29855771
A17: Austria | B17: 291 | C17: m | D17: 22.751294 | E17: 0.2610282 | F17: 18 | G17: c | H17: 23 | I17: c | J17: 28 | K17: c | L17: 10 | M17: c | N17: m | O17: m | P17: m | Q17: m | R17: m | S17: m | T17: m | U17: m | V17: m | W17: m | X17: m | Y17: m | Z17: m | AA17: m | AB17: m | AC17: m | AD17: m | AE17: m
A18: Belgium | B18: 256 | C18: 92.785469 | D18: 19.967083 | E18: 0.17813591 | F18: 13 | G18: 5 | H18: 18 | I18: c | J18: 23 | K18: c | L18: 10 | M18: 5 | N18: 18.475904 | O18: 0.45209576 | P18: 18.536819 | Q18: 0.52940102 | R18: 20.752513 | S18: 0.43961382 | T18: 22.065084 | U18: 0.30591899 | V18: 3.5891799 | W18: 0.53631381 | X18: m | Y18: m | Z18: m | AA18: m | AB18: m | AC18: m | AD18: m | AE18: m
A19: Canada | B19: 768 | C19: 96.37516 | D19: 27.290003 | E19: 0.17613191 | F19: 23 | G19: c | H19: 28 | I19: c | J19: 33 | K19: c | L19: 10 | M19: c | N19: 27.011712 | O19: 0.47013382 | P19: 26.473643 | Q19: 0.39420006 | R19: 27.71432 | S19: 0.41743124 | T19: 28.039091 | U19: 0.35532432 | V19: 1.0273792 | W19: 0.61082676 | X19: 27.30925 | Y19: 0.18958729 | Z19: 27.955852 | AA19: 0.71681133 | AB19: 26.577245 | AC19: 0.92118294 | AD19: -0.193594 | AE19: 0.64574788
A20: Chile | B20: 196 | C20: 83.04335 | D20: 35.011507 | E20: 0.47315179 | F20: 23 | G20: 4.0311289 | H20: 38 | I20: 4.1833001 | J20: 43 | K20: c | L20: 20 | M20: 4.0311289 | N20: 33.113674 | O20: 1.1940445 | P20: 35.026476 | Q20: 1.2002688 | R20: 36.976323 | S20: 1.2438479 | T20: 34.92516 | U20: 0.70937639 | V20: 1.8114857 | W20: 1.3656368 | X20: 33.805494 | Y20: 0.86020631 | Z20: 36.803814 | AA20: 0.71880869 | AB20: 31.152963 | AC20: 1.0129985 | AD20: 1.7856881 | AE20: 1.0779412
A21: Colombia | B21: 244 | C21: 98.509407 | D21: 37.87766 | E21: 0.7730026 | F21: 23 | G21: c | H21: 38 | I21: c | J21: 53 | K21: c | L21: 30 | M21: c | N21: 35.335887 | O21: 1.9789238 | P21: 39.520493 | Q21: 2.1515347 | R21: 39.378064 | S21: 1.7371289 | T21: 37.23668 | U21: 1.5564736 | V21: 1.9007923 | W21: 2.6248757 | X21: 38.609963 | Y21: 0.84933164 | Z21: m | AA21: m | AB21: 34.484517 | AC21: 1.7743172 | AD21: -4.1254455 | AE21: 2.0075249
A22: Czech Republic | B22: 326 | C22: 97.663795 | D22: 24.050527 | E22: 0.26377735 | F22: 18 | G22: c | H22: 23 | I22: c | J22: 28 | K22: c | L22: 10 | M22: c | N22: 21.208101 | O22: 0.61518789 | P22: 23.754017 | Q22: 0.66256788 | R22: 24.906759 | S22: 0.60008503 | T22: 26.340382 | U22: 0.52933658 | V22: 5.1322804 | W22: 0.85166012 | X22: 24.092619 | Y22: 0.25494814 | Z22: 25.120355 | AA22: 1.3203688 | AB22: m | AC22: m | AD22: 1.0277361 | AE22: 1.3610925
A23: Denmark | B23: 254 | C23: 76.070045 | D23: 21.357966 | E23: 0.21395295 | F23: 18 | G23: c | H23: 23 | I23: c | J23: 23 | K23: c | L23: 5 | M23: c | N23: 20.438201 | O23: 0.43815539 | P23: 20.648137 | Q23: 0.51607824 | R23: 22.056864 | S23: 0.50779017 | T23: 22.308698 | U23: 0.40914149 | V23: 1.870497 | W23: 0.58776103 | X23: 21.513979 | Y23: 0.25123892 | Z23: 21.070425 | AA23: 0.53406618 | AB23: 20.351323 | AC23: 1.0976537 | AD23: -0.60189825 | AE23: 0.53015095
A24: Estonia | B24: 224 | C24: 99.549774 | D24: 22.592311 | E24: 0.18591395 | F24: 13 | G24: c | H24: 23 | I24: c | J24: 28 | K24: c | L24: 15 | M24: c | N24: 19.031041 | O24: 0.51476052 | P24: 22.524487 | Q24: 0.74375785 | R24: 24.44244 | S24: 0.50166263 | T24: 24.465158 | U24: 0.47697164 | V24: 5.4341169 | W24: 0.70479179 | X24: 22.605473 | Y24: 0.18401533 | Z24: 24.180913 | AA24: 1.4335611 | AB24: 19.58247 | AC24: 2.250421 | AD24: -0.33272582 | AE24: 1.0921545
A25: Finland | B25: 210 | C25: 99.331734 | D25: 19.599562 | E25: 0.20502562 | F25: 18 | G25: c | H25: 18 | I25: c | J25: 23 | K25: c | L25: 5 | M25: c | N25: 18.00987 | O25: 0.35866684 | P25: 18.777465 | Q25: 0.48041475 | R25: 20.935682 | S25: 0.47566558 | T25: 20.687716 | U25: 0.52338285 | V25: 2.6778461 | W25: 0.65179787 | X25: 19.464773 | Y25: 0.18602767 | Z25: 22.833024 | AA25: 1.7768748 | AB25: m | AC25: m | AD25: 3.3682503 | AE25: 1.7520892
A26: France | B26: 164 | C26: 76.747353 | D26: 30.51477 | E26: 0.31239274 | F26: 23 | G26: c | H26: 33 | I26: c | J26: 33 | K26: c | L26: 10 | M26: c | N26: 27.798291 | O26: 0.68126384 | P26: 29.998474 | Q26: 0.84983066 | R26: 31.328101 | S26: 0.73705842 | T26: 33.01667 | U26: 0.44698174 | V26: 5.2183783 | W26: 0.81362009 | X26: 30.979694 | Y26: 0.30474135 | Z26: 25.355023 | AA26: 1.4914856 | AB26: 33.096163 | AC26: 0.86648886 | AD26: -1.90374 | AE26: 0.93622167
A27: Germany | B27: 185 | C27: 82.236961 | D27: 24.974321 | E27: 0.30156709 | F27: 18 | G27: c | H27: 28 | I27: 2.5 | J27: 28 | K27: c | L27: 10 | M27: c | N27: 22.087327 | O27: 0.82573805 | P27: 24.981336 | Q27: 0.7037513 | R27: 26.131362 | S27: 0.58538701 | T27: 26.882465 | U27: 0.25537966 | V27: 4.7951385 | W27: 0.87868168 | X27: 24.830469 | Y27: 0.27208921 | Z27: 24.72986 | AA27: 1.9153239 | AB27: m | AC27: m | AD27: -0.10060885 | AE27: 1.918829
A28: Greece | B28: 204 | C28: 94.527107 | D28: 23.032886 | E28: 0.24807376 | F28: 18 | G28: c | H28: 23 | I28: c | J28: 28 | K28: c | L28: 10 | M28: c | N28: 21.694229 | O28: 0.59145233 | P28: 22.493167 | Q28: 0.63256916 | R28: 24.395369 | S28: 0.49658407 | T28: 23.566547 | U28: 0.51583318 | V28: 1.8723185 | W28: 0.75961765 | X28: 23.063452 | Y28: 0.24945038 | Z28: m | AA28: m | AB28: 22.904998 | AC28: 1.1345372 | AD28: -0.15845398 | AE28: 1.1651252
A29: Hungary | B29: 161 | C29: 89.597336 | D29: 28.287476 | E29: 0.78097549 | F29: 18 | G29: 2.236068 | H29: 28 | I29: c | J29: 38 | K29: 12.845233 | L29: 20 | M29: 13.601471 | N29: 21.594461 | O29: 0.95439638 | P29: 29.873513 | Q29: 2.0238967 | R29: 30.85121 | S29: 1.7620982 | T29: 30.947984 | U29: 1.423088 | V29: 9.3535227 | W29: 1.7746386 | X29: 28.433993 | Y29: 0.98993448 | Z29: 27.927504 | AA29: 1.0655206 | AB29: m | AC29: m | AD29: -0.50648844 | AE29: 1.5337475
A30: Iceland | B30: 130 | C30: 98.915398 | D30: 18.857234 | E30: 0.018279291 | F30: 13 | G30: c | H30: 18 | I30: c | J30: 23 | K30: c | L30: 10 | M30: c | N30: 16.743475 | O30: 0.044350602 | P30: 18.737904 | Q30: 0.032272177 | R30: 19.103982 | S30: 0.030583872 | T30: 20.8712 | U30: 0.031424868 | V30: 4.127725 | W30: 0.060333552 | X30: 18.895073 | Y30: 0.01882948 | Z30: m | AA30: m | AB30: m | AC30: m | AD30: m | AE30: m
A31: Ireland | B31: 156 | C31: 99.289833 | D31: 24.1139 | E31: 0.2620777 | F31: 18 | G31: c | H31: 23 | I31: c | J31: 28 | K31: c | L31: 10 | M31: c | N31: 21.796399 | O31: 0.74703949 | P31: 25.00046 | Q31: 0.82761177 | R31: 24.643605 | S31: 0.66898236 | T31: 24.951591 | U31: 0.60971246 | V31: 3.1551918 | W31: 1.0451081 | X31: m | Y31: m | Z31: m | AA31: m | AB31: m | AC31: m | AD31: m | AE31: m
A32: Israel | B32: 160 | C32: 93.672966 | D32: 29.806965 | E32: 0.35895856 | F32: 23 | G32: c | H32: 28 | I32: 4.0311289 | J32: 38 | K32: c | L32: 15 | M32: c | N32: 25.799084 | O32: 0.87221043 | P32: 29.682068 | Q32: 1.0597959 | R32: 31.380009 | S32: 0.86045933 | T32: 32.318863 | U32: 0.8551801 | V32: 6.5197798 | W32: 1.2228264 | X32: 29.806965 | Y32: 0.35895856 | Z32: m | AA32: m | AB32: m | AC32: m | AD32: m | AE32: m
A33: Italy | B33: 488 | C33: 94.727379 | D33: 22.915658 | E33: 0.32705112 | F33: 18 | G33: c | H33: 23 | I33: c | J33: 28 | K33: c | L33: 10 | M33: c | N33: 21.513852 | O33: 0.67024781 | P33: 22.813164 | Q33: 0.81349526 | R33: 23.412634 | S33: 0.51600679 | T33: 23.950449 | U33: 0.78105018 | V33: 2.4365972 | W33: 1.0333063 | X33: 22.796209 | Y33: 0.29353799 | Z33: 22.733325 | AA33: 0.41534928 | AB33: 29.910789 | AC33: 7.1318923 | AD33: 4.163521 | AE33: 4.7792806
A34: Japan | B34: 183 | C34: 100 | D34: 35.125266 | E34: 0.45425272 | F34: 23 | G34: 6.0207973 | H34: 38 | I34: c | J34: 43 | K34: 4.0311289 | L34: 20 | M34: 8.2158384 | N34: 31.302484 | O34: 1.2811775 | P34: 35.601621 | Q34: 0.66647081 | R34: 36.450631 | S34: 0.98811036 | T34: 37.042789 | U34: 0.80323075 | V34: 5.7403057 | W34: 1.4271166 | X34: 34.946505 | Y34: 0.5699296 | Z34: 34.543572 | AA34: 2.1312054 | AB34: 35.589308 | AC34: 0.83297215 | AD34: 0.53032392 | AE34: 0.9552243
A35: Korea | B35: 153 | C35: 83.323898 | D35: 25.813315 | E35: 0.34018498 | F35: 18 | G35: 2.9580399 | H35: 28 | I35: 2.7386128 | J35: 33 | K35: 1.118034 | L35: 15 | M35: 3.5355339 | N35: 23.658619 | O35: 0.93640552 | P35: 25.291761 | Q35: 0.88183143 | R35: 27.158179 | S35: 1.1210133 | T35: 27.078249 | U35: 0.85886781 | V35: 3.4196301 | W35: 1.1919512 | X35: 25.86524 | Y35: 0.4767935 | Z35: 25.03282 | AA35: 0.58255416 | AB35: 29.893704 | AC35: 1.8125075 | AD35: -0.12183622 | AE35: 0.83807718
A36: Latvia | B36: 292 | C36: 95.217674 | D36: 22.583775 | E36: 0.2547633 | F36: 13 | G36: c | H36: 23 | I36: c | J36: 33 | K36: 1.118034 | L36: 20 | M36: 1.118034 | N36: 17.517863 | O36: 0.49735782 | P36: 22.2259 | Q36: 0.58769853 | R36: 23.605167 | S36: 0.75505338 | T36: 27.109012 | U36: 0.34964874 | V36: 9.5911488 | W36: 0.57658681 | X36: 22.708048 | Y36: 0.25770605 | Z36: m | AA36: m | AB36: m | AC36: m | AD36: m | AE36: m
A37: Lithuania | B37: 362 | C37: 100 | D37: 23.709073 | E37: 0.18753298 | F37: 13 | G37: c | H37: 23 | I37: c | J37: 28 | K37: c | L37: 15 | M37: c | N37: 19.744458 | O37: 0.54477515 | P37: 22.690606 | Q37: 0.54743701 | R37: 25.784812 | S37: 0.45712265 | T37: 26.576515 | U37: 0.20615759 | V37: 6.8320572 | W37: 0.58436977 | X37: 23.675706 | Y37: 0.19466542 | Z37: 24.475884 | AA37: 0.57099611 | AB37: m | AC37: m | AD37: 0.8001785 | AE37: 0.59696815
A38: Luxembourg | B38: 41 | C38: 90.241196 | D38: 22.333845 | E38: 0.005840203 | F38: 18 | G38: c | H38: 23 | I38: c | J38: 23 | K38: c | L38: 5 | M38: c | N38: 21.737207 | O38: 0.0087004749 | P38: 22.816219 | Q38: 0.011163642 | R38: 22.162009 | S38: 0.013417391 | T38: 22.653753 | U38: 0.010978509 | V38: 0.91654579 | W38: 0.013428481 | X38: 22.373795 | Y38: 0.0053104892 | Z38: 23.641953 | AA38: 0.026672857 | AB38: m | AC38: m | AD38: 1.268158 | AE38: 0.027394536
A39: Mexico | B39: 207 | C39: 77.499275 | D39: 43.864532 | E39: 0.52673257 | F39: 28 | G39: c | H39: 48 | I39: c | J39: 53 | K39: c | L39: 25 | M39: c | N39: 40.51502 | O39: 1.4296585 | P39: 46.418857 | Q39: 1.2890777 | R39: 46.873299 | S39: 1.7190038 | T39: 41.750318 | U39: 1.5983486 | V39: 1.2352981 | W39: 1.9580076 | X39: 44.772797 | Y39: 0.5145556 | Z39: m | AA39: m | AB39: 37.77892 | AC39: 2.4217768 | AD39: -6.9938772 | AE39: 2.4882512
A40: Netherlands* | B40: 145 | C40: 93.512642 | D40: 24.91222 | E40: 0.22571892 | F40: 18 | G40: 2.9580399 | H40: 28 | I40: 1.118034 | J40: 28 | K40: c | L40: 10 | M40: 2.9580399 | N40: 21.113785 | O40: 0.55723251 | P40: 24.667964 | Q40: 0.59670133 | R40: 27.033897 | S40: 0.402342 | T40: 26.793665 | U40: 0.45877174 | V40: 5.6798802 | W40: 0.71666913 | X40: 25.223141 | Y40: 0.44409939 | Z40: 24.995853 | AA40: 0.3209023 | AB40: m | AC40: m | AD40: -0.22728761 | AE40: 0.60317026
A41: New Zealand | B41: 181 | C41: 94.84259 | D41: 25.075563 | E41: 0.31022917 | F41: 18 | G41: c | H41: 23 | I41: 4.0311289 | J41: 28 | K41: c | L41: 10 | M41: c | N41: 23.409789 | O41: 0.53992447 | P41: 25.71051 | Q41: 0.82451721 | R41: 26.380453 | S41: 0.8897537 | T41: 24.77301 | U41: 0.45951646 | V41: 1.3632207 | W41: 0.76006043 | X41: 25.360144 | Y41: 0.31952948 | Z41: m | AA41: m | AB41: 20.705558 | AC41: 0.74264912 | AD41: -4.6545859 | AE41: 0.79413645
A42: Norway | B42: 243 | C42: 97.620384 | D42: 23.800096 | E42: 0.20699119 | F42: 18 | G42: c | H42: 23 | I42: c | J42: 28 | K42: c | L42: 10 | M42: c | N42: 21.631547 | O42: 0.56610248 | P42: 23.659502 | Q42: 0.57895832 | R42: 24.470882 | S42: 0.68213653 | T42: 25.469835 | U42: 0.53660861 | V42: 3.8382882 | W42: 0.88478513 | X42: w | Y42: w | Z42: w | AA42: w | AB42: w | AC42: w | AD42: w | AE42: w
A43: Poland | B43: 229 | C43: 98.568817 | D43: 24.356363 | E43: 0.48311814 | F43: 18 | G43: c | H43: 23 | I43: c | J43: 28 | K43: c | L43: 10 | M43: c | N43: 22.510626 | O43: 0.92131417 | P43: 23.523857 | Q43: 1.249557 | R43: 25.706755 | S43: 1.0963778 | T43: 25.686912 | U43: 0.89106686 | V43: 3.1762857 | W43: 1.2209455 | X43: 24.519978 | Y43: 0.48719092 | Z43: 19.008554 | AA43: 1.2286166 | AB43: m | AC43: m | AD43: -5.5114241 | AE43: 1.3015829
A44: Portugal* | B44: 230 | C44: 87.999512 | D44: 26.030372 | E44: 0.15985217 | F44: 23 | G44: c | H44: 28 | I44: c | J44: 28 | K44: c | L44: 5 | M44: c | N44: 24.681221 | O44: 0.48794489 | P44: 25.934408 | Q44: 0.47871451 | R44: 26.747445 | S44: 0.40212348 | T44: 26.799687 | U44: 0.30716018 | V44: 2.1184661 | W44: 0.59071111 | X44: 26.387884 | Y44: 0.13968805 | Z44: 24.571732 | AA44: 0.85113621 | AB44: 23.344925 | AC44: 1.0363659 | AD44: -2.4422323 | AE44: 0.64962103
A45: Slovak Republic | B45: 357 | C45: 95.343819 | D45: 21.941766 | E45: 0.28418853 | F45: 13 | G45: c | H45: 23 | I45: c | J45: 28 | K45: c | L45: 15 | M45: c | N45: 18.950379 | O45: 0.57027993 | P45: 21.713352 | Q45: 0.73839424 | R45: 22.45597 | S45: 0.70251118 | T45: 24.673383 | U45: 0.63744628 | V45: 5.7230039 | W45: 0.88526157 | X45: 21.779677 | Y45: 0.32683059 | Z45: 23.104648 | AA45: 0.78435465 | AB45: m | AC45: m | AD45: 1.324971 | AE45: 0.89439103
A46: Slovenia | B46: 276 | C46: 87.400063 | D46: 26.088444 | E46: 0.010285262 | F46: 23 | G46: c | H46: 28 | I46: c | J46: 28 | K46: c | L46: 5 | M46: c | N46: 24.190659 | O46: 0.065700355 | P46: 26.35616 | Q46: 0.065828417 | R46: 25.686364 | S46: 0.023531385 | T46: 28.093293 | U46: 0.015335252 | V46: 3.9026338 | W46: 0.069746785 | X46: 25.962056 | Y46: 0.012012371 | Z46: 30.870193 | AA46: 0.072781235 | AB46: m | AC46: m | AD46: 4.9081376 | AE46: 0.078554808
A47: Spain | B47: 1048 | C47: 97.050041 | D47: 29.448773 | E47: 0.41440573 | F47: 18 | G47: 6.3245553 | H47: 28 | I47: c | J47: 48 | K47: 6.1237244 | L47: 30 | M47: 7.2456884 | N47: 28.911288 | O47: 0.72007763 | P47: 28.861047 | Q47: 0.86388803 | R47: 29.304278 | S47: 0.92442832 | T47: 30.736958 | U47: 1.0037261 | V47: 1.8256702 | W47: 1.2765602 | X47: 28.679851 | Y47: 0.45872378 | Z47: 31.010093 | AA47: 1.0558561 | AB47: 29.992917 | AC47: 1.9738473 | AD47: 2.1293566 | AE47: 1.0501097
A48: Sweden | B48: 197 | C48: 93.947182 | D48: 24.349247 | E48: 0.27077079 | F48: 18 | G48: 1.118034 | H48: 23 | I48: c | J48: 28 | K48: c | L48: 10 | M48: 1.118034 | N48: 23.138984 | O48: 0.60916985 | P48: 23.684704 | Q48: 0.6075835 | R48: 24.773727 | S48: 0.51367813 | T48: 25.858308 | U48: 0.5350967 | V48: 2.7193235 | W48: 0.78923372 | X48: 24.523078 | Y48: 0.31430853 | Z48: 23.663734 | AA48: 0.64215118 | AB48: m | AC48: m | AD48: -0.85934363 | AE48: 0.74026763
A49: Switzerland | B49: 157 | C49: 74.739677 | D49: 19.153154 | E49: 0.23719233 | F49: 13 | G49: 4.1833001 | H49: 18 | I49: c | J49: 23 | K49: c | L49: 10 | M49: 4.1833001 | N49: 19.014856 | O49: 0.69913298 | P49: 18.704036 | Q49: 0.74776427 | R49: 18.570927 | S49: 0.40260113 | T49: 20.317058 | U49: 0.54769848 | V49: 1.3022017 | W49: 0.85974554 | X49: 19.385361 | Y49: 0.23146663 | Z49: m | AA49: m | AB49: 14.590924 | AC49: 0.89648619 | AD49: -4.7944372 | AE49: 0.93530256
A50: Turkey | B50: 180 | C50: 99.48793 | D50: 42.256311 | E50: 0.96336853 | F50: 28 | G50: 3.354102 | H50: 48 | I50: 7.0710678 | J50: 53 | K50: c | L50: 25 | M50: 3.354102 | N50: 42.084699 | O50: 2.1573028 | P50: 42.234393 | Q50: 1.9593329 | R50: 42.661812 | S50: 1.8355613 | T50: 42.033283 | U50: 2.2586931 | V50: -0.051415772 | W50: 3.0311305 | X50: 42.721723 | Y50: 0.99418226 | Z50: m | AA50: m | AB50: 37.970163 | AC50: 3.7824824 | AD50: -4.75156 | AE50: 3.829664
A51: United Kingdom | B51: 389 | C51: 79.248589 | D51: 24.937826 | E51: 0.28245191 | F51: 18 | G51: c | H51: 23 | I51: 6.3245553 | J51: 28 | K51: c | L51: 10 | M51: c | N51: 24.942184 | O51: 0.50340083 | P51: 25.54574 | Q51: 0.537187 | R51: 26.368588 | S51: 0.79525092 | T51: 22.714815 | U51: 0.59062622 | V51: -2.2273688 | W51: 0.70580555 | X51: 25.376639 | Y51: 0.30702819 | Z51: 25.897448 | AA51: 0.40737169 | AB51: 17.636507 | AC51: 0.78317556 | AD51: -0.68250273 | AE51: 0.48395389
A52: United States* | B52: 143 | C52: 87.245995 | D52: 26.180641 | E52: 0.39899312 | F52: 18 | G52: c | H52: 28 | I52: c | J52: 33 | K52: c | L52: 15 | M52: c | N52: 26.208371 | O52: 1.0521263 | P52: 26.570652 | Q52: 1.6256253 | R52: 25.470924 | S52: 1.4675742 | T52: 26.448339 | U52: 1.0447582 | V52: 0.23996865 | W52: 1.6173426 | X52: 26.605577 | Y52: 0.40576116 | Z52: m | AA52: m | AB52: 22.097419 | AC52: 1.0599929 | AD52: -4.5081581 | AE52: 1.1155569
A53: OECD average | B53: m | C53: m | D53: 26.208098 | E53: 0.060579673 | F53: 18.810811 | G53: 0.35238932 | H53: 26.648649 | I53: 0.33648377 | J53: 31.783784 | K53: 0.40201283 | L53: 12.972973 | M53: 0.53969529 | N53: 24.196953 | O53: 0.14117401 | P53: 26.276384 | Q53: 0.15701423 | R53: 27.258205 | S53: 0.1482311 | T53: 27.496507 | U53: 0.13242665 | V53: 3.2995542 | W53: 0.1927937 | X53: 26.729728 | Y53: 0.076279735 | Z53: 25.848936 | AA53: 0.2192041 | AB53: 26.893757 | AC53: 0.51710891 | AD53: -0.76061837 | AE53: 0.28665677
A54: Partners
A55: Albania | B55: 325 | C55: 99.580276 | D55: 26.159006 | E55: 0.31972508 | F55: 18 | G55: c | H55: 28 | I55: c | J55: 33 | K55: c | L55: 15 | M55: c | N55: 22.683161 | O55: 0.7603792 | P55: 25.92476 | Q55: 0.83565567 | R55: 29.137917 | S55: 0.72843366 | T55: 26.872651 | U55: 0.59313567 | V55: 4.1894896 | W55: 0.99747846 | X55: 26.960427 | Y55: 0.32041995 | Z55: m | AA55: m | AB55: 19.737798 | AC55: 1.0099178 | AD55: -7.2226294 | AE55: 1.0391641
A56: Argentina | B56: 432 | C56: 95.497421 | D56: 36.372611 | E56: 0.99564113 | F56: 18 | G56: c | H56: 33 | I56: 5 | J56: 53 | K56: c | L56: 35 | M56: c | N56: 34.11442 | O56: 1.7359483 | P56: 33.204782 | Q56: 1.8533557 | R56: 39.456569 | S56: 2.4234872 | T56: 38.828281 | U56: 1.8370069 | V56: 4.7138617 | W56: 2.5857947 | X56: 35.356574 | Y56: 1.2523155 | Z56: 39.047613 | AA56: 1.9653764 | AB56: 35.122912 | AC56: 2.1727085 | AD56: 2.605137 | AE56: 2.0175733
A57: Baku (Azerbaijan) | B57: 111 | C57: 54.042347 | D57: 26.488562 | E57: 0.76410659 | F57: 23 | G57: 6.98212 | H57: 23 | I57: c | J57: 33 | K57: 7.0710678 | L57: 10 | M57: 11.236103 | N57: 27.002182 | O57: 1.3275103 | P57: 27.227289 | Q57: 1.7345433 | R57: 25.314701 | S57: 1.6715377 | T57: 26.382283 | U57: 1.7121335 | V57: -0.61989895 | W57: 2.2018312 | X57: 26.553902 | Y57: 0.76921102 | Z57: m | AA57: m | AB57: m | AC57: m | AD57: m | AE57: m
A58: Belarus | B58: 234 | C58: 100 | D58: 23.289948 | E58: 0.43752415 | F58: 13 | G58: 5.7008771 | H58: 23 | I58: c | J58: 28 | K58: c | L58: 15 | M58: 5.7008771 | N58: 19.372327 | O58: 0.44365193 | P58: 25.059484 | Q58: 1.3235985 | R58: 24.096777 | S58: 0.65247146 | T58: 24.604685 | U58: 0.86400513 | V58: 5.232358 | W58: 0.94160457 | X58: 23.291083 | Y58: 0.43926029 | Z58: m | AA58: m | AB58: m | AC58: m | AD58: m | AE58: m
A59: Bosnia and Herzegovina | B59: 128 | C59: 82.969543 | D59: 23.184955 | E59: 0.41376891 | F59: 18 | G59: c | H59: 23 | I59: c | J59: 28 | K59: c | L59: 10 | M59: c | N59: 22.07714 | O59: 0.60030374 | P59: 23.109385 | Q59: 1.3922562 | R59: 23.534312 | S59: 1.3578615 | T59: 24.030353 | U59: 0.68673316 | V59: 1.9532132 | W59: 0.83632991 | X59: 23.214792 | Y59: 0.41551442 | Z59: m | AA59: m | AB59: m | AC59: m | AD59: m | AE59: m
A60: Brazil | B60: 420 | C60: 77.873535 | D60: 36.044121 | E60: 0.36122472 | F60: 28 | G60: c | H60: 38 | I60: c | J60: 43 | K60: 1.118034 | L60: 15 | M60: 1.118034 | N60: 36.3613 | O60: 0.71833099 | P60: 36.948565 | Q60: 0.65337014 | R60: 35.9027 | S60: 0.82164724 | T60: 34.95772 | U60: 0.91910809 | V60: -1.4035808 | W60: 1.2324507 | X60: 36.500347 | Y60: 0.36849512 | Z60: m | AA60: m | AB60: 34.129291 | AC60: 1.2537259 | AD60: -2.3710561 | AE60: 1.3328998
A61: Brunei Darussalam | B61: 55 | C61: 100 | D61: 24.199731 | E61: 0.0080999843 | F61: 18 | G61: c | H61: 23 | I61: c | J61: 28 | K61: c | L61: 10 | M61: c | N61: 23.717293 | O61: 0.012292836 | P61: 24.65588 | Q61: 0.01401571 | R61: 24.152076 | S61: 0.015268163 | T61: 24.287663 | U61: 0.017244314 | V61: 0.57036949 | W61: 0.019280538 | X61: 23.728461 | Y61: 0.0076320771 | Z61: m | AA61: m | AB61: 26.738917 | AC61: 0.025081024 | AD61: 3.0104563 | AE61: 0.025247921
A62: B-S-J-Z (China) | B62: 361 | C62: 100 | D62: 41.666981 | E62: 0.34156582 | F62: 33 | G62: c | H62: 43 | I62: c | J62: 53 | K62: 5.4772256 | L62: 20 | M62: 5.4772256 | N62: 43.550811 | O62: 0.95486647 | P62: 41.67184 | Q62: 1.047946 | R62: 41.763312 | S62: 1.3254188 | T62: 39.666645 | U62: 1.0369393 | V62: -3.8841661 | W62: 1.4524697 | X62: 41.460765 | Y62: 0.33993573 | Z62: m | AA62: m | AB62: 42.857533 | AC62: 1.2663509 | AD62: 1.3967677 | AE62: 1.3063161
A63: Bulgaria | B63: 186 | C63: 94.134354 | D63: 26.061045 | E63: 0.6575472 | F63: 18 | G63: c | H63: 23 | I63: c | J63: 28 | K63: 11.456439 | L63: 10 | M63: 11.456439 | N63: 22.850077 | O63: 0.88512522 | P63: 25.977017 | Q63: 1.2793481 | R63: 26.135068 | S63: 1.095884 | T63: 29.346478 | U63: 1.790469 | V63: 6.496401 | W63: 1.9100223 | X63: 26.242086 | Y63: 0.66302111 | Z63: m | AA63: m | AB63: m | AC63: m | AD63: m | AE63: m
A64: Costa Rica | B64: 205 | C64: 100 | D64: 27.090913 | E64: 0.3698283 | F64: 18 | G64: 2.236068 | H64: 28 | I64: c | J64: 33 | K64: c | L64: 15 | M64: 2.236068 | N64: 25.494687 | O64: 0.82379212 | P64: 27.601391 | Q64: 0.87737509 | R64: 28.664706 | S64: 0.90291578 | T64: 26.584366 | U64: 0.92448903 | V64: 1.0896789 | W64: 1.1786766 | X64: 27.77589 | Y64: 0.37061217 | Z64: m | AA64: m | AB64: 22.965215 | AC64: 1.2544718 | AD64: -4.8106755 | AE64: 1.2742027
A65: Croatia | B65: 178 | C65: 99.149666 | D65: 22.036185 | E65: 0.17440582 | F65: 18 | G65: c | H65: 23 | I65: c | J65: 28 | K65: c | L65: 10 | M65: c | N65: 19.917414 | O65: 0.40750526 | P65: 21.237131 | Q65: 0.47472209 | R65: 22.433539 | S65: 0.41475153 | T65: 24.541575 | U65: 0.32750358 | V65: 4.6241608 | W65: 0.53327165 | X65: 22.050692 | Y65: 0.16884858 | Z65: m | AA65: m | AB65: m | AC65: m | AD65: m | AE65: m
A66: Cyprus | B66: 77 | C66: 96.037605 | D66: 20.059953 | E66: 0.0087617529 | F66: 18 | G66: c | H66: 18 | I66: c | J66: 23 | K66: c | L66: 5 | M66: c | N66: 19.475961 | O66: 0.019881654 | P66: 19.739567 | Q66: 0.0086918427 | R66: 20.201821 | S66: 0.016765114 | T66: 20.867423 | U66: 0.030488754 | V66: 1.3914627 | W66: 0.040407629 | X66: 19.917583 | Y66: 0.0076283501 | Z66: m | AA66: m | AB66: 20.735533 | AC66: 0.043939594 | AD66: 0.8179495 | AE66: 0.045991599
A67: Dominican Republic | B67: 200 | C67: 87.96183 | D67: 35.872456 | E67: 0.74754602 | F67: 23 | G67: 1.5811388 | H67: 33 | I67: c | J67: 53 | K67: 2.5 | L67: 30 | M67: 2.9580399 | N67: 31.714961 | O67: 1.3544788 | P67: 38.768602 | Q67: 1.7002618 | R67: 38.701106 | S67: 1.5452249 | T67: 34.363322 | U67: 1.8197489 | V67: 2.6483605 | W67: 1.9690992 | X67: 36.6636 | Y67: 0.75153642 | Z67: 34.138606 | AA67: 3.4021128 | AB67: 32.528378 | AC67: 1.9025287 | AD67: -3.9722459 | AE67: 1.7534847
A68: Georgia | B68: 309 | C68: 98.463432 | D68: 23.98699 | E68: 0.50431537 | F68: 13 | G68: c | H68: 23 | I68: c | J68: 33 | K68: c | L68: 20 | M68: c | N68: 20.227481 | O68: 0.99668557 | P68: 24.755507 | Q68: 1.3014937 | R68: 27.622423 | S68: 1.336615 | T68: 23.349581 | U68: 0.94865314 | V68: 3.1221003 | W68: 1.307346 | X68: 24.584809 | Y68: 0.50278326 | Z68: m | AA68: m | AB68: 19.116428 | AC68: 2.0642073 | AD68: -5.4683804 | AE68: 2.0955275
A69: Hong Kong (China)* | B69: 111 | C69: 74.887276 | D69: 27.688524 | E69: 0.47502386 | F69: 23 | G69: 4.472136 | H69: 28 | I69: c | J69: 33 | K69: c | L69: 10 | M69: 4.472136 | N69: 26.59335 | O69: 1.5765984 | P69: 26.520597 | Q69: 1.1604956 | R69: 28.448392 | S69: 1.109274 | T69: 29.178915 | U69: 1.4105309 | V69: 2.5855643 | W69: 2.1565384 | X69: 30.760168 | Y69: 0.61498838 | Z69: 27.694593 | AA69: 0.506033 | AB69: m | AC69: m | AD69: -3.0655747 | AE69: 0.85409647
A70: Indonesia | B70: 332 | C70: 88.557373 | D70: 30.030331 | E70: 1.135807 | F70: 13 | G70: c | H70: 33 | I70: 5.4772256 | J70: 53 | K70: 4.6097722 | L70: 40 | M70: 4.6097722 | N70: 27.094018 | O70: 1.7834492 | P70: 29.770723 | Q70: 2.151741 | R70: 33.055712 | S70: 2.9421818 | T70: 30.23004 | U70: 3.0867562 | V70: 3.1360227 | W70: 3.5697384 | X70: 32.096498 | Y70: 1.1354048 | Z70: 29.304544 | AA70: 2.693997 | AB70: 26.172583 | AC70: 3.7382882 | AD70: -4.1505976 | AE70: 2.4496965
A71: Jordan | B71: 303 | C71: 96.691795 | D71: 33.613947 | E71: 0.62376892 | F71: 18 | G71: c | H71: 33 | I71: c | J71: 48 | K71: 2.5 | L71: 30 | M71: 2.5 | N71: 29.257455 | O71: 1.5339546 | P71: 37.098305 | Q71: 1.2460201 | R71: 36.896853 | S71: 1.5938161 | T71: 31.196901 | U71: 1.865076 | V71: 1.9394459 | W71: 2.7021998 | X71: 33.997903 | Y71: 0.6814545 | Z71: m | AA71: m | AB71: 32.214966 | AC71: 1.5257011 | AD71: -1.7829374 | AE71: 1.6763362
A72: Kazakhstan | B72: 516 | C72: 80.391235 | D72: 30.644191 | E72: 0.79256398 | F72: 13 | G72: c | H72: 28 | I72: 7.2456884 | J72: 53 | K72: c | L72: 40 | M72: c | N72: 26.786509 | O72: 1.6615391 | P72: 31.808755 | Q72: 1.8647965 | R72: 32.492363 | S72: 1.5788453 | T72: 31.500648 | U72: 1.8820152 | V72: 4.7141389 | W72: 2.6077294 | X72: 30.775277 | Y72: 0.79625313 | Z72: 26.559072 | AA72: 5.1670922 | AB72: m | AC72: m | AD72: -4.2162048 | AE72: 5.1640182
A73: Kosovo | B73: 89 | C73: 73.644096 | D73: 29.86824 | E73: 0.19454779 | F73: 23 | G73: c | H73: 33 | I73: c | J73: 38 | K73: c | L73: 15 | M73: c | N73: 26.078613 | O73: 0.57218394 | P73: 28.277063 | Q73: 1.268763 | R73: 33.250765 | S73: 0.68319431 | T73: 32.428434 | U73: 0.15715099 | V73: 6.3498211 | W73: 0.59109347 | X73: 30.131383 | Y73: 0.18833142 | Z73: m | AA73: m | AB73: m | AC73: m | AD73: m | AE73: m
A74: Lebanon | B74: 195 | C74: 73.049797 | D74: 27.911418 | E74: 0.65188888 | F74: 18 | G74: c | H74: 28 | I74: c | J74: 38 | K74: 3.5355339 | L74: 20 | M74: 3.5355339 | N74: 27.318507 | O74: 1.4853482 | P74: 28.935833 | Q74: 1.5980272 | R74: 28.51712 | S74: 1.2561734 | T74: 26.880948 | U74: 1.457297 | V74: -0.43755943 | W74: 1.9843924 | X74: 27.983454 | Y74: 0.8894012 | Z74: m | AA74: m | AB74: 27.969309 | AC74: 0.97926398 | AD74: -0.014144409 | AE74: 1.2527067
A75: Macao (China) | B75: 45 | C75: 100 | D75: 29.182172 | E75: 0.0056656421 | F75: 23 | G75: c | H75: 28 | I75: c | J75: 38 | K75: c | L75: 15 | M75: c | N75: 31.880078 | O75: 0.016218645 | P75: 28.964218 | Q75: 0.0082278199 | R75: 26.503336 | S75: 0.0061487309 | T75: 28.779577 | U75: 0.0059911968 | V75: -3.1005009 | W75: 0.018066211 | X75: 24.347807 | Y75: 0.0057424259 | Z75: 29.365148 | AA75: 0.0068801323 | AB75: m | AC75: m | AD75: 5.0173408 | AE75: 0.0083411781
A76: Malaysia | B76: 191 | C76: 100 | D76: 32.387655 | E76: 0.68715213 | F76: 23 | G76: c | H76: 33 | I76: 4.1833001 | J76: 43 | K76: 7.9056942 | L76: 20 | M76: 7.9056942 | N76: 31.110971 | O76: 1.2682837 | P76: 32.127745 | Q76: 1.4409471 | R76: 33.475444 | S76: 1.635031 | T76: 32.83601 | U76: 1.9386716 | V76: 1.7250388 | W76: 2.1868699 | X76: 32.052376 | Y76: 0.60692306 | Z76: m | AA76: m | AB76: 38.790867 | AC76: 4.3270867 | AD76: 6.7384915 | AE76: 4.2570725
A77: Malta | B77: 49 | C77: 99.911201 | D77: 19.602681 | E77: 0.010581793 | F77: 13 | G77: c | H77: 18 | I77: c | J77: 23 | K77: c | L77: 10 | M77: c | N77: 18.272262 | O77: 0.023238904 | P77: 19.484885 | Q77: 0.022100973 | R77: 19.58924 | S77: 0.016986774 | T77: 20.998792 | U77: 0.015719649 | V77: 2.7265302 | W77: 0.028305345 | X77: 19.152143 | Y77: 0.012769688 | Z77: 20.348693 | AA77: 0.020104457 | AB77: 19.703854 | AC77: 0.029892895 | AD77: 0.99969822 | AE77: 0.01925
A78: Moldova | B78: 217 | C78: 94.723022 | D78: 27.141072 | E78: 0.64545821 | F78: 13 | G78: c | H78: 23 | I78: c | J78: 48 | K78: 7.3314391 | L78: 35 | M78: 7.3314391 | N78: 22.734819 | O78: 1.4323944 | P78: 24.234209 | Q78: 1.3684645 | R78: 28.222783 | S78: 1.8556624 | T78: 33.473325 | U78: 1.8927728 | V78: 10.738505 | W78: 2.5876438 | X78: 27.179556 | Y78: 0.65062064 | Z78: m | AA78: m | AB78: m | AC78: m | AD78: m | AE78: m
A79: Montenegro | B79: 49 | C79: 96.651611 | D79: 27.43975 | E79: 0.0064393159 | F79: 23 | G79: c | H79: 28 | I79: c | J79: 33 | K79: c | L79: 10 | M79: c | N79: 23.798104 | O79: 0.015325411 | P79: 27.724445 | Q79: 0.011235482 | R79: 28.9094 | S79: 0.0028115064 | T79: 29.711317 | U79: 0.01303046 | V79: 5.9132129 | W79: 0.020411341 | X79: 27.467206 | Y79: 0.006112708 | Z79: m | AA79: m | AB79: m | AC79: m | AD79: m | AE79: m
A80: Morocco | B80: 173 | C80: 96.623909 | D80: 34.134455 | E80: 0.5093021 | F80: 23 | G80: 4.0311289 | H80: 33 | I80: 5.9160798 | J80: 38 | K80: c | L80: 15 | M80: 4.0311289 | N80: 34.089875 | O80: 1.1598312 | P80: 35.265703 | Q80: 1.1338645 | R80: 33.850518 | S80: 0.98177023 | T80: 33.319614 | U80: 1.2341153 | V80: -0.77026101 | W80: 1.7362737 | X80: 34.664412 | Y80: 0.50155546 | Z80: m | AA80: m | AB80: 28.395277 | AC80: 3.5264255 | AD80: -6.2691344 | AE80: 3.5885314
A81: North Macedonia | B81: 95 | C81: 88.580208 | D81: 25.034515 | E81: 0.019231987 | F81: 18 | G81: c | H81: 23 | I81: c | J81: 33 | K81: c | L81: 15 | M81: c | N81: 23.011907 | O81: 0.049497624 | P81: 23.794885 | Q81: 0.041171612 | R81: 25.093231 | S81: 0.037204086 | T81: 28.359878 | U81: 0.027652793 | V81: 5.3479711 | W81: 0.056334369 | X81: 25.072451 | Y81: 0.019189668 | Z81: m | AA81: m | AB81: 24.248344 | AC81: 0.28434994 | AD81: -0.82410749 | AE81: 0.28339049
A82: Panama | B82: 140 | C82: 69.153816 | D82: 38.470726 | E82: 0.80723983 | F82: 23 | G82: c | H82: 38 | I82: 5.1234754 | J82: 53 | K82: c | L82: 30 | M82: c | N82: 37.110908 | O82: 2.5849882 | P82: 39.663701 | Q82: 1.5274134 | R82: 39.112296 | S82: 1.6194994 | T82: 38.040413 | U82: 1.9252299 | V82: 0.92950496 | W82: 3.3040413 | X82: 39.392875 | Y82: 0.82245776 | Z82: m | AA82: m | AB82: 33.729239 | AC82: 2.4067287 | AD82: -5.6636351 | AE82: 2.5079321
A83: Peru | B83: 323 | C83: 97.680542 | D83: 26.093537 | E83: 0.3815972 | F83: 13 | G83: c | H83: 28 | I83: c | J83: 33 | K83: 4.0311289 | L83: 20 | M83: 4.0311289 | N83: 21.696864 | O83: 0.66166921 | P83: 26.95992 | Q83: 0.77821402 | R83: 27.409649 | S83: 0.68847489 | T83: 28.374477 | U83: 1.0187622 | V83: 6.6776129 | W83: 1.1170858 | X83: 26.288638 | Y83: 0.40856873 | Z83: m | AA83: m | AB83: 25.61549 | AC83: 0.89653942 | AD83: -0.67314848 | AE83: 0.97002249
A84: Philippines | B84: 186 | C84: 99.705376 | D84: 44.02188 | E84: 0.51731901 | F84: 33 | G84: 1.9364917 | H84: 43 | I84: c | J84: 53 | K84: c | L84: 20 | M84: 1.9364917 | N84: 44.707478 | O84: 1.4284935 | P84: 45.252807 | Q84: 1.0240524 | R84: 45.364746 | S84: 1.1597963 | T84: 40.784037 | U84: 1.2523133 | V84: -3.9234409 | W84: 1.8801765 | X84: 45.104095 | Y84: 0.59688258 | Z84: 41.886477 | AA84: 2.0936042 | AB84: 35.643135 | AC84: 2.2124567 | AD84: -6.1993213 | AE84: 1.6541624
A85: Qatar | B85: 136 | C85: 85.952011 | D85: 31.468661 | E85: 0.018386965 | F85: 23 | G85: c | H85: 28 | I85: c | J85: 53 | K85: c | L85: 30 | M85: c | N85: 35.031528 | O85: 0.24932776 | P85: 32.649275 | Q85: 0.19105834 | R85: 33.27306 | S85: 0.028856536 | T85: 24.693114 | U85: 0.019066711 | V85: -10.338413 | W85: 0.25114501 | X85: 35.317465 | Y85: 0.024190446 | Z85: m | AA85: m | AB85: 27.658834 | AC85: 0.025140401 | AD85: -7.6586309 | AE85: 0.033947353
A86: Romania | B86: 141 | C86: 93.061272 | D86: 27.317458 | E86: 0.36614735 | F86: 23 | G86: c | H86: 28 | I86: c | J86: 28 | K86: 1.5811388 | L86: 5 | M86: 1.5811388 | N86: 26.056565 | O86: 0.7649705 | P86: 27.104925 | Q86: 1.1767566 | R86: 27.768607 | S86: 0.92427432 | T86: 28.376986 | U86: 0.44561129 | V86: 2.3204212 | W86: 0.94621145 | X86: 27.373463 | Y86: 0.36315687 | Z86: m | AA86: m | AB86: m | AC86: m | AD86: m | AE86: m
A87: Russia | B87: 235 | C87: 91.496651 | D87: 23.667757 | E87: 0.25309439 | F87: 13 | G87: 6.2249498 | H87: 23 | I87: c | J87: 28 | K87: c | L87: 15 | M87: 6.2249498 | N87: 19.2428 | O87: 0.62028177 | P87: 24.587746 | Q87: 0.57667804 | R87: 24.00486 | S87: 0.62824396 | T87: 26.846265 | U87: 0.46207953 | V87: 7.6034655 | W87: 0.69660195 | X87: 23.667757 | Y87: 0.25309439 | Z87: m | AA87: m | AB87: m | AC87: m | AD87: m | AE87: m
A88: Saudi Arabia | B88: 168 | C88: 80.200897 | D88: 39.00198 | E88: 0.93858314 | F88: 23 | G88: 5.9160798 | H88: 38 | I88: 1.5811388 | J88: 53 | K88: c | L88: 30 | M88: 5.9160798 | N88: 36.563113 | O88: 2.1682883 | P88: 40.958634 | Q88: 1.8651574 | R88: 39.637627 | S88: 2.0416988 | T88: 38.803494 | U88: 1.6225365 | V88: 2.240381 | W88: 2.8712399 | X88: 39.261454 | Y88: 1.0127788 | Z88: m | AA88: m | AB88: 37.215424 | AC88: 3.9264491 | AD88: -2.0460304 | AE88: 3.9434932
A89: Serbia | B89: 177 | C89: 98.513496 | D89: 28.668097 | E89: 0.55930119 | F89: 23 | G89: c | H89: 28 | I89: c | J89: 33 | K89: c | L89: 10 | M89: c | N89: 27.586684 | O89: 1.1881617 | P89: 30.987482 | Q89: 1.9340096 | R89: 27.414394 | S89: 1.072083 | T89: 28.653081 | U89: 0.93082936 | V89: 1.0663975 | W89: 1.5216979 | X89: 28.844989 | Y89: 0.56363972 | Z89: m | AA89: m | AB89: 23.37237 | AC89: 2.7106937 | AD89: -5.4726196 | AE89: 2.7575071
A90: Singapore | B90: 166 | C90: 100 | D90: 33.418734 | E90: 0.17834543 | F90: 23 | G90: c | H90: 33 | I90: c | J90: 38 | K90: c | L90: 15 | M90: c | N90: 33.275124 | O90: 0.087631467 | P90: 36.082339 | Q90: 0.18642258 | R90: 34.987658 | S90: 0.095911648 | T90: 29.237722 | U90: 0.83871542 | V90: -4.0374025 | W90: 0.86432922 | X90: 34.210548 | Y90: 0.083657915 | Z90: m | AA90: m | AB90: 23.607983 | AC90: 1.6063618 | AD90: -10.602565 | AE90: 1.6113542
A91: Chinese Taipei | B91: 189 | C91: 98.293816 | D91: 35.493038 | E91: 0.33092442 | F91: 28 | G91: c | H91: 38 | I91: 5.7008771 | J91: 43 | K91: 2.236068 | L91: 15 | M91: 2.236068 | N91: 34.271583 | O91: 1.5158774 | P91: 35.666541 | Q91: 1.4062961 | R91: 34.720708 | S91: 1.1164765 | T91: 37.311877 | U91: 0.81355884 | V91: 3.0402946 | W91: 1.6998672 | X91: 32.61445 | Y91: 0.31012679 | Z91: 41.00352 | AA91: 1.7205873 | AB91: 42.337191 | AC91: 0.93421244 | AD91: 9.2531691 | AE91: 0.89985874
A92: Thailand | B92: 204 | C92: 92.950508 | D92: 37.30473 | E92: 0.48562856 | F92: 28 | G92: c | H92: 38 | I92: c | J92: 43 | K92: 1.5811388 | L92: 15 | M92: 1.5811388 | N92: 33.470712 | O92: 1.2785154 | P92: 35.979094 | Q92: 1.0393134 | R92: 38.428109 | S92: 1.0909342 | T92: 41.407897 | U92: 1.4422498 | V92: 7.9371844 | W92: 2.048052 | X92: 37.108656 | Y92: 0.57227768 | Z92: 39.397943 | AA92: 1.0281282 | AB92: 36.95845 | AC92: 1.7479912 | AD92: 1.1719292 | AE92: 1.1911163
A93: Ukraine | B93: 0 | C93: 0 | D93: m | E93: m | F93: m | G93: m | H93: m | I93: m | J93: m | K93: m | L93: m | M93: m | N93: m | O93: m | P93: m | Q93: m | R93: m | S93: m | T93: m | U93: m | V93: m | W93: m | X93: m | Y93: m | Z93: m | AA93: m | AB93: m | AC93: m | AD93: m | AE93: m
A94: United Arab Emirates | B94: 589 | C94: 90.689034 | D94: 30.999356 | E94: 0.23244049 | F94: 23 | G94: c | H94: 28 | I94: c | J94: 53 | K94: c | L94: 30 | M94: c | N94: 34.971336 | O94: 0.29299724 | P94: 34.213379 | Q94: 0.76631203 | R94: 29.227555 | S94: 0.37812208 | T94: 25.639612 | U94: 0.38781449 | V94: -9.3317241 | W94: 0.57127514 | X94: 34.852605 | Y94: 0.18867863 | Z94: m | AA94: m | AB94: 28.762188 | AC94: 0.36798111 | AD94: -6.0904167 | AE94: 0.42030099
A95: Uruguay | B95: 189 | C95: 100 | D95: 27.417544 | E95: 0.41585645 | F95: 18 | G95: 4.0311289 | H95: 28 | I95: c | J95: 33 | K95: c | L95: 15 | M95: 4.0311289 | N95: 26.494331 | O95: 0.93448528 | P95: 27.172265 | Q95: 0.98051773 | R95: 29.049964 | S95: 1.1858775 | T95: 26.925552 | U95: 1.1225204 | V95: 0.43122088 | W95: 1.4103886 | X95: 27.982991 | Y95: 0.47313092 | Z95: m | AA95: m | AB95: 24.296705 | AC95: 0.63104749 | AD95: -3.6862863 | AE95: 0.78677639
A96: Viet Nam | B96: 123 | C96: 95.170952 | D96: 42.62089 | E96: 0.64453941 | F96: 38 | G96: 6.98212 | H96: 43 | I96: c | J96: 53 | K96: c | L96: 15 | M96: 6.98212 | N96: 44.528898 | O96: 2.1409583 | P96: 41.490049 | Q96: 1.5602221 | R96: 42.8879 | S96: 1.3392443 | T96: 41.65741 | U96: 1.1860967 | V96: -2.8714878 | W96: 2.416036 | X96: 42.449966 | Y96: 0.64889972 | Z96: m | AA96: m | AB96: 45.759259 | AC96: 2.9814944 | AD96: 3.3092936 | AE96: 3.0025376
A104: *Honk Kong (China), Netherlands, Portugal and United States: Data did not meet the PISA technical standards but were accepted as largely comparable (see Annexes A2 and A4).
A105: Information on data for Cyprus: https://oe.cd/cyprus-disclaimer
A106: 1. This analysis is limited to schools with information that includes the modal ISCED level for 15-year-old students.
A107: 2. Coverage refers to the weighted share of students in the PISA sample who attend modal grade schools (see Table in Annex C1). It is equal to 100% if all schools in the PISA sample are included in the analysis and no student has a missing response. For countries with a low value in the coverage index, comparisons should be interpreted with caution.
A108: 3. The socio-economic profile is measured by the school's average PISA index of economic, social and cultural status (ESCS).
A109: 4. The calculation "Private-Public" is the difference between private government-dependent and independent schools combined, and public schools.
A110: Private schools refer to schools managed directly or indirectly by a non-governmental organisation, such as a church, trade union, business or other private institution. Privately managed schools are classified as independent when at least 50% of the funding comes from private sources; they are classified as government-dependent when at least 50% of the funding comes from the government (including departments, local, regional, state and national). The classification is based on the school principal’s report.
...

Sheet Table II.B1.5.2
A1: PISA 2018 Results (Volume II) - © OECD 2019
A2: Annex B1 | B2: Annex B1.5 Results (tables): How do schools compensate for socio-economic disadvantage?
A3: Version 2 - Last updated: 02-Dec-2019
A4: Disclaimer: http://oe.cd/disclaimer
A6: Table II.B1.5.2
A7: Student-teacher ratio, by school characteristics
A8: Results based on principals' reports
B12: All schools1 | G12: Number of students per teacher, by schools' socio-economic profile4 | Q12: Number of students per teacher, by type of school
B13: Sample size | D13: Coverage2 | E13: Overall number of students per teacher3 | G13: Bottom quarter | I13: Second quarter | K13: Third quarter | M13: Top quarter | O13: Top - bottom quarter | Q13: Public | S13: Private government-dependent | U13: Private independent | W13: Private-Public5
B14: Number of teachers | C14: Number of schools | D14: % | E14: Ratio | F14: S.E. | G14: Ratio | H14: S.E. | I14: Ratio | J14: S.E. | K14: Ratio | L14: S.E. | M14: Ratio | N14: S.E. | O14: Dif. | P14: S.E. | Q14: Ratio | R14: S.E. | S14: Ratio | T14: S.E. | U14: Ratio | V14: S.E. | W14: Dif. | X14: S.E.
A15: OECD
A16: Australia | B16: 46214 | C16: 596 | D16: 78.766449 | E16: 12.808252 | F16: 0.31006516 | G16: 11.861669 | H16: 0.24272689 | I16: 13.116003 | J16: 0.23951434 | K16: 12.569429 | L16: 0.38463119 | M16: 13.56737 | N16: 1.0275278 | O16: 1.705701 | P16: 1.0481935 | Q16: 12.900625 | R16: 0.16877976 | S16: 13.012406 | T16: 0.24943573 | U16: 12.262633 | V16: 1.4179255 | W16: -0.21067788 | X16: 0.64803572
A17: Austria | B17: 13477.5 | C17: 291 | D17: m | E17: m | F17: m | G17: m | H17: m | I17: m | J17: m | K17: m | L17: m | M17: m | N17: m | O17: m | P17: m | Q17: m | R17: m | S17: m | T17: m | U17: m | V17: m | W17: m | X17: m
A18: Belgium | B18: 20661.5 | C18: 224 | D18: 80.128441 | E18: 8.3407494 | F18: 0.23674891 | G18: 7.345378 | H18: 0.26262024 | I18: 7.4413007 | J18: 0.52513094 | K18: 9.1820646 | L18: 0.44742224 | M18: 10.583079 | N18: 0.58925122 | O18: 3.2377015 | P18: 0.64304731 | Q18: m | R18: m | S18: m | T18: m | U18: m | V18: m | W18: m | X18: m
A19: Canada | B19: 30429 | C19: 575 | D19: 74.78508 | E19: 14.616875 | F19: 0.16029603 | G19: 13.617841 | H19: 0.34749081 | I19: 15.25632 | J19: 0.18494256 | K19: 15.757064 | L19: 0.27679826 | M19: 14.379037 | N19: 0.50268951 | O19: 0.76119637 | P19: 0.6836687 | Q19: 14.878266 | R19: 0.15249285 | S19: 15.30122 | T19: 0.90739573 | U19: 11.883426 | V19: 0.75909469 | W19: -2.0626387 | X19: 0.65754765
A20: Chile | B20: 7383 | C20: 135 | D20: 57.024799 | E20: 18.85911 | F20: 0.69259546 | G20: 15.409988 | H20: 1.0508528 | I20: 20.980517 | J20: 2.7555982 | K20: 19.094566 | L20: 1.0243371 | M20: 19.685936 | N20: 1.0792147 | O20: 4.2759481 | P20: 1.4814879 | Q20: 13.928932 | R20: 0.55248721 | S20: 22.454722 | T20: 1.2756944 | U20: 15.563265 | V20: 0.79590124 | W20: 6.4238523 | X20: 0.98648581
A21: Colombia | B21: 13463 | C21: 241 | D21: 96.856422 | E21: 22.744306 | F21: 0.81149516 | G21: 21.963309 | H21: 1.177226 | I21: 23.087401 | J21: 1.1777589 | K21: 27.066381 | L21: 1.2072825 | M21: 18.400689 | N21: 0.87439874 | O21: -3.5626192 | P21: 1.4207308 | Q21: 24.091655 | R21: 0.94635225 | S21: m | T21: m | U21: 16.364215 | V21: 0.73270113 | W21: -7.7274392 | X21: 1.1074493
A22: Czech Republic | B22: 11324.5 | C22: 311 | D22: 92.462929 | E22: 12.323228 | F22: 0.3198545 | G22: 11.619522 | H22: 0.42338806 | I22: 13.866954 | J22: 0.47512462 | K22: 12.982969 | L22: 0.71892983 | M22: 11.339711 | N22: 0.90404565 | O22: -0.27981076 | P22: 1.0037434 | Q22: 12.471461 | R22: 0.33371318 | S22: 11.14841 | T22: 0.81238313 | U22: m | V22: m | W22: -1.3230513 | X22: 0.86829036
A23: Denmark | B23: 8955 | C23: 212 | D23: 65.478149 | E23: 12.377795 | F23: 0.44508289 | G23: 10.652465 | H23: 0.52679472 | I23: 13.134783 | J23: 0.62749343 | K23: 14.055447 | L23: 0.48343825 | M23: 12.295832 | N23: 1.3912356 | O23: 1.6433669 | P23: 1.493565 | Q23: 12.289723 | R23: 0.53880765 | S23: 13.99717 | T23: 0.63466339 | U23: 6.9301633 | V23: 1.0987751 | W23: 0.36289717 | X23: 0.95962835
A24: Estonia | B24: 9219 | C24: 224 | D24: 99.549774 | E24: 11.604146 | F24: 0.13850558 | G24: 9.42376 | H24: 0.28057842 | I24: 10.999646 | J24: 0.3329721 | K24: 13.577988 | L24: 0.24245883 | M24: 12.993747 | N24: 0.31115666 | O24: 3.5699873 | P24: 0.40591321 | Q24: 11.732818 | R24: 0.12460611 | S24: 10.540372 | T24: 1.4406285 | U24: 7.6782845 | V24: 1.0270935 | W24: -2.5947292 | X24: 0.89641041
A25: Finland | B25: 7698.5 | C25: 177 | D25: 85.729897 | E25: 10.668735 | F25: 0.23782507 | G25: 10.433956 | H25: 0.33748092 | I25: 10.609031 | J25: 0.43127722 | K25: 11.345085 | L25: 0.37549032 | M25: 10.432849 | N25: 0.67040237 | O25: -0.0011061346 | P25: 0.75039483 | Q25: 10.616651 | R25: 0.21135942 | S25: 11.441217 | T25: 1.576707 | U25: m | V25: m | W25: 0.82456643 | X25: 1.5586501
A26: France | B26: 15510 | C26: 151 | D26: 70.429939 | E26: 10.557089 | F26: 0.28366946 | G26: 10.083539 | H26: 0.37390192 | I26: 10.035727 | J26: 0.61794848 | K26: 10.666394 | L26: 0.4944366 | M26: 11.716632 | N26: 0.73391809 | O26: 1.6330931 | P26: 0.82392205 | Q26: 10.484848 | R26: 0.29778359 | S26: 10.265355 | T26: 0.84623151 | U26: 10.506756 | V26: 1.4153812 | W26: -0.1271826 | X26: 0.79165023
A27: Germany | B27: 9393 | C27: 177 | D27: 78.697334 | E27: 13.863464 | F27: 0.3160293 | G27: 14.348154 | H27: 0.70986065 | I27: 14.819557 | J27: 0.8530061 | K27: 13.196582 | L27: 0.57996456 | M27: 12.815289 | N27: 0.35360538 | O27: -1.5328651 | P27: 0.82394203 | Q27: 13.900852 | R27: 0.34813749 | S27: 12.345586 | T27: 1.5446747 | U27: m | V27: m | W27: -1.555266 | X27: 1.7068023
A28: Greece | B28: 5672.5 | C28: 180 | D28: 82.492142 | E28: 8.4936013 | F28: 0.2753181 | G28: 7.2925516 | H28: 0.64358849 | I28: 9.2420613 | J28: 0.33387953 | K28: 10.17317 | L28: 0.40730669 | M28: 8.5005952 | N28: 0.46961037 | O28: 1.2080436 | P28: 0.7861803 | Q28: 8.6986939 | R28: 0.29362818 | S28: m | T28: m | U28: 6.5554658 | V28: 0.35568361 | W28: -2.1432281 | X28: 0.45864612
A29: Hungary | B29: 9640 | C29: 147 | D29: 81.9795 | E29: 10.138571 | F29: 0.23190335 | G29: 9.5779893 | H29: 0.66934342 | I29: 9.5429323 | J29: 0.61977064 | K29: 10.429157 | L29: 0.44775492 | M29: 10.893492 | N29: 0.39721343 | O29: 1.3155024 | P29: 0.77791333 | Q29: 10.188001 | R29: 0.3144255 | S29: 10.174565 | T29: 0.41820069 | U29: m | V29: m | W29: -0.013435607 | X29: 0.57037801
A30: Iceland | B30: 3440 | C30: 114 | D30: 84.909386 | E30: 10.010366 | F30: 0.019370494 | G30: 9.0990672 | H30: 0.041198388 | I30: 10.486182 | J30: 0.011050853 | K30: 9.9351235 | L30: 0.038840545 | M30: 11.423874 | N30: c | O30: 2.3248068 | P30: 0.041198388 | Q30: 10.017292 | R30: 0.019448699 | S30: m | T30: m | U30: m | V30: m | W30: m | X30: m
A31: Ireland | B31: 6478.5 | C31: 127 | D31: 81.618851 | E31: 12.404253 | F31: 0.20844359 | G31: 10.433709 | H31: 0.46613143 | I31: 13.186219 | J31: 0.19738104 | K31: 13.726092 | L31: 0.2468113 | M31: 13.211513 | N31: 0.28918801 | O31: 2.777804 | P31: 0.54685832 | Q31: m | R31: m | S31: m | T31: m | U31: m | V31: m | W31: m | X31: m
A32: Israel | B32: 10092.5 | C32: 144 | D32: 84.238327 | E32: 9.8165482 | F32: 0.23231933 | G32: 8.9083708 | H32: 0.48424336 | I32: 9.9402793 | J32: 0.58240827 | K32: 10.881156 | L32: 0.42844719 | M32: 9.6843178 | N32: 0.39254833 | O32: 0.77594693 | P32: 0.60525128 | Q32: 9.8165482 | R32: 0.23231933 | S32: m | T32: m | U32: m | V32: m | W32: m | X32: m
A33: Italy | B33: 43774 | C33: 427 | D33: 82.103226 | E33: 7.9867908 | F33: 0.19617102 | G33: 6.6196107 | H33: 0.22953846 | I33: 7.4377403 | J33: 0.41222235 | K33: 8.9425955 | L33: 0.39358338 | M33: 10.513731 | N33: 0.568744 | O33: 3.8941204 | P33: 0.63588369 | Q33: 7.8553606 | R33: 0.18702764 | S33: 10.64956 | T33: 0.53928129 | U33: 10.893498 | V33: 2.4030999 | W33: 2.9708221 | X33: 1.7058482
A34: Japan | B34: 11435 | C34: 183 | D34: 100 | E34: 8.6251228 | F34: 0.36765057 | G34: 6.6672372 | H34: 0.87485231 | I34: 8.4674598 | J34: 1.2180424 | K34: 10.85957 | L34: 1.3564629 | M34: 9.6416126 | N34: 1.162306 | O34: 2.9743754 | P34: 1.4429427 | Q34: 9.0815269 | R34: 0.31883439 | S34: 11.470067 | T34: 2.6003916 | U34: 7.5223436 | V34: 0.77650149 | W34: -1.2414988 | X34: 0.79628071
A35: Korea | B35: 8736.5 | C35: 126 | D35: 69.099594 | E35: 12.379539 | F35: 0.27764682 | G35: 10.764269 | H35: 0.56548758 | I35: 12.489835 | J35: 0.46451273 | K35: 13.888211 | L35: 0.44318718 | M35: 12.986751 | N35: 0.90127615 | O35: 2.222482 | P35: 1.0638789 | Q35: 11.903808 | R35: 0.4256018 | S35: 12.747518 | T35: 0.46542503 | U35: 15.996121 | V35: 1.2089897 | W35: 1.2023617 | X35: 0.69614601
A36: Latvia | B36: 11985 | C36: 275 | D36: 89.13089 | E36: 9.8176649 | F36: 0.17469947 | G36: 8.1016531 | H36: 0.22600497 | I36: 10.396692 | J36: 0.30398412 | K36: 11.092826 | L36: 0.44971833 | M36: 10.331973 | N36: 0.47931531 | O36: 2.23032 | P36: 0.53061192 | Q36: 10.027977 | R36: 0.13659773 | S36: m | T36: m | U36: m | V36: m | W36: m | X36: m
A37: Lithuania | B37: 14979 | C37: 362 | D37: 100 | E37: 9.8667266 | F37: 0.24798326 | G37: 8.934607 | H37: 0.36691138 | I37: 10.410305 | J37: 0.55510838 | K37: 10.717154 | L37: 0.34910138 | M37: 10.684452 | N37: 0.7338733 | O37: 1.7498448 | P37: 0.75458526 | Q37: 9.8424751 | R37: 0.25321179 | S37: 10.736211 | T37: 1.2764843 | U37: m | V37: m | W37: 0.89373633 | X37: 1.2715116
A38: Luxembourg | B38: 4914 | C38: 39 | D38: 88.64315 | E38: 8.9989566 | F38: c | G38: 9.3031674 | H38: c | I38: 8.661865 | J38: c | K38: 8.4850829 | L38: c | M38: 9.4066023 | N38: c | O38: 0.10343483 | P38: c | Q38: 8.9125676 | R38: c | S38: 9.9623318 | T38: c | U38: m | V38: m | W38: 1.0497642 | X38: c
A39: Mexico | B39: 8688 | C39: 165 | D39: 63.440716 | E39: 25.787449 | F39: 1.5669014 | G39: 24.107633 | H39: 2.3961902 | I39: 31.079748 | J39: 2.2571674 | K39: 26.536647 | L39: 2.8029744 | M39: 22.642663 | N39: 3.4319988 | O39: -1.4649708 | P39: 4.2351404 | Q39: 29.831867 | R39: 2.1468188 | S39: m | T39: m | U39: 14.446542 | V39: 1.1335294 | W39: -15.385324 | X39: 2.427769
A40: Netherlands* | B40: 8355 | C40: 133 | D40: 86.277153 | E40: 16.73023 | F40: 0.53747779 | G40: 14.000941 | H40: 0.55245328 | I40: 15.266046 | J40: 1.0030673 | K40: 18.388237 | L40: 1.4985103 | M40: 19.398419 | N40: 0.52679627 | O40: 5.3974774 | P40: 0.72874473 | Q40: 17.335897 | R40: 0.76516553 | S40: 16.468186 | T40: 0.72828628 | U40: m | V40: m | W40: -0.86771031 | X40: 1.0515748
A41: New Zealand | B41: 11789.5 | C41: 175 | D41: 90.98394 | E41: 13.802468 | F41: 0.22375647 | G41: 13.425227 | H41: 0.51784658 | I41: 13.725687 | J41: 0.41843568 | K41: 14.977755 | L41: 0.22458464 | M41: 13.35845 | N41: 0.52981706 | O41: -0.066776733 | P41: 0.77495152 | Q41: 14.121129 | R41: 0.20200134 | S41: m | T41: m | U41: 11.248006 | V41: 0.90955634 | W41: -2.8731233 | X41: 0.92904448
A42: Norway | B42: 7396 | C42: 230 | D42: 92.369698 | E42: 9.310519 | F42: 0.18576077 | G42: 8.5656577 | H42: 0.28434534 | I42: 9.1945549 | J42: 0.32224138 | K42: 10.048203 | L42: 0.51442952 | M42: 10.085777 | N42: 0.47825645 | O42: 1.5201194 | P42: 0.50472506 | Q42: w | R42: w | S42: w | T42: w | U42: w | V42: w | W42: w | X42: w
A43: Poland | B43: 10178 | C43: 229 | D43: 98.568817 | E43: 7.9385793 | F43: 0.22324525 | G43: 8.9592382 | H43: 0.23808737 | I43: 7.9446382 | J43: 0.43551196 | K43: 7.2847754 | L43: 0.61024459 | M43: 6.8189993 | N43: 0.52980119 | O43: -2.1402389 | P43: 0.55566486 | Q43: 8.0721481 | R43: 0.22921655 | S43: 4.5124518 | T43: 0.5938612 | U43: m | V43: m | W43: -3.5596963 | X43: 0.62784665
A44: Portugal* | B44: 29113.5 | C44: 179 | D44: 67.669884 | E44: 10.010535 | F44: 0.43414476 | G44: 9.4227229 | H44: 0.57606574 | I44: 8.8016494 | J44: 0.67567381 | K44: 9.2557113 | L44: 0.40965646 | M44: 12.776879 | N44: 1.1979383 | O44: 3.3541561 | P44: 1.3324282 | Q44: 9.2608743 | R44: 0.42409057 | S44: 11.387197 | T44: 1.0222198 | U44: 15.339322 | V44: 1.5009254 | W44: 4.2914927 | X44: 1.4242443
A45: Slovak Republic | B45: 9456 | C45: 325 | D45: 87.601799 | E45: 12.515621 | F45: 0.3220647 | G45: 11.238815 | H45: 0.36806616 | I45: 12.895493 | J45: 0.44252078 | K45: 12.334804 | L45: 0.55200576 | M45: 14.159521 | N45: 1.1523199 | O45: 2.9207062 | P45: 1.1884978 | Q45: 12.554546 | R45: 0.35814463 | S45: 12.164393 | T45: 0.55757339 | U45: m | V45: m | W45: -0.39015289 | X45: 0.64050414
A46: Slovenia | B46: 12044 | C46: 251 | D46: 80.752029 | E46: 7.118274 | F46: 0.045569121 | G46: 6.3012812 | H46: 0.12594023 | I46: 7.3411916 | J46: 0.0081439269 | K46: 7.2231734 | L46: 0.017029117 | M46: 8.3292225 | N46: 0.093408747 | O46: 2.0279414 | P46: 0.16457921 | Q46: 7.0437792 | R46: 0.046571976 | S46: 12.469751 | T46: 0.036551484 | U46: m | V46: m | W46: 5.4259716 | X46: 0.063343164
A47: Spain | B47: 58845.5 | C47: 933 | D47: 84.70005 | E47: 11.857144 | F47: 0.15922568 | G47: 10.142793 | H47: 0.21147922 | I47: 11.097619 | J47: 0.29793381 | K47: 12.850969 | L47: 0.33643275 | M47: 13.086781 | N47: 0.43276405 | O47: 2.9439879 | P47: 0.45365004 | Q47: 10.287591 | R47: 0.13377801 | S47: 14.525671 | T47: 0.45435135 | U47: 13.335768 | V47: 0.86106707 | W47: 3.9610001 | X47: 0.40597746
A48: Sweden | B48: 6390.5 | C48: 161 | D48: 76.801796 | E48: 11.372787 | F48: 0.25141064 | G48: 9.9743479 | H48: 0.41871459 | I48: 10.728079 | J48: 0.6540333 | K48: 12.15277 | L48: 0.42384108 | M48: 13.061329 | N48: 0.62999392 | O48: 3.0869809 | P48: 0.88901172 | Q48: 11.012115 | R48: 0.27530329 | S48: 12.865079 | T48: 0.6835107 | U48: m | V48: m | W48: 1.8529638 | X48: 0.74377906
A49: Switzerland | B49: 10675.5 | C49: 152 | D49: 71.600647 | E49: 11.753382 | F49: 0.25690217 | G49: 12.032997 | H49: 0.51045322 | I49: 12.072269 | J49: 0.46302113 | K49: 11.708634 | L49: 0.58036374 | M49: 10.69058 | N49: 0.57624874 | O49: -1.3424178 | P49: 0.90402064 | Q49: 12.0412 | R49: 0.24993293 | S49: m | T49: m | U49: 8.4343885 | V49: 0.78900025 | W49: -3.6068112 | X49: 0.82474828
A50: Turkey | B50: 8745.5 | C50: 177 | D50: 98.006035 | E50: 11.98788 | F50: 0.35444999 | G50: 13.460684 | H50: 0.63348381 | I50: 12.58163 | J50: 0.37412283 | K50: 12.080568 | L50: 0.63291518 | M50: 10.245054 | N50: 0.72815185 | O50: -3.2156297 | P50: 0.92821966 | Q50: 13.100845 | R50: 0.28708046 | S50: m | T50: m | U50: 7.5813744 | V50: 0.79041744 | W50: -5.5194707 | X50: 0.8631825
A51: United Kingdom | B51: 21988 | C51: 322 | D51: 65.821579 | E51: 14.213122 | F51: 0.28652281 | G51: 15.015453 | H51: 0.32703429 | I51: 15.381102 | J51: 0.3890169 | K51: 15.422238 | L51: 0.91157723 | M51: 12.532564 | N51: 0.4854021 | O51: -2.4828892 | P51: 0.55552502 | Q51: 14.448506 | R51: 0.64571737 | S51: 16.311912 | T51: 0.31413092 | U51: 8.5431785 | V51: 0.33795972 | W51: -0.27782895 | X51: 0.7023633
A52: United States* | B52: 7615 | C52: 96 | D52: 58.897884 | E52: 14.480577 | F52: 0.43704917 | G52: 14.905179 | H52: 0.71283119 | I52: 13.146617 | J52: 0.91733269 | K52: 15.203889 | L52: 1.1314459 | M52: 14.635843 | N52: 0.76338554 | O52: -0.26933596 | P52: 1.0808269 | Q52: 14.987747 | R52: 0.45054104 | S52: m | T52: m | U52: 12.784293 | V52: 0.93373831 | W52: -2.2034536 | X52: 1.0446357
A53: OECD average | B53: m | C53: m | D53: m | E53: 12.116124 | F53: 0.068991745 | G53: 11.222633 | H53: 0.10795489 | I53: 12.357365 | J53: 0.13495269 | K53: 12.891458 | L53: 0.13027273 | M53: 12.42531 | N53: 0.1503636 | O53: 1.2026773 | P53: 0.1860791 | Q53: 12.355707 | R53: 0.091013816 | S53: 12.476146 | T53: 0.20998516 | U53: 11.256265 | V53: 0.25420753 | W53: -0.81410968 | X53: 0.18888092
A54: Partners
A55: Albania | B55: 7616 | C55: 98 | D55: 32.831955 | E55: 12.101041 | F55: 0.8975335 | G55: 10.770649 | H55: 1.2389859 | I55: 10.474116 | J55: 1.5900871 | K55: 14.831389 | L55: 1.1777131 | M55: 13.611628 | N55: 2.2710211 | O55: 2.8409792 | P55: 2.7193576 | Q55: 12.727449 | R55: 0.98371745 | S55: m | T55: m | U55: 9.0785854 | V55: 0.97728598 | W55: -3.6488641 | X55: 1.3793102
A56: Argentina | B56: 21431.5 | C56: 294 | D56: 66.801193 | E56: 6.47439 | F56: 0.27689742 | G56: 4.992945 | H56: 0.45361001 | I56: 6.1425906 | J56: 0.57918575 | K56: 6.9621641 | L56: 0.51915643 | M56: 10.047302 | N56: 0.75572675 | O56: 5.0543567 | P56: 0.9002691 | Q56: 5.6005792 | R56: 0.28433424 | S56: 9.6594762 | T56: 0.69479349 | U56: 9.7694389 | V56: 1.2100644 | W56: 4.09119 | X56: 0.66536083
A57: Baku (Azerbaijan) | B57: 4382.5 | C57: 41 | D57: 19.183544 | E57: 12.804369 | F57: 0.77711204 | G57: 19.126646 | H57: 4.1903649 | I57: 14.212041 | J57: 2.9948257 | K57: 12.236255 | L57: 0.96976668 | M57: 11.19913 | N57: 0.57026875 | O57: -7.9275164 | P57: 4.252853 | Q57: 12.86017 | R57: 0.78739065 | S57: m | T57: m | U57: m | V57: m | W57: m | X57: m
A58: Belarus | B58: 12396.5 | C58: 234 | D58: 100 | E58: 9.124444 | F58: 0.18624065 | G58: 6.337745 | H58: 0.48095184 | I58: 9.5603533 | J58: 0.35602743 | K58: 10.617715 | L58: 0.29785015 | M58: 11.127115 | N58: 0.34907632 | O58: 4.7893703 | P58: 0.58774294 | Q58: 9.1217808 | R58: 0.18713885 | S58: m | T58: m | U58: m | V58: m | W58: m | X58: m
A59: Bosnia and Herzegovina | B59: 8812.5 | C59: 84 | D59: 54.023907 | E59: 9.3833893 | F59: 0.60611168 | G59: 10.085633 | H59: 0.87089495 | I59: 9.296638 | J59: 1.1221729 | K59: 8.5267719 | L59: 1.7572945 | M59: 9.5009676 | N59: 0.99079281 | O59: -0.58466522 | P59: 1.2456851 | Q59: 9.5546406 | R59: 0.60812583 | S59: m | T59: m | U59: m | V59: m | W59: m | X59: m
A60: Brazil | B60: 13242 | C60: 277 | D60: 50.448025 | E60: 21.858667 | F60: 0.67900124 | G60: 21.304871 | H60: 1.8168861 | I60: 22.08506 | J60: 1.6890893 | K60: 23.63235 | L60: 1.503517 | M60: 20.765097 | N60: 0.94088838 | O60: -0.53977351 | P60: 2.021593 | Q60: 21.761295 | R60: 0.78386556 | S60: m | T60: m | U60: 22.182345 | V60: 1.3444574 | W60: 0.4210496 | X60: 1.5513747
A61: Brunei Darussalam | B61: 5180.5 | C61: 54 | D61: 98.753441 | E61: 8.9682463 | F61: c | G61: 7.6218737 | H61: c | I61: 8.3098592 | J61: c | K61: 9.5703069 | L61: c | M61: 9.9479827 | N61: c | O61: 2.326109 | P61: c | Q61: 7.9298493 | R61: c | S61: m | T61: m | U61: 13.69866 | V61: c | W61: 5.7688102 | X61: c
A62: B-S-J-Z (China) | B62: 63500 | C62: 360 | D62: 99.654152 | E62: 10.708139 | F62: 0.34075841 | G62: 10.514301 | H62: 0.4556416 | I62: 10.699109 | J62: 0.49172999 | K62: 12.448166 | L62: 0.79662499 | M62: 9.0384385 | N62: 0.36608262 | O62: -1.4758624 | P62: 0.58746151 | Q62: 10.41898 | R62: 0.366379 | S62: m | T62: m | U62: 12.90765 | V62: 1.120377 | W62: 2.4886704 | X62: 1.1543369
A63: Bulgaria | B63: 5982 | C63: 114 | D63: 57.128757 | E63: 11.201839 | F63: 0.30275739 | G63: 11.247458 | H63: 0.54850542 | I63: 10.804407 | J63: 0.32190671 | K63: 11.926113 | L63: 0.56226277 | M63: 10.822086 | N63: 1.3197768 | O63: -0.4253717 | P63: 1.4344535 | Q63: 11.352202 | R63: 0.29055903 | S63: m | T63: m | U63: m | V63: m | W63: m | X63: m
A64: Costa Rica | B64: 9593.5 | C64: 204 | D64: 99.642403 | E64: 13.622685 | F64: 0.44776623 | G64: 13.344826 | H64: 0.59670509 | I64: 12.877008 | J64: 0.90392974 | K64: 15.340533 | L64: 0.7368771 | M64: 13.19432 | N64: 1.0578881 | O64: -0.15050618 | P64: 1.1271983 | Q64: 14.374762 | R64: 0.32979467 | S64: m | T64: m | U64: 10.463509 | V64: 1.4035099 | W64: -3.911253 | X64: 1.376038
A65: Croatia | B65: 8839 | C65: 168 | D65: 93.635666 | E65: 9.4559346 | F65: 0.15095855 | G65: 8.3777841 | H65: 0.33596297 | I65: 9.0841158 | J65: 0.30577759 | K65: 9.7123793 | L65: 0.34707255 | M65: 11.145689 | N65: 0.28981935 | O65: 2.7679046 | P65: 0.4769236 | Q65: 9.5196155 | R65: 0.14924287 | S65: m | T65: m | U65: m | V65: m | W65: m | X65: m
A66: Cyprus | B66: 5467.5 | C66: 77 | D66: 96.037605 | E66: 6.7885145 | F66: 0.0095957375 | G66: 5.3679622 | H66: 0.0029197652 | I66: 6.6137513 | J66: c | K66: 6.9071018 | L66: 0.047752587 | M66: 8.0111812 | N66: 0.00067819986 | O66: 2.643219 | P66: 0.0029974962 | Q66: 6.2128559 | R66: 0.011075973 | S66: m | T66: m | U66: 8.1914448 | V66: 0.007016211 | W66: 1.9785889 | X66: 0.012506904
A67: Dominican Republic | B67: 2031 | C67: 75 | D67: 32.741116 | E67: 22.563327 | F67: 1.4243336 | G67: 21.800112 | H67: 2.4566654 | I67: 28.360617 | J67: 5.2099069 | K67: 24.145017 | L67: 1.9109483 | M67: 16.564311 | N67: 1.6317459 | O67: -5.2358013 | P67: 3.0564177 | Q67: 23.030019 | R67: 1.6491377 | S67: m | T67: m | U67: 17.99384 | V67: 2.3029338 | W67: -5.0361791 | X67: 2.8068391
A68: Georgia | B68: 11990.5 | C68: 301 | D68: 96.193787 | E68: 10.388923 | F68: 0.40002942 | G68: 6.9639085 | H68: 0.37908196 | I68: 13.000029 | J68: 0.57301363 | K68: 13.781049 | L68: 0.63783599 | M68: 10.185981 | N68: 1.3776337 | O68: 3.2220729 | P68: 1.4364136 | Q68: 11.272421 | R68: 0.30012335 | S68: m | T68: m | U68: 5.9975941 | V68: 1.2943978 | W68: -5.2748264 | X68: 1.3478677
A69: Hong Kong (China)* | B69: 5547.5 | C69: 85 | D69: 58.074902 | E69: 11.481074 | F69: 0.21985124 | G69: 10.76653 | H69: 0.39063709 | I69: 11.212175 | J69: 0.74178699 | K69: 12.836543 | L69: 0.26620276 | M69: 11.524073 | N69: 0.5609481 | O69: 0.75754237 | P69: 0.71547835 | Q69: 13.481814 | R69: 0.86279453 | S69: 11.606726 | T69: 0.21886094 | U69: m | V69: m | W69: -1.875088 | X69: 0.92965345
A70: Indonesia | B70: 9618 | C70: 275 | D70: 72.804054 | E70: 15.565628 | F70: 0.84600752 | G70: 14.658012 | H70: 1.2111534 | I70: 14.486825 | J70: 1.2025133 | K70: 15.228448 | L70: 1.4242615 | M70: 18.433708 | N70: 2.9581947 | O70: 3.7756962 | P70: 3.1955914 | Q70: 16.229655 | R70: 0.59054479 | S70: 14.665104 | T70: 1.7537826 | U70: 15.132486 | V70: 3.9238198 | W70: -1.3644825 | X70: 2.0379277
A71: Jordan | B71: 9680.5 | C71: 219 | D71: 64.081383 | E71: 14.7624 | F71: 0.69128993 | G71: 15.403295 | H71: 1.0337497 | I71: 18.287258 | J71: 0.99601411 | K71: 16.029244 | L71: 1.5990013 | M71: 12.723398 | N71: 1.2036586 | O71: -2.6798964 | P71: 1.6172447 | Q71: 15.352793 | R71: 0.84490748 | S71: m | T71: m | U71: 13.888403 | V71: 1.0456545 | W71: -1.4643903 | X71: 1.2508568
A72: Kazakhstan | B72: 44880 | C72: 496 | D72: 78.635963 | E72: 7.6399022 | F72: 0.54183572 | G72: 5.7807375 | H72: 0.77919084 | I72: 7.744882 | J72: 1.0006848 | K72: 8.155182 | L72: 1.492437 | M72: 9.7069798 | N72: 0.65001788 | O72: 3.9262423 | P72: 0.98033493 | Q72: 7.6270113 | R72: 0.54960624 | S72: 10.687927 | T72: 0.90645868 | U72: m | V72: m | W72: 3.0609157 | X72: 1.085262
A73: Kosovo | B73: 5881 | C73: 59 | D73: 47.861847 | E73: 13.817217 | F73: 0.26523059 | G73: 12.486985 | H73: 0.60770493 | I73: 13.770911 | J73: 0.30194468 | K73: 17.849631 | L73: 1.0559084 | M73: 10.885984 | N73: 0.19671683 | O73: -1.6010012 | P73: 0.63899697 | Q73: 14.002423 | R73: 0.24791282 | S73: m | T73: m | U73: m | V73: m | W73: m | X73: m
A74: Lebanon | B74: 13587 | C74: 142 | D74: 53.115845 | E74: 10.352822 | F74: 0.53562554 | G74: 12.958929 | H74: 2.1083187 | I74: 8.2631617 | J74: 1.3544371 | K74: 10.494426 | L74: 0.75742553 | M74: 10.700684 | N74: 0.60525835 | O74: -2.2582458 | P74: 2.1797625 | Q74: 8.5007317 | R74: 0.88759189 | S74: m | T74: m | U74: 10.304492 | V74: 0.80353723 | W74: 1.8037602 | X74: 1.1741457
A75: Macao (China) | B75: m | C75: m | D75: m | E75: m | F75: m | G75: m | H75: m | I75: m | J75: m | K75: m | L75: m | M75: m | N75: m | O75: m | P75: m | Q75: m | R75: m | S75: m | T75: m | U75: m | V75: m | W75: m | X75: m
A76: Malaysia | B76: 16800.5 | C76: 180 | D76: 94.293823 | E76: 10.823542 | F76: 0.23235661 | G76: 10.918663 | H76: 0.44144671 | I76: 11.291099 | J76: 0.45201853 | K76: 10.427057 | L76: 0.59918195 | M76: 10.684921 | N76: 0.63941225 | O76: -0.2337419 | P76: 0.77445211 | Q76: 10.767409 | R76: 0.23722208 | S76: m | T76: m | U76: 11.664157 | V76: 1.4315852 | W76: 0.89674872 | X76: 1.4557944
A77: Malta | B77: 3006.5 | C77: 47 | D77: 93.734726 | E77: 6.7415666 | F77: c | G77: 5.3180662 | H77: c | I77: 5.4374287 | J77: c | K77: 7.4471572 | L77: c | M77: 8.5176887 | N77: c | O77: 3.1996225 | P77: c | Q77: 5.3526402 | R77: c | S77: 8.2909091 | T77: c | U77: 8.3927928 | V77: c | W77: 2.980077 | X77: c
A78: Moldova | B78: 6719.5 | C78: 174 | D78: 77.011223 | E78: 12.327922 | F78: 0.36721349 | G78: 11.06183 | H78: 0.52453596 | I78: 10.775175 | J78: 1.0199517 | K78: 14.021614 | L78: 0.59049737 | M78: 13.899389 | N78: 0.71413632 | O78: 2.8375591 | P78: 0.88188502 | Q78: 12.356261 | R78: 0.36903668 | S78: m | T78: m | U78: m | V78: m | W78: m | X78: m
A79: Montenegro | B79: 3045 | C79: 49 | D79: 96.651611 | E79: 11.699029 | F79: c | G79: 8.3076923 | H79: c | I79: 12.491064 | J79: c | K79: 14.037569 | L79: c | M79: 13.068398 | N79: c | O79: 4.760706 | P79: c | Q79: 11.726039 | R79: c | S79: m | T79: m | U79: m | V79: m | W79: m | X79: m
A80: Morocco | B80: 6514 | C80: 56 | D80: 30.666773 | E80: 21.416396 | F80: 2.3957403 | G80: 23.669531 | H80: 2.2332313 | I80: 29.743363 | J80: 1.9841029 | K80: 24.380458 | L80: 1.8131304 | M80: 14.941104 | N80: 5.1790936 | O80: -8.7284273 | P80: 5.6980176 | Q80: 21.465098 | R80: 2.4449022 | S80: m | T80: m | U80: 21.181467 | V80: 11.243801 | W80: -0.28363005 | X80: 12.024052
A81: North Macedonia | B81: 6540 | C81: 86 | D81: 76.562538 | E81: 8.5080151 | F81: c | G81: 8.7778053 | H81: c | I81: 10.36473 | J81: c | K81: 8.9472581 | L81: c | M81: 6.830058 | N81: c | O81: -1.9477473 | P81: c | Q81: 8.5530042 | R81: c | S81: m | T81: m | U81: 5.1180131 | V81: c | W81: -3.4349911 | X81: c
A82: Panama | B82: 7259 | C82: 80 | D82: 39.907879 | E82: 14.852085 | F82: 0.50252256 | G82: 12.527395 | H82: 1.058622 | I82: 12.851377 | J82: 0.80674118 | K82: 14.821883 | L82: 0.62313289 | M82: 17.608868 | N82: 1.2448226 | O82: 5.0814733 | P82: 1.6240411 | Q82: 13.50571 | R82: 0.41382316 | S82: m | T82: m | U82: 16.722701 | V82: 1.3677483 | W82: 3.2169914 | X82: 1.4132605
A83: Peru | B83: 10791.5 | C83: 317 | D83: 95.819054 | E83: 13.796445 | F83: 0.41777923 | G83: 11.924439 | H83: 0.73557696 | I83: 14.49881 | J83: 1.0973988 | K83: 14.042989 | L83: 1.0613166 | M83: 14.63738 | N83: 0.67819189 | O83: 2.7129413 | P83: 0.99639222 | Q83: 14.005843 | R83: 0.49772759 | S83: m | T83: m | U83: 13.389468 | V83: 0.66506627 | W83: -0.61637514 | X83: 0.79317248
A84: Philippines | B84: 10434 | C84: 121 | D84: 65.761711 | E84: 21.13075 | F84: 1.4551598 | G84: 24.771415 | H84: 1.5493642 | I84: 25.549579 | J84: 0.83926682 | K84: 26.377906 | L84: 1.3834266 | M84: 15.496631 | N84: 2.4048659 | O84: -9.2747838 | P84: 2.6368846 | Q84: 23.112903 | R84: 1.7279221 | S84: 26.129173 | T84: 2.8704734 | U84: 13.281796 | V84: 2.9564227 | W84: -6.4087779 | X84: 3.2177933
A85: Qatar | B85: 15697 | C85: 135 | D85: 85.563591 | E85: 11.392788 | F85: c | G85: 8.4101934 | H85: c | I85: 11.913541 | J85: c | K85: 12.103706 | L85: c | M85: 11.684492 | N85: c | O85: 3.2742981 | P85: c | Q85: 7.6067106 | R85: c | S85: m | T85: m | U85: 13.352535 | V85: c | W85: 5.7458242 | X85: c
A86: Romania | B86: 8620 | C86: 126 | D86: 83.592995 | E86: 14.010079 | F86: 0.62994308 | G86: 14.683188 | H86: 0.75946606 | I86: 14.526829 | J86: 0.46195644 | K86: 14.228649 | L86: 1.0571671 | M86: 12.451106 | N86: 2.1047786 | O86: -2.2320812 | P86: 2.2431094 | Q86: 13.9701 | R86: 0.63543215 | S86: m | T86: m | U86: m | V86: m | W86: m | X86: m
A87: Russia | B87: 12098 | C87: 235 | D87: 91.496651 | E87: 13.54941 | F87: 0.30382033 | G87: 9.8999822 | H87: 0.53730095 | I87: 15.12072 | J87: 0.60430075 | K87: 15.570923 | L87: 0.64215974 | M87: 15.630291 | N87: 0.87228352 | O87: 5.7303085 | P87: 0.99684232 | Q87: 13.54941 | R87: 0.30382033 | S87: m | T87: m | U87: m | V87: m | W87: m | X87: m
A88: Saudi Arabia | B88: 2729.5 | C88: 35 | D88: 17.181105 | E88: 8.8299757 | F88: 1.3701302 | G88: 5.1112077 | H88: 1.995163 | I88: 10.105721 | J88: 1.5396305 | K88: 12.886524 | L88: 0.95484316 | M88: 10.5495 | N88: 1.6356936 | O88: 5.4382928 | P88: 2.6465655 | Q88: 8.6369207 | R88: 1.6266414 | S88: m | T88: m | U88: m | V88: m | W88: m | X88: m
A89: Serbia | B89: 11245 | C89: 163 | D89: 90.900154 | E89: 9.7929032 | F89: 0.60319201 | G89: 9.356897 | H89: 0.41081385 | I89: 8.5793235 | J89: 1.7597113 | K89: 10.523409 | L89: 0.47312647 | M89: 10.927069 | N89: 0.87250891 | O89: 1.5701721 | P89: 0.96643288 | Q89: 9.8722286 | R89: 0.61835872 | S89: m | T89: m | U89: m | V89: m | W89: m | X89: m
A90: Singapore | B90: 15993 | C90: 155 | D90: 92.551308 | E90: 11.310669 | F90: 0.046795922 | G90: 10.364716 | H90: c | I90: 11.540218 | J90: 0.017979954 | K90: 10.984352 | L90: 0.42924729 | M90: 11.910097 | N90: 0.31534381 | O90: 1.5453804 | P90: 0.31534381 | Q90: 11.221666 | R90: 0.0033376248 | S90: m | T90: m | U90: 11.624514 | V90: 0.23173895 | W90: 0.40284841 | X90: 0.22956418
A91: Chinese Taipei | B91: 22720.5 | C91: 163 | D91: 85.732132 | E91: 12.981139 | F91: 0.31742823 | G91: 12.413537 | H91: 0.98372012 | I91: 13.405306 | J91: 0.81288458 | K91: 12.44385 | L91: 0.46418628 | M91: 13.802591 | N91: 0.48579027 | O91: 1.3890537 | P91: 1.2077375 | Q91: 11.327869 | R91: 0.26826111 | S91: 19.940719 | T91: 0.78844437 | U91: 19.838001 | V91: 1.0852654 | W91: 8.5442992 | X91: 0.72328985
A92: Thailand | B92: 24950 | C92: 200 | D92: 91.022133 | E92: 13.553375 | F92: 3.607276 | G92: 18.867032 | H92: 1.2600779 | I92: 7.6116802 | J92: 4.8956332 | K92: 18.967904 | L92: 1.0235497 | M92: 17.349784 | N92: 1.2504867 | O92: -1.5172475 | P92: 1.7834134 | Q92: 18.421355 | R92: 0.43342405 | S92: 4.6272162 | T92: 3.9603506 | U92: 17.54814 | V92: 3.0334342 | W92: -11.287482 | X92: 4.7981623
A93: Ukraine | B93: 9646.5 | C93: 227 | D93: 92.063538 | E93: 10.648127 | F93: 0.25761911 | G93: 9.1624937 | H93: 0.54716048 | I93: 10.167603 | J93: 0.59985841 | K93: 11.405189 | L93: 0.59372206 | M93: 12.023965 | N93: 0.49475669 | O93: 2.8614715 | P93: 0.73010673 | Q93: 10.662551 | R93: 0.25785099 | S93: m | T93: m | U93: m | V93: m | W93: m | X93: m
A94: United Arab Emirates | B94: 25099.5 | C94: 213 | D94: 32.464153 | E94: 12.778963 | F94: 0.18565148 | G94: 13.156666 | H94: 0.60738492 | I94: 13.85325 | J94: 0.38925527 | K94: 13.694861 | L94: 0.21322532 | M94: 11.559245 | N94: 0.24934554 | O94: -1.5974205 | P94: 0.65448057 | Q94: 9.5932829 | R94: 0.014455204 | S94: m | T94: m | U94: 13.3402 | V94: 0.19179259 | W94: 3.7469173 | X94: 0.19236059
A95: Uruguay | B95: 12283 | C95: 188 | D95: 99.480301 | E95: 10.700713 | F95: 0.6205835 | G95: 9.9132459 | H95: 0.67028352 | I95: 9.5295606 | J95: 1.78698 | K95: 13.677346 | L95: 1.0370865 | M95: 11.394422 | N95: 0.8990357 | O95: 1.4811762 | P95: 1.1309372 | Q95: 10.595456 | R95: 0.67764761 | S95: m | T95: m | U95: 11.34734 | V95: 1.652285 | W95: 0.75188328 | X95: 1.8134913
A96: Viet Nam | B96: 3904.5 | C96: 53 | D96: 42.494709 | E96: 16.571246 | F96: 0.70127302 | G96: 15.871312 | H96: 1.2966722 | I96: 15.832406 | J96: 1.6985647 | K96: 18.233041 | L96: 0.5361529 | M96: 16.177704 | N96: 1.5670864 | O96: 0.30639172 | P96: 2.0458303 | Q96: 16.638198 | R96: 0.58600638 | S96: m | T96: m | U96: 16.105242 | V96: 3.850761 | W96: -0.5329554 | X96: 3.9032378
A104: *Honk Kong (China), Netherlands, Portugal and United States: Data did not meet the PISA technical standards but were accepted as largely comparable (see Annexes A2 and A4).
A105: Information on data for Cyprus: https://oe.cd/cyprus-disclaimer
A106: 1. In this chapter, all analyses are restricted to schools with the modal ISCED level for 15-year-old students. Results may thus differ from those estimated on the entire sample of 15-year-old students.
A107: 2. Coverage refers to the weighted share of students in the PISA sample who attend modal grade schools (see Table in Annex C1). It is equal to 100% if all schools in the PISA sample are included in the analysis and no student has a missing response. For countries with a low value in the coverage index, comparisons should be interpreted with caution.
A108: 3. The overall number is computed as the sum of all students in the school divided by the sum of all teachers, across all schools included in this analysis.
A109: 4. The socio-economic profile is measured by the school's average PISA index of economic, social and cultural status (ESCS).
A110: 5. The calculation "Private-Public" is the difference between private government-dependent and independent schools combined, and public schools.
A111: Private schools refer to schools managed directly or indirectly by a non-governmental organisation, such as a church, trade union, business or other private institution. Privately managed schools are classified as independent when at least 50% of the funding comes from private sources; they are classified as government-dependent when at least 50% of the funding comes from the government (including departments, local, regional, state and national). The classification is based on the school principal’s report.
...

Sheet Table II.B1.5.3
A1: PISA 2018 Results (Volume II) - © OECD 2019
A2: Annex B1 | B2: Annex B1.5 Results (tables): How do schools compensate for socio-economic disadvantage?
A3: Version 2 - Last updated: 02-Dec-2019
A4: Disclaimer: http://oe.cd/disclaimer
A6: Table II.B1.5.3
A7: Fully certified teachers, by school characteristics
A8: Fully certified by the appropriate authority; results based on principals' reports
B12: All schools1 | G12: Proportion of fully certified teachers, by schools' socio-economic profile4 | Q12: Proportion of fully certified teachers, by type of school
B13: Sample size | D13: Coverage2 | E13: Overall proportion of fully certified teachers3 | G13: Bottom quarter | I13: Second quarter | K13: Third quarter | M13: Top quarter | O13: Top - bottom quarter | Q13: Public | S13: Private government-dependent | U13: Private independent | W13: Private-Public5
B14: Number of teachers | C14: Number of schools | D14: % | E14: % | F14: S.E. | G14: % | H14: S.E. | I14: % | J14: S.E. | K14: % | L14: S.E. | M14: % | N14: S.E. | O14: % dif. | P14: S.E. | Q14: % | R14: S.E. | S14: % | T14: S.E. | U14: % | V14: S.E. | W14: % dif. | X14: S.E.
A15: OECD
A16: Australia | B16: 39792 | C16: 506 | D16: 67.317924 | E16: 97.827087 | F16: 0.55627812 | G16: 97.225673 | H16: 0.93364358 | I16: 96.250189 | J16: 1.8594015 | K16: 97.863081 | L16: 1.1426462 | M16: 99.22096 | N16: 0.57085006 | O16: 1.9952864 | P16: 1.0866174 | Q16: 97.349287 | R16: 0.7640114 | S16: 98.141704 | T16: 1.0675932 | U16: 99.545435 | V16: 0.28416908 | W16: 1.3980633 | X16: 0.97200301
A17: Austria | B17: 10864 | C17: 291 | D17: m | E17: 92.323613 | F17: 2.020128 | G17: m | H17: m | I17: m | J17: m | K17: m | L17: m | M17: m | N17: m | O17: m | P17: m | Q17: m | R17: m | S17: m | T17: m | U17: m | V17: m | W17: m | X17: m
A18: Belgium | B18: 17834.5 | C18: 195 | D18: 69.305092 | E18: 89.66611 | F18: 1.7774072 | G18: 89.264056 | H18: 3.8156615 | I18: 90.07083 | J18: 2.7407102 | K18: 89.452628 | L18: 3.3111795 | M18: 89.886841 | N18: 5.6691286 | O18: 0.62278522 | P18: 7.1436312 | Q18: m | R18: m | S18: m | T18: m | U18: m | V18: m | W18: m | X18: m
A19: Canada | B19: 22452 | C19: 442 | D19: 58.412197 | E19: 96.472542 | F19: 1.1709867 | G19: 95.127047 | H19: 3.1313677 | I19: 97.086994 | J19: 2.0744714 | K19: 97.945433 | L19: 1.2011048 | M19: 96.067332 | N19: 2.114479 | O19: 0.94028483 | P19: 3.8798541 | Q19: 98.447432 | R19: 0.65062793 | S19: 97.188666 | T19: 1.7765509 | U19: 76.450922 | V19: 10.154338 | W19: -15.998051 | X19: 7.6838482
A20: Chile | B20: 5939 | C20: 107 | D20: 47.296906 | E20: 25.766479 | F20: 4.2357893 | G20: 30.175581 | H20: 10.832281 | I20: 16.606084 | J20: 5.8630101 | K20: 16.522924 | L20: 8.5265066 | M20: 36.17702 | N20: 7.8441934 | O20: 6.0014387 | P20: 13.767979 | Q20: 25.410055 | R20: 6.9142317 | S20: 21.283522 | T20: 6.3694636 | U20: 36.777197 | V20: 9.1493695 | W20: 0.47230624 | X20: 8.5639623
A21: Colombia | B21: 5791.5 | C21: 122 | D21: 48.036758 | E21: 72.895224 | F21: 4.327748 | G21: 77.777703 | H21: 8.3545552 | I21: 71.115628 | J21: 12.421494 | K21: 80.493428 | L21: 7.9139083 | M21: 62.440753 | N21: 6.3151597 | O21: -15.336951 | P21: 10.036977 | Q21: 76.925594 | R21: 5.5476295 | S21: m | T21: m | U21: 62.969483 | V21: 6.2027258 | W21: -13.956111 | X21: 8.4282811
A22: Czech Republic | B22: 10337 | C22: 284 | D22: 83.931358 | E22: 94.581319 | F22: 0.88681197 | G22: 91.50123 | H22: 2.0430519 | I22: 97.529123 | J22: 0.49735715 | K22: 96.418122 | L22: 0.76673986 | M22: 94.517318 | N22: 2.1365922 | O22: 3.0160883 | P22: 2.9483002 | Q22: 95.229094 | R22: 0.79433674 | S22: 82.088592 | T22: 8.0213844 | U22: m | V22: m | W22: -13.140501 | X22: 8.0514748
A23: Denmark | B23: m | C23: m | D23: m | E23: m | F23: m | G23: m | H23: m | I23: m | J23: m | K23: m | L23: m | M23: m | N23: m | O23: m | P23: m | Q23: m | R23: m | S23: m | T23: m | U23: m | V23: m | W23: m | X23: m
A24: Estonia | B24: 8230 | C24: 197 | D24: 88.773499 | E24: 89.425154 | F24: 0.90980967 | G24: 88.96299 | H24: 1.7257672 | I24: 90.345613 | J24: 2.0259516 | K24: 87.983237 | L24: 2.198988 | M24: 90.505092 | N24: 0.83264638 | O24: 1.5421022 | P24: 1.8901185 | Q24: 89.081613 | R24: 0.95361885 | S24: 95.455082 | T24: 1.4465836 | U24: 95.085317 | V24: 3.1532853 | W24: 6.1923023 | X24: 1.9013856
A25: Finland | B25: 5636.5 | C25: 133 | D25: 63.926308 | E25: 93.391956 | F25: 1.2209689 | G25: 91.01318 | H25: 3.5136781 | I25: 94.509263 | J25: 1.0373782 | K25: 94.886464 | L25: 1.9326248 | M25: 94.103859 | N25: 1.2841455 | O25: 3.0906787 | P25: 3.5710347 | Q25: 93.332847 | R25: 1.2863344 | S25: 94.098794 | T25: 3.5900386 | U25: m | V25: m | W25: 0.76594679 | X25: 3.8334184
A26: France | B26: 13905.5 | C26: 135 | D26: 63.497051 | E26: 71.794995 | F26: 3.2646268 | G26: 58.138849 | H26: 8.6755793 | I26: 62.548151 | J26: 6.7910106 | K26: 80.78824 | L26: 3.7805972 | M26: 87.257298 | N26: 4.4928823 | O26: 29.11845 | P26: 9.8599738 | Q26: 74.647682 | R26: 3.2195469 | S26: 52.005748 | T26: 13.275254 | U26: 79.053802 | V26: 10.070009 | W26: -12.005998 | X26: 9.4621942
A27: Germany | B27: 8681.5 | C27: 167 | D27: 75.171959 | E27: 90.343303 | F27: 2.199955 | G27: 93.915797 | H27: 2.0732477 | I27: 94.348291 | J27: 3.3964936 | K27: 88.082438 | L27: 4.9302652 | M27: 84.741589 | N27: 5.2382096 | O27: -9.1742078 | P27: 5.277903 | Q27: 90.210222 | R27: 2.2776941 | S27: 94.480513 | T27: 3.3453451 | U27: m | V27: m | W27: 4.2702903 | X27: 3.8887327
A28: Greece | B28: 4299.5 | C28: 143 | D28: 65.612923 | E28: 88.82971 | F28: 2.5706784 | G28: 86.693811 | H28: 5.4166059 | I28: 91.602325 | J28: 3.3424237 | K28: 92.24492 | L28: 4.7523742 | M28: 86.401033 | N28: 6.361564 | O28: -0.29277776 | P28: 8.4079421 | Q28: 89.208089 | R28: 2.5313776 | S28: m | T28: m | U28: 80.812448 | V28: 20.006071 | W28: -8.3956402 | X28: 19.992611
A29: Hungary | B29: m | C29: m | D29: m | E29: m | F29: m | G29: m | H29: m | I29: m | J29: m | K29: m | L29: m | M29: m | N29: m | O29: m | P29: m | Q29: m | R29: m | S29: m | T29: m | U29: m | V29: m | W29: m | X29: m
A30: Iceland | B30: 2481 | C30: 82 | D30: 64.67569 | E30: 89.517254 | F30: 0.043432277 | G30: 86.115474 | H30: 0.12384309 | I30: 87.141002 | J30: 0.030553664 | K30: 97.16503 | L30: c | M30: 93.258899 | N30: c | O30: 7.1434243 | P30: 0.12384309 | Q30: 89.483886 | R30: 0.043537597 | S30: m | T30: m | U30: m | V30: m | W30: m | X30: m
A31: Ireland | B31: 5239.5 | C31: 107 | D31: 68.323097 | E31: 99.778662 | F31: 0.06750194 | G31: 99.800062 | H31: 0.090239477 | I31: 99.847148 | J31: 0.10010367 | K31: 99.887166 | L31: 0.064659233 | M31: 99.550292 | N31: 0.24556769 | O31: -0.24977019 | P31: 0.25697008 | Q31: m | R31: m | S31: m | T31: m | U31: m | V31: m | W31: m | X31: m
A32: Israel | B32: 7508.5 | C32: 112 | D32: 65.445831 | E32: 72.130803 | F32: 3.8389932 | G32: 65.453988 | H32: 7.8144657 | I32: 79.369025 | J32: 6.9911112 | K32: 70.266199 | L32: 8.553857 | M32: 71.163163 | N32: 6.6486109 | O32: 5.7091746 | P32: 10.068717 | Q32: 72.130803 | R32: 3.8389932 | S32: m | T32: m | U32: m | V32: m | W32: m | X32: m
A33: Italy | B33: 34178 | C33: 337 | D33: 64.241783 | E33: 81.264483 | F33: 2.3733622 | G33: 79.819259 | H33: 3.4939898 | I33: 77.042405 | J33: 6.1398166 | K33: 87.347946 | L33: 1.5832555 | M33: 83.790618 | N33: 4.8609848 | O33: 3.9713595 | P33: 5.820398 | Q33: 82.267331 | R33: 2.40356 | S33: 21.256712 | T33: 7.8662714 | U33: 58.681676 | V33: 9.7978119 | W33: -34.513992 | X33: 12.595371
A34: Japan | B34: 11023 | C34: 179 | D34: 97.821442 | E34: 97.188773 | F34: 0.70200541 | G34: 95.044131 | H34: 1.8951419 | I34: 96.859512 | J34: 0.60829673 | K34: 98.592292 | L34: 0.67218581 | M34: 99.461406 | N34: 0.18474781 | O34: 4.4172753 | P34: 1.9078569 | Q34: 97.599827 | R34: 0.53493681 | S34: 99.067062 | T34: 0.50855627 | U34: 96.225324 | V34: 1.7632446 | W34: -1.1381048 | X34: 1.6785621
A35: Korea | B35: 7279 | C35: 105 | D35: 57.079472 | E35: 98.137596 | F35: 1.127945 | G35: 100 | H35: 1.0048592e-14 | I35: 96.568112 | J35: 3.2417023 | K35: 99.749316 | L35: 0.16545513 | M35: 96.646367 | N35: 2.728234 | O35: -3.3536326 | P35: 2.728234 | Q35: 98.43251 | R35: 1.4246255 | S35: 99.785411 | T35: 0.1176661 | U35: 81.13734 | V35: 15.218398 | W35: -0.72277276 | X35: 2.3285354
A36: Latvia | B36: m | C36: m | D36: m | E36: m | F36: m | G36: m | H36: m | I36: m | J36: m | K36: m | L36: m | M36: m | N36: m | O36: m | P36: m | Q36: m | R36: m | S36: m | T36: m | U36: m | V36: m | W36: m | X36: m
A37: Lithuania | B37: 14851 | C37: 360 | D37: 99.522125 | E37: 98.638137 | F37: 0.1728553 | G37: 98.074388 | H37: 0.37344558 | I37: 99.437467 | J37: 0.18955376 | K37: 98.532593 | L37: 0.19814845 | M37: 99.103764 | N37: 0.19330752 | O37: 1.0293758 | P37: 0.40681469 | Q37: 98.655591 | R37: 0.17682596 | S37: 97.403311 | T37: 1.8598342 | U37: m | V37: m | W37: -1.2522796 | X37: 1.8827179
A38: Luxembourg | B38: 3916.5 | C38: 32 | D38: 74.86763 | E38: 70.509383 | F38: c | G38: 57.466063 | H38: c | I38: 78.18854 | J38: c | K38: 62.432916 | L38: c | M38: 84.728805 | N38: c | O38: 27.262741 | P38: c | Q38: 67.983589 | R38: c | S38: 72.95082 | T38: c | U38: m | V38: m | W38: 4.9672306 | X38: c
A39: Mexico | B39: 7507.5 | C39: 135 | D39: 51.550671 | E39: 37.913414 | F39: 4.4203972 | G39: 51.012543 | H39: 12.1095 | I39: 25.563424 | J39: 5.5790613 | K39: 28.753839 | L39: 5.0726323 | M39: 48.306908 | N39: 9.0544222 | O39: -2.7056343 | P39: 14.487773 | Q39: 32.201078 | R39: 4.0159618 | S39: m | T39: m | U39: 56.132488 | V39: 10.577563 | W39: 23.93141 | X39: 11.445531
A40: Netherlands* | B40: 7866.5 | C40: 125 | D40: 81.718971 | E40: 89.448749 | F40: 1.440934 | G40: 87.439245 | H40: 3.1034803 | I40: 85.942738 | J40: 5.714384 | K40: 90.797153 | L40: 1.2268638 | M40: 93.091368 | N40: 0.78941848 | O40: 5.6521232 | P40: 3.2137961 | Q40: 86.097116 | R40: 3.0922803 | S40: 91.439417 | T40: 1.039521 | U40: m | V40: m | W40: 5.342301 | X40: 3.1458885
A41: New Zealand | B41: 10578.5 | C41: 156 | D41: 81.870483 | E41: 90.447288 | F41: 1.9733832 | G41: 90.380377 | H41: 3.8723249 | I41: 87.047977 | J41: 5.1422839 | K41: 93.259839 | L41: 3.0504968 | M41: 91.140461 | N41: 3.4080151 | O41: 0.76008451 | P41: 5.0727166 | Q41: 90.100686 | R41: 2.2364072 | S41: m | T41: m | U41: 92.926305 | V41: 1.117125 | W41: 2.8256191 | X41: 2.493925
A42: Norway | B42: 6270 | C42: 202 | D42: 81.183014 | E42: 90.812105 | F42: 1.9690699 | G42: 90.92377 | H42: 3.2804816 | I42: 92.056755 | J42: 3.6741153 | K42: 88.992597 | L42: 4.9488755 | M42: 90.57473 | N42: 3.5872217 | O42: -0.3490399 | P42: 4.7462836 | Q42: w | R42: w | S42: w | T42: w | U42: w | V42: w | W42: w | X42: w
A43: Poland | B43: 8614.5 | C43: 194 | D43: 84.160278 | E43: 98.601645 | F43: 0.68107639 | G43: 97.211058 | H43: 1.8396514 | I43: 99.746758 | J43: 0.21794046 | K43: 99.640206 | L43: 0.15900043 | M43: 98.617168 | N43: 0.92278654 | O43: 1.4061099 | P43: 2.1017203 | Q43: 98.579829 | R43: 0.7059992 | S43: 100 | T43: 3.3327408e-14 | U43: m | V43: m | W43: 1.4201709 | X43: 0.7059992
A44: Portugal* | B44: 22487 | C44: 143 | D44: 54.206627 | E44: 92.018845 | F44: 1.3067407 | G44: 87.591627 | H44: 3.5834477 | I44: 93.407279 | J44: 2.448134 | K44: 93.490764 | L44: 2.8372416 | M44: 93.611256 | N44: 1.9439458 | O44: 6.0196283 | P44: 4.0423506 | Q44: 95.596729 | R44: 1.1482055 | S44: 60.355961 | T44: 3.7658161 | U44: 88.683027 | V44: 6.0581563 | W44: -22.59733 | X44: 5.7889073
A45: Slovak Republic | B45: 8718 | C45: 303 | D45: 81.778633 | E45: 90.026802 | F45: 1.5819873 | G45: 92.067022 | H45: 2.1394445 | I45: 87.599418 | J45: 3.7506134 | K45: 88.838995 | L45: 3.1823052 | M45: 91.235166 | N45: 4.1781672 | O45: -0.83185509 | P45: 4.7984261 | Q45: 89.907031 | R45: 1.7314317 | S45: 90.306293 | T45: 3.2809861 | U45: m | V45: m | W45: 0.39926253 | X45: 3.6359183
A46: Slovenia | B46: 10290 | C46: 214 | D46: 68.746056 | E46: 95.206832 | F46: 0.27322324 | G46: 94.329853 | H46: 0.68543837 | I46: 96.249694 | J46: 0.0087433404 | K46: 93.218982 | L46: 0.02865606 | M46: 98.085659 | N46: 0.069919238 | O46: 3.7558059 | P46: 0.68322954 | Q46: 95.17564 | R46: 0.27642144 | S46: m | T46: m | U46: m | V46: m | W46: m | X46: m
A47: Spain | B47: 47018.5 | C47: 778 | D47: 66.165565 | E47: 96.089634 | F47: 0.72016965 | G47: 98.449332 | H47: 0.74773037 | I47: 96.625225 | J47: 1.1806323 | K47: 95.500322 | L47: 1.3950908 | M47: 94.334784 | N47: 1.7110491 | O47: -4.1145477 | P47: 1.8166493 | Q47: 97.786073 | R47: 0.53572362 | S47: 93.375266 | T47: 1.6595097 | U47: 93.016999 | V47: 3.9662206 | W47: -4.5003263 | X47: 1.6715743
A48: Sweden | B48: 4572 | C48: 116 | D48: 53.734009 | E48: 82.851086 | F48: 1.651749 | G48: 76.549995 | H48: 2.8775219 | I48: 84.940134 | J48: 3.906135 | K48: 84.569482 | L48: 2.5523535 | M48: 87.75695 | N48: 2.9602864 | O48: 11.206955 | P48: 3.4849675 | Q48: 85.459426 | R48: 1.8098248 | S48: 75.155624 | T48: 2.9216792 | U48: m | V48: m | W48: -10.303802 | X48: 3.3038529
A49: Switzerland | B49: 9551.5 | C49: 143 | D49: 66.266304 | E49: 86.88368 | F49: 2.1587903 | G49: 85.840505 | H49: 4.2021599 | I49: 94.201526 | J49: 2.12119 | K49: 82.981701 | L49: 7.1206306 | M49: 81.525136 | N49: 7.6526946 | O49: -4.3153691 | P49: 9.8495875 | Q49: 88.998882 | R49: 2.4245612 | S49: m | T49: m | U49: 60.146819 | V49: 10.441971 | W49: -28.852064 | X49: 11.355886
A50: Turkey | B50: 8101.5 | C50: 166 | D50: 92.145767 | E50: 81.251875 | F50: 3.7216729 | G50: 94.318422 | H50: 1.6607037 | I50: 88.183663 | J50: 5.6482299 | K50: 85.386778 | L50: 6.0531609 | M50: 62.907712 | N50: 9.4626691 | O50: -31.410709 | P50: 9.5814714 | Q50: 95.128565 | R50: 0.91003075 | S50: m | T50: m | U50: 29.639591 | V50: 11.903815 | W50: -65.488974 | X50: 11.961543
A51: United Kingdom | B51: 18829 | C51: 282 | D51: 60.005745 | E51: 95.138126 | F51: 1.4665691 | G51: 97.045699 | H51: 0.79799944 | I51: 97.925758 | J51: 0.82728689 | K51: 98.517813 | L51: 0.48350029 | M51: 90.825461 | N51: 3.6748591 | O51: -6.2202382 | P51: 3.7684433 | Q51: 99.207897 | R51: 0.22198286 | S51: 97.592139 | T51: 0.49946483 | U51: 84.841925 | V51: 6.5619165 | W51: -5.2987832 | X51: 2.0284168
A52: United States* | B52: 6252 | C52: 83 | D52: 50.909882 | E52: 92.066069 | F52: 2.9995365 | G52: 96.751249 | H52: 1.3979819 | I52: 97.072952 | J52: 1.4452375 | K52: 91.581437 | L52: 6.2331681 | M52: 84.427445 | N52: 9.0442968 | O52: -12.323804 | P52: 9.1816928 | Q52: 98.60737 | R52: 0.42205034 | S52: m | T52: m | U52: 31.58524 | V52: 13.559935 | W52: -67.022129 | X52: 13.565513
A53: OECD average | B53: m | C53: m | D53: m | E53: 86.15408 | F53: 0.37205329 | G53: 85.499393 | H53: 0.77433023 | I53: 86.152394 | J53: 0.71411726 | K53: 86.429827 | L53: 0.68414628 | M53: 86.52917 | N53: 0.7977471 | O53: 1.0297768 | P53: 1.1094543 | Q53: 86.308059 | R53: 0.43930398 | S53: 81.671532 | T53: 1.018319 | U53: 72.428408 | V53: 2.2979487 | W53: -9.3778502 | X53: 1.4955425
A54: Partners
A55: Albania | B55: 5974.5 | C55: 195 | D55: 63.036892 | E55: 81.01485 | F55: 2.8330069 | G55: 81.117135 | H55: 4.2862704 | I55: 79.240507 | J55: 5.2939774 | K55: 86.494033 | L55: 5.4815734 | M55: 79.29465 | N55: 6.1684559 | O55: -1.8224855 | P55: 7.2645232 | Q55: 80.295599 | R55: 3.192518 | S55: m | T55: m | U55: 84.679982 | V55: 4.9232725 | W55: 4.3843831 | X55: 5.668448
A56: Argentina | B56: 18436.5 | C56: 259 | D56: 60.629486 | E56: 87.333146 | F56: 3.4088092 | G56: 80.118338 | H56: 6.9776582 | I56: 86.611362 | J56: 5.6965437 | K56: 95.191789 | L56: 3.6503271 | M56: 94.674542 | N56: 1.6204706 | O56: 14.556204 | P56: 7.0649864 | Q56: 84.885134 | R56: 4.2988977 | S56: 98.00296 | T56: 1.0121398 | U56: 90.883568 | V56: 3.5941238 | W56: 11.167808 | X56: 4.4025561
A57: Baku (Azerbaijan) | B57: 3921.5 | C57: 38 | D57: 17.368132 | E57: 51.26487 | F57: 8.7043637 | G57: 34.624911 | H57: 15.678597 | I57: 18.574119 | J57: 12.825234 | K57: 63.167386 | L57: 16.352075 | M57: 61.095896 | N57: 14.480599 | O57: 26.470985 | P57: 21.620123 | Q57: 52.997925 | R57: 8.916279 | S57: m | T57: m | U57: m | V57: m | W57: m | X57: m
A58: Belarus | B58: 11871 | C58: 223 | D58: 95.687584 | E58: 90.356663 | F58: 1.6093408 | G58: 90.120744 | H58: 2.8543313 | I58: 88.142615 | J58: 3.7161643 | K58: 92.413077 | L58: 2.4283526 | M58: 90.900463 | N58: 3.9617154 | O58: 0.77971867 | P58: 4.9690965 | Q58: 90.31727 | R58: 1.6162558 | S58: m | T58: m | U58: m | V58: m | W58: m | X58: m
A59: Bosnia and Herzegovina | B59: 6247 | C59: 92 | D59: 58.911434 | E59: 96.438737 | F59: 1.4781223 | G59: 93.490356 | H59: 3.8834762 | I59: 99.575165 | J59: 0.32591937 | K59: 97.99265 | L59: 0.75744442 | M59: 94.523739 | N59: 4.7981806 | O59: 1.0333837 | P59: 6.1234707 | Q59: 96.405486 | R59: 1.4920284 | S59: m | T59: m | U59: m | V59: m | W59: m | X59: m
A60: Brazil | B60: 10828 | C60: 232 | D60: 43.013565 | E60: 91.867707 | F60: 1.5170801 | G60: 98.104246 | H60: 0.97013899 | I60: 90.311662 | J60: 3.0610588 | K60: 95.323955 | L60: 1.4595949 | M60: 87.325087 | N60: 3.9323477 | O60: -10.779159 | P60: 4.0366315 | Q60: 93.616173 | R60: 1.1683583 | S60: m | T60: m | U60: 86.207352 | V60: 6.22749 | W60: -7.4088207 | X60: 6.6301613
A61: Brunei Darussalam | B61: 5180.5 | C61: 54 | D61: 98.753441 | E61: 93.69752 | F61: c | G61: 98.00763 | H61: c | I61: 91.821899 | J61: c | K61: 89.079229 | L61: c | M61: 95.998666 | N61: c | O61: -2.0089641 | P61: c | Q61: 92.3258 | R61: c | S61: m | T61: m | U61: 99.946381 | V61: c | W61: 7.6205803 | X61: c
A62: B-S-J-Z (China) | B62: 62901 | C62: 355 | D62: 97.753777 | E62: 97.561534 | F62: 0.23682155 | G62: 97.6556 | H62: 0.40319547 | I62: 96.831654 | J62: 0.65562078 | K62: 98.208823 | L62: 0.43666136 | M62: 97.301781 | N62: 0.52198003 | O62: -0.35381849 | P62: 0.64525607 | Q62: 97.943466 | R62: 0.22211934 | S62: m | T62: m | U62: 94.568483 | V62: 1.3422642 | W62: -3.3749828 | X62: 1.384219
A63: Bulgaria | B63: 4950.5 | C63: 98 | D63: 48.617607 | E63: 93.405836 | F63: 2.6558191 | G63: 89.750662 | H63: 6.9140084 | I63: 90.697423 | J63: 5.5804985 | K63: 98.578699 | L63: 0.33849962 | M63: 96.871949 | N63: 2.0133477 | O63: 7.1212871 | P63: 7.1705265 | Q63: 93.261855 | R63: 2.756124 | S63: m | T63: m | U63: m | V63: m | W63: m | X63: m
A64: Costa Rica | B64: 8683.5 | C64: 186 | D64: 90.534378 | E64: 85.380903 | F64: 2.4879085 | G64: 94.090504 | H64: 1.6931682 | I64: 88.606394 | J64: 6.5695424 | K64: 95.285737 | L64: 1.5462063 | M64: 64.827738 | N64: 5.642745 | O64: -29.262766 | P64: 5.7701742 | Q64: 95.092514 | R64: 0.88032173 | S64: m | T64: m | U64: 45.707772 | V64: 6.6685059 | W64: -49.384742 | X64: 6.7088119
A65: Croatia | B65: 7712 | C65: 150 | D65: 83.415871 | E65: 97.440172 | F65: 0.70481053 | G65: 96.827668 | H65: 0.40213759 | I65: 95.820102 | J65: 2.3448021 | K65: 98.354093 | L65: 0.71518013 | M65: 99.256487 | N65: 0.41996334 | O65: 2.4288191 | P65: 0.5775989 | Q65: 97.439838 | R65: 0.72356905 | S65: m | T65: m | U65: m | V65: m | W65: m | X65: m
A66: Cyprus | B66: 5220 | C66: 72 | D66: 93.173286 | E66: 99.820574 | F66: 0.00049940526 | G66: 99.627561 | H66: 0.0009843705 | I66: 100 | J66: c | K66: 100 | L66: c | M66: 99.762313 | N66: 0.00065749974 | O66: 0.1347528 | P66: 0.0011837615 | Q66: 99.855533 | R66: 0.00052261918 | S66: m | T66: m | U66: 99.725241 | V66: 0.00087740028 | W66: -0.13029213 | X66: 0.0010214911
A67: Dominican Republic | B67: 1326 | C67: 54 | D67: 23.397511 | E67: 80.349472 | F67: 4.8666771 | G67: 98.385673 | H67: 0.88140203 | I67: 74.391896 | J67: 9.7750185 | K67: 51.408967 | L67: 16.720123 | M67: 76.731499 | N67: 14.204618 | O67: -21.654175 | P67: 14.221674 | Q67: 83.292536 | R67: 4.5885454 | S67: m | T67: m | U67: 63.994504 | V67: 19.67264 | W67: -19.298032 | X67: 19.19415
A68: Georgia | B68: 11062 | C68: 273 | D68: 88.194931 | E68: 35.794295 | F68: 1.5371341 | G68: 25.750286 | H68: 2.4343438 | I68: 37.967426 | J68: 1.8774179 | K68: 44.73273 | L68: 2.0937886 | M68: 39.678428 | N68: 4.8297382 | O68: 13.928142 | P68: 5.47813 | Q68: 36.266635 | R68: 1.4082591 | S68: m | T68: m | U68: 33.804568 | V68: 6.2410713 | W68: -2.4620677 | X68: 6.437101
A69: Hong Kong (China)* | B69: 4696.5 | C69: 73 | D69: 49.680553 | E69: 95.498182 | F69: 1.7361234 | G69: 99.024007 | H69: 0.42077873 | I69: 96.89664 | J69: 1.0852516 | K69: 94.529195 | L69: 5.143258 | M69: 91.050967 | N69: 4.7893938 | O69: -7.9730397 | P69: 4.8225458 | Q69: 99.771456 | R69: 0.24145991 | S69: 96.163443 | T69: 1.7360755 | U69: m | V69: m | W69: -3.608013 | X69: 1.7504296
A70: Indonesia | B70: 7909.5 | C70: 233 | D70: 60.503078 | E70: 55.122419 | F70: 3.245073 | G70: 43.613389 | H70: 5.6556708 | I70: 56.283756 | J70: 7.217345 | K70: 60.584256 | L70: 5.811813 | M70: 64.686162 | N70: 5.8146138 | O70: 21.072773 | P70: 8.3993051 | Q70: 67.61118 | R70: 2.9274199 | S70: 30.565701 | T70: 4.5807222 | U70: 48.397652 | V70: 10.96464 | W70: -29.618985 | X70: 6.0450748
A71: Jordan | B71: 8943.5 | C71: 221 | D71: 61.190208 | E71: 62.515978 | F71: 5.0934973 | G71: 66.559668 | H71: 6.6729974 | I71: 74.537695 | J71: 8.3800781 | K71: 58.87127 | L71: 11.142683 | M71: 58.167828 | N71: 9.6010464 | O71: -8.3918408 | P71: 12.524319 | Q71: 75.083869 | R71: 3.5537001 | S71: m | T71: m | U71: 49.615723 | V71: 9.7179039 | W71: -25.468146 | X71: 10.254107
A72: Kazakhstan | B72: 39518.5 | C72: 468 | D72: 73.051895 | E72: 93.046948 | F72: 3.7026517 | G72: 87.434644 | H72: 9.0827444 | I72: 88.461776 | J72: 9.3913036 | K72: 98.774615 | L72: 0.69256619 | M72: 99.203561 | N72: 0.33307484 | O72: 11.768918 | P72: 9.0849705 | Q72: 92.946815 | R72: 3.7663664 | S72: 100 | T72: 1.4210855e-14 | U72: m | V72: m | W72: 7.0531845 | X72: 3.7663664
A73: Kosovo | B73: 3254 | C73: 35 | D73: 28.70211 | E73: 79.59761 | F73: 3.666195 | G73: 68.150696 | H73: 3.0987743 | I73: 84.120644 | J73: 1.2646084 | K73: 95.343628 | L73: c | M73: m | N73: m | O73: m | P73: m | Q73: 83.202431 | R73: 0.66642154 | S73: m | T73: m | U73: m | V73: m | W73: m | X73: m
A74: Lebanon | B74: 8248 | C74: 89 | D74: 32.964428 | E74: 82.45825 | F74: 3.7068825 | G74: 79.081598 | H74: 10.795614 | I74: 72.052251 | J74: 7.1005548 | K74: 80.589829 | L74: 8.8959591 | M74: 89.193305 | N74: 5.1472705 | O74: 10.111707 | P74: 12.158592 | Q74: 70.842064 | R74: 7.4158955 | S74: m | T74: m | U74: 87.4485 | V74: 4.889211 | W74: 16.606437 | X74: 8.923217
A75: Macao (China) | B75: m | C75: m | D75: m | E75: m | F75: m | G75: m | H75: m | I75: m | J75: m | K75: m | L75: m | M75: m | N75: m | O75: m | P75: m | Q75: m | R75: m | S75: m | T75: m | U75: m | V75: m | W75: m | X75: m
A76: Malaysia | B76: 16280.5 | C76: 175 | D76: 91.480774 | E76: 93.963427 | F76: 0.98917222 | G76: 97.254118 | H76: 2.4606454 | I76: 99.893927 | J76: 0.077415362 | K76: 97.249011 | L76: 1.4281082 | M76: 82.644069 | N76: 3.7235921 | O76: -14.610049 | P76: 4.4414648 | Q76: 97.789221 | R76: 0.90709679 | S76: m | T76: m | U76: 46.379213 | V76: 16.767731 | W76: -51.410008 | X76: 16.785687
A77: Malta | B77: 2819.5 | C77: 45 | D77: 93.120972 | E77: 89.609919 | F77: c | G77: 87.722646 | H77: c | I77: 97.508661 | J77: c | K77: 91.306136 | L77: c | M77: 82.54497 | N77: c | O77: -5.1776763 | P77: c | Q77: 93.006556 | R77: c | S77: 88.099934 | T77: c | U77: 80.218579 | V77: c | W77: -7.8669833 | X77: c
A78: Moldova | B78: 6258 | C78: 196 | D78: 86.383705 | E78: 96.056905 | F78: 0.69480476 | G78: 92.97858 | H78: 2.0600287 | I78: 96.586507 | J78: 0.84057353 | K78: 96.33655 | L78: 1.1456619 | M78: 98.660042 | N78: 0.56021927 | O78: 5.6814621 | P78: 2.1522151 | Q78: 96.008962 | R78: 0.70289537 | S78: m | T78: m | U78: m | V78: m | W78: m | X78: m
A79: Montenegro | B79: 2157 | C79: 37 | D79: 68.433212 | E79: 89.366053 | F79: c | G79: 78.894009 | H79: c | I79: 98.646986 | J79: c | K79: 98.798077 | L79: c | M79: 83.549784 | N79: c | O79: 4.6557743 | P79: c | Q79: 89.297266 | R79: c | S79: m | T79: m | U79: m | V79: m | W79: m | X79: m
A80: Morocco | B80: 3466.5 | C80: 93 | D80: 51.976002 | E80: 67.64336 | F80: 5.0508131 | G80: 76.911132 | H80: 5.0563063 | I80: 74.84108 | J80: 11.0494 | K80: 62.822593 | L80: 11.60946 | M80: 60.176246 | N80: 7.9708722 | O80: -16.734887 | P80: 8.3665892 | Q80: 79.673469 | R80: 3.8360182 | S80: m | T80: m | U80: 29.51841 | V80: 6.690301 | W80: -50.155058 | X80: 7.6577305
A81: North Macedonia | B81: 4819 | C81: 65 | D81: 55.397713 | E81: 53.025266 | F81: c | G81: 67.876788 | H81: c | I81: 58.275922 | J81: c | K81: 54.213229 | L81: c | M81: 38.892404 | N81: c | O81: -28.984384 | P81: c | Q81: 53.018999 | R81: c | S81: m | T81: m | U81: 47.362047 | V81: c | W81: -5.6569516 | X81: c
A82: Panama | B82: 4899.5 | C82: 59 | D82: 25.972008 | E82: 81.089573 | F82: 2.4463021 | G82: 72.041174 | H82: 8.5142521 | I82: 87.84123 | J82: 2.9116045 | K82: 88.468492 | L82: 1.7383707 | M82: 69.433306 | N82: 6.9838036 | O82: -2.6078685 | P82: 11.135869 | Q82: 86.229515 | R82: 1.9090799 | S82: m | T82: m | U82: 71.300621 | V82: 5.996138 | W82: -14.928894 | X82: 6.2913536
A83: Peru | B83: 9644 | C83: 286 | D83: 86.511055 | E83: 83.598254 | F83: 2.0062694 | G83: 88.767423 | H83: 2.3134991 | I83: 90.822766 | J83: 3.0286228 | K83: 89.033924 | L83: 3.0074299 | M83: 72.072128 | N83: 4.7837768 | O83: -16.695295 | P83: 5.2106183 | Q83: 92.742152 | R83: 1.1591314 | S83: m | T83: m | U83: 66.882832 | V83: 4.5157831 | W83: -25.85932 | X83: 4.6174115
A84: Philippines | B84: 9430.5 | C84: 107 | D84: 57.99987 | E84: 86.552406 | F84: 2.1365395 | G84: 94.925505 | H84: 1.7616939 | I84: 98.429362 | J84: 0.45749357 | K84: 98.538947 | L84: 0.65396133 | M84: 72.471993 | N84: 4.0340269 | O84: -22.453512 | P84: 4.4813895 | Q84: 94.651199 | R84: 1.9844483 | S84: 55.398233 | T84: 5.173673 | U84: 72.101124 | V84: 7.1555608 | W84: -26.143623 | X84: 5.8219389
A85: Qatar | B85: 15432 | C85: 132 | D85: 83.865646 | E85: 84.196617 | F85: c | G85: 97.266002 | H85: c | I85: 96.828836 | J85: c | K85: 81.224261 | L85: c | M85: 76.165522 | N85: c | O85: -21.10048 | P85: c | Q85: 97.0857 | R85: c | S85: m | T85: m | U85: 78.57983 | V85: c | W85: -18.50587 | X85: c
A86: Romania | B86: 7277.5 | C86: 115 | D86: 76.138458 | E86: 98.339507 | F86: 0.86305919 | G86: 99.378465 | H86: 0.3777402 | I86: 94.640425 | J86: 3.1951896 | K86: 99.590835 | L86: 0.2385809 | M86: 99.963077 | N86: 0.039763679 | O86: 0.58461223 | P86: 0.38141761 | Q86: 98.320135 | R86: 0.87294186 | S86: m | T86: m | U86: m | V86: m | W86: m | X86: m
A87: Russia | B87: 11412.5 | C87: 220 | D87: 86.55732 | E87: 99.120192 | F87: 0.26371454 | G87: 98.678842 | H87: 0.47580916 | I87: 99.579814 | J87: 0.22184937 | K87: 98.606117 | L87: 0.71396511 | M87: 99.828451 | N87: 0.11279579 | O87: 1.1496087 | P87: 0.47384616 | Q87: 99.120192 | R87: 0.26371454 | S87: m | T87: m | U87: m | V87: m | W87: m | X87: m
A88: Saudi Arabia | B88: 1654.5 | C88: 38 | D88: 18.531652 | E88: 77.734432 | F88: 7.1601017 | G88: 90.263381 | H88: 8.2143967 | I88: 99.151315 | J88: 0.47840854 | K88: 85.597272 | L88: 12.487644 | M88: 57.737224 | N88: 14.628962 | O88: -32.526157 | P88: 16.732928 | Q88: 85.61296 | R88: 7.4059274 | S88: m | T88: m | U88: 91.345528 | V88: 8.8606572 | W88: 5.7325677 | X88: 11.459568
A89: Serbia | B89: 8907.5 | C89: 143 | D89: 79.676033 | E89: 75.664547 | F89: 3.2289181 | G89: 75.617748 | H89: 4.140455 | I89: 84.313655 | J89: 2.6402492 | K89: 71.377669 | L89: 7.0706031 | M89: 69.351669 | N89: 7.8518348 | O89: -6.2660798 | P89: 8.8840208 | Q89: 76.188095 | R89: 3.3052995 | S89: m | T89: m | U89: 58.40926 | V89: 9.068818 | W89: -17.778835 | X89: 9.6765225
A90: Singapore | B90: 13810 | C90: 133 | D90: 78.432823 | E90: 81.514214 | F90: 6.0511142 | G90: 97.133854 | H90: c | I90: 96.371483 | J90: c | K90: 98.617886 | L90: c | M90: 56.412966 | N90: 11.092578 | O90: -40.720888 | P90: 11.092578 | Q90: 96.667502 | R90: 0.09087352 | S90: m | T90: m | U90: 28.468377 | V90: 10.756879 | W90: -68.199125 | X90: 10.784195
A91: Chinese Taipei | B91: 20579 | C91: 145 | D91: 76.025658 | E91: 91.884339 | F91: 0.83267828 | G91: 84.896606 | H91: 2.7399886 | I91: 92.647692 | J91: 1.1713937 | K91: 95.233081 | L91: 0.9357413 | M91: 95.267338 | N91: 1.1401654 | O91: 10.370732 | P91: 2.9140476 | Q91: 93.8507 | R91: 0.87849774 | S91: 79.870428 | T91: 5.4192816 | U91: 88.855006 | V91: 3.1851587 | W91: -7.7548604 | X91: 2.8723908
A92: Thailand | B92: 24126.5 | C92: 194 | D92: 88.043098 | E92: 69.1002 | F92: 18.309641 | G92: 96.622213 | H92: 1.0147964 | I92: 39.53195 | J92: 24.02665 | K92: 96.773423 | L92: 1.0312901 | M92: 89.271908 | N92: 2.1755105 | O92: -7.3503042 | P92: 2.4469711 | Q92: 96.643864 | R92: 0.51456997 | S92: 20.725064 | T92: 15.518565 | U92: 79.862046 | V92: 5.5553668 | W92: -64.669884 | X92: 20.303492
A93: Ukraine | B93: 8170 | C93: 196 | D93: 77.553406 | E93: 89.377686 | F93: 1.5968445 | G93: 83.921485 | H93: 2.9785241 | I93: 89.478575 | J93: 2.8040037 | K93: 91.459315 | L93: 2.3706273 | M93: 93.290742 | N93: 2.5458267 | O93: 9.369257 | P93: 3.8400556 | Q93: 89.263151 | R93: 1.6089185 | S93: m | T93: m | U93: m | V93: m | W93: m | X93: m
A94: United Arab Emirates | B94: 19606.5 | C94: 166 | D94: 25.31646 | E94: 24.636983 | F94: 1.3933224 | G94: 33.868417 | H94: 5.7917244 | I94: 25.57289 | J94: 2.7212597 | K94: 19.08435 | L94: 2.1386629 | M94: 24.864168 | N94: 2.4392756 | O94: -9.0042488 | P94: 6.3130158 | Q94: 52.658268 | R94: 0.087735097 | S94: m | T94: m | U94: 20.88644 | V94: 1.5284799 | W94: -31.771828 | X94: 1.5294485
A95: Uruguay | B95: 10463 | C95: 171 | D95: 90.388268 | E95: 53.466462 | F95: 2.3883905 | G95: 47.424622 | H95: 4.9803459 | I95: 51.81189 | J95: 2.0679055 | K95: 57.90431 | L95: 3.945909 | M95: 65.80064 | N95: 3.6589412 | O95: 18.376018 | P95: 6.2056243 | Q95: 52.32046 | R95: 2.5730524 | S95: m | T95: m | U95: 60.870793 | V95: 5.2133502 | W95: 8.5503331 | X95: 5.7646109
A96: Viet Nam | B96: 3094.5 | C96: 44 | D96: 36.359299 | E96: 96.654112 | F96: 2.4789815 | G96: 100 | H96: 3.0478888e-14 | I96: 93.302221 | J96: 6.7408575 | K96: 100 | L96: 1.4561793e-14 | M96: 91.700394 | N96: 9.113079 | O96: -8.2996062 | P96: 9.113079 | Q96: 96.059965 | R96: 2.9119556 | S96: m | T96: m | U96: 100 | V96: 1.1007681e-14 | W96: 3.9400346 | X96: 2.9119556
A104: *Honk Kong (China), Netherlands, Portugal and United States: Data did not meet the PISA technical standards but were accepted as largely comparable (see Annexes A2 and A4).
A105: Information on data for Cyprus: https://oe.cd/cyprus-disclaimer
A106: 1. In this chapter, all analyses are restricted to schools with the modal ISCED level for 15-year-old students. Results may thus differ from those estimated on the entire sample of 15-year-old students.
A107: 2. Coverage refers to the weighted share of students in the PISA sample who attend modal grade schools (see Table in Annex C1). It is equal to 100% if all schools in the PISA sample are included in the analysis and no student has a missing response. For countries with a low value in the coverage index, comparisons should be interpreted with caution.
A108: 3. The overall proportion is computed as the sum of fully certified teachers divided by the sum of all teachers, across all schools included in this analysis.
A109: 4. The socio-economic profile is measured by the school's average PISA index of economic, social and cultural status (ESCS).
A110: 5. The calculation "Private-Public" is the difference between private government-dependent and independent schools combined, and public schools.
A111: Private schools refer to schools managed directly or indirectly by a non-governmental organisation, such as a church, trade union, business or other private institution. Privately managed schools are classified as independent when at least 50% of the funding comes from private sources; they are classified as government-dependent when at least 50% of the funding comes from the government (including departments, local, regional, state and national). The classification is based on the school principal’s report.
...

Sheet Table II.B1.5.4
A1: PISA 2018 Results (Volume II) - © OECD 2019
A2: Annex B1 | B2: Annex B1.5 Results (tables): How do schools compensate for socio-economic disadvantage?
A3: Version 2 - Last updated: 02-Dec-2019
A4: Disclaimer: http://oe.cd/disclaimer
A6: Table II.B1.5.4
A7: Teachers with at least a master's degree, by school characteristics
A8: Results based on principals' reports
B12: All schools1 | G12: Proportion of teachers with at least a master's degree, by schools' socio-economic profile4 | Q12: Proportion of teachers with at least a master's degree,6 by type of school
B13: Sample size | D13: Coverage2 | E13: Overall proportion of teachers with at least a master's degree3 | G13: Bottom quarter | I13: Second quarter | K13: Third quarter | M13: Top quarter | O13: Top - bottom quarter | Q13: Public | S13: Private government-dependent | U13: Private independent | W13: Private-Public5
B14: Number of teachers | C14: Number of schools | D14: % | E14: % | F14: S.E. | G14: % | H14: S.E. | I14: % | J14: S.E. | K14: % | L14: S.E. | M14: % | N14: S.E. | O14: % dif. | P14: S.E. | Q14: % | R14: S.E. | S14: % | T14: S.E. | U14: % | V14: S.E. | W14: % dif. | X14: S.E.
A15: OECD
A16: Australia | B16: 33035 | C16: 419 | D16: 56.318748 | E16: 18.484224 | F16: 0.62483872 | G16: 12.566391 | H16: 1.0452136 | I16: 14.866972 | J16: 1.4445117 | K16: 20.081 | L16: 1.3660718 | M16: 24.286943 | N16: 1.3531005 | O16: 11.720552 | P16: 1.8451225 | Q16: 14.387637 | R16: 0.87809069 | S16: 19.64533 | T16: 1.0567796 | U16: 25.919508 | V16: 1.6999178 | W16: 7.8763511 | X16: 1.2920567
A17: Austria | B17: 10333 | C17: 291 | D17: m | E17: 53.264576 | F17: 2.8226955 | G17: m | H17: m | I17: m | J17: m | K17: m | L17: m | M17: m | N17: m | O17: m | P17: m | Q17: m | R17: m | S17: m | T17: m | U17: m | V17: m | W17: m | X17: m
A18: Belgium | B18: 16148 | C18: 175 | D18: 63.410633 | E18: 38.21278 | F18: 1.5228567 | G18: 31.59366 | H18: 3.2207953 | I18: 35.437784 | J18: 2.4096071 | K18: 41.879178 | L18: 2.8901071 | M18: 52.11498 | N18: 3.0968692 | O18: 20.521321 | P18: 4.2078387 | Q18: m | R18: m | S18: m | T18: m | U18: m | V18: m | W18: m | X18: m
A19: Canada | B19: 17988 | C19: 373 | D19: 45.636093 | E19: 17.664456 | F19: 0.80190438 | G19: 18.877483 | H19: 2.1008425 | I19: 13.755331 | J19: 1.1078871 | K19: 17.208643 | L19: 1.3363252 | M19: 19.715406 | N19: 1.6095071 | O19: 0.8379234 | P19: 2.6704233 | Q19: 17.279937 | R19: 0.87224583 | S19: 14.714473 | T19: 1.3467451 | U19: 21.804425 | V19: 3.1408032 | W19: 2.2594904 | X19: 2.5521325
A20: Chile | B20: 5810.5 | C20: 107 | D20: 47.113201 | E20: 10.722462 | F20: 0.75942229 | G20: 8.2335414 | H20: 1.4620376 | I20: 6.9877799 | J20: 2.1107827 | K20: 9.7421449 | L20: 1.3131555 | M20: 14.483529 | N20: 1.66619 | O20: 6.2499881 | P20: 2.1374801 | Q20: 11.14902 | R20: 2.0418983 | S20: 7.7582742 | T20: 0.74206041 | U20: 17.426639 | V20: 2.2062651 | W20: -0.54248119 | X20: 2.4053673
A21: Colombia | B21: 13209.5 | C21: 239 | D21: 95.490021 | E21: 12.553873 | F21: 1.2375792 | G21: 9.7633482 | H21: 2.3275515 | I21: 12.232979 | J21: 1.6342308 | K21: 19.311947 | L21: 2.6597928 | M21: 12.474578 | N21: 3.059646 | O21: 2.7112295 | P21: 3.9093503 | Q21: 13.279103 | R21: 1.3241453 | S21: m | T21: m | U21: 9.9429717 | V21: 3.0302579 | W21: -3.3361317 | X21: 3.1963613
A22: Czech Republic | B22: 9743 | C22: 267 | D22: 79.738815 | E22: 88.148298 | F22: 1.3647134 | G22: 80.324867 | H22: 3.0101344 | I22: 90.571408 | J22: 2.1758534 | K22: 90.600592 | L22: 2.2186981 | M22: 93.654598 | N22: 2.1604229 | O22: 13.329732 | P22: 3.7211824 | Q22: 88.523641 | R22: 1.3978036 | S22: 80.918677 | T22: 7.9270931 | U22: m | V22: m | W22: -7.6049637 | X22: 8.0959498
A23: Denmark | B23: 6557 | C23: 152 | D23: 48.139141 | E23: 3.3617808 | F23: 0.55069832 | G23: 2.6748866 | H23: 0.77053231 | I23: 2.2029255 | J23: 0.60372848 | K23: 2.3782865 | L23: 1.1971369 | M23: 5.773876 | N23: 1.5480484 | O23: 3.0989895 | P23: 1.7266474 | Q23: 2.4376663 | R23: 0.49235601 | S23: 5.8669623 | T23: 1.7680978 | U23: 8.6788024 | V23: 3.1472623 | W23: 3.9112255 | X23: 1.6707783
A24: Estonia | B24: 8501.5 | C24: 204 | D24: 91.353706 | E24: 80.920872 | F24: 1.2829461 | G24: 78.076345 | H24: 2.5812694 | I24: 77.111549 | J24: 1.922157 | K24: 84.852866 | L24: 2.2851233 | M24: 83.906649 | N24: 2.8444835 | O24: 5.8303043 | P24: 3.747446 | Q24: 80.439122 | R24: 1.3352169 | S24: m | T24: m | U24: 87.943972 | V24: 6.2751525 | W24: 7.5048502 | X24: 6.3959565
A25: Finland | B25: 4395 | C25: 104 | D25: 49.592617 | E25: 91.034216 | F25: 2.0135442 | G25: 92.289722 | H25: 3.4018021 | I25: 93.050089 | J25: 2.828851 | K25: 96.549839 | L25: 0.66533112 | M25: 84.04553 | N25: 6.0113126 | O25: -8.2441917 | P25: 6.7230489 | Q25: 92.294844 | R25: 1.5179009 | S25: 73.210334 | T25: 17.661868 | U25: m | V25: m | W25: -19.084511 | X25: 17.736076
A26: France | B26: 12829.5 | C26: 129 | D26: 61.443195 | E26: 42.827197 | F26: 3.3439265 | G26: 42.429262 | H26: 7.3060653 | I26: 44.315646 | J26: 6.2740157 | K26: 40.660564 | L26: 5.9123233 | M26: 43.997485 | N26: 6.3052607 | O26: 1.5682231 | P26: 9.6042945 | Q26: 42.372208 | R26: 4.0472001 | S26: 53.547089 | T26: 5.6351524 | U26: 33.327645 | V26: 12.316071 | W26: 3.5492352 | X26: 7.5650969
A27: Germany | B27: 7731.5 | C27: 149 | D27: 66.368408 | E27: 83.216243 | F27: 3.3495018 | G27: 80.474651 | H27: 5.7975904 | I27: 82.059718 | J27: 8.6041353 | K27: 84.92859 | L27: 6.8938515 | M27: 88.986655 | N27: 4.8704802 | O27: 8.5120034 | P27: 7.6055391 | Q27: 83.806549 | R27: 3.3642897 | S27: m | T27: m | U27: m | V27: m | W27: m | X27: m
A28: Greece | B28: 3959 | C28: 130 | D28: 58.626656 | E28: 22.900661 | F28: 2.046553 | G28: 19.100548 | H28: 2.2250268 | I28: 18.557283 | J28: 1.9089152 | K28: 19.790801 | L28: 2.6002946 | M28: 37.751401 | N28: 7.2083836 | O28: 18.650853 | P28: 7.5603062 | Q28: 20.374375 | R28: 1.2985634 | S28: m | T28: m | U28: 51.823658 | V28: 13.238011 | W28: 31.449283 | X28: 13.306786
A29: Hungary | B29: 8401 | C29: 132 | D29: 74.080711 | E29: 73.891266 | F29: 2.0713415 | G29: 58.916084 | H29: 3.6756069 | I29: 72.790765 | J29: 3.7066324 | K29: 78.812373 | L29: 3.424997 | M29: 83.792536 | N29: 5.1260889 | O29: 24.876452 | P29: 6.3055735 | Q29: 74.559745 | R29: 1.9404951 | S29: 70.237119 | T29: 4.7194284 | U29: m | V29: m | W29: -4.3226265 | X29: 5.0648955
A30: Iceland | B30: 2101 | C30: 71 | D30: 55.981873 | E30: 19.061024 | F30: 0.32141816 | G30: 19.437934 | H30: 0.82538852 | I30: 16.609859 | J30: 0.04212616 | K30: 25.750445 | L30: c | M30: 15.461782 | N30: c | O30: -3.9761512 | P30: 0.82538852 | Q30: 19.085641 | R30: 0.3225257 | S30: m | T30: m | U30: m | V30: m | W30: m | X30: m
A31: Ireland | B31: 4299 | C31: 90 | D31: 57.588337 | E31: 28.350067 | F31: 2.2782851 | G31: 29.779029 | H31: 4.1275725 | I31: 27.550856 | J31: 5.0223786 | K31: 25.45769 | L31: 3.7755292 | M31: 31.115588 | N31: 5.6485487 | O31: 1.3365589 | P31: 6.8279174 | Q31: m | R31: m | S31: m | T31: m | U31: m | V31: m | W31: m | X31: m
A32: Israel | B32: 9370 | C32: 132 | D32: 77.495262 | E32: 41.76873 | F32: 1.8224069 | G32: 36.527807 | H32: 4.0579737 | I32: 51.364176 | J32: 4.2347181 | K32: 45.923884 | L32: 2.4885312 | M32: 32.403509 | N32: 3.3417435 | O32: -4.1242977 | P32: 5.2378187 | Q32: 41.76873 | R32: 1.8224069 | S32: m | T32: m | U32: m | V32: m | W32: m | X32: m
A33: Italy | B33: 29930.5 | C33: 293 | D33: 59.897335 | E33: 72.478129 | F33: 3.1588064 | G33: 71.926882 | H33: 5.0917479 | I33: 75.211453 | J33: 4.7945841 | K33: 80.683545 | L33: 5.1276001 | M33: 61.382976 | N33: 9.8219522 | O33: -10.543906 | P33: 11.27816 | Q33: 71.810747 | R33: 3.2683749 | S33: 59.71858 | T33: 3.8599691 | U33: 98.58796 | V33: 2.2670231 | W33: 15.618218 | X33: 8.0204763
A34: Japan | B34: m | C34: m | D34: m | E34: m | F34: m | G34: m | H34: m | I34: m | J34: m | K34: m | L34: m | M34: m | N34: m | O34: m | P34: m | Q34: m | R34: m | S34: m | T34: m | U34: m | V34: m | W34: m | X34: m
A35: Korea | B35: 5863.5 | C35: 80 | D35: 43.213665 | E35: 39.52163 | F35: 2.3913493 | G35: 35.43781 | H35: 3.3242939 | I35: 39.485913 | J35: 2.7941749 | K35: 39.145695 | L35: 4.4876397 | M35: 44.082049 | N35: 5.8614672 | O35: 8.6442389 | P35: 6.8225193 | Q35: 41.863821 | R35: 3.2014511 | S35: 34.78106 | T35: 3.2397799 | U35: 37.898174 | V35: 8.9106234 | W35: -6.5533467 | X35: 4.4214351
A36: Latvia | B36: 10284 | C36: 237 | D36: 76.242699 | E36: 51.812909 | F36: 1.0652525 | G36: 46.566166 | H36: 2.3902696 | I36: 51.458391 | J36: 2.2411117 | K36: 53.998691 | L36: 2.5075664 | M36: 56.283209 | N36: 2.3924245 | O36: 9.7170432 | P36: 3.1026484 | Q36: 52.300684 | R36: 1.1065076 | S36: m | T36: m | U36: m | V36: m | W36: m | X36: m
A37: Lithuania | B37: 14934 | C37: 361 | D37: 99.652031 | E37: 42.214759 | F37: 1.7361528 | G37: 37.409499 | H37: 3.0549367 | I37: 40.61224 | J37: 2.3953273 | K37: 44.135668 | L37: 4.3707036 | M37: 53.795035 | N37: 3.7592841 | O37: 16.385536 | P37: 5.3618856 | Q37: 41.578816 | R37: 1.7697049 | S37: 58.687806 | T37: 7.0909011 | U37: m | V37: m | W37: 17.10899 | X37: 7.2167661
A38: Luxembourg | B38: 2971.5 | C38: 25 | D38: 58.766594 | E38: 83.728757 | F38: c | G38: 74.59893 | H38: c | I38: 82.962963 | J38: c | K38: 92.908263 | L38: c | M38: 84.102564 | N38: c | O38: 9.5036336 | P38: c | Q38: 85.480869 | R38: c | S38: m | T38: m | U38: m | V38: m | W38: m | X38: m
A39: Mexico | B39: 7504.5 | C39: 135 | D39: 52.613537 | E39: 24.524504 | F39: 1.841262 | G39: 21.770218 | H39: 4.5364025 | I39: 21.485857 | J39: 2.123524 | K39: 22.09892 | L39: 3.1758876 | M39: 28.785413 | N39: 4.007169 | O39: 7.0151959 | P39: 5.9843737 | Q39: 23.653464 | R39: 1.8680562 | S39: m | T39: m | U39: 26.92883 | V39: 4.0257191 | W39: 3.2753657 | X39: 4.3453774
A40: Netherlands* | B40: 7652.5 | C40: 124 | D40: 79.725136 | E40: 26.123755 | F40: 2.5380176 | G40: 14.638541 | H40: 3.1458886 | I40: 19.730789 | J40: 6.6915423 | K40: 28.881962 | L40: 4.742907 | M40: 41.930712 | N40: 5.4092782 | O40: 27.29217 | P40: 6.2846293 | Q40: 25.439675 | R40: 3.7819797 | S40: 26.241973 | T40: 3.347326 | U40: m | V40: m | W40: 0.80229816 | X40: 5.0493725
A41: New Zealand | B41: 11179.5 | C41: 163 | D41: 85.358147 | E41: 18.361141 | F41: 1.2427744 | G41: 17.365345 | H41: 2.1127594 | I41: 21.205937 | J41: 3.2223443 | K41: 20.875247 | L41: 2.9566475 | M41: 15.39528 | N41: 0.98937166 | O41: -1.9700644 | P41: 2.4096598 | Q41: 18.524105 | R41: 1.322072 | S41: m | T41: m | U41: 16.908013 | V41: 3.0230127 | W41: -1.6160925 | X41: 3.2333409
A42: Norway | B42: m | C42: m | D42: m | E42: m | F42: m | G42: m | H42: m | I42: m | J42: m | K42: m | L42: m | M42: m | N42: m | O42: m | P42: m | Q42: w | R42: w | S42: w | T42: w | U42: w | V42: w | W42: w | X42: w
A43: Poland | B43: 9029 | C43: 202 | D43: 86.820343 | E43: 96.509259 | F43: 0.73214368 | G43: 95.375321 | H43: 1.6754071 | I43: 96.825807 | J43: 0.55350891 | K43: 96.778001 | L43: 1.4262571 | M43: 98.047815 | N43: 0.35652632 | O43: 2.6724944 | P43: 1.671014 | Q43: 96.442562 | R43: 0.75892708 | S43: 100 | T43: 3.3327408e-14 | U43: m | V43: m | W43: 3.5574383 | X43: 0.75892708
A44: Portugal* | B44: 23351 | C44: 146 | D44: 54.670826 | E44: 18.762764 | F44: 1.9382994 | G44: 16.719688 | H44: 5.7496705 | I44: 20.332927 | J44: 4.1135079 | K44: 18.057961 | L44: 3.6526049 | M44: 19.158113 | N44: 2.6187606 | O44: 2.4384243 | P44: 6.3859849 | Q44: 19.03555 | R44: 2.2435417 | S44: 18.022034 | T44: 4.6352788 | U44: 16.225884 | V44: 4.3886616 | W44: -1.7986024 | X44: 3.8372833
A45: Slovak Republic | B45: 8466 | C45: 290 | D45: 78.580879 | E45: 94.463856 | F45: 0.90658469 | G45: 91.022167 | H45: 2.2926188 | I45: 94.568705 | J45: 1.5444992 | K45: 95.953417 | L45: 1.2447947 | M45: 96.9869 | N45: 1.3836906 | O45: 5.9647328 | P45: 2.6341901 | Q45: 93.948973 | R45: 1.0575674 | S45: 97.669233 | T45: 0.70661604 | U45: m | V45: m | W45: 3.7202592 | X45: 1.3762603
A46: Slovenia | B46: 11117 | C46: 233 | D46: 73.707581 | E46: 9.3502466 | F46: 0.064862499 | G46: 7.1684138 | H46: 0.11200842 | I46: 10.071146 | J46: 0.013296521 | K46: 9.3572671 | L46: 0.019491379 | M46: 13.165537 | N46: 0.40067399 | O46: 5.9971235 | P46: 0.418016 | Q46: 9.2003627 | R46: 0.06498264 | S46: 19.217082 | T46: 0.099166171 | U46: m | V46: m | W46: 10.016719 | X46: 0.11648067
A47: Spain | B47: 32847 | C47: 555 | D47: 48.65102 | E47: 39.403101 | F47: 2.6170762 | G47: 40.273153 | H47: 7.2156927 | I47: 44.889265 | J47: 4.6052755 | K47: 37.244656 | L47: 4.1090275 | M47: 36.398068 | N47: 4.3632417 | O47: -3.8750847 | P47: 8.4155717 | Q47: 44.851504 | R47: 3.9824792 | S47: 34.782435 | T47: 4.1859488 | U47: 29.46696 | V47: 4.542411 | W47: -11.287223 | X47: 5.4210618
A48: Sweden | B48: 3996 | C48: 106 | D48: 49.023258 | E48: 42.053842 | F48: 3.2740052 | G48: 30.618807 | H48: 6.6765877 | I48: 54.55801 | J48: 10.4417 | K48: 40.772858 | L48: 6.2927202 | M48: 49.904474 | N48: 8.9263978 | O48: 19.285666 | P48: 12.016147 | Q48: 46.028201 | R48: 4.2399896 | S48: 31.144743 | T48: 5.5873665 | U48: m | V48: m | W48: -14.883458 | X48: 7.2979855
A49: Switzerland | B49: 9247 | C49: 136 | D49: 64.761734 | E49: 64.226914 | F49: 3.010806 | G49: 63.215733 | H49: 5.1576247 | I49: 56.836944 | J49: 6.3398406 | K49: 66.591139 | L49: 6.5920938 | M49: 75.254979 | N49: 6.3200896 | O49: 12.039246 | P49: 7.4683204 | Q49: 64.87487 | R49: 3.1307544 | S49: m | T49: m | U49: 51.528298 | V49: 8.3294684 | W49: -13.346572 | X49: 8.6535635
A50: Turkey | B50: 8654.5 | C50: 176 | D50: 97.34227 | E50: 14.362721 | F50: 1.2552638 | G50: 18.658937 | H50: 3.2987568 | I50: 14.888165 | J50: 1.243537 | K50: 13.732475 | L50: 1.9386729 | M50: 11.054046 | N50: 2.3845892 | O50: -7.6048908 | P50: 4.0764619 | Q50: 16.16242 | R50: 1.3190538 | S50: m | T50: m | U50: 7.9122999 | V50: 2.9880074 | W50: -8.2501198 | X50: 3.1683494
A51: United Kingdom | B51: 14144.5 | C51: 213 | D51: 47.505398 | E51: 20.615966 | F51: 1.2120334 | G51: 13.490251 | H51: 1.7168405 | I51: 19.544621 | J51: 2.4761905 | K51: 15.455292 | L51: 1.5760252 | M51: 26.988922 | N51: 2.1405611 | O51: 13.49867 | P51: 2.7497715 | Q51: 18.726799 | R51: 1.7384469 | S51: 15.096156 | T51: 1.3618092 | U51: 33.435822 | V51: 2.9445166 | W51: 2.4342934 | X51: 2.1615531
A52: United States* | B52: 5451 | C52: 73 | D52: 43.568878 | E52: 54.811745 | F52: 2.9823341 | G52: 42.92841 | H52: 9.3597519 | I52: 55.021108 | J52: 4.8796485 | K52: 52.671039 | L52: 5.1964339 | M52: 67.493801 | N52: 5.7806193 | O52: 24.565391 | P52: 11.10707 | Q52: 53.184342 | R52: 3.1110083 | S52: m | T52: m | U52: m | V52: m | W52: m | X52: m
A53: OECD average-37 | B53: m | C53: m | D53: m | E53: 43.991678 | F53: 0.33283276 | G53: 40.007348 | H53: 0.68582794 | I53: 43.504569 | J53: 0.67694163 | K53: 45.096204 | L53: 0.60096401 | M53: 47.181616 | N53: 0.75021062 | O53: 7.1742679 | P53: 1.0223962 | Q53: 44.527062 | R53: 0.39522719 | S53: 43.224177 | T53: 1.2837002 | U53: 33.868227 | V53: 1.4878675 | W53: 0.78684194 | X53: 1.2687621
A54: Partners
A55: Albania | B55: 6467 | C55: 204 | D55: 68.114372 | E55: 64.854608 | F55: 3.1778701 | G55: 56.968227 | H55: 4.810475 | I55: 73.219204 | J55: 5.9086012 | K55: 76.564129 | L55: 4.6665494 | M55: 56.697789 | N55: 7.3485611 | O55: -0.27043748 | P55: 9.3375471 | Q55: 63.298485 | R55: 3.4800294 | S55: m | T55: m | U55: 73.371697 | V55: 9.1249237 | W55: 10.073212 | X55: 10.151296
A56: Argentina | B56: 16105 | C56: 233 | D56: 53.539459 | E56: 31.142025 | F56: 3.1836201 | G56: 24.217474 | H56: 6.2981901 | I56: 35.713897 | J56: 6.5843418 | K56: 32.502803 | L56: 5.0797552 | M56: 39.446486 | N56: 5.6465087 | O56: 15.229012 | P56: 9.1123172 | Q56: 28.086977 | R56: 3.7556832 | S56: 45.034179 | T56: 5.6526431 | U56: 39.460745 | V56: 9.4194812 | W56: 15.382379 | X56: 6.313481
A57: Baku (Azerbaijan) | B57: 3889.5 | C57: 37 | D57: 16.89901 | E57: 34.279361 | F57: 6.4051765 | G57: 43.636132 | H57: 9.3328993 | I57: 55.891578 | J57: 16.344194 | K57: 11.540322 | L57: 5.4350055 | M57: 39.350001 | N57: 10.86141 | O57: -4.2861311 | P57: 13.384876 | Q57: 35.788388 | R57: 6.3767586 | S57: m | T57: m | U57: m | V57: m | W57: m | X57: m
A58: Belarus | B58: 12396.5 | C58: 234 | D58: 100 | E58: 2.2114397 | F58: 0.39181001 | G58: 2.1621137 | H58: 0.97715462 | I58: 2.3948852 | J58: 0.81038793 | K58: 2.0337804 | L58: 0.50663332 | M58: 2.2855038 | N58: 0.53522344 | O58: 0.12339006 | P58: 1.1181153 | Q58: 2.1706715 | R58: 0.39376821 | S58: m | T58: m | U58: m | V58: m | W58: m | X58: m
A59: Bosnia and Herzegovina | B59: 7824 | C59: 114 | D59: 73.528923 | E59: 8.7999825 | F59: 1.3524777 | G59: 4.6978651 | H59: 0.7003582 | I59: 6.4503563 | J59: 1.5460283 | K59: 7.9811839 | L59: 0.95500668 | M59: 15.388695 | N59: 4.7092819 | O59: 10.69083 | P59: 4.7877803 | Q59: 8.2299802 | R59: 1.3619659 | S59: m | T59: m | U59: m | V59: m | W59: m | X59: m
A60: Brazil | B60: 11062 | C60: 242 | D60: 44.793076 | E60: 12.885932 | F60: 1.376583 | G60: 4.6248096 | H60: 0.80567362 | I60: 15.746732 | J60: 2.40537 | K60: 13.462229 | L60: 3.3033615 | M60: 15.041775 | N60: 3.04263 | O60: 10.416966 | P60: 3.1581431 | Q60: 12.705995 | R60: 1.6240151 | S60: m | T60: m | U60: 13.515609 | V60: 2.7408408 | W60: 0.80961407 | X60: 3.2176492
A61: Brunei Darussalam | B61: 4916.5 | C61: 51 | D61: 93.796196 | E61: 25.394081 | F61: c | G61: 18.444341 | H61: c | I61: 24.545901 | J61: c | K61: 15.596003 | L61: c | M61: 40.885142 | N61: c | O61: 22.440801 | P61: c | Q61: 23.406124 | R61: c | S61: m | T61: m | U61: 33.887399 | V61: c | W61: 10.481275 | X61: c
A62: B-S-J-Z (China) | B62: 62775 | C62: 359 | D62: 99.30703 | E62: 10.340923 | F62: 0.66870027 | G62: 3.5453595 | H62: 0.77377999 | I62: 8.3081338 | J62: 2.1241572 | K62: 11.753222 | L62: 1.564908 | M62: 17.817278 | N62: 1.2768529 | O62: 14.271918 | P62: 1.5050895 | Q62: 9.9888647 | R62: 0.71795975 | S62: m | T62: m | U62: 13.251655 | V62: 1.9489143 | W62: 3.2627898 | X62: 2.0992089
A63: Bulgaria | B63: 4838.5 | C63: 95 | D63: 47.182819 | E63: 83.13833 | F63: 1.6767157 | G63: 81.819135 | H63: 3.830629 | I63: 80.673422 | J63: 3.2193142 | K63: 84.09421 | L63: 2.7142125 | M63: 87.85609 | N63: 2.8292629 | O63: 6.0369552 | P63: 4.7334356 | Q63: 82.944248 | R63: 1.7294201 | S63: m | T63: m | U63: m | V63: m | W63: m | X63: m
A64: Costa Rica | B64: 9533.5 | C64: 202 | D64: 98.489281 | E64: 26.985346 | F64: 2.1056787 | G64: 27.886132 | H64: 4.8934159 | I64: 29.420859 | J64: 4.0008167 | K64: 23.940218 | L64: 3.5318658 | M64: 26.065191 | N64: 3.6464445 | O64: -1.8209413 | P64: 6.4722606 | Q64: 28.138112 | R64: 2.4110741 | S64: m | T64: m | U64: 23.035682 | V64: 4.7665855 | W64: -5.1024304 | X64: 5.3823032
A65: Croatia | B65: 6747 | C65: 135 | D65: 74.681061 | E65: 89.934862 | F65: 1.7697611 | G65: 84.555409 | H65: 3.3480688 | I65: 92.897772 | J65: 1.6479277 | K65: 91.172359 | L65: 2.5942849 | M65: 91.611936 | N65: 3.994952 | O65: 7.0565267 | P65: 3.3871764 | Q65: 89.625031 | R65: 1.8209127 | S65: m | T65: m | U65: m | V65: m | W65: m | X65: m
A66: Cyprus | B66: 5365 | C66: 75 | D66: 95.170761 | E66: 46.263384 | F66: 0.13220599 | G66: 45.045704 | H66: 0.0033624973 | I66: 37.411527 | J66: c | K66: 45.342213 | L66: 0.66097841 | M66: 53.643729 | N66: 0.041106239 | O66: 8.5980248 | P66: 0.041243536 | Q66: 43.261911 | R66: 0.19198053 | S66: m | T66: m | U66: 54.22173 | V66: 0.048882693 | W66: 10.959818 | X66: 0.19808079
A67: Dominican Republic | B67: 1342 | C67: 54 | D67: 24.006756 | E67: 10.884137 | F67: 1.764994 | G67: 5.5331186 | H67: 1.1941938 | I67: 11.868971 | J67: 3.5902946 | K67: 18.235894 | L67: 5.7625199 | M67: 15.500372 | N67: 6.4595309 | O67: 9.9672538 | P67: 6.5357762 | Q67: 10.012144 | R67: 1.8518234 | S67: m | T67: m | U67: 19.76349 | V67: 6.5499116 | W67: 9.7513461 | X67: 6.7719811
A68: Georgia | B68: 9552.5 | C68: 235 | D68: 75.304649 | E68: 63.130942 | F68: 3.4811066 | G68: 65.189046 | H68: 3.9265104 | I68: 60.84047 | J68: 5.2873458 | K68: 68.222322 | L68: 5.4434097 | M68: 58.749934 | N68: 9.7245461 | O68: -6.4391124 | P68: 10.685657 | Q68: 66.171538 | R68: 2.5979592 | S68: m | T68: m | U68: 47.465147 | V68: 12.375913 | W68: -18.706392 | X68: 12.620347
A69: Hong Kong (China)* | B69: 4572.5 | C69: 74 | D69: 50.131359 | E69: 49.162437 | F69: 1.5187365 | G69: 44.738337 | H69: 3.4837309 | I69: 44.768978 | J69: 3.6402038 | K69: 53.565746 | L69: 2.8734664 | M69: 56.86959 | N69: 2.3448026 | O69: 12.131253 | P69: 4.4325497 | Q69: 43.783677 | R69: 6.7929179 | S69: 49.490072 | T69: 1.5670577 | U69: m | V69: m | W69: 5.7063953 | X69: 7.0427384
A70: Indonesia | B70: 7869.5 | C70: 235 | D70: 61.317009 | E70: 8.1791387 | F70: 0.90842102 | G70: 5.5354036 | H70: 1.1112143 | I70: 5.235515 | J70: 0.75541987 | K70: 11.859348 | L70: 2.9466556 | M70: 13.696734 | N70: 1.5268494 | O70: 8.1613305 | P70: 1.750315 | Q70: 10.115414 | R70: 1.2244705 | S70: 5.5199711 | T70: 1.5123596 | U70: 3.9489175 | V70: 1.3631948 | W70: -5.215448 | X70: 1.6436912
A71: Jordan | B71: 8984 | C71: 222 | D71: 62.002182 | E71: 10.596755 | F71: 1.0293759 | G71: 9.9734809 | H71: 1.5015852 | I71: 8.9559545 | J71: 1.377503 | K71: 9.2535121 | L71: 1.7980093 | M71: 11.727977 | N71: 1.9378751 | O71: 1.7544962 | P71: 2.5021819 | Q71: 10.077003 | R71: 0.83666558 | S71: m | T71: m | U71: 11.170178 | V71: 1.9663758 | W71: 1.0931755 | X71: 2.1755606
A72: Kazakhstan | B72: 42274 | C72: 493 | D72: 76.764351 | E72: 35.358571 | F72: 2.8895667 | G72: 31.510685 | H72: 4.7028706 | I72: 35.216202 | J72: 6.2899083 | K72: 35.159503 | L72: 7.7749398 | M72: 40.887012 | N72: 5.2481732 | O72: 9.376327 | P72: 7.2102732 | Q72: 34.667955 | R72: 2.8321809 | S72: 80.139462 | T72: 22.715095 | U72: m | V72: m | W72: 45.471508 | X72: 22.797663
A73: Kosovo | B73: 3763.5 | C73: 40 | D73: 33.544765 | E73: 49.221664 | F73: 2.0508905 | G73: 52.517971 | H73: 5.2099375 | I73: 48.633108 | J73: 4.5607374 | K73: 55.240838 | L73: 5.560466 | M73: 36.578015 | N73: 2.0663082 | O73: -15.939956 | P73: 5.6263621 | Q73: 48.33194 | R73: 1.9145913 | S73: m | T73: m | U73: m | V73: m | W73: m | X73: m
A74: Lebanon | B74: 7004.5 | C74: 70 | D74: 26.073895 | E74: 21.737133 | F74: 2.402812 | G74: 20.880042 | H74: 7.5023789 | I74: 15.264469 | J74: 4.753617 | K74: 21.268331 | L74: 4.513102 | M74: 24.761711 | N74: 3.7903098 | O74: 3.8816691 | P74: 8.355051 | Q74: 21.063396 | R74: 3.7975804 | S74: m | T74: m | U74: 20.609471 | V74: 3.1873445 | W74: -0.4539255 | X74: 5.0844031
A75: Macao (China) | B75: m | C75: m | D75: m | E75: m | F75: m | G75: m | H75: m | I75: m | J75: m | K75: m | L75: m | M75: m | N75: m | O75: m | P75: m | Q75: m | R75: m | S75: m | T75: m | U75: m | V75: m | W75: m | X75: m
A76: Malaysia | B76: 16294.5 | C76: 175 | D76: 91.591614 | E76: 7.6217524 | F76: 0.4488879 | G76: 5.4185197 | H76: 0.76197257 | I76: 7.7934449 | J76: 0.91440307 | K76: 7.0335768 | L76: 0.82996379 | M76: 10.016576 | N76: 1.0828854 | O76: 4.5980559 | P76: 1.3947691 | Q76: 6.954646 | R76: 0.42457026 | S76: m | T76: m | U76: 16.209057 | V76: 3.2828778 | W76: 9.2544109 | X76: 3.3107979
A77: Malta | B77: 3006.5 | C77: 48 | D77: 98.053078 | E77: 17.993866 | F77: c | G77: 20.86514 | H77: c | I77: 12.660261 | J77: c | K77: 17.856707 | L77: c | M77: 20.106132 | N77: c | O77: -0.75900787 | P77: c | Q77: 16.98917 | R77: c | S77: 17.304075 | T77: c | U77: 21.981982 | V77: c | W77: 2.2344898 | X77: c
A78: Moldova | B78: 6493 | C78: 205 | D78: 90.798645 | E78: 18.404611 | F78: 1.6734516 | G78: 10.219562 | H78: 1.8276258 | I78: 15.268042 | J78: 2.2356447 | K78: 19.187914 | L78: 3.1385361 | M78: 30.438412 | N78: 5.8107409 | O78: 20.21885 | P78: 6.1316519 | Q78: 18.295006 | R78: 1.6840079 | S78: m | T78: m | U78: m | V78: m | W78: m | X78: m
A79: Montenegro | B79: 3045 | C79: 49 | D79: 96.651611 | E79: 7.2182355 | F79: c | G79: 3.8102085 | H79: c | I79: 7.6146076 | J79: c | K79: 5.6353591 | L79: c | M79: 12.121212 | N79: c | O79: 8.3110036 | P79: c | Q79: 7.230704 | R79: c | S79: m | T79: m | U79: m | V79: m | W79: m | X79: m
A80: Morocco | B80: 3656 | C80: 102 | D80: 56.617363 | E80: 10.715855 | F80: 1.3042914 | G80: 9.5617686 | H80: 2.1889694 | I80: 13.067987 | J80: 3.4917451 | K80: 13.063722 | L80: 2.9685489 | M80: 8.4024035 | N80: 1.835126 | O80: -1.1593651 | P80: 2.4434884 | Q80: 12.457348 | R80: 1.4166085 | S80: m | T80: m | U80: 4.9794725 | V80: 2.1523676 | W80: -7.4778755 | X80: 2.4637676
A81: North Macedonia | B81: 4095 | C81: 57 | D81: 48.09647 | E81: 6.8568894 | F81: c | G81: 4.7851705 | H81: c | I81: 7.2335654 | J81: c | K81: 9.0312904 | L81: c | M81: 6.2113593 | N81: c | O81: 1.4261888 | P81: c | Q81: 6.6260716 | R81: c | S81: m | T81: m | U81: m | V81: m | W81: m | X81: m
A82: Panama | B82: 4740.5 | C82: 56 | D82: 25.780592 | E82: 19.757731 | F82: 1.7529263 | G82: 17.469453 | H82: 5.2120702 | I82: 21.457278 | J82: 3.8217056 | K82: 26.430447 | L82: 3.4437538 | M82: 13.218935 | N82: 1.9645772 | O82: -4.250518 | P82: 5.5427841 | Q82: 22.636826 | R82: 2.2389685 | S82: m | T82: m | U82: 15.079945 | V82: 2.8099547 | W82: -7.5568806 | X82: 3.6314431
A83: Peru | B83: 10653.5 | C83: 316 | D83: 95.863152 | E83: 13.90734 | F83: 0.90816755 | G83: 9.491083 | H83: 1.3564097 | I83: 16.685345 | J83: 2.5128173 | K83: 18.440374 | L83: 1.690068 | M83: 12.395166 | N83: 1.5359662 | O83: 2.9040832 | P83: 1.9074891 | Q83: 15.423361 | R83: 1.1321181 | S83: m | T83: m | U83: 11.044929 | V83: 1.3045638 | W83: -4.3784318 | X83: 1.6100456
A84: Philippines | B84: 9434 | C84: 109 | D84: 59.717407 | E84: 19.741235 | F84: 2.3903286 | G84: 14.156247 | H84: 2.2352095 | I84: 15.409764 | J84: 2.1390331 | K84: 19.974068 | L84: 4.6135225 | M84: 24.141909 | N84: 4.8737952 | O84: 9.9856622 | P84: 5.18189 | Q84: 22.992339 | R84: 3.1918891 | S84: 6.6868465 | T84: 1.4111871 | U84: 13.623149 | V84: 3.1189953 | W84: -11.169837 | X84: 4.6091873
A85: Qatar | B85: 15697 | C85: 136 | D85: 85.952011 | E85: 29.163668 | F85: c | G85: 19.035923 | H85: c | I85: 26.506955 | J85: c | K85: 21.302883 | L85: c | M85: 37.058457 | N85: c | O85: 18.022535 | P85: c | Q85: 10.377472 | R85: c | S85: m | T85: m | U85: 38.979417 | V85: c | W85: 28.601945 | X85: c
A86: Romania | B86: 5083 | C86: 75 | D86: 50.262131 | E86: 48.695958 | F86: 4.774591 | G86: 40.775332 | H86: 6.0539655 | I86: 40.870446 | J86: 6.49334 | K86: 51.289765 | L86: 6.6679391 | M86: 66.331427 | N86: 13.44012 | O86: 25.556096 | P86: 13.565762 | Q86: 48.426251 | R86: 4.8312894 | S86: m | T86: m | U86: m | V86: m | W86: m | X86: m
A87: Russia | B87: 11973 | C87: 231 | D87: 90.135704 | E87: 47.888183 | F87: 3.8616174 | G87: 40.194946 | H87: 6.4097944 | I87: 47.808085 | J87: 7.6629858 | K87: 50.369428 | L87: 4.4777276 | M87: 57.551233 | N87: 7.4570502 | O87: 17.356287 | P87: 10.131479 | Q87: 47.888183 | R87: 3.8616174 | S87: m | T87: m | U87: m | V87: m | W87: m | X87: m
A88: Saudi Arabia | B88: 1885 | C88: 44 | D88: 21.197231 | E88: 4.0014395 | F88: 0.77925661 | G88: 3.0918076 | H88: 1.7929025 | I88: 4.6649277 | J88: 0.99476055 | K88: 3.4655065 | L88: 1.1251202 | M88: 4.5230891 | N88: 1.3647788 | O88: 1.4312814 | P88: 2.2301403 | Q88: 4.2057779 | R88: 0.99357334 | S88: m | T88: m | U88: 3.4368493 | V88: 1.3927987 | W88: -0.76892864 | X88: 1.7029435
A89: Serbia | B89: 10440.5 | C89: 168 | D89: 93.606789 | E89: 31.351598 | F89: 3.18376 | G89: 26.041016 | H89: 5.0978032 | I89: 26.848081 | J89: 6.3211175 | K89: 30.110423 | L89: 5.3924728 | M89: 42.747089 | N89: 9.1159916 | O89: 16.706073 | P89: 10.521247 | Q89: 30.917941 | R89: 3.2098917 | S89: m | T89: m | U89: 48.15567 | V89: 15.866722 | W89: 17.237729 | X89: 16.071102
A90: Singapore | B90: 15097.5 | C90: 148 | D90: 87.713295 | E90: 23.941328 | F90: 1.2153392 | G90: 17.63535 | H90: c | I90: 16.524178 | J90: 0.055482544 | K90: 15.131983 | L90: c | M90: 37.119797 | N90: 5.7599983 | O90: 19.484446 | P90: 5.7599983 | Q90: 19.436977 | R90: 0.425503 | S90: m | T90: m | U90: 41.003727 | V90: 11.822975 | W90: 21.566751 | X90: 11.798722
A91: Chinese Taipei | B91: 20170 | C91: 141 | D91: 72.982414 | E91: 56.475275 | F91: 1.3502208 | G91: 51.512348 | H91: 3.69332 | I91: 54.082292 | J91: 4.3650753 | K91: 63.562925 | L91: 2.9041344 | M91: 56.936619 | N91: 1.9426735 | O91: 5.4242716 | P91: 4.1426604 | Q91: 58.05275 | R91: 1.8141262 | S91: 47.756245 | T91: 9.6251386 | U91: 53.192572 | V91: 2.4016442 | W91: -6.5296755 | X91: 3.8113708
A92: Thailand | B92: 24748 | C92: 202 | D92: 91.428749 | E92: 22.754812 | F92: 6.3395162 | G92: 34.464484 | H92: 2.7908616 | I92: 12.018359 | J92: 8.7412447 | K92: 31.897802 | L92: 2.797935 | M92: 27.784743 | N92: 2.5140437 | O92: -6.679741 | P92: 4.1444402 | Q92: 36.519595 | R92: 1.167713 | S92: 2.5728498 | T92: 2.7745157 | U92: 13.945228 | V92: 1.7186033 | W92: -31.530429 | X92: 3.8288075
A93: Ukraine | B93: 7090.5 | C93: 176 | D93: 69.915321 | E93: 69.878776 | F93: 3.8767959 | G93: 68.643127 | H93: 6.8588831 | I93: 70.316092 | J93: 6.2377506 | K93: 67.743592 | L93: 7.8072774 | M93: 73.578633 | N93: 8.074169 | O93: 4.935506 | P93: 10.803117 | Q93: 70.332342 | R93: 3.8909149 | S93: m | T93: m | U93: m | V93: m | W93: m | X93: m
A94: United Arab Emirates | B94: 19046.5 | C94: 161 | D94: 24.871275 | E94: 31.941454 | F94: 2.4751098 | G94: 34.813344 | H94: 4.6247165 | I94: 37.226925 | J94: 3.6397493 | K94: 35.607435 | L94: 6.7089452 | M94: 26.387099 | N94: 1.7569115 | O94: -8.4262453 | P94: 4.9743237 | Q94: 15.803339 | R94: 0.093012012 | S94: m | T94: m | U94: 34.055117 | V94: 2.7062777 | W94: 18.251778 | X94: 2.7086557
A95: Uruguay | B95: 12222 | C95: 188 | D95: 99.390045 | E95: 1.4027281 | F95: 0.2123772 | G95: 0.75519663 | H95: 0.18554144 | I95: 0.73601365 | J95: 0.20306634 | K95: 2.4992741 | L95: 0.69681334 | M95: 2.901913 | N95: 0.69547525 | O95: 2.1467163 | P95: 0.71985148 | Q95: 1.1323752 | R95: 0.20148298 | S95: m | T95: m | U95: 3.1454471 | V95: 0.87915671 | W95: 2.0130719 | X95: 0.90216907
A96: Viet Nam | B96: 2887 | C96: 42 | D96: 34.070351 | E96: 15.643939 | F96: 1.6383101 | G96: 10.547251 | H96: 2.8140762 | I96: 11.327139 | J96: 3.1384164 | K96: 17.699129 | L96: 2.2007855 | M96: 25.15575 | N96: 2.5281648 | O96: 14.608498 | P96: 3.6559142 | Q96: 15.878201 | R96: 1.766726 | S96: m | T96: m | U96: m | V96: m | W96: m | X96: m
A104: *Honk Kong (China), Netherlands, Portugal and United States: Data did not meet the PISA technical standards but were accepted as largely comparable (see Annexes A2 and A4).
A105: Information on data for Cyprus: https://oe.cd/cyprus-disclaimer
A106: 1. In this chapter, all analyses are restricted to schools with the modal ISCED level for 15-year-old students. Results may thus differ from those estimated on the entire sample of 15-year-old students.
A107: 2. Coverage refers to the weighted share of students in the PISA sample who attend modal grade schools (see Table in Annex C1). It is equal to 100% if all schools in the PISA sample are included in the analysis and no student has a missing response. For countries with a low value in the coverage index, comparisons should be interpreted with caution.
A108: 3. The overall proportion is computed as the sum of teachers with a <ISCED Level 6> qualification divided by the sum of all teachers, across all schools included in this analysis.
A109: 4. The socio-economic profile is measured by the school's average PISA index of economic, social and cultural status (ESCS).
A110: 5. The calculation "Private-Public" is the difference between private government-dependent and independent schools combined, and public schoold.
A111: 6. Education levels corresponds to level 5A master’s degree and level 6 of the International Standard Classification of Education (ISCED-1997).
...

Sheet Table II.B1.5.5
A1: PISA 2018 Results (Volume II) - © OECD 2019
A2: Annex B1 | B2: Annex B1.5 Results (tables): How do schools compensate for socio-economic disadvantage?
A3: Version 2 - Last updated: 02-Dec-2019
A4: Disclaimer: http://oe.cd/disclaimer
A6: Table II.B1.5.5
A7: Novice teachers, by school characteristics
A8: Teachers with less than five years of experience; results based on teachers' reports
B12: All schools1 | G12: Proportion of novice teachers, by schools' socio-economic profile4 | Q12: Proportion of novice teachers, by type of school
B13: Sample size | D13: Coverage2 | E13: Average proportion of novice teachers3 | G13: Bottom quarter | I13: Second quarter | K13: Third quarter | M13: Top quarter | O13: Top - bottom quarter | Q13: Public | S13: Private government-dependent | U13: Private independent | W13: Private-Public5
B14: Number of teachers | C14: Number of schools | D14: % | E14: % | F14: S.E. | G14: % | H14: S.E. | I14: % | J14: S.E. | K14: % | L14: S.E. | M14: % | N14: S.E. | O14: % dif | P14: S.E. | Q14: % | R14: S.E. | S14: % | T14: S.E. | U14: % | V14: S.E. | W14: % dif. | X14: S.E.
A15: OECD
A16: Chile | B16: 689 | C16: 223 | D16: 81.300156 | E16: 25.388781 | F16: 1.2648427 | G16: 27.243658 | H16: 2.0093424 | I16: 30.063692 | J16: 3.8831501 | K16: 26.041815 | L16: 2.8086125 | M16: 20.194012 | N16: 1.7947892 | O16: -7.0496458 | P16: 2.7168975 | Q16: 26.222041 | R16: 1.431449 | S16: 26.945496 | T16: 1.9316774 | U16: 18.174902 | V16: 2.1413255 | W16: -1.8203581 | X16: 2.2204248
A17: Germany | B17: 996 | C17: 218 | D17: 70.638672 | E17: 20.806802 | F17: 0.9874455 | G17: 20.571356 | H17: 1.7368129 | I17: 19.756345 | J17: 1.8994906 | K17: 22.975226 | L17: 2.1512171 | M17: 20.774892 | N17: 2.151638 | O17: 0.20353536 | P17: 2.7623101 | Q17: 20.589552 | R17: 1.1250255 | S17: 26.367806 | T17: 9.8508489 | U17: 29.62963 | V17: 5.0242959e-15 | W17: 6.3753541 | X17: 8.2996692
A18: Korea | B18: 635 | C18: 154 | D18: 83.416168 | E18: 16.483421 | F18: 1.1406318 | G18: 19.35312 | H18: 2.7383102 | I18: 15.497485 | J18: 2.2100483 | K18: 14.705834 | L18: 1.2314026 | M18: 14.720825 | N18: 1.5003151 | O18: -4.6322947 | P18: 3.140974 | Q18: 18.295616 | R18: 1.7628095 | S18: 13.432081 | T18: 1.1061223 | U18: 16.350139 | V18: 2.2404781 | W18: -4.5022264 | X18: 2.0781885
A19: Portugal* | B19: 99 | C19: 234 | D19: 81.072624 | E19: 3.6617846 | F19: 0.58624753 | G19: 4.4914165 | H19: 1.4919217 | I19: 3.5896089 | J19: 0.78355614 | K19: 2.5370938 | L19: 0.7539802 | M19: 3.4450015 | N19: 1.2359586 | O19: -1.046415 | P19: 1.9479604 | Q19: 1.5646477 | R19: 0.2683831 | S19: 10.536519 | T19: 3.1744893 | U19: 6.6713116 | V19: 1.6550361 | W19: 7.0546322 | X19: 1.834531
A20: Spain | B20: 2981 | C20: 1079 | D20: 85.49733 | E20: 16.785295 | F20: 0.52810608 | G20: 18.154969 | H20: 0.92512413 | I20: 17.377233 | J20: 1.2611347 | K20: 14.911045 | L20: 0.99813692 | M20: 16.538427 | N20: 1.0623062 | O20: -1.6165419 | P20: 1.3137088 | Q20: 16.636984 | R20: 0.59291476 | S20: 16.086565 | T20: 1.0247798 | U20: 21.697359 | V20: 1.78992 | W20: 0.71373074 | X20: 1.0609373
A21: Scotland (United Kingdom) | B21: 249 | C21: 97 | D21: 35.70681 | E21: 17.195713 | F21: 1.3054135 | G21: 18.633542 | H21: 2.541126 | I21: 21.042795 | J21: 1.8247879 | K21: 14.44734 | L21: 2.7607625 | M21: 12.118682 | N21: 1.9075588 | O21: -6.5148602 | P21: 3.1535189 | Q21: 17.721432 | R21: 1.3368528 | S21: m | T21: m | U21: 12.641321 | V21: 3.8229381 | W21: -5.0801111 | X21: 4.0469558
A22: United States* | B22: 514 | C22: 157 | D22: 78.164978 | E22: 19.346393 | F22: 1.5421026 | G22: 25.561824 | H22: 2.9145716 | I22: 19.967244 | J22: 3.0270835 | K22: 17.45752 | L22: 2.6940118 | M22: 12.262639 | N22: 2.3504934 | O22: -13.299185 | P22: 3.7838149 | Q22: 18.730537 | R22: 1.4738086 | S22: 41.346108 | T22: 2.8780174 | U22: 16.863272 | V22: 7.567979 | W22: 5.4260108 | X22: 7.6721458
A23: OECD average | B23: m | C23: m | D23: m | E23: 17.095456 | F23: 0.41846863 | G23: 19.144269 | H23: 0.81548851 | I23: 18.184914 | J23: 0.88373903 | K23: 16.153696 | L23: 0.78865248 | M23: 14.293497 | N23: 0.66886208 | O23: -4.8507725 | P23: 1.0561764 | Q23: 17.108687 | R23: 0.46958711 | S23: 22.452429 | T23: 1.8363963 | U23: 17.432562 | V23: 1.3358261 | W23: 1.1667189 | X23: 1.7949159
A24: Partners
A25: Albania | B25: 575 | C25: 324 | D25: 95.234802 | E25: 18.917438 | F25: 0.84921836 | G25: 19.00109 | H25: 1.3567279 | I25: 18.400587 | J25: 2.4155334 | K25: 16.189198 | L25: 2.1556416 | M25: 21.225652 | N25: 2.4467494 | O25: 2.2245621 | P25: 2.9064564 | Q25: 17.239531 | R25: 0.88409893 | S25: m | T25: m | U25: 32.392159 | V25: 3.4215421 | W25: 15.152628 | X25: 3.6551373
A26: Baku (Azerbaijan) | B26: 99 | C26: 153 | D26: 49.318989 | E26: 4.9481305 | F26: 0.79568707 | G26: 9.862209 | H26: 2.2050094 | I26: 5.9575037 | J26: 1.9369704 | K26: 0.69987644 | L26: 0.34095378 | M26: 2.7895429 | N26: 0.90323069 | O26: -7.0726661 | P26: 2.2866772 | Q26: 4.8107643 | R26: 0.80670878 | S26: m | T26: m | U26: 13.529412 | V26: 0.36693057 | W26: 8.7186478 | X26: 0.88206599
A27: Brazil | B27: 861 | C27: 435 | D27: 71.416275 | E27: 14.184269 | F27: 0.97286723 | G27: 18.038308 | H27: 1.7926729 | I27: 12.285992 | J27: 1.0406466 | K27: 10.810596 | L27: 1.2157688 | M27: 14.768815 | N27: 2.4278839 | O27: -3.2694932 | P27: 2.8071064 | Q27: 13.629259 | R27: 0.78041723 | S27: m | T27: m | U27: 15.543361 | V27: 3.2048105 | W27: 1.9141016 | X27: 3.304435
A28: Dominican Republic | B28: 573 | C28: 222 | D28: 83.112488 | E28: 33.161248 | F28: 2.225855 | G28: 39.610336 | H28: 3.9446323 | I28: 30.106243 | J28: 4.2724894 | K28: 30.740476 | L28: 4.5906157 | M28: 26.873148 | N28: 4.9873378 | O28: -12.737189 | P28: 6.0702119 | Q28: 33.224447 | R28: 2.4078438 | S28: 19.873726 | T28: 2.8620508 | U28: 29.352421 | V28: 3.8725149 | W28: -4.6625571 | X28: 4.2591198
A29: Hong Kong (China)* | B29: 367 | C29: 147 | D29: 84.721184 | E29: 11.798509 | F29: 0.80661557 | G29: 9.8674112 | H29: 1.3129199 | I29: 12.406457 | J29: 1.2723039 | K29: 11.168426 | L29: 1.6938568 | M29: 14.838892 | N29: 2.3284561 | O29: 4.9714805 | P29: 2.6652229 | Q29: 6.650572 | R29: 2.6538843 | S29: 11.676777 | T29: 0.94078566 | U29: 21.046422 | V29: 10.638442 | W29: 5.4858497 | X29: 2.8685636
A30: Macao (China) | B30: 588 | C30: 45 | D30: 97.973671 | E30: 21.32753 | F30: c | G30: 12.932138 | H30: c | I30: 24.400564 | J30: c | K30: 19.252336 | L30: c | M30: 28.825137 | N30: c | O30: 15.892998 | P30: c | Q30: 12.719298 | R30: c | S30: 22.164948 | T30: c | U30: 21.393035 | V30: c | W30: 9.3843 | X30: c
A31: Malaysia | B31: 676 | C31: 191 | D31: 97.461441 | E31: 16.197605 | F31: 1.1702516 | G31: 14.16953 | H31: 1.6226026 | I31: 11.271191 | J31: 1.8302079 | K31: 15.373927 | L31: 2.1418146 | M31: 23.788333 | N31: 2.9696929 | O31: 9.6188023 | P31: 3.3960262 | Q31: 13.693871 | R31: 1.2367279 | S31: 38.888889 | T31: 3.1776437e-14 | U31: 41.363219 | V31: 8.0452253 | W31: 27.299962 | X31: 7.6266875
A32: Morocco | B32: 763 | C32: 177 | D32: 85.649132 | E32: 28.425295 | F32: 2.1039965 | G32: 44.819227 | H32: 5.1341566 | I32: 32.311385 | J32: 3.9422904 | K32: 19.681989 | L32: 2.8608535 | M32: 15.792584 | N32: 4.9752348 | O32: -29.026643 | P32: 7.3439687 | Q32: 29.110207 | R32: 2.1275506 | S32: 33.333333 | T32: 1.4210855e-14 | U32: 26.262352 | V32: 7.9183504 | W32: -2.3415343 | X32: 7.7772366
A33: Panama | B33: 385 | C33: 157 | D33: 70.680145 | E33: 23.704344 | F33: 2.5476191 | G33: 28.747657 | H33: 5.3777732 | I33: 12.701535 | J33: 4.5443296 | K33: 10.120574 | L33: 4.4451072 | M33: 29.70452 | N33: 4.7121673 | O33: 0.95686229 | P33: 7.0865144 | Q33: 17.658637 | R33: 2.8290252 | S33: 37.5 | T33: 2.0097183e-14 | U33: 36.147469 | V33: 5.4697814 | W33: 18.51587 | X33: 6.0779763
A34: Peru | B34: 790 | C34: 324 | D34: 95.648743 | E34: 21.646145 | F34: 0.95167269 | G34: 27.923286 | H34: 1.6001186 | I34: 13.419419 | J34: 1.5745065 | K34: 18.076414 | L34: 3.9128986 | M34: 19.203036 | N34: 2.071103 | O34: -8.7202495 | P34: 2.6509273 | Q34: 20.902132 | R34: 1.1845486 | S34: 9.0909091 | T34: 9.0576782e-15 | U34: 23.479513 | V34: 1.9219927 | W34: 2.4642189 | X34: 2.3739606
A35: Chinese Taipei | B35: 473 | C35: 192 | D35: 87.638596 | E35: 12.490848 | F35: 1.1938274 | G35: 16.884367 | H35: 2.9139064 | I35: 9.3711781 | J35: 1.4552452 | K35: 10.624992 | L35: 1.5282793 | M35: 10.369866 | N35: 1.2781213 | O35: -6.514502 | P35: 3.1782824 | Q35: 12.048358 | R35: 1.4440647 | S35: 14.560535 | T35: 4.0139215 | U35: 14.134621 | V35: 1.7762568 | W35: 2.241924 | X35: 2.509664
A36: United Arab Emirates | B36: 1469 | C36: 619 | D36: 85.80822 | E36: 15.216402 | F36: 0.71153276 | G36: 12.538913 | H36: 1.6794256 | I36: 13.561416 | J36: 0.64914637 | K36: 17.531409 | L36: 1.8318548 | M36: 16.72498 | N36: 0.76739364 | O36: 4.1860679 | P36: 1.8749393 | Q36: 7.5167141 | R36: 0.050002159 | S36: 6.6666667 | T36: c | U36: 18.879794 | V36: 1.0590931 | W36: 11.340524 | X36: 1.0593368
A41: *Honk Kong (China), Netherlands, Portugal and United States: Data did not meet the PISA technical standards but were accepted as largely comparable (see Annexes A2 and A4).
A42: 1. In this chapter, all analyses are restricted to schools with the modal ISCED level for 15-year-old students. Results may thus differ from those estimated on the entire sample of 15-year-old students.
A43: 2. Coverage refers to the weighted share of students in the PISA sample who attend modal grade schools (see Table in Annex C1). It is equal to 100% if all schools in the PISA sample are included in the analysis and no student has a missing response. For countries with a low value in the coverage index, comparisons should be interpreted with caution.
A44: 3. The average proportion is computed as the proportion of novice teachers amongst all teachers in the school, averaged across all schools included in this analysis.
A45: 4. The socio-economic profile is measured by the school's average PISA index of economic, social and cultural status (ESCS).
A46: 5. The calculation "Private-Public" is the difference between private government-dependent and independent schools combined, and public schools.
A47: Private schools refer to schools managed directly or indirectly by a non-governmental organisation, such as a church, trade union, business or other private institution. Privately managed schools are classified as independent when at least 50% of the funding comes from private sources; they are classified as government-dependent when at least 50% of the funding comes from the government (including departments, local, regional, state and national). The classification is based on the school principal’s report.
A48: Note: Values that are statistically significant are indicated in bold (see Annex A3).

Sheet Table II.B1.5.6
A1: PISA 2018 Results (Volume II) - © OECD 2019
A2: Annex B1 | B2: Annex B1.5 Results (tables): How do schools compensate for socio-economic disadvantage?
A3: Version 2 - Last updated: 02-Dec-2019
A4: Disclaimer: http://oe.cd/disclaimer
A6: Table II.B1.5.6
A7: Teachers and professional development activities, by school characteristics
A8: Teachers who attended a programme of professional development during the previous three months; results based on principals' reports
B12: All schools1 | F12: Proportion of teachers who had attended a programme of professional development during the previous three months, by schools' socio-economic profile3 | P12: Proportion of teachers who had attended a programme of professional development during the previous three months, by type of school
B13: Sample size | C13: Coverage2 | D13: Average proportion of teachers who had attended a programme of professional development during the previous three months | F13: Bottom quarter | H13: Second quarter | J13: Third quarter | L13: Top quarter | N13: Top - bottom quarter | P13: Public | R13: Private government-dependent | T13: Private independent | V13: Private-Public4
B14: Number of schools | C14: % | D14: % | E14: S.E. | F14: % | G14: S.E. | H14: % | I14: S.E. | J14: % | K14: S.E. | L14: % | M14: S.E. | N14: Dif. | O14: S.E. | P14: % | Q14: S.E. | R14: % | S14: S.E. | T14: % | U14: S.E. | V14: Dif. | W14: S.E.
A15: OECD
A16: Australia | B16: 674 | C16: 88.781059 | D16: 86.722217 | E16: 1.0319436 | F16: 88.620194 | G16: 1.8319627 | H16: 87.700244 | I16: 2.1499201 | J16: 86.960962 | K16: 3.5077418 | L16: 84.575439 | M16: 3.0189506 | N16: -4.0447544 | O16: 3.5987796 | P16: 87.977798 | Q16: 1.2428657 | R16: 86.210168 | S16: 2.2971086 | T16: 82.743553 | U16: 2.8607183 | V16: -3.1128111 | W16: 2.1046814
A17: Austria | B17: 291 | C17: m | D17: 43.093318 | E17: 1.856648 | F17: m | G17: m | H17: m | I17: m | J17: m | K17: m | L17: m | M17: m | N17: m | O17: m | P17: m | Q17: m | R17: m | S17: m | T17: m | U17: m | V17: m | W17: m
A18: Belgium | B18: 254 | C18: 91.67717 | D18: 47.852691 | E18: 1.7628683 | F18: 50.03261 | G18: 4.1607648 | H18: 52.445156 | I18: 4.8671163 | J18: 47.203121 | K18: 5.2400431 | L18: 41.652357 | M18: 3.4188767 | N18: -8.3802531 | O18: 5.5336892 | P18: m | Q18: m | R18: m | S18: m | T18: m | U18: m | V18: m | W18: m
A19: Canada | B19: 747 | C19: 94.44133 | D19: 72.345786 | E19: 1.6701279 | F19: 66.46187 | G19: 3.6592548 | H19: 76.415848 | I19: 3.7309279 | J19: 68.733261 | K19: 3.819169 | L19: 77.655487 | M19: 3.6715297 | N19: 11.193617 | O19: 5.1218903 | P19: 73.755328 | Q19: 1.8186021 | R19: 66.70807 | S19: 8.7569961 | T19: 49.87733 | U19: 6.8869969 | V19: -16.937443 | W19: 5.3649011
A20: Chile | B20: 177 | C20: 75.532242 | D20: 47.981103 | E20: 3.5120653 | F20: 41.832681 | G20: 6.3945446 | H20: 51.530176 | I20: 7.2964974 | J20: 45.31367 | K20: 8.0507565 | L20: 53.018049 | M20: 6.7284033 | N20: 11.185368 | O20: 9.0892907 | P20: 43.764455 | Q20: 6.0568896 | R20: 49.244598 | S20: 5.0590362 | T20: 54.976728 | U20: 6.7633379 | V20: 6.7866814 | W20: 7.2256178
A21: Colombia | B21: 244 | C21: 98.509407 | D21: 31.846179 | E21: 2.1495054 | F21: 20.755739 | G21: 4.4634952 | H21: 25.070505 | I21: 4.3592169 | J21: 33.19468 | K21: 4.6503412 | L21: 48.129457 | M21: 4.7186359 | N21: 27.373718 | O21: 6.5780512 | P21: 26.751973 | Q21: 2.3906178 | R21: m | S21: m | T21: 56.567508 | U21: 5.5681818 | V21: 29.815534 | W21: 6.2458956
A22: Czech Republic | B22: 323 | C22: 97.003258 | D22: 41.853078 | E22: 1.9609246 | F22: 45.579106 | G22: 3.5516397 | H22: 46.045892 | I22: 4.7420893 | J22: 42.265499 | K22: 5.0021749 | L22: 33.610321 | M22: 2.7370111 | N22: -11.968785 | O22: 4.5140411 | P22: 42.226947 | Q22: 2.136814 | R22: 31.69618 | S22: 7.672932 | T22: m | U22: m | V22: -10.530767 | W22: 8.0507747
A23: Denmark | B23: 245 | C23: 73.517311 | D23: 32.835518 | E23: 2.0837823 | F23: 31.779348 | G23: 5.0579181 | H23: 32.670774 | I23: 4.5808335 | J23: 31.22127 | K23: 5.088301 | L23: 35.729808 | M23: 4.857253 | N23: 3.9504599 | O23: 7.3114953 | P23: 30.580861 | Q23: 2.4565444 | R23: 36.986182 | S23: 5.3682829 | T23: 35.424719 | U23: 12.189792 | V23: 6.0607868 | W23: 5.6351675
A24: Estonia | B24: 224 | C24: 99.549774 | D24: 62.009221 | E24: 1.1254264 | F24: 57.882747 | G24: 3.2335876 | H24: 60.634398 | I24: 3.2284662 | J24: 64.922434 | K24: 2.3271835 | L24: 64.704534 | M24: 2.2159739 | N24: 6.821787 | O24: 3.8470207 | P24: 61.431721 | Q24: 1.0999997 | R24: 68.920179 | S24: 12.227536 | T24: 86.053406 | U24: 7.4062197 | V24: 14.598044 | W24: 8.9627686
A25: Finland | B25: 208 | C25: 98.25312 | D25: 47.31378 | E25: 2.222582 | F25: 39.931413 | G25: 4.8567516 | H25: 46.709856 | I25: 5.3046 | J25: 53.033387 | K25: 6.392348 | L25: 49.477387 | M25: 5.1606943 | N25: 9.5459742 | O25: 7.1339317 | P25: 47.26594 | Q25: 2.3159133 | R25: 48.448434 | S25: 12.22838 | T25: m | U25: m | V25: 1.1824944 | W25: 12.687254
A26: France | B26: 161 | C26: 75.278564 | D26: 34.069896 | E26: 1.8155785 | F26: 42.689185 | G26: 4.2746795 | H26: 37.272128 | I26: 4.5405674 | J26: 29.936247 | K26: 3.9937756 | L26: 26.588678 | M26: 3.653356 | N26: -16.100508 | O26: 6.0307908 | P26: 35.775439 | Q26: 1.8581255 | R26: 34.366611 | S26: 9.2681033 | T26: 22.499769 | U26: 6.9562199 | V26: -7.112858 | W26: 6.0416443
A27: Germany | B27: 183 | C27: 81.228989 | D27: 44.543245 | E27: 2.5008129 | F27: 57.529113 | G27: 4.8761245 | H27: 42.030371 | I27: 5.7878617 | J27: 40.610805 | K27: 5.5985014 | L27: 38.29345 | M27: 4.4931947 | N27: -19.235663 | O27: 6.4473476 | P27: 45.150833 | Q27: 2.6008206 | R27: 27.899168 | S27: 5.2613254 | T27: m | U27: m | V27: -17.251665 | W27: 5.7129318
A28: Greece | B28: 166 | C28: 77.966171 | D28: 25.918331 | E28: 2.3476392 | F28: 29.972727 | G28: 5.1461261 | H28: 23.520169 | I28: 4.5207808 | J28: 23.76402 | K28: 4.6118804 | L28: 26.297234 | M28: 5.4834688 | N28: -3.6754924 | O28: 7.4812529 | P28: 26.396617 | Q28: 2.4381539 | R28: m | S28: m | T28: 13.625948 | U28: 4.4291352 | V28: -12.770669 | W28: 5.1399443
A29: Hungary | B29: 154 | C29: 85.911331 | D29: 19.410899 | E29: 1.7310231 | F29: 19.938081 | G29: 4.6903707 | H29: 25.802597 | I29: 4.4762115 | J29: 17.691738 | K29: 3.6652811 | L29: 14.260214 | M29: 2.3563904 | N29: -5.6778663 | O29: 5.1722238 | P29: 18.852566 | Q29: 1.9607767 | R29: 21.423884 | S29: 3.7381846 | T29: m | U29: m | V29: 2.5713173 | W29: 4.1737474
A30: Iceland | B30: 126 | C30: 97.251823 | D30: 72.300546 | E30: 0.18359292 | F30: 72.284663 | G30: 0.73757983 | H30: 71.419224 | I30: 1.1276822 | J30: 60.967158 | K30: 0.97265619 | L30: 84.873738 | M30: 0.17842929 | N30: 12.589076 | O30: 0.7789676 | P30: 72.405356 | Q30: 0.18370264 | R30: m | S30: m | T30: m | U30: m | V30: m | W30: m
A31: Ireland | B31: 154 | C31: 98.131699 | D31: 77.795461 | E31: 2.9744496 | F31: 83.128075 | G31: 5.2005023 | H31: 74.337456 | I31: 6.5730558 | J31: 72.741063 | K31: 7.1389683 | L31: 80.92425 | M31: 6.2489153 | N31: -2.2038251 | O31: 8.1328111 | P31: m | Q31: m | R31: m | S31: m | T31: m | U31: m | V31: m | W31: m
A32: Israel | B32: 157 | C32: 91.800735 | D32: 69.48826 | E32: 2.4848751 | F32: 73.046596 | G32: 4.9273735 | H32: 72.719386 | I32: 4.3299859 | J32: 65.672108 | K32: 5.1041939 | L32: 66.420739 | M32: 6.3135561 | N32: -6.6258575 | O32: 7.7399708 | P32: 69.48826 | Q32: 2.4848751 | R32: m | S32: m | T32: m | U32: m | V32: m | W32: m
A33: Italy | B33: 470 | C33: 90.608673 | D33: 43.948812 | E33: 1.6918507 | F33: 42.285302 | G33: 4.3083374 | H33: 43.381137 | I33: 4.3219767 | J33: 42.88054 | K33: 5.2557584 | L33: 47.279388 | M33: 4.2267699 | N33: 4.9940864 | O33: 5.8885011 | P33: 44.137273 | Q33: 1.7149042 | R33: 34.264116 | S33: 5.4108842 | T33: 48.564386 | U33: 18.468666 | V33: -1.3584606 | W33: 11.663381
A34: Japan | B34: 183 | C34: 100 | D34: 39.365411 | E34: 2.5358974 | F34: 38.741533 | G34: 5.7060526 | H34: 44.526292 | I34: 5.3707248 | J34: 41.604433 | K34: 5.7319294 | L34: 32.734389 | M34: 5.5976731 | N34: -6.0071441 | O34: 7.072182 | P34: 41.06354 | Q34: 3.1139525 | R34: 58.238896 | S34: 11.18061 | T34: 33.34857 | U34: 4.4996322 | V34: -5.0377751 | W34: 4.476708
A35: Korea | B35: 151 | C35: 82.163612 | D35: 55.591311 | E35: 2.8556194 | F35: 56.553364 | G35: 5.7638634 | H35: 53.465575 | I35: 7.2036498 | J35: 54.013409 | K35: 6.6312956 | L35: 58.363569 | M35: 5.7356256 | N35: 1.8102054 | O35: 7.8650654 | P35: 58.835209 | Q35: 3.6497901 | R35: 51.581146 | S35: 4.2368082 | T35: 49.861782 | U35: 12.408093 | V35: -7.5054066 | W35: 5.3499539
A36: Latvia | B36: 290 | C36: 94.382812 | D36: 58.73906 | E36: 1.0847421 | F36: 59.271519 | G36: 2.9043357 | H36: 55.211281 | I36: 3.7976782 | J36: 61.539678 | K36: 4.4958873 | L36: 59.066527 | M36: 2.1239584 | N36: -0.20499156 | O36: 3.6145755 | P36: 58.891844 | Q36: 1.0937534 | R36: m | S36: m | T36: m | U36: m | V36: m | W36: m
A37: Lithuania | B37: 361 | C37: 99.715279 | D37: 68.8141 | E37: 0.91093776 | F37: 71.334912 | G37: 2.3690969 | H37: 67.091454 | I37: 2.822029 | J37: 74.224438 | K37: 2.5757033 | L37: 62.443284 | M37: 2.0131046 | N37: -8.8916278 | O37: 3.216643 | P37: 68.432829 | Q37: 0.93867724 | R37: 81.582637 | S37: 2.0756316 | T37: m | U37: m | V37: 13.149809 | W37: 2.2870569
A38: Luxembourg | B38: 42 | C38: 91.512962 | D38: 77.296436 | E38: 0.065090981 | F38: 80.116779 | G38: 0.093472351 | H38: 63.123602 | I38: 0.12697364 | J38: 77.234041 | K38: 0.1388588 | L38: 91.916217 | M38: 0.1572164 | N38: 11.799438 | O38: 0.17494551 | P38: 80.626018 | Q38: 0.05545705 | R38: 52.034864 | S38: 0.28824568 | T38: m | U38: m | V38: -28.591154 | W38: 0.29278543
A39: Mexico | B39: 199 | C39: 75.876656 | D39: 61.274804 | E39: 2.4131729 | F39: 64.112975 | G39: 4.5485334 | H39: 59.17327 | I39: 5.1591932 | J39: 53.93278 | K39: 6.2387407 | L39: 68.141675 | M39: 6.1277969 | N39: 4.0287006 | O39: 7.6447091 | P39: 60.491366 | Q39: 2.6361676 | R39: m | S39: m | T39: 66.721903 | U39: 7.1689728 | V39: 6.2305378 | W39: 7.8163451
A40: Netherlands* | B40: 143 | C40: 92.013344 | D40: 52.694233 | E40: 3.3187808 | F40: 54.664198 | G40: 7.8571864 | H40: 56.518252 | I40: 6.7356832 | J40: 47.724311 | K40: 7.2290829 | L40: 51.807915 | M40: 7.722741 | N40: -2.8562836 | O40: 10.880364 | P40: 53.590038 | Q40: 5.7432607 | R40: 51.869698 | S40: 4.1088088 | T40: m | U40: m | V40: -1.7203406 | W40: 6.9861444
A41: New Zealand | B41: 181 | C41: 94.870125 | D41: 74.3784 | E41: 2.3161565 | F41: 74.689194 | G41: 5.2743737 | H41: 69.686483 | I41: 5.4418426 | J41: 82.284843 | K41: 3.5317365 | L41: 70.503879 | M41: 4.3417051 | N41: -4.185315 | O41: 7.1409801 | P41: 73.922011 | Q41: 2.4228451 | R41: m | S41: m | T41: 81.388838 | U41: 6.7145378 | V41: 7.4668262 | W41: 7.1313637
A42: Norway | B42: 237 | C42: 95.880745 | D42: 23.335985 | E42: 1.8580706 | F42: 30.06487 | G42: 4.8649103 | H42: 22.938885 | I42: 5.7102937 | J42: 24.29199 | K42: 4.1417438 | L42: 15.800135 | M42: 2.7924588 | N42: -14.264735 | O42: 5.4024847 | P42: w | Q42: w | R42: w | S42: w | T42: w | U42: w | V42: w | W42: w
A43: Poland | B43: 229 | C43: 98.568817 | D43: 54.869071 | E43: 2.2672351 | F43: 58.575094 | G43: 5.0118669 | H43: 53.339572 | I43: 5.3597689 | J43: 47.717586 | K43: 5.9156625 | L43: 59.933662 | M43: 5.5561003 | N43: 1.3585676 | O43: 7.5535415 | P43: 55.034456 | Q43: 2.3664223 | R43: 51.974626 | S43: 11.257078 | T43: m | U43: m | V43: -3.0598302 | W43: 11.680439
A44: Portugal* | B44: 213 | C44: 82.324768 | D44: 35.044882 | E44: 1.8629483 | F44: 40.605601 | G44: 4.5688728 | H44: 31.522947 | I44: 5.0194854 | J44: 29.84189 | K44: 3.6387024 | L44: 38.530097 | M44: 3.8451547 | N44: -2.0755036 | O44: 5.710374 | P44: 33.896877 | Q44: 1.9880732 | R44: 42.006501 | S44: 7.343699 | T44: 42.448686 | U44: 9.7612059 | V44: 8.3397684 | W44: 6.4351205
A45: Slovak Republic | B45: 323 | C45: 86.111794 | D45: 26.110974 | E45: 1.522022 | F45: 27.132437 | G45: 2.7918519 | H45: 24.167105 | I45: 2.716516 | J45: 22.007504 | K45: 3.6422227 | L45: 31.072426 | M45: 4.2798094 | N45: 3.9399891 | O45: 5.4372665 | P45: 26.607228 | Q45: 1.6291047 | R45: 23.464607 | S45: 4.0088366 | T45: m | U45: m | V45: -3.1426205 | W45: 4.2910505
A46: Slovenia | B46: 276 | C46: 87.400063 | D46: 44.18001 | E46: 0.095719574 | F46: 49.170274 | G46: 0.16981233 | H46: 39.705978 | I46: 0.32897133 | J46: 44.920265 | K46: 0.1972303 | L46: 42.940477 | M46: 0.17851808 | N46: -6.2297967 | O46: 0.24253313 | P46: 44.327702 | Q46: 0.1017061 | R46: 38.452841 | S46: 0.73926358 | T46: m | U46: m | V46: -5.8748617 | W46: 0.77035537
A47: Spain | B47: 1016 | C47: 93.839363 | D47: 51.615853 | E47: 1.2731299 | F47: 48.301104 | G47: 2.6187817 | H47: 50.138165 | I47: 2.621364 | J47: 50.314673 | K47: 2.5663119 | L47: 57.700988 | M47: 3.4966223 | N47: 9.3998837 | O47: 4.4217238 | P47: 44.657381 | Q47: 1.6060214 | R47: 68.797077 | S47: 2.9161602 | T47: 59.169608 | U47: 4.7338673 | V47: 22.284262 | W47: 2.9774185
A48: Sweden | B48: 192 | C48: 91.709396 | D48: 80.413498 | E48: 2.6249426 | F48: 81.987119 | G48: 5.0501226 | H48: 78.077555 | I48: 6.3668338 | J48: 74.846673 | K48: 7.1597365 | L48: 86.769241 | M48: 4.9658712 | N48: 4.7821215 | O48: 6.9021024 | P48: 82.793687 | Q48: 2.8877253 | R48: 70.344016 | S48: 5.4659296 | T48: m | U48: m | V48: -12.449671 | W48: 5.9358372
A49: Switzerland | B49: 154 | C49: 73.115761 | D49: 67.566921 | E49: 2.868473 | F49: 69.063978 | G49: 8.0111962 | H49: 77.672596 | I49: 7.9780282 | J49: 77.351015 | K49: 7.3074197 | L49: 45.766248 | M49: 8.843945 | N49: -23.29773 | O49: 12.129635 | P49: 67.392642 | Q49: 3.0261645 | R49: m | S49: m | T49: 81.294969 | U49: 9.2655746 | V49: 13.902327 | W49: 9.7338144
A50: Turkey | B50: 177 | C50: 97.740425 | D50: 27.916252 | E50: 2.3676182 | F50: 23.380619 | G50: 5.2845515 | H50: 25.858054 | I50: 5.7291748 | J50: 27.302865 | K50: 5.9517013 | L50: 35.25156 | M50: 5.7835747 | N50: 11.870941 | O50: 7.7912138 | P50: 28.567537 | Q50: 2.2474546 | R50: m | S50: m | T50: 25.676068 | U50: 11.063492 | V50: -2.8914685 | W50: 11.372314
A51: United Kingdom | B51: 375 | C51: 75.572418 | D51: 71.960934 | E51: 2.755249 | F51: 76.825699 | G51: 6.5828958 | H51: 61.930221 | I51: 5.7007642 | J51: 71.746215 | K51: 7.9480391 | L51: 75.777167 | M51: 7.350463 | N51: -1.0485325 | O51: 10.157138 | P51: 73.766427 | Q51: 3.094599 | R51: 73.137528 | S51: 3.9832067 | T51: 62.265268 | U51: 11.645442 | V51: -2.2754949 | W51: 4.4227394
A52: United States* | B52: 140 | C52: 85.611412 | D52: 87.967682 | E52: 2.2203574 | F52: 92.433562 | G52: 3.1833253 | H52: 88.468879 | I52: 4.7870033 | J52: 90.140146 | K52: 4.3728057 | L52: 80.767222 | M52: 7.4141076 | N52: -11.666339 | O52: 7.9294133 | P52: 88.907583 | Q52: 2.071066 | R52: m | S52: m | T52: 70.7759 | U52: 19.911141 | V52: -18.131682 | W52: 20.027853
A53: OECD average | B53: m | C53: m | D53: 52.985518 | E53: 0.34799633 | F53: 54.465952 | G53: 0.77258911 | H53: 52.564486 | I53: 0.81982229 | J53: 52.226409 | K53: 0.85190827 | L53: 53.854923 | M53: 0.80919861 | N53: -0.6110297 | O53: 1.1145378 | P53: 53.568659 | Q53: 0.44504695 | R53: 50.854436 | S53: 1.4201296 | T53: 53.857102 | U53: 2.2781642 | V53: -0.91221971 | W53: 1.4188225
A54: Partners
A55: Albania | B55: 316 | C55: 97.565605 | D55: 66.043099 | E55: 2.1210647 | F55: 67.741365 | G55: 6.4174062 | H55: 70.626953 | I55: 4.818884 | J55: 60.968767 | K55: 3.8414061 | L55: 64.889113 | M55: 4.9669729 | N55: -2.8522518 | O55: 8.6952032 | P55: 67.592531 | Q55: 2.1502871 | R55: m | S55: m | T55: 53.768763 | U55: 7.0509711 | V55: -13.823768 | W55: 7.1995438
A56: Argentina | B56: 429 | C56: 95.195648 | D56: 40.409027 | E56: 1.8581097 | F56: 34.502183 | G56: 3.0542503 | H56: 37.504704 | I56: 4.5678246 | J56: 46.798487 | K56: 4.7729079 | L56: 43.030185 | M56: 4.1077432 | N56: 8.5280014 | O56: 5.2619651 | P56: 38.953376 | Q56: 1.8474835 | R56: 44.265401 | S56: 6.0726093 | T56: 40.020216 | U56: 5.8929191 | V56: 4.1634913 | W56: 4.6184151
A57: Baku (Azerbaijan) | B57: 92 | C57: 45.19305 | D57: 27.763117 | E57: 3.4687681 | F57: 28.481877 | G57: 7.0004406 | H57: 24.859351 | I57: 6.9099913 | J57: 15.914236 | K57: 10.109843 | L57: 42.488775 | M57: 9.6558067 | N57: 14.006899 | O57: 12.322835 | P57: 27.431073 | Q57: 3.5006757 | R57: m | S57: m | T57: m | U57: m | V57: m | W57: m
A58: Belarus | B58: 234 | C58: 100 | D58: 16.634484 | E58: 0.94887294 | F58: 16.408671 | G58: 1.8534663 | H58: 13.679791 | I58: 1.8240056 | J58: 13.769308 | K58: 1.4051641 | L58: 22.828117 | M58: 2.977355 | N58: 6.4194457 | O58: 3.4658859 | P58: 16.640882 | Q58: 0.95287695 | R58: m | S58: m | T58: m | U58: m | V58: m | W58: m
A59: Bosnia and Herzegovina | B59: 123 | C59: 79.257034 | D59: 29.771793 | E59: 2.868252 | F59: 23.906619 | G59: 7.275037 | H59: 24.800165 | I59: 7.2136424 | J59: 28.510022 | K59: 7.6677425 | L59: 42.109073 | M59: 6.8897377 | N59: 18.202455 | O59: 8.8738502 | P59: 29.251833 | Q59: 2.8806203 | R59: m | S59: m | T59: m | U59: m | V59: m | W59: m
A60: Brazil | B60: 399 | C60: 74.33493 | D60: 42.650708 | E60: 1.7415415 | F60: 40.593412 | G60: 3.5968281 | H60: 41.517255 | I60: 3.8669617 | J60: 38.152743 | K60: 4.929454 | L60: 50.353695 | M60: 4.3091598 | N60: 9.7602827 | O60: 6.1702101 | P60: 40.137829 | Q60: 2.0155657 | R60: m | S60: m | T60: 53.759641 | U60: 5.153322 | V60: 13.621812 | W60: 5.8695068
A61: Brunei Darussalam | B61: 55 | C61: 100 | D61: 78.15829 | E61: 0.050741723 | F61: 80.296867 | G61: 0.10609101 | H61: 84.257284 | I61: 0.10336989 | J61: 79.144746 | K61: 0.092998434 | L61: 68.126348 | M61: 0.097089424 | N61: -12.170519 | O61: 0.13690435 | P61: 80.467967 | Q61: 0.051576693 | R61: m | S61: m | T61: 65.713833 | U61: 0.13407734 | V61: -14.754134 | W61: 0.13518814
A62: B-S-J-Z (China) | B62: 361 | C62: 100 | D62: 71.425948 | E62: 2.4329572 | F62: 66.332807 | G62: 5.305221 | H62: 63.227199 | I62: 6.8767791 | J62: 74.681355 | K62: 5.8322209 | L62: 81.596088 | M62: 3.6844073 | N62: 15.263281 | O62: 6.0644906 | P62: 71.01178 | Q62: 2.5626792 | R62: m | S62: m | T62: 74.623147 | U62: 6.8061979 | V62: 3.6113675 | W62: 7.0801028
A63: Bulgaria | B63: 179 | C63: 91.574097 | D63: 54.194343 | E63: 2.5546952 | F63: 54.575297 | G63: 6.9474299 | H63: 54.897926 | I63: 7.1529741 | J63: 58.157448 | K63: 5.525835 | L63: 49.123045 | M63: 5.9865904 | N63: -5.4522523 | O63: 8.5873817 | P63: 54.415718 | Q63: 2.5766669 | R63: m | S63: m | T63: m | U63: m | V63: m | W63: m
A64: Costa Rica | B64: 205 | C64: 100 | D64: 34.37156 | E64: 2.2023529 | F64: 28.357946 | G64: 4.8696364 | H64: 32.341123 | I64: 4.7688227 | J64: 36.671166 | K64: 5.5106559 | L64: 40.20261 | M64: 4.6720241 | N64: 11.844664 | O64: 7.014375 | P64: 31.335991 | Q64: 2.3739135 | R64: m | S64: m | T64: 55.150602 | U64: 4.9399427 | V64: 23.814612 | W64: 5.2815525
A65: Croatia | B65: 175 | C65: 97.563217 | D65: 52.825664 | E65: 2.1957462 | F65: 48.587176 | G65: 4.6685574 | H65: 45.853363 | I65: 5.9957277 | J65: 53.88045 | K65: 4.7641224 | L65: 62.867903 | M65: 5.1120006 | N65: 14.280727 | O65: 7.2719454 | P65: 52.376838 | Q65: 2.2353069 | R65: m | S65: m | T65: m | U65: m | V65: m | W65: m
A66: Cyprus | B66: 77 | C66: 96.037605 | D66: 68.683629 | E66: 0.087198779 | F66: 65.384064 | G66: 0.20271064 | H66: 74.736124 | I66: 0.12153575 | J66: 69.196788 | K66: 0.21248241 | L66: 64.901376 | M66: 0.14321612 | N66: -0.48268775 | O66: 0.25065932 | P66: 70.670913 | Q66: 0.091106289 | R66: m | S66: m | T66: 59.253464 | U66: 0.21708673 | V66: -11.417449 | W66: 0.22650663
A67: Dominican Republic | B67: 204 | C67: 87.098854 | D67: 47.768353 | E67: 3.3435237 | F67: 40.620332 | G67: 5.3027902 | H67: 40.635789 | I67: 7.7840546 | J67: 49.931988 | K67: 7.5423031 | L67: 59.879201 | M67: 7.5530952 | N67: 19.258869 | O67: 9.341907 | P67: 46.44155 | Q67: 3.5845057 | R67: 65.471505 | S67: 18.417251 | T67: 51.148478 | U67: 7.4537846 | V67: 6.1975248 | W67: 7.6011533
A68: Georgia | B68: 307 | C68: 97.991211 | D68: 36.540567 | E68: 1.7485689 | F68: 35.910492 | G68: 3.3392264 | H68: 33.958524 | I68: 4.5593167 | J68: 34.960821 | K68: 4.4245895 | L68: 41.332314 | M68: 3.5045004 | N68: 5.4218229 | O68: 5.4859371 | P68: 36.684113 | Q68: 1.8655476 | R68: m | S68: m | T68: 36.284418 | U68: 5.1496138 | V68: -0.39969428 | W68: 5.5303248
A69: Hong Kong (China)* | B69: 110 | C69: 74.262413 | D69: 66.495828 | E69: 3.3117482 | F69: 63.895103 | G69: 8.2766002 | H69: 69.322199 | I69: 8.184789 | J69: 59.879781 | K69: 8.9860738 | L69: 72.937493 | M69: 10.138808 | N69: 9.0423904 | O69: 12.717522 | P69: 61.567497 | Q69: 10.709434 | R69: 66.095102 | S69: 3.659999 | T69: m | U69: m | V69: 4.5276048 | W69: 11.525864
A70: Indonesia | B70: 284 | C70: 73.219376 | D70: 32.948012 | E70: 2.8293481 | F70: 23.944747 | G70: 4.7615775 | H70: 35.644966 | I70: 6.1532489 | J70: 39.989777 | K70: 8.7432643 | L70: 32.32516 | M70: 9.930419 | N70: 8.3804129 | O70: 10.507189 | P70: 39.069204 | Q70: 3.8517525 | R70: 30.72062 | S70: 5.9966748 | T70: 17.404254 | U70: 4.3953069 | V70: -13.926632 | W70: 5.6145803
A71: Jordan | B71: 300 | C71: 96.009361 | D71: 33.031887 | E71: 2.2723153 | F71: 30.876056 | G71: 5.0015196 | H71: 33.62838 | I71: 4.3626298 | J71: 36.902093 | K71: 4.6875002 | L71: 30.673071 | M71: 6.5619719 | N71: -0.20298455 | O71: 8.7737179 | P71: 32.802238 | Q71: 2.6540383 | R71: m | S71: m | T71: 33.601597 | U71: 6.1689346 | V71: 0.79935874 | W71: 7.0991716
A72: Kazakhstan | B72: 516 | C72: 80.391235 | D72: 25.683143 | E72: 1.2914572 | F72: 23.438796 | G72: 2.1420991 | H72: 25.203593 | I72: 2.916155 | J72: 25.48098 | K72: 2.9295036 | L72: 28.651587 | M72: 3.2759744 | N72: 5.2127908 | O72: 3.9601356 | P72: 25.022899 | Q72: 1.1795388 | R72: 62.819363 | S72: 15.976176 | T72: m | U72: m | V72: 37.796463 | W72: 15.937514
A73: Kosovo | B73: 61 | C73: 53.516747 | D73: 14.125835 | E73: 1.0347529 | F73: 10.72616 | G73: 2.8266968 | H73: 14.771352 | I73: 3.595142 | J73: 9.4661644 | K73: 0.28559394 | L73: 21.842869 | M73: 0.82619803 | N73: 11.116708 | O73: 2.9597047 | P73: 13.77629 | Q73: 1.0607132 | R73: m | S73: m | T73: m | U73: m | V73: m | W73: m
A74: Lebanon | B74: 177 | C74: 65.721397 | D74: 41.688907 | E74: 2.3808118 | F74: 33.231887 | G74: 4.9495418 | H74: 36.287484 | I74: 7.4415007 | J74: 45.864415 | K74: 7.7350386 | L74: 51.721283 | M74: 6.8821527 | N74: 18.489396 | O74: 8.5803705 | P74: 30.695276 | Q74: 3.0054995 | R74: m | S74: m | T74: 45.51398 | U74: 4.6332319 | V74: 14.818704 | W74: 5.3199318
A75: Macao (China) | B75: 45 | C75: 100 | D75: 77.924627 | E75: 0.035791452 | F75: 88.157576 | G75: 0.068860697 | H75: 59.108201 | I75: 0.07306698 | J75: 69.130284 | K75: 0.08166975 | L75: 92.626916 | M75: 0.020264274 | N75: 4.4693392 | O75: 0.070907834 | P75: 77.397752 | Q75: 0.035538028 | R75: 76.203009 | S75: 0.042093306 | T75: m | U75: m | V75: -1.1947423 | W75: 0.055374466
A76: Malaysia | B76: 191 | C76: 100 | D76: 70.690646 | E76: 2.2131036 | F76: 62.089506 | G76: 5.2883799 | H76: 78.356194 | I76: 4.4824053 | J76: 69.41983 | K76: 5.3152348 | L76: 72.495406 | M76: 4.9889023 | N76: 10.4059 | O76: 7.4483851 | P76: 71.831267 | Q76: 2.3414615 | R76: m | S76: m | T76: 55.20824 | U76: 10.044348 | V76: -16.623027 | W76: 10.424883
A77: Malta | B77: 49 | C77: 99.911201 | D77: 71.864942 | E77: 0.1442377 | F77: 92.664737 | G77: 0.14007331 | H77: 59.117088 | I77: 0.2400826 | J77: 75.35463 | K77: 0.25165398 | L77: 62.48068 | M77: 0.28114589 | N77: -30.184057 | O77: 0.31109658 | P77: 73.675204 | Q77: 0.17101247 | R77: 70.874385 | S77: 0.17418619 | T77: 66.891176 | U77: 0.48470139 | V77: -4.0167871 | W77: 0.22474373
A78: Moldova | B78: 215 | C78: 93.595139 | D78: 32.797319 | E78: 2.3682984 | F78: 31.708687 | G78: 3.483232 | H78: 34.040159 | I78: 3.9252709 | J78: 36.378553 | K78: 6.3899143 | L78: 28.948899 | M78: 6.1964162 | N78: -2.7597885 | O78: 6.4467446 | P78: 32.769149 | Q78: 2.3844276 | R78: m | S78: m | T78: m | U78: m | V78: m | W78: m
A79: Montenegro | B79: 49 | C79: 96.651611 | D79: 46.984177 | E79: 0.028219665 | F79: 45.240508 | G79: 0.068346965 | H79: 45.474302 | I79: 0.052081282 | J79: 42.050199 | K79: 0.054183394 | L79: 54.704493 | M79: 0.066024037 | N79: 9.4639847 | O79: 0.10115712 | P79: 46.978443 | Q79: 0.028270128 | R79: m | S79: m | T79: m | U79: m | V79: m | W79: m
A80: Morocco | B80: 138 | C80: 76.628616 | D80: 28.731433 | E80: 2.8366226 | F80: 33.536277 | G80: 6.8665929 | H80: 28.323284 | I80: 7.095921 | J80: 30.47166 | K80: 8.2571146 | L80: 22.470429 | M80: 5.1818365 | N80: -11.065848 | O80: 7.6755646 | P80: 28.561772 | Q80: 3.0740135 | R80: m | S80: m | T80: 26.182968 | U80: 4.9640082 | V80: -2.3788045 | W80: 5.6948957
A81: North Macedonia | B81: 94 | C81: 88.432243 | D81: 21.06807 | E81: 0.062380342 | F81: 21.073924 | G81: 0.16013926 | H81: 20.409666 | I81: 0.15906265 | J81: 8.8897769 | K81: 0.08945012 | L81: 33.549524 | M81: 0.18712929 | N81: 12.475599 | O81: 0.24092084 | P81: 21.094642 | Q81: 0.06391327 | R81: m | S81: m | T81: 49.84754 | U81: 0.96757036 | V81: 28.752898 | W81: 0.97596465
A82: Panama | B82: 135 | C82: 66.411171 | D82: 35.351475 | E82: 2.4823395 | F82: 35.702625 | G82: 7.5534731 | H82: 26.082906 | I82: 5.7343506 | J82: 23.560025 | K82: 3.4160645 | L82: 55.976308 | M82: 6.2255667 | N82: 20.273683 | O82: 8.6972609 | P82: 28.812165 | Q82: 2.1810636 | R82: m | S82: m | T82: 61.104863 | U82: 7.8305363 | V82: 32.292698 | W82: 8.1147995
A83: Peru | B83: 323 | C83: 97.680542 | D83: 44.466421 | E83: 1.9100704 | F83: 43.255925 | G83: 4.3219848 | H83: 44.482936 | I83: 3.4901914 | J83: 39.362912 | K83: 4.7089137 | L83: 50.885207 | M83: 4.2696517 | N83: 7.6292816 | O83: 6.1290095 | P83: 43.167467 | Q83: 2.1755544 | R83: m | S83: m | T83: 48.795366 | U83: 4.209731 | V83: 5.6278989 | W83: 4.7893159
A84: Philippines | B84: 183 | C84: 98.078941 | D84: 59.28619 | E84: 2.8493078 | F84: 53.746535 | G84: 5.9150867 | H84: 61.4363 | I84: 7.6713876 | J84: 70.83854 | K84: 6.821769 | L84: 51.405226 | M84: 5.0449484 | N84: -2.3413089 | O84: 7.9428134 | P84: 60.905902 | Q84: 3.2233825 | R84: 50.094631 | S84: 8.5977605 | T84: 53.62141 | U84: 7.4430169 | V84: -9.1269478 | W84: 6.3313478
A85: Qatar | B85: 136 | C85: 85.952011 | D85: 68.241318 | E85: 0.057336479 | F85: 47.307598 | G85: 0.99556295 | H85: 73.203897 | I85: 0.54940067 | J85: 75.011238 | K85: 0.11980823 | L85: 77.595278 | M85: 0.13776656 | N85: 30.28768 | O85: 0.99070952 | P85: 61.33428 | Q85: 0.052483863 | R85: m | S85: m | T85: 75.267004 | U85: 0.10599534 | V85: 13.932723 | W85: 0.1195428
A86: Romania | B86: 140 | C86: 92.605797 | D86: 30.331071 | E86: 2.4900576 | F86: 35.050061 | G86: 5.5650031 | H86: 25.535247 | I86: 5.8097657 | J86: 32.364204 | K86: 7.0707373 | L86: 28.413238 | M86: 5.0393446 | N86: -6.636823 | O86: 7.1568414 | P86: 29.981074 | Q86: 2.5151136 | R86: m | S86: m | T86: m | U86: m | V86: m | W86: m
A87: Russia | B87: 235 | C87: 91.496651 | D87: 30.149288 | E87: 1.90979 | F87: 22.768325 | G87: 3.3760654 | H87: 23.295987 | I87: 4.3588164 | J87: 32.146284 | K87: 4.9444151 | L87: 42.53457 | M87: 5.4247027 | N87: 19.766245 | O87: 6.5992155 | P87: 30.149288 | Q87: 1.90979 | R87: m | S87: m | T87: m | U87: m | V87: m | W87: m
A88: Saudi Arabia | B88: 162 | C88: 77.276443 | D88: 66.641586 | E88: 2.5627588 | F88: 55.239446 | G88: 6.5999846 | H88: 59.332052 | I88: 6.7210376 | J88: 71.643164 | K88: 5.6326634 | L88: 80.629683 | M88: 5.089824 | N88: 25.390237 | O88: 8.6022736 | P88: 64.127141 | Q88: 2.8653277 | R88: m | S88: m | T88: 75.211931 | U88: 6.8657055 | V88: 11.08479 | W88: 7.521662
A89: Serbia | B89: 177 | C89: 98.513496 | D89: 52.139064 | E89: 2.1809217 | F89: 52.122002 | G89: 4.0998037 | H89: 43.136115 | I89: 4.8742735 | J89: 55.425898 | K89: 4.7620188 | L89: 57.904694 | M89: 5.0674617 | N89: 5.7826929 | O89: 6.2897344 | P89: 52.834462 | Q89: 2.07717 | R89: m | S89: m | T89: 31.32055 | U89: 13.29216 | V89: -21.513913 | W89: 13.364642
A90: Singapore | B90: 166 | C90: 100 | D90: 81.301266 | E90: 0.80739115 | F90: 91.240758 | G90: 0.17742486 | H90: 89.007842 | I90: 1.6104581 | J90: 76.051255 | K90: 2.3651706 | L90: 69.020714 | M90: 3.9889777 | N90: -22.220044 | O90: 3.9806411 | P90: 83.466659 | Q90: 0.091368074 | R90: m | S90: m | T90: 54.176905 | U90: 10.659038 | V90: -29.289754 | W90: 10.626705
A91: Chinese Taipei | B91: 178 | C91: 92.986954 | D91: 59.810743 | E91: 2.6036212 | F91: 59.831922 | G91: 4.2569698 | H91: 60.618144 | I91: 6.281253 | J91: 51.738357 | K91: 6.4775934 | L91: 66.89769 | M91: 5.8968102 | N91: 7.0657678 | O91: 7.0643801 | P91: 54.116121 | Q91: 3.3853509 | R91: 67.689092 | S91: 6.1544627 | T91: 72.485569 | U91: 4.9054016 | V91: 16.639591 | W91: 4.7560986
A92: Thailand | B92: 204 | C92: 92.950508 | D92: 79.325285 | E92: 2.106027 | F92: 79.487671 | G92: 4.8691243 | H92: 72.124203 | I92: 4.8852871 | J92: 79.111759 | K92: 5.7755287 | L92: 86.569918 | M92: 3.7982773 | N92: 7.0822475 | O92: 5.699765 | P92: 83.660164 | Q92: 1.9623184 | R92: 41.98944 | S92: 6.4591098 | T92: 76.40062 | U92: 10.512438 | V92: -25.909413 | W92: 7.3550599
A93: Ukraine | B93: 250 | C93: 100 | D93: 22.260974 | E93: 1.5482049 | F93: 23.87312 | G93: 3.6821736 | H93: 20.721359 | I93: 3.897494 | J93: 20.277065 | K93: 3.3472549 | L93: 24.116822 | M93: 3.9018645 | N93: 0.24370126 | O93: 5.3610846 | P93: 22.401305 | Q93: 1.5602066 | R93: m | S93: m | T93: m | U93: m | V93: m | W93: m
A94: United Arab Emirates | B94: 580 | C94: 89.194641 | D94: 84.406392 | E94: 1.1760642 | F94: 89.055284 | G94: 1.0203779 | H94: 85.46972 | I94: 1.3191799 | J94: 83.66334 | K94: 2.1124023 | L94: 79.219856 | M94: 4.43768 | N94: -9.835428 | O94: 4.5782174 | P94: 96.3818 | Q94: 0.34355746 | R94: m | S94: m | T94: 77.616285 | U94: 1.7595496 | V94: -18.765514 | W94: 1.809685
A95: Uruguay | B95: 189 | C95: 100 | D95: 20.224302 | E95: 1.6522104 | F95: 21.730926 | G95: 3.1150807 | H95: 16.638888 | I95: 3.0764057 | J95: 20.101479 | K95: 3.2592478 | L95: 22.55404 | M95: 4.472421 | N95: 0.82311373 | O95: 5.4452181 | P95: 18.016884 | Q95: 1.3659323 | R95: m | S95: m | T95: 29.47598 | U95: 6.5123292 | V95: 11.459096 | W95: 6.638893
A96: Viet Nam | B96: 123 | C96: 95.170952 | D96: 56.5883 | E96: 3.9886391 | F96: 59.405689 | G96: 8.8198325 | H96: 60.52473 | I96: 8.9472518 | J96: 53.094851 | K96: 8.103555 | L96: 53.441462 | M96: 8.3770554 | N96: -5.9642272 | O96: 12.208914 | P96: 56.650098 | Q96: 3.8508644 | R96: m | S96: m | T96: 55.453612 | U96: 25.661655 | V96: -1.1964866 | W96: 25.675198
A104: *Honk Kong (China), Netherlands, Portugal and United States: Data did not meet the PISA technical standards but were accepted as largely comparable (see Annexes A2 and A4).
A105: Information on data for Cyprus: https://oe.cd/cyprus-disclaimer
A106: 1. In this chapter, all analyses are restricted to schools with the modal ISCED level for 15-year-old students. Results may thus differ from those estimated on the entire sample of 15-year-old students.
A107: 2. Coverage refers to the weighted share of students in the PISA sample who attend modal grade schools (see Table in Annex C1). It is equal to 100% if all schools in the PISA sample are included in the analysis and no student has a missing response. For countries with a low value in the coverage index, comparisons should be interpreted with caution.
A108: 3. The socio-economic profile is measured by the school's average PISA index of economic, social and cultural status (ESCS).
A109: 4. The calculation "Private-Public" is the difference between private government-dependent and independent schools combined, and public schools.
A110: Private schools refer to schools managed directly or indirectly by a non-governmental organisation, such as a church, trade union, business or other private institution. Privately managed schools are classified as independent when at least 50% of the funding comes from private sources; they are classified as government-dependent when at least 50% of the funding comes from the government (including departments, local, regional, state and national). The classification is based on the school principal’s report.
A111: Note: Values that are statistically significant are indicated in bold (see Annex A3).

Sheet Table II.B1.5.7
A1: PISA 2018 Results (Volume II) - © OECD 2019
A2: Annex B1 | B2: Annex B1.5 Results (tables): How do schools compensate for socio-economic disadvantage?
A3: Version 2 - Last updated: 02-Dec-2019
A4: Disclaimer: http://oe.cd/disclaimer
A6: Table II.B1.5.7
A7: Teacher absenteeism, by school characteristics
A8: Results based on school principals’ reports
B11: All schools1 | F11: Percentage of students in schools whose principal reported that the school's capacity to provide instruction is hindered at least to some extent by teacher absenteeism, by schools' socio-economic profile3 | P11: Percentage of students in schools whose principal reported that the school's capacity to provide instruction is hindered at least to some extent by teacher absenteeism, by type of school
B12: Sample size | C12: Coverage2 | D12: Percentage of students in schools whose principal reported that the school's capacity to provide instruction is hindered at least to some extent by teacher absenteeism
F13: Bottom quarter | H13: Second quarter | J13: Third quarter | L13: Top quarter | N13: Top - bottom quarter | P13: Public | R13: Private government-dependent | T13: Private independent | V13: Private-Public4
B14: Number of schools | C14: % | D14: % | E14: S.E. | F14: % | G14: S.E. | H14: % | I14: S.E. | J14: % | K14: S.E. | L14: % | M14: S.E. | N14: % dif. | O14: S.E. | P14: % | Q14: S.E. | R14: % | S14: S.E. | T14: % | U14: S.E. | V14: % dif. | W14: S.E.
A15: OECD
A16: Australia | B16: 692 | C16: 90.98613 | D16: 19.451357 | E16: 1.3347567 | F16: 28.177672 | G16: 3.6811689 | H16: 24.839144 | I16: 3.7508388 | J16: 20.703676 | K16: 3.8452725 | L16: 5.1703569 | M16: 2.0303784 | N16: -23.007315 | O16: 4.2807303 | P16: 22.94575 | Q16: 1.7763804 | R16: 19.431603 | S16: 3.0609035 | T16: 6.8441452 | U16: 2.7928821 | V16: -8.3678879 | W16: 2.9754625
A17: Austria | B17: 291 | C17: m | D17: 17.613234 | E17: 2.6640236 | F17: m | G17: m | H17: m | I17: m | J17: m | K17: m | L17: m | M17: m | N17: m | O17: m | P17: m | Q17: m | R17: m | S17: m | T17: m | U17: m | V17: m | W17: m
A18: Belgium | B18: 255 | C18: 91.979881 | D18: 42.419734 | E18: 2.9400621 | F18: 64.980426 | G18: 5.7794958 | H18: 33.169147 | I18: 7.0316955 | J18: 35.931122 | K18: 5.8466809 | L18: 35.048658 | M18: 5.8334983 | N18: -29.931768 | O18: 8.4836397 | P18: m | Q18: m | R18: m | S18: m | T18: m | U18: m | V18: m | W18: m
A19: Canada | B19: 772 | C19: 96.671944 | D19: 19.371151 | E19: 2.1276819 | F19: 19.605639 | G19: 4.2326966 | H19: 21.595951 | I19: 5.3181644 | J19: 17.658403 | K19: 5.2643547 | L19: 19.08111 | M19: 5.7727963 | N19: -0.52452929 | O19: 6.3698231 | P19: 20.353408 | Q19: 2.2257004 | R19: 9.5542178 | S19: 6.4970754 | T19: 7.8271678 | U19: 4.9441968 | V19: -11.841383 | W19: 4.5209689
A20: Chile | B20: 200 | C20: 84.198402 | D20: 34.902009 | E20: 3.9963233 | F20: 41.608594 | G20: 9.0551084 | H20: 49.995518 | I20: 9.4333189 | J20: 22.082234 | K20: 7.7391597 | L20: 25.907092 | M20: 6.3974813 | N20: -15.701502 | O20: 10.738962 | P20: 54.712896 | Q20: 8.3544868 | R20: 26.115344 | S20: 5.2896533 | T20: 20.953469 | U20: 6.2684573 | V20: -29.705779 | W20: 9.5835698
A21: Colombia | B21: 245 | C21: 98.989761 | D21: 31.806089 | E21: 3.2921173 | F21: 50.256176 | G21: 9.9034704 | H21: 30.357686 | I21: 8.0049073 | J21: 29.042964 | K21: 8.5093446 | L21: 18.408054 | M21: 7.0398826 | N21: -31.848122 | O21: 12.427058 | P21: 36.978817 | Q21: 3.7842425 | R21: m | S21: m | T21: 10.005261 | U21: 3.8546778 | V21: -26.973557 | W21: 5.2789616
A22: Czech Republic | B22: 325 | C22: 97.529976 | D22: 12.055532 | E22: 1.5804263 | F22: 11.916133 | G22: 3.6641698 | H22: 8.1905063 | I22: 4.6075318 | J22: 14.490785 | K22: 5.6177745 | L22: 13.743664 | M22: 3.820882 | N22: 1.8275303 | O22: 5.6538373 | P22: 12.430227 | Q22: 1.68221 | R22: 8.1354521 | S22: 5.8531403 | T22: m | U22: m | V22: -4.2947752 | W22: 6.1400289
A23: Denmark | B23: 256 | C23: 76.751579 | D23: 17.328189 | E23: 2.6766681 | F23: 20.292455 | G23: 7.0728715 | H23: 19.364889 | I23: 8.6963437 | J23: 11.787989 | K23: 4.8569898 | L23: 18.031413 | M23: 5.9378478 | N23: -2.2610417 | O23: 9.1158983 | P23: 23.187628 | Q23: 3.5461767 | R23: 3.850183 | S23: 2.6632119 | T23: 0 | U23: c | V23: -20.171721 | W23: 3.9913021
A24: Estonia | B24: 224 | C24: 99.549774 | D24: 19.725968 | E24: 1.5211041 | F24: 19.751458 | G24: 4.3208415 | H24: 20.613453 | I24: 4.2532683 | J24: 21.927409 | K24: 4.3776127 | L24: 16.62722 | M24: 0.91693823 | N24: -3.1242381 | O24: 4.3856441 | P24: 20.538471 | Q24: 1.5668262 | R24: 0 | S24: c | T24: 0 | U24: c | V24: -20.538471 | W24: 1.5668262
A25: Finland | B25: 210 | C25: 99.331734 | D25: 12.774505 | E25: 2.3312558 | F25: 12.236207 | G25: 4.0950143 | H25: 13.201622 | I25: 4.6591216 | J25: 14.814117 | K25: 5.1859137 | L25: 10.805446 | M25: 4.7198109 | N25: -1.4307619 | O25: 5.7834077 | P25: 12.764224 | Q25: 2.3575272 | R25: 13.021139 | S25: 13.342511 | T25: m | U25: m | V25: 0.25691535 | W25: 13.473276
A26: France | B26: 164 | C26: 76.704636 | D26: 12.408057 | E26: 2.4520604 | F26: 20.624059 | G26: 6.9195236 | H26: 5.3595417 | I26: 4.9259944 | J26: 14.736805 | K26: 6.3676841 | L26: 8.536599 | M26: 2.7408935 | N26: -12.08746 | O26: 8.3302257 | P26: 13.429605 | Q26: 3.1026317 | R26: 0.75060917 | S26: 0.79135524 | T26: 0 | U26: c | V26: -13.039791 | W26: 3.1272321
A27: Germany | B27: 185 | C27: 82.185364 | D27: 41.759309 | E27: 3.5705209 | F27: 44.2675 | G27: 8.1206989 | H27: 64.676338 | I27: 8.4993029 | J27: 27.703062 | K27: 8.7412143 | L27: 30.382119 | M27: 7.2230385 | N27: -13.885381 | O27: 10.369491 | P27: 42.153215 | Q27: 3.6287579 | R27: 29.799167 | S27: 18.805785 | T27: m | U27: m | V27: -12.354048 | W27: 19.08292
A28: Greece | B28: 205 | C28: 95.011642 | D28: 14.028849 | E28: 2.6211264 | F28: 8.0487018 | G28: 4.1382405 | H28: 20.191581 | I28: 6.62665 | J28: 13.601464 | K28: 7.2092102 | L28: 14.485162 | M28: 4.6003963 | N28: 6.4364603 | O28: 6.2765181 | P28: 14.332285 | Q28: 2.725132 | R28: m | S28: m | T28: 9.6941539 | U28: 9.9871812 | V28: -4.6381313 | W28: 10.42402
A29: Hungary | B29: 160 | C29: 88.938301 | D29: 5.1626907 | E29: 1.7577031 | F29: 7.5649665 | G29: 4.4564337 | H29: 3.7939625 | I29: 3.1296186 | J29: 6.5263844 | K29: 3.935338 | L29: 2.7082046 | M29: 2.7440962 | N29: -4.856762 | O29: 5.1592701 | P29: 6.1512889 | Q29: 2.1918211 | R29: 1.7889165 | S29: 1.871595 | T29: m | U29: m | V29: -4.3623725 | W29: 2.8553237
A30: Iceland | B30: 127 | C30: 98.69754 | D30: 29.172388 | E30: 0.23219536 | F30: 19.762607 | G30: 0.49800499 | H30: 29.243432 | I30: 0.37690082 | J30: 39.321321 | K30: 0.45511686 | L30: 28.554678 | M30: 0.25385644 | N30: 8.7920711 | O30: 0.5709091 | P30: 29.812595 | Q30: 0.2304444 | R30: m | S30: m | T30: m | U30: m | V30: m | W30: m
A31: Ireland | B31: 155 | C31: 98.883636 | D31: 19.600022 | E31: 3.2455191 | F31: 30.429074 | G31: 6.9565767 | H31: 15.795184 | I31: 6.7906284 | J31: 19.021972 | K31: 6.5884282 | L31: 13.46346 | M31: 5.6425633 | N31: -16.965614 | O31: 8.8373552 | P31: m | Q31: m | R31: m | S31: m | T31: m | U31: m | V31: m | W31: m
A32: Israel | B32: 161 | C32: 93.866837 | D32: 46.320045 | E32: 4.3739677 | F32: 46.559698 | G32: 8.944351 | H32: 43.137631 | I32: 8.3102819 | J32: 59.520823 | K32: 10.719289 | L32: 35.986552 | M32: 7.8426758 | N32: -10.573146 | O32: 11.692514 | P32: 46.320045 | Q32: 4.3739677 | R32: m | S32: m | T32: m | U32: m | V32: m | W32: m
A33: Italy | B33: 490 | C33: 94.678024 | D33: 11.428667 | E33: 2.0568946 | F33: 16.980318 | G33: 5.354207 | H33: 6.9395065 | I33: 5.0549796 | J33: 15.124429 | K33: 5.5284915 | L33: 6.488221 | M33: 3.3966889 | N33: -10.492097 | O33: 6.2071054 | P33: 11.849635 | Q33: 2.1276106 | R33: 1.4798239 | S33: 0.75702321 | T33: 0 | U33: c | V33: -11.241196 | W33: 2.120501
A34: Japan | B34: 183 | C34: 100 | D34: 6.3572725 | E34: 1.8226517 | F34: 6.7187863 | G34: 3.2666131 | H34: 8.8803789 | I34: 4.5137952 | J34: 3.2225478 | K34: 3.759135 | L34: 6.6938869 | M34: 3.8336233 | N34: -0.024899374 | O34: 5.1236569 | P34: 1.470535 | Q34: 1.0419307 | R34: 26.532598 | S34: 15.784937 | T34: 14.694531 | U34: 5.0964498 | V34: 14.497295 | W34: 5.128386
A35: Korea | B35: 153 | C35: 83.323898 | D35: 4.8783589 | E35: 1.7307766 | F35: 3.6166735 | G35: 2.4119175 | H35: 10.310777 | I35: 5.4908487 | J35: 2.9333448 | K35: 4.7917649 | L35: 2.5915751 | M35: 3.9692157 | N35: -1.0250985 | O35: 4.7366493 | P35: 5.1840728 | Q35: 2.2591616 | R35: 5.231519 | S35: 2.9904759 | T35: 0 | U35: c | V35: -0.71731893 | W35: 3.2969294
A36: Latvia | B36: 292 | C36: 95.217674 | D36: 8.5453408 | E36: 1.3515143 | F36: 4.5538975 | G36: 2.4196365 | H36: 5.9168846 | I36: 2.1059038 | J36: 8.0053666 | K36: 3.2399356 | L36: 15.837581 | M36: 2.6119871 | N36: 11.283683 | O36: 3.0552385 | P36: 8.6645589 | Q36: 1.3697084 | R36: m | S36: m | T36: m | U36: m | V36: m | W36: m
A37: Lithuania | B37: 360 | C37: 99.716499 | D37: 1.2988674 | E37: 0.26176751 | F37: 0.6780585 | G37: 0.71526985 | H37: 0.22860148 | I37: 0.046927806 | J37: 1.1754342 | K37: 0.1218651 | L37: 3.1277479 | M37: 0.73748469 | N37: 2.4496894 | O37: 1.0206224 | P37: 1.3554226 | Q37: 0.27236674 | R37: 0 | S37: c | T37: m | U37: m | V37: -1.3554226 | W37: 0.27236674
A38: Luxembourg | B38: 42 | C38: 95.988121 | D38: 4.7734612 | E38: 0.045182868 | F38: 9.4158015 | G38: 0.58480731 | H38: 9.4658496 | I38: 0.58725407 | J38: 0 | K38: c | L38: 0 | M38: c | N38: -9.4158015 | O38: 0.58480731 | P38: 5.8515526 | Q38: 0.05411589 | R38: 0 | S38: c | T38: m | U38: m | V38: -5.8515526 | W38: 0.05411589
A39: Mexico | B39: 209 | C39: 78.5355 | D39: 15.204891 | E39: 2.7302397 | F39: 8.1258477 | G39: 4.6676454 | H39: 19.262725 | I39: 6.4690749 | J39: 26.562658 | K39: 7.4488057 | L39: 6.2301741 | M39: 4.123491 | N39: -1.8956735 | O39: 6.5615382 | P39: 17.439846 | Q39: 3.1304257 | R39: m | S39: m | T39: 0 | U39: c | V39: -17.439846 | W39: 3.1304257
A40: Netherlands* | B40: 145 | C40: 93.125473 | D40: 46.93942 | E40: 4.8731647 | F40: 34.036419 | G40: 8.3688078 | H40: 52.810926 | I40: 11.734735 | J40: 47.812512 | K40: 12.637848 | L40: 53.646541 | M40: 11.034731 | N40: 19.610122 | O40: 13.113976 | P40: 51.832979 | Q40: 7.5499014 | R40: 44.5837 | S40: 5.7571978 | T40: m | U40: m | V40: -7.2492787 | W40: 8.8919995
A41: New Zealand | B41: 183 | C41: 95.555328 | D41: 9.773421 | E41: 1.9872043 | F41: 20.237242 | G41: 5.9150586 | H41: 7.0770085 | I41: 5.2402919 | J41: 4.7762501 | K41: 3.2148477 | L41: 6.8190827 | M41: 4.3846944 | N41: -13.418159 | O41: 7.2662056 | P41: 10.404826 | Q41: 2.1111714 | R41: m | S41: m | T41: 0 | U41: c | V41: -10.404826 | W41: 2.1111714
A42: Norway | B42: 243 | C42: 97.620384 | D42: 30.728619 | E42: 3.0624616 | F42: 42.899414 | G42: 7.7670772 | H42: 22.128926 | I42: 10.134049 | J42: 29.033406 | K42: 9.794661 | L42: 29.051103 | M42: 6.8153268 | N42: -13.848311 | O42: 10.890251 | P42: w | Q42: w | R42: w | S42: w | T42: w | U42: w | V42: w | W42: w
A43: Poland | B43: 229 | C43: 98.568817 | D43: 9.3153308 | E43: 1.8992228 | F43: 7.4335191 | G43: 3.8136774 | H43: 11.807893 | I43: 4.9587434 | J43: 11.880992 | K43: 5.900436 | L43: 6.1563809 | M43: 3.5885468 | N43: -1.2771382 | O43: 5.222398 | P43: 9.7595939 | Q43: 1.9954623 | R43: 0 | S43: c | T43: m | U43: m | V43: -9.7595939 | W43: 1.9954623
A44: Portugal* | B44: 231 | C44: 87.482239 | D44: 12.935513 | E44: 2.7055801 | F44: 5.7055802 | G44: 2.5984577 | H44: 17.789457 | I44: 7.5124595 | J44: 14.632069 | K44: 7.4102012 | L44: 13.729116 | M44: 5.8913374 | N44: 8.0235356 | O44: 6.4241434 | P44: 14.57564 | Q44: 3.0605447 | R44: 8.2199611 | S44: 5.5224677 | T44: 0 | U44: c | V44: -10.550595 | W44: 3.941795
A45: Slovak Republic | B45: 355 | C45: 94.661209 | D45: 6.8806021 | E45: 1.4825843 | F45: 4.804244 | G45: 2.2426414 | H45: 4.2280345 | I45: 3.5945975 | J45: 3.6759073 | K45: 2.9717546 | L45: 14.813619 | M45: 4.4613709 | N45: 10.009375 | O45: 5.4448181 | P45: 6.8008919 | Q45: 1.6918439 | R45: 8.0398089 | S45: 4.96821 | T45: m | U45: m | V45: 1.238917 | W45: 5.5869631
A46: Slovenia | B46: 276 | C46: 87.400063 | D46: 22.836494 | E46: 0.15449962 | F46: 31.069084 | G46: 0.34847868 | H46: 32.377639 | I46: 0.3188058 | J46: 11.977599 | K46: 0.17713658 | L46: 16.000664 | M46: 0.32835926 | N46: -15.06842 | O46: 0.47437529 | P46: 21.954852 | Q46: 0.14885082 | R46: 55.120418 | S46: 1.171662 | T46: m | U46: m | V46: 33.165566 | W46: 1.1843147
A47: Spain | B47: 1053 | C47: 97.360329 | D47: 7.3234015 | E47: 1.1739834 | F47: 13.555632 | G47: 3.3491022 | H47: 6.7766489 | I47: 2.0354344 | J47: 4.0672529 | K47: 1.6981444 | L47: 4.8970513 | M47: 2.4985773 | N47: -8.6585808 | O47: 4.0802122 | P47: 10.151338 | Q47: 1.616741 | R47: 1.0269961 | S47: 0.80982984 | T47: 2.5618635 | U47: 1.5081869 | V47: -8.8184667 | W47: 1.5556246
A48: Sweden | B48: 201 | C48: 96.093132 | D48: 20.754745 | E48: 2.9209071 | F48: 40.970259 | G48: 7.6217044 | H48: 24.815068 | I48: 7.444874 | J48: 10.537007 | K48: 5.4743655 | L48: 6.680944 | M48: 3.7244294 | N48: -34.289315 | O48: 8.5222532 | P48: 21.683925 | Q48: 3.3324439 | R48: 16.832472 | S48: 6.1089727 | T48: m | U48: m | V48: -4.8514528 | W48: 6.961196
A49: Switzerland | B49: 156 | C49: 73.879913 | D49: 6.1899215 | E49: 2.1971758 | F49: 2.3493035 | G49: 3.2131857 | H49: 8.4633521 | I49: 5.3678482 | J49: 3.3272632 | K49: 3.4909515 | L49: 10.551602 | M49: 6.0284847 | N49: 8.2022984 | O49: 6.417295 | P49: 6.4309638 | Q49: 2.3182427 | R49: m | S49: m | T49: 2.1809926 | U49: 2.1158772 | V49: -4.2499712 | W49: 3.1239342
A50: Turkey | B50: 179 | C50: 99.083199 | D50: 6.9231319 | E50: 2.0079597 | F50: 4.3454028 | G50: 3.5396827 | H50: 6.4183774 | I50: 4.7629086 | J50: 13.832247 | K50: 6.1999169 | L50: 2.8371949 | M50: 4.2009893 | N50: -1.5082079 | O50: 5.5420605 | P50: 7.8497947 | Q50: 2.2777359 | R50: m | S50: m | T50: 0 | U50: c | V50: -7.8497947 | W50: 2.2777359
A51: United Kingdom | B51: 389 | C51: 78.887108 | D51: 20.502123 | E51: 2.9458043 | F51: 21.769915 | G51: 6.0989472 | H51: 29.013672 | I51: 8.7238361 | J51: 11.529719 | K51: 6.7462264 | L51: 21.082896 | M51: 7.4644999 | N51: -0.68701874 | O51: 9.6456177 | P51: 25.542597 | Q51: 4.5237659 | R51: 14.642948 | S51: 3.7759424 | T51: 21.51733 | U51: 12.50004 | V51: -9.8779696 | W51: 5.8840186
A52: United States* | B52: 146 | C52: 88.792435 | D52: 14.120238 | E52: 2.8406276 | F52: 25.356597 | G52: 8.2453165 | H52: 19.323718 | I52: 7.3750997 | J52: 9.6164935 | K52: 5.1901193 | L52: 2.5290833 | M52: 3.2060478 | N52: -22.827513 | O52: 9.1422249 | P52: 14.517782 | Q52: 3.0203985 | R52: m | S52: m | T52: 11.58386 | U52: 8.3673763 | V52: -2.9339214 | W52: 8.8804865
A53: OECD average | B53: m | C53: m | D53: 17.935377 | E53: 0.41019663 | F53: 20.852871 | G53: 0.91543713 | H53: 19.654473 | I53: 1.0293635 | J53: 16.738695 | K53: 1.0043432 | L53: 14.630674 | M53: 0.82319124 | N53: -6.2221975 | O53: 1.2256933 | P53: 18.467614 | Q53: 0.5453565 | R53: 12.789429 | S53: 1.4137691 | T53: 5.6769881 | U53: 1.1104272 | V53: -7.342681 | W53: 1.1756247
A54: Partners
A55: Albania | B55: 324 | C55: 99.528152 | D55: 4.7606029 | E55: 1.2833615 | F55: 7.6005249 | G55: 3.5229709 | H55: 2.59438 | I55: 1.686756 | J55: 5.4154887 | K55: 3.305667 | L55: 3.30852 | M55: 3.0272617 | N55: -4.2920049 | O55: 4.4600823 | P55: 5.3561916 | Q55: 1.4482815 | R55: m | S55: m | T55: 0 | U55: c | V55: -5.3561916 | W55: 1.4482815
A56: Argentina | B56: 440 | C56: 96.695183 | D56: 53.711856 | E56: 3.1647767 | F56: 57.6585 | G56: 7.1158939 | H56: 67.793635 | I56: 6.1481938 | J56: 60.933307 | K56: 6.3015473 | L56: 28.327061 | M56: 6.168617 | N56: -29.33144 | O56: 9.1729342 | P56: 64.975702 | Q56: 3.5801592 | R56: 32.687638 | S56: 6.4649384 | T56: 20.065379 | U56: 10.607053 | V56: -35.733663 | W56: 6.7327632
