Workbook

Sheet TOC
A1: PISA 2018 Results (Volume III) - © OECD 2019
A2: Annex B1 | B2: Annex B1.8 Results (tables): Student co-operation and competition
A3: Version 2 - Last updated: 02-Dec-2019
A4: Disclaimer: http://oe.cd/disclaimer
A6: TOC | B6: PISA 2018 Results - Volume III
A8: Chapter 8 | B8: Student co-operation and competition
A9: Tables
A11: ='Table III.B1.8.1'!A6 -> Table III.B1.8.1 | B11: ='Table III.B1.8.1'!$A$7 -> Student co-operation
A12: ='Table III.B1.8.2'!A6 -> Table III.B1.8.2 | B12: ='Table III.B1.8.2'!$A$7 -> Student competition
A13: ='Table III.B1.8.3'!A6 -> Table III.B1.8.3 | B13: ='Table III.B1.8.3'!$A$7 -> Difference between student co-operation and competition
A14: ='Table III.B1.8.4'!A6 -> Table III.B1.8.4 | B14: ='Table III.B1.8.4'!$A$7 -> Prevalence of student co-operation in schools
A15: ='Table III.B1.8.5'!A6 -> Table III.B1.8.5 | B15: ='Table III.B1.8.5'!$A$7 -> Prevalence of student competition in schools
A16: ='Table III.B1.8.6'!A6 -> Table III.B1.8.6 | B16: ='Table III.B1.8.6'!$A$7 -> Student co-operation, by student characteristics
A17: ='Table III.B1.8.7'!A6 -> Table III.B1.8.7 | B17: ='Table III.B1.8.7'!$A$7 -> Student competition, by student characteristics
A18: ='Table III.B1.8.8'!A6 -> Table III.B1.8.8 | B18: ='Table III.B1.8.8'!$A$7 -> Student co-operation, by school characteristics
A19: ='Table III.B1.8.9'!A6 -> Table III.B1.8.9 | B19: ='Table III.B1.8.9'!$A$7 -> Student competition, by school characteristics
A20: ='Table III.B1.8.10'!A6 -> Table III.B1.8.10 | B20: ='Table III.B1.8.10'!$A$7 -> Student co-operation and reading performance
A21: ='Table III.B1.8.11'!A6 -> Table III.B1.8.11 | B21: ='Table III.B1.8.11'!$A$7 -> Student competition and reading performance
A22: ='Table III.B1.8.12'!A6 -> Table III.B1.8.12 | B22: ='Table III.B1.8.12'!$A$7 -> School-level co-operation and reading performance
A23: ='Table III.B1.8.13'!A6 -> Table III.B1.8.13 | B23: ='Table III.B1.8.13'!$A$7 -> School-level competition and reading performance
A24: ='Table III.B1.8.14'!A6 -> Table III.B1.8.14 | B24: ='Table III.B1.8.14'!$A$7 -> Students' attitudes towards competition and reading performance
A25: ='Table III.B1.8.15'!A6 -> Table III.B1.8.15 | B25: ='Table III.B1.8.15'!$A$7 -> Association between student competition and student outcomes, by students' attitudes towards competition
A26: ='Table III.B1.8.16'!A6 -> Table III.B1.8.16 | B26: ='Table III.B1.8.16'!$A$7 -> Association between student competition and student outcomes, by gender
A29: Symbols for missing data
A30: c: There were too few observations to provide reliable estimates (i.e. there were fewer than 30 students or fewer than 5 schools with valid data).
A31: m: Data are not available. There are no observations in the sample; these data were not collected by the country; or these data were collected but subsequently removed from the publication for technical reasons.
A32: w: Results were withdrawn at the request of the country concerned.

Sheet INFORMATION ON SCALED INDICES
A1: PISA 2018 Results (Volume III) - © OECD 2019
A2: Annex B1 | B2: Annex B1.8 Results (tables): Student co-operation and competition
A3: Version 2 - Last updated: 02-Dec-2019
A4: Disclaimer: http://oe.cd/disclaimer
A6: Information on scaled indices used in PISA 2015 Results (Volume III): What School Life Means for Students’ Lives
A11: Full name of the index | B11: Name in dataset | C11: Questionnaire | D11: Item 1 | E11: Item 2 | F11: Item 3 | G11: Item 4 | H11: Item 5 | I11: Item 6 | J11: Item 7
A12: Adaptive instruction | B12: adaptivity | C12: Student | D12: ST212Q01HA | E12: ST212Q02HA | F12: ST212Q03HA
A13: Attitudes towards competition | B13: compete | C13: Student | D13: ST181Q02HA | E13: ST181Q03HA | F13: ST181Q04HA
A14: Enjoyment of reading | B14: joyread | C14: Student | D14: ST160Q01IR | E14: ST160Q02IA | F14: ST160Q03IA | G14: ST160Q04IR | H14: ST160Q05IR
A15: Exposure to bullying | B15: beingbullied | C15: Student | D15: ST038Q03NA | E15: ST038Q04NA | F15: ST038Q05NA
A16: Fear of failure | B16: gfofail | C16: Student | D16: ST183Q01HA | E16: ST183Q02HA | F16: ST183Q03HA
A17: Disciplinary climate | B17: disclima | C17: Student | D17: ST097Q01TA | E17: ST097Q02TA | F17: ST097Q03TA | G17: ST097Q04TA | H17: ST097Q05TA
A18: Learning goals | B18: mastgoal | C18: Student | D18: ST208Q01HA | E18: ST208Q02HA | F18: ST208Q04HA
A19: Meaning in life | B19: eudmo | C19: Student | D19: ST185Q01HA | E19: ST185Q02HA | F19: ST185Q03HA
A20: Motivation to master tasks | B20: workmast | C20: Student | D20: ST182Q03HA | E20: ST182Q04HA | F20: ST182Q05HA
A21: Parents’ emotional support | B21: emosups | C21: Student | D21: ST123Q02NA | E21: ST123Q03NA | F21: ST123Q04NA
A22: Parents’ perceived school quality | B22: pqschool | C22: Parent | D22: PA007Q01TR | E22: PA007Q02TR | F22: PA007Q03TR | G22: PA007Q04TR | H22: PA007Q05TR | I22: PA007Q06TR | J22: PA007Q07TR
A23: Positive feelings | B23: swbp | C23: Student | D23: ST186Q01HA | E23: ST186Q03HA | F23: ST186Q05HA
A24: School policies for parental involvement | B24: paschpol | C24: Parent | D24: PA007Q09NR | E24: PA007Q11NR | F24: PA007Q12NR | G24: PA007Q13NR | H24: PA007Q14NR | I24: PA007Q15NR
A25: Self-efficacy | B25: resilience | C25: Student | D25: ST188Q01HA | E25: ST188Q02HA | F25: ST188Q03HA | G25: ST188Q06HA | H25: ST188Q07HA
A26: Sense of belonging | B26: belong | C26: Student | D26: ST034Q01TA | E26: ST034Q02TR | F26: ST034Q03TR | G26: ST034Q04TA | H26: ST034Q05TR | I26: ST034Q06TA
A27: Shortage of educational staff | B27: staffshort | C27: School | D27: SC017Q01NA | E27: SC017Q02NA | F27: SC017Q03NA | G27: SC017Q04NA
A28: Student competition | B28: percomp | C28: Student | D28: ST205Q01HA | E28: ST205Q02HA | F28: ST205Q03HA
A29: Student co-operation | B29: percoop | C29: Student | D29: ST206Q01HA | E29: ST206Q02HA | F29: ST206Q03HA
A30: Teacher behaviour hindering learning | B30: teachbeha | C30: School | D30: SC061Q06TA | E30: SC061Q07TA | F30: SC061Q08TA | G30: SC061Q09TA | H30: SC061Q10TA
A31: Teacher enthusiasm | B31: teachint | C31: Student | D31: ST213Q01HA | E31: ST213Q02HA | F31: ST213Q03HA | G31: ST213Q04HA
A32: Teacher feedback | B32: perfeed | C32: Student | D32: ST104Q02NA | E32: ST104Q03NA | F32: ST104Q04NA
A33: Teacher support | B33: teachsup | C33: Student | D33: ST100Q01TR | E33: ST100Q02TR | F33: ST100Q03TR | G33: ST100Q04TR
A34: Teacher-directed instruction | B34: dirins | C34: Student | D34: ST102Q01TR | E34: ST102Q02TR | F34: ST102Q03TR | G34: ST102Q04TR
A35: Teachers' stimulation of reading engagement | B35: stimread | C35: Student | D35: ST152Q05IA | E35: ST152Q06IA | F35: ST152Q07IA | G35: ST152Q08IA
A36: Value of school | B36: attlnact | C36: Student | D36: ST036Q05TR | E36: ST036Q06TR | F36: ST036Q08TR

Sheet Table III.B1.8.1
A1: PISA 2018 Results (Volume III) - © OECD 2019
A2: Annex B1 | B2: Annex B1.8 Results (tables): Student co-operation and competition
A3: Version 2 - Last updated: 02-Dec-2019
A4: Disclaimer: http://oe.cd/disclaimer
A6: Table III.B1.8.1
A7: Student co-operation
A8: Based on students' reports
B11: Index of student co-operation1 | H11: Percentage of students who reported the following:
H12: Students seem to value co-operation | T12: It seems that students are co-operating with each other | AF12: Students seem to share the feeling that co-operating with each other is important | AR12: Students feel that they are encouraged to co-operate with others
B13: Average | E13: Variability | H13: Not at all true | K13: Slightly true | N13: Very true | Q13: Extremely true | T13: Not at all true | W13: Slightly true | Z13: Very true | AC13: Extremely true | AF13: Not at all true | AI13: Slightly true | AL13: Very true | AO13: Extremely true | AR13: Not at all true | AU13: Slightly true | AX13: Very true | BA13: Extremely true
B14: Mean index | C14: S.E. | E14: S.D. | F14: S.E. | H14: % | I14: S.E. | K14: % | L14: S.E. | N14: % | O14: S.E. | Q14: % | R14: S.E. | T14: % | U14: S.E. | W14: % | X14: S.E. | Z14: % | AA14: S.E. | AC14: % | AD14: S.E. | AF14: % | AG14: S.E. | AI14: % | AJ14: S.E. | AL14: % | AM14: S.E. | AO14: % | AP14: S.E. | AR14: % | AS14: S.E. | AU14: % | AV14: S.E. | AX14: % | AY14: S.E. | BA14: % | BB14: S.E.
A15: OECD
A16: Australia | B16: 0.024334781 | C16: 0.012851336 | D16: † | E16: 0.94354398 | F16: 0.0059477807 | G16: † | H16: 5.1438435 | I16: 0.21406948 | K16: 36.206514 | L16: 0.53443984 | N16: 46.724224 | O16: 0.5200378 | Q16: 11.925419 | R16: 0.4404389 | T16: 3.973716 | U16: 0.19682017 | V16: † | W16: 32.312733 | X16: 0.50354509 | Y16: † | Z16: 52.161413 | AA16: 0.46636096 | AB16: † | AC16: 11.552139 | AD16: 0.39676348 | AE16: † | AF16: 5.4908274 | AG16: 0.25082156 | AI16: 34.170075 | AJ16: 0.56414013 | AL16: 49.071183 | AM16: 0.59350749 | AO16: 11.267914 | AP16: 0.4248756 | AR16: 4.6273939 | AS16: 0.22906644 | AT16: † | AU16: 28.846279 | AV16: 0.52458495 | AW16: † | AX16: 52.102581 | AY16: 0.5057941 | AZ16: † | BA16: 14.423746 | BB16: 0.47334286 | BC16: †
A17: Austria | B17: 0.35646852 | C17: 0.020974523 | E17: 1.0108333 | F17: 0.010663883 | H17: 7.4246847 | I17: 0.49358359 | K17: 19.873032 | L17: 0.8175458 | N17: 48.406834 | O17: 0.72217695 | Q17: 24.295449 | R17: 0.7781154 | T17: 5.2051098 | U17: 0.38342807 | W17: 19.120409 | X17: 0.71132134 | Z17: 51.867266 | AA17: 0.68318898 | AC17: 23.807215 | AD17: 0.74660202 | AF17: 5.7757347 | AG17: 0.37245743 | AI17: 19.640114 | AJ17: 0.72614771 | AL17: 50.484092 | AM17: 0.77695326 | AO17: 24.100059 | AP17: 0.73200286 | AR17: 6.1610005 | AS17: 0.44261207 | AU17: 22.06786 | AV17: 0.75199958 | AX17: 48.025799 | AY17: 0.78460725 | BA17: 23.74534 | BB17: 0.64596359
A18: Belgium | B18: -0.057201043 | C18: 0.015633574 | E18: 0.97918268 | F18: 0.0076967707 | H18: 7.6893882 | I18: 0.38219388 | K18: 35.151213 | L18: 0.69312396 | N18: 48.211671 | O18: 0.70054236 | Q18: 8.947728 | R18: 0.35054233 | T18: 7.6414809 | U18: 0.36719522 | W18: 28.997262 | X18: 0.68653699 | Z18: 52.529966 | AA18: 0.68000131 | AC18: 10.831291 | AD18: 0.42036037 | AF18: 9.7690197 | AG18: 0.44353871 | AI18: 31.324975 | AJ18: 0.6010247 | AL18: 49.298594 | AM18: 0.67876405 | AO18: 9.6074117 | AP18: 0.4144099 | AR18: 12.124584 | AS18: 0.46324175 | AU18: 33.797268 | AV18: 0.6794993 | AX18: 45.244464 | AY18: 0.66716991 | BA18: 8.8336838 | BB18: 0.36680618
A19: Canada | B19: m | C19: m | E19: m | F19: m | H19: m | I19: m | K19: m | L19: m | N19: m | O19: m | Q19: m | R19: m | T19: m | U19: m | W19: m | X19: m | Z19: m | AA19: m | AC19: m | AD19: m | AF19: m | AG19: m | AI19: m | AJ19: m | AL19: m | AM19: m | AO19: m | AP19: m | AR19: m | AS19: m | AU19: m | AV19: m | AX19: m | AY19: m | BA19: m | BB19: m
A20: Chile | B20: -0.17271714 | C20: 0.024625825 | D20: † | E20: 1.027201 | F20: 0.0086919554 | G20: † | H20: 9.1963984 | I20: 0.50858798 | J20: † | K20: 42.382794 | L20: 0.89952798 | M20: † | N20: 35.695327 | O20: 0.81185378 | P20: † | Q20: 12.725481 | R20: 0.67211836 | S20: † | T20: 6.5622947 | U20: 0.44393706 | V20: † | W20: 41.865654 | X20: 0.91196325 | Y20: † | Z20: 38.738008 | AA20: 0.83653989 | AB20: † | AC20: 12.834044 | AD20: 0.64956333 | AE20: † | AF20: 8.3988658 | AG20: 0.45750039 | AH20: † | AI20: 41.550058 | AJ20: 0.959036 | AK20: † | AL20: 37.376851 | AM20: 0.81863624 | AN20: † | AO20: 12.674225 | AP20: 0.68857745 | AQ20: † | AR20: 8.43327 | AS20: 0.48864776 | AT20: † | AU20: 39.37941 | AV20: 0.75088246 | AW20: † | AX20: 37.666478 | AY20: 0.78734425 | AZ20: † | BA20: 14.520843 | BB20: 0.64225885 | BC20: †
A21: Colombia | B21: -0.13124253 | C21: 0.020576081 | D21: † | E21: 1.001002 | F21: 0.0098051861 | G21: † | H21: 13.234363 | I21: 0.72904834 | J21: † | K21: 33.374862 | L21: 0.87302047 | M21: † | N21: 45.136831 | O21: 0.88706347 | P21: † | Q21: 8.253944 | R21: 0.44492789 | S21: † | T21: 9.1305085 | U21: 0.5232419 | V21: † | W21: 32.70847 | X21: 0.67655858 | Y21: † | Z21: 48.931159 | AA21: 0.79853969 | AB21: † | AC21: 9.2298621 | AD21: 0.50227627 | AE21: † | AF21: 8.8857629 | AG21: 0.56379936 | AH21: † | AI21: 31.891988 | AJ21: 0.72199148 | AK21: † | AL21: 49.011327 | AM21: 0.74369156 | AN21: † | AO21: 10.210921 | AP21: 0.53281399 | AQ21: † | AR21: 9.0695428 | AS21: 0.55850438 | AT21: † | AU21: 31.220645 | AV21: 0.81115065 | AW21: † | AX21: 48.025454 | AY21: 0.90559253 | AZ21: † | BA21: 11.684358 | BB21: 0.58566745 | BC21: †
A22: Czech Republic | B22: -0.22183528 | C22: 0.018754458 | E22: 0.97169271 | F22: 0.0087720734 | H22: 10.165089 | I22: 0.50732885 | K22: 46.812715 | L22: 0.93904206 | N22: 33.984326 | O22: 0.75706839 | Q22: 9.0378706 | R22: 0.48924299 | T22: 7.1029948 | U22: 0.41801737 | W22: 40.68587 | X22: 0.89365191 | Z22: 41.849486 | AA22: 0.88997189 | AC22: 10.361648 | AD22: 0.52033334 | AF22: 7.9954981 | AG22: 0.45675585 | AI22: 39.440893 | AJ22: 0.75870348 | AL22: 41.691376 | AM22: 0.67790749 | AO22: 10.872233 | AP22: 0.4694727 | AR22: 9.3580646 | AS22: 0.49587136 | AU22: 43.657032 | AV22: 0.96762124 | AX22: 36.733591 | AY22: 0.81700169 | BA22: 10.251312 | BB22: 0.45134013
A23: Denmark | B23: 0.3427123 | C23: 0.01486662 | E23: 0.85552103 | F23: 0.011499217 | H23: 2.6525721 | I23: 0.27549354 | K23: 21.217964 | L23: 0.76844112 | N23: 59.227212 | O23: 0.93981811 | Q23: 16.902252 | R23: 0.59029264 | T23: 1.6155543 | U23: 0.20293061 | W23: 17.680221 | X23: 0.6025108 | Z23: 61.567897 | AA23: 0.85357198 | AC23: 19.136328 | AD23: 0.679717 | AF23: 3.4045685 | AG23: 0.31524442 | AI23: 25.931884 | AJ23: 0.740908 | AL23: 55.541258 | AM23: 0.84219464 | AO23: 15.122289 | AP23: 0.58952047 | AR23: 3.0877576 | AS23: 0.31794452 | AU23: 22.945276 | AV23: 0.62384373 | AX23: 57.538522 | AY23: 0.86510806 | BA23: 16.428444 | BB23: 0.64028901
A24: Estonia | B24: -0.11676621 | C24: 0.015580692 | E24: 0.94434615 | F24: 0.00915389 | H24: 7.4359715 | I24: 0.4923282 | K24: 46.032802 | L24: 0.82506965 | N24: 36.957664 | O24: 0.81303465 | Q24: 9.5735629 | R24: 0.41366676 | T24: 4.6708084 | U24: 0.39539089 | W24: 36.788471 | X24: 0.73585516 | Z24: 46.550339 | AA24: 0.81955399 | AC24: 11.990381 | AD24: 0.47492041 | AF24: 5.9758854 | AG24: 0.39330583 | AI24: 38.57816 | AJ24: 0.75256749 | AL24: 44.312986 | AM24: 0.76746172 | AO24: 11.132969 | AP24: 0.45293804 | AR24: 7.1315746 | AS24: 0.41231664 | AU24: 39.604787 | AV24: 0.78581145 | AX24: 41.957728 | AY24: 0.85067743 | BA24: 11.305911 | BB24: 0.48288833
A25: Finland | B25: 0.08341595 | C25: 0.016507131 | E25: 0.90031768 | F25: 0.0082499725 | H25: 4.7872725 | I25: 0.26294979 | K25: 31.530728 | L25: 0.79878432 | N25: 55.202645 | O25: 0.77040526 | Q25: 8.4793554 | R25: 0.43650281 | T25: 3.9125251 | U25: 0.25633296 | W25: 25.95878 | X25: 0.7572321 | Z25: 59.678799 | AA25: 0.8227114 | AC25: 10.449896 | AD25: 0.52628537 | AF25: 5.2065588 | AG25: 0.29467129 | AI25: 30.746146 | AJ25: 0.70143883 | AL25: 55.112665 | AM25: 0.69414316 | AO25: 8.9346299 | AP25: 0.47650636 | AR25: 4.9182025 | AS25: 0.28817645 | AU25: 27.376693 | AV25: 0.71280459 | AX25: 57.127734 | AY25: 0.68891626 | BA25: 10.57737 | BB25: 0.52158203
A26: France | B26: -0.37953541 | C26: 0.016247046 | D26: † | E26: 1.0023309 | F26: 0.008799815 | G26: † | H26: 12.430692 | I26: 0.58336641 | J26: † | K26: 47.012127 | L26: 0.67132736 | M26: † | N26: 31.940552 | O26: 0.71739602 | P26: † | Q26: 8.6166289 | R26: 0.42595885 | S26: † | T26: 11.100204 | U26: 0.46241836 | V26: † | W26: 43.715225 | X26: 0.62119265 | Y26: † | Z26: 36.137096 | AA26: 0.80283783 | AB26: † | AC26: 9.0474756 | AD26: 0.39326158 | AE26: † | AF26: 13.480896 | AG26: 0.52724332 | AH26: † | AI26: 42.934705 | AJ26: 0.69203599 | AK26: † | AL26: 34.243091 | AM26: 0.77030747 | AN26: † | AO26: 9.3413084 | AP26: 0.44685471 | AQ26: † | AR26: 13.554234 | AS26: 0.50251509 | AT26: † | AU26: 40.845355 | AV26: 0.66744662 | AW26: † | AX26: 35.076659 | AY26: 0.76128001 | AZ26: † | BA26: 10.523752 | BB26: 0.49130215 | BC26: †
A27: Germany | B27: 0.067556501 | C27: 0.025913674 | D27: ‡ | E27: 1.0321921 | F27: 0.014157809 | G27: ‡ | H27: 9.9305894 | I27: 0.79411303 | J27: ‡ | K27: 28.074113 | L27: 1.1794048 | M27: ‡ | N27: 46.395388 | O27: 1.1427726 | P27: ‡ | Q27: 15.599909 | R27: 0.83047929 | S27: ‡ | T27: 7.6008553 | U27: 0.64427361 | V27: ‡ | W27: 26.685263 | X27: 0.98401133 | Y27: ‡ | Z27: 50.798303 | AA27: 1.0415613 | AB27: ‡ | AC27: 14.915578 | AD27: 0.78665815 | AE27: ‡ | AF27: 7.9090005 | AG27: 0.6104113 | AH27: ‡ | AI27: 28.479816 | AJ27: 1.1468768 | AK27: ‡ | AL27: 48.313536 | AM27: 1.1580626 | AN27: ‡ | AO27: 15.297648 | AP27: 0.78245209 | AQ27: ‡ | AR27: 8.942535 | AS27: 0.7069158 | AT27: ‡ | AU27: 31.364989 | AV27: 1.0937299 | AW27: ‡ | AX27: 45.510674 | AY27: 1.1334489 | AZ27: ‡ | BA27: 14.181802 | BB27: 0.84629419 | BC27: ‡
A28: Greece | B28: -0.016153399 | C28: 0.017312529 | E28: 1.0124433 | F28: 0.0082553997 | H28: 9.5414116 | I28: 0.49321401 | K28: 33.530188 | L28: 0.69225261 | N28: 39.971193 | O28: 0.68659776 | Q28: 16.957207 | R28: 0.49840577 | T28: 6.4644742 | U28: 0.36820251 | W28: 36.416533 | X28: 0.6780392 | Z28: 41.386515 | AA28: 0.70680744 | AC28: 15.732478 | AD28: 0.50582656 | AF28: 6.7848281 | AG28: 0.38229647 | AI28: 34.246795 | AJ28: 0.72698413 | AL28: 42.605553 | AM28: 0.65655399 | AO28: 16.362824 | AP28: 0.61092316 | AR28: 8.2167693 | AS28: 0.32680238 | AU28: 33.8999 | AV28: 0.62850064 | AX28: 39.379142 | AY28: 0.7187801 | BA28: 18.504189 | BB28: 0.59642243
A29: Hungary | B29: -0.13145841 | C29: 0.023976022 | E29: 1.0072497 | F29: 0.010806743 | H29: 9.0053079 | I29: 0.56886496 | K29: 40.029018 | L29: 0.92766796 | N29: 40.004815 | O29: 0.97955608 | Q29: 10.960859 | R29: 0.57995965 | T29: 7.1786228 | U29: 0.49954912 | W29: 37.953986 | X29: 0.96633333 | Z29: 43.477475 | AA29: 1.0591623 | AC29: 11.389916 | AD29: 0.58586264 | AF29: 8.2124094 | AG29: 0.5732113 | AI29: 37.216624 | AJ29: 0.92947575 | AL29: 43.519516 | AM29: 0.93717034 | AO29: 11.051451 | AP29: 0.52979481 | AR29: 9.0575615 | AS29: 0.57543639 | AU29: 38.566264 | AV29: 0.83811267 | AX29: 40.225105 | AY29: 0.95146433 | BA29: 12.151069 | BB29: 0.59234357
A30: Iceland | B30: 0.31193357 | C30: 0.022423244 | D30: † | E30: 0.97582412 | F30: 0.014250764 | G30: † | H30: 7.5899908 | I30: 0.56149531 | J30: † | K30: 19.123912 | L30: 0.87187061 | M30: † | N30: 56.762325 | O30: 1.0010431 | P30: † | Q30: 16.523772 | R30: 0.85140358 | S30: † | T30: 6.1070075 | U30: 0.52026517 | V30: † | W30: 16.152121 | X30: 0.7302826 | Y30: † | Z30: 59.325897 | AA30: 0.94461455 | AB30: † | AC30: 18.414975 | AD30: 0.91450816 | AE30: † | AF30: 6.2102539 | AG30: 0.51112004 | AH30: † | AI30: 17.519141 | AJ30: 0.8518524 | AK30: † | AL30: 58.287352 | AM30: 0.97647097 | AN30: † | AO30: 17.983253 | AP30: 0.89007513 | AQ30: † | AR30: 6.4831911 | AS30: 0.5108698 | AT30: † | AU30: 16.34445 | AV30: 0.81814989 | AW30: † | AX30: 58.021671 | AY30: 1.0374168 | AZ30: † | BA30: 19.150687 | BB30: 0.84348878 | BC30: †
A31: Ireland | B31: -0.17227425 | C31: 0.016413571 | E31: 0.92356824 | F31: 0.0087366155 | H31: 6.6663919 | I31: 0.38344491 | K31: 43.165268 | L31: 0.82637225 | N31: 42.586057 | O31: 0.86758504 | Q31: 7.5822831 | R31: 0.45662528 | T31: 5.6180326 | U31: 0.32542118 | W31: 37.463811 | X31: 0.8248368 | Z31: 48.99054 | AA31: 0.86705764 | AC31: 7.9276158 | AD31: 0.48541976 | AF31: 8.2275916 | AG31: 0.44169715 | AI31: 39.780888 | AJ31: 0.79068422 | AL31: 44.298547 | AM31: 0.75865875 | AO31: 7.6929729 | AP31: 0.41813663 | AR31: 7.0955974 | AS31: 0.47532115 | AU31: 34.968408 | AV31: 0.78470789 | AX31: 47.135379 | AY31: 0.91881519 | BA31: 10.800616 | BB31: 0.55975071
A32: Israel | B32: 0.06969555 | C32: 0.022042352 | E32: 1.0454105 | F32: 0.0093494775 | H32: 9.439716 | I32: 0.44375677 | K32: 31.407376 | L32: 0.81653257 | N32: 39.955012 | O32: 0.71260821 | Q32: 19.197896 | R32: 0.88202701 | T32: 6.3102055 | U32: 0.31365544 | W32: 31.079242 | X32: 0.82938159 | Z32: 44.717017 | AA32: 0.73377274 | AC32: 17.893535 | AD32: 0.811244 | AF32: 7.3299303 | AG32: 0.37566649 | AI32: 29.899366 | AJ32: 0.76786856 | AL32: 44.467022 | AM32: 0.70436366 | AO32: 18.303682 | AP32: 0.83005806 | AR32: 8.4032529 | AS32: 0.39163589 | AU32: 26.523549 | AV32: 0.70143747 | AX32: 43.307644 | AY32: 0.73676368 | BA32: 21.765554 | BB32: 0.86260573
A33: Italy | B33: -0.31281902 | C33: 0.015790849 | E33: 0.94378749 | F33: 0.0093170872 | H33: 11.776048 | I33: 0.42379064 | K33: 47.283465 | L33: 0.8909856 | N33: 33.424958 | O33: 0.83414736 | Q33: 7.5155281 | R33: 0.41398338 | T33: 8.2689131 | U33: 0.43390665 | W33: 44.129823 | X33: 0.93173455 | Z33: 39.945591 | AA33: 0.84352149 | AC33: 7.6556725 | AD33: 0.42346921 | AF33: 8.634707 | AG33: 0.498374 | AI33: 42.193724 | AJ33: 0.91553786 | AL33: 40.087525 | AM33: 0.91847962 | AO33: 9.084044 | AP33: 0.43175785 | AR33: 10.790168 | AS33: 0.51701755 | AU33: 40.531336 | AV33: 0.98140408 | AX33: 37.174017 | AY33: 0.9279076 | BA33: 11.504479 | BB33: 0.4510574
A34: Japan | B34: 0.11152416 | C34: 0.022927011 | E34: 1.0505165 | F34: 0.0085032038 | H34: 5.7622948 | I34: 0.44498459 | K34: 36.379832 | L34: 0.79821917 | N34: 40.192063 | O34: 0.73222732 | Q34: 17.66581 | R34: 0.7067666 | T34: 5.2084709 | U34: 0.33781211 | W34: 31.148723 | X34: 0.72345723 | Z34: 44.794865 | AA34: 0.70009046 | AC34: 18.847942 | AD34: 0.73485679 | AF34: 5.8353402 | AG34: 0.3975714 | AI34: 31.347719 | AJ34: 0.79744958 | AL34: 44.14671 | AM34: 0.71832911 | AO34: 18.670231 | AP34: 0.72051952 | AR34: 7.1167374 | AS34: 0.40867033 | AU34: 33.21795 | AV34: 0.66069185 | AX34: 41.786327 | AY34: 0.65168064 | BA34: 17.878985 | BB34: 0.67648265
A35: Korea | B35: 0.16054748 | C35: 0.018163673 | E35: 1.0421392 | F35: 0.0095665926 | H35: 7.8533114 | I35: 0.40789421 | K35: 27.043503 | L35: 0.68988566 | N35: 49.34078 | O35: 0.84726574 | Q35: 15.762406 | R35: 0.53941237 | T35: 7.1467798 | U35: 0.33778894 | W35: 24.546046 | X35: 0.65423736 | Z35: 51.711885 | AA35: 0.78341557 | AC35: 16.595289 | AD35: 0.54683197 | AF35: 7.6488919 | AG35: 0.37476133 | AI35: 23.262931 | AJ35: 0.6389115 | AL35: 51.09851 | AM35: 0.71368306 | AO35: 17.989667 | AP35: 0.55910805 | AR35: 7.7462751 | AS35: 0.40707164 | AU35: 23.226409 | AV35: 0.6786274 | AX35: 49.284511 | AY35: 0.77697039 | BA35: 19.742805 | BB35: 0.75822954
A36: Latvia | B36: -0.22367704 | C36: 0.014618357 | E36: 0.9073238 | F36: 0.0095303765 | H36: 8.6592708 | I36: 0.41256641 | K36: 47.852119 | L36: 0.87565097 | N36: 35.394861 | O36: 0.7950619 | Q36: 8.0937493 | R36: 0.38262453 | T36: 5.4201619 | U36: 0.37947038 | W36: 41.10711 | X36: 0.80426792 | Z36: 44.713754 | AA36: 0.84839328 | AC36: 8.7589735 | AD36: 0.40033368 | AF36: 7.0770418 | AG36: 0.41273551 | AI36: 41.296705 | AJ36: 0.88100467 | AL36: 42.599286 | AM36: 0.83330313 | AO36: 9.0269672 | AP36: 0.41214847 | AR36: 7.4037815 | AS36: 0.43117722 | AU36: 40.193082 | AV36: 0.89788406 | AX36: 42.022248 | AY36: 0.79889294 | BA36: 10.380888 | BB36: 0.46094726
A37: Lithuania | B37: 0.2192498 | C37: 0.016446788 | E37: 1.0529974 | F37: 0.008534322 | H37: 8.15368 | I37: 0.40883198 | K37: 26.456451 | L37: 0.68842207 | N37: 43.941132 | O37: 0.61326082 | Q37: 21.448738 | R37: 0.53709115 | T37: 5.7581244 | U37: 0.36853767 | W37: 25.753881 | X37: 0.61102381 | Z37: 46.86646 | AA37: 0.70596835 | AC37: 21.621534 | AD37: 0.55141558 | AF37: 6.3141621 | AG37: 0.38191327 | AI37: 25.727741 | AJ37: 0.64388051 | AL37: 46.469632 | AM37: 0.61736405 | AO37: 21.488464 | AP37: 0.55880744 | AR37: 7.1630497 | AS37: 0.40323049 | AU37: 25.105136 | AV37: 0.70933317 | AX37: 44.771953 | AY37: 0.66553195 | BA37: 22.959861 | BB37: 0.56458766
A38: Luxembourg | B38: -0.047948997 | C38: 0.014476545 | E38: 1.029997 | F38: 0.0086154789 | H38: 10.268074 | I38: 0.43625268 | K38: 32.599249 | L38: 0.70989024 | N38: 44.060981 | O38: 0.78305234 | Q38: 13.071696 | R38: 0.51226345 | T38: 8.2714675 | U38: 0.37932953 | W38: 30.937645 | X38: 0.64211493 | Z38: 47.542719 | AA38: 0.6780978 | AC38: 13.248168 | AD38: 0.48126006 | AF38: 9.1102189 | AG38: 0.42550483 | AI38: 31.596951 | AJ38: 0.62344406 | AL38: 47.070471 | AM38: 0.73658187 | AO38: 12.222359 | AP38: 0.47873337 | AR38: 10.264172 | AS38: 0.41294621 | AU38: 32.081646 | AV38: 0.56175247 | AX38: 44.432768 | AY38: 0.72274284 | BA38: 13.221415 | BB38: 0.50513239
A39: Mexico | B39: -0.054562778 | C39: 0.02225411 | D39: ‡ | E39: 0.98676394 | F39: 0.010577798 | G39: ‡ | H39: 7.979486 | I39: 0.51644882 | J39: ‡ | K39: 37.912657 | L39: 1.0830478 | M39: ‡ | N39: 42.672062 | O39: 1.0010192 | P39: ‡ | Q39: 11.435795 | R39: 0.63977799 | S39: ‡ | T39: 6.0358474 | U39: 0.46846048 | V39: ‡ | W39: 34.890215 | X39: 0.93175957 | Y39: ‡ | Z39: 47.282812 | AA39: 0.8761524 | AB39: ‡ | AC39: 11.791126 | AD39: 0.57698413 | AE39: ‡ | AF39: 6.5671697 | AG39: 0.47991143 | AH39: ‡ | AI39: 35.04089 | AJ39: 0.88988479 | AK39: ‡ | AL39: 46.441404 | AM39: 0.96322282 | AN39: ‡ | AO39: 11.950536 | AP39: 0.59521959 | AQ39: ‡ | AR39: 6.3256001 | AS39: 0.44145423 | AT39: ‡ | AU39: 33.121576 | AV39: 0.85058454 | AW39: ‡ | AX39: 46.929137 | AY39: 0.91061109 | AZ39: ‡ | BA39: 13.623687 | BB39: 0.62977704 | BC39: ‡
A40: Netherlands* | B40: 0.18482566 | C40: 0.019130224 | E40: 0.87768591 | F40: 0.010781393 | H40: 2.746872 | I40: 0.33318848 | K40: 30.073274 | L40: 0.81803693 | N40: 53.579552 | O40: 0.84928339 | Q40: 13.600302 | R40: 0.68121303 | T40: 1.741977 | U40: 0.26526714 | W40: 23.985941 | X40: 0.8215836 | Z40: 59.87361 | AA40: 0.91874575 | AC40: 14.398472 | AD40: 0.71380848 | AF40: 4.0363323 | AG40: 0.38488046 | AI40: 31.685067 | AJ40: 0.93927481 | AL40: 52.321832 | AM40: 0.91907716 | AO40: 11.956769 | AP40: 0.6412325 | AR40: 5.702336 | AS40: 0.48581497 | AU40: 34.758055 | AV40: 1.0154377 | AX40: 48.901263 | AY40: 1.0145433 | BA40: 10.638346 | BB40: 0.65234393
A41: New Zealand | B41: -0.014140229 | C41: 0.016133166 | E41: 0.92039077 | F41: 0.0086720804 | H41: 4.2296553 | I41: 0.38143279 | K41: 39.632468 | L41: 0.8909709 | N41: 45.770906 | O41: 0.80997119 | Q41: 10.366971 | R41: 0.49577773 | T41: 3.582532 | U41: 0.28859199 | W41: 33.935255 | X41: 0.87570823 | Z41: 52.327658 | AA41: 0.85247385 | AC41: 10.154555 | AD41: 0.48167797 | AF41: 5.3379262 | AG41: 0.3217535 | AI41: 36.933263 | AJ41: 0.84465172 | AL41: 47.992941 | AM41: 0.83712275 | AO41: 9.7358695 | AP41: 0.47566462 | AR41: 4.4028633 | AS41: 0.36359341 | AU41: 31.857229 | AV41: 0.85905635 | AX41: 51.430149 | AY41: 0.93606408 | BA41: 12.309759 | BB41: 0.52880403
A42: Norway | B42: 0.62197245 | C42: 0.015508513 | E42: 0.84839747 | F42: 0.012668599 | H42: 3.122048 | I42: 0.26206737 | K42: 10.382785 | L42: 0.53566293 | N42: 57.448558 | O42: 0.91814239 | Q42: 29.046609 | R42: 0.83255119 | T42: 2.5424623 | U42: 0.23775939 | W42: 10.413049 | X42: 0.5795058 | Z42: 60.628682 | AA42: 0.81574654 | AC42: 26.415807 | AD42: 0.76957282 | AF42: 2.9701569 | AG42: 0.22686583 | AI42: 12.447019 | AJ42: 0.55974535 | AL42: 58.976839 | AM42: 0.79190405 | AO42: 25.605985 | AP42: 0.71781268 | AR42: 3.5991958 | AS42: 0.27260592 | AU42: 17.215347 | AV42: 0.6541909 | AX42: 57.422802 | AY42: 0.77257778 | BA42: 21.762655 | BB42: 0.69772522
A43: Poland | B43: 0.0024117054 | C43: 0.017195597 | E43: 0.97238609 | F43: 0.0097319189 | H43: 10.205987 | I43: 0.5211775 | K43: 29.246434 | L43: 0.78638755 | N43: 49.630798 | O43: 0.84298342 | Q43: 10.916781 | R43: 0.49592057 | T43: 7.107858 | U43: 0.4224671 | W43: 27.644056 | X43: 0.69095791 | Z43: 54.144332 | AA43: 0.809188 | AC43: 11.103754 | AD43: 0.52178048 | AF43: 7.7125663 | AG43: 0.38127144 | AI43: 29.638136 | AJ43: 0.68374245 | AL43: 52.161124 | AM43: 0.76399892 | AO43: 10.488175 | AP43: 0.47723081 | AR43: 8.9249761 | AS43: 0.46753588 | AU43: 28.792804 | AV43: 0.73330487 | AX43: 49.590594 | AY43: 0.74692547 | BA43: 12.691625 | BB43: 0.51546262
A44: Portugal* | B44: -0.06073211 | C44: 0.019206288 | E44: 0.93256991 | F44: 0.0093604439 | H44: 4.9016692 | I44: 0.3652586 | K44: 41.481687 | L44: 0.89397505 | N44: 44.05392 | O44: 0.84791972 | Q44: 9.5627231 | R44: 0.45463922 | T44: 4.6016719 | U44: 0.38102044 | W44: 36.999352 | X44: 1.0195094 | Z44: 48.086298 | AA44: 0.92426095 | AC44: 10.312678 | AD44: 0.49934824 | AF44: 5.3281036 | AG44: 0.38397562 | AI44: 36.649545 | AJ44: 0.88879137 | AL44: 47.964644 | AM44: 0.87522439 | AO44: 10.057707 | AP44: 0.45549822 | AR44: 6.1135694 | AS44: 0.47489634 | AU44: 37.144263 | AV44: 0.87918859 | AX44: 45.773971 | AY44: 0.83500364 | BA44: 10.968197 | BB44: 0.46551504
A45: Slovak Republic | B45: -0.22832337 | C45: 0.01514256 | E45: 0.99162683 | F45: 0.0090121361 | H45: 11.933167 | I45: 0.52137713 | K45: 42.287025 | L45: 0.71141015 | N45: 34.657288 | O45: 0.72965453 | Q45: 11.12252 | R45: 0.49823418 | T45: 7.3883516 | U45: 0.36467126 | W45: 43.05513 | X45: 0.80492766 | Z45: 38.637109 | AA45: 0.71990899 | AC45: 10.91941 | AD45: 0.48602223 | AF45: 8.9947513 | AG45: 0.43221697 | AI45: 40.610362 | AJ45: 0.72150352 | AL45: 39.368021 | AM45: 0.65718677 | AO45: 11.026865 | AP45: 0.44274346 | AR45: 9.4051479 | AS45: 0.42814652 | AU45: 40.353483 | AV45: 0.78889482 | AX45: 36.592504 | AY45: 0.70474976 | BA45: 13.648865 | BB45: 0.53312828
A46: Slovenia | B46: -0.025606516 | C46: 0.016574458 | E46: 0.96423976 | F46: 0.010467069 | H46: 6.5593798 | I46: 0.35040052 | K46: 40.891655 | L46: 0.83586922 | N46: 39.783088 | O46: 0.79708229 | Q46: 12.765877 | R46: 0.64801225 | T46: 4.4528608 | U46: 0.35683147 | W46: 36.356258 | X46: 0.75650739 | Z46: 45.931602 | AA46: 0.86869141 | AC46: 13.259279 | AD46: 0.68289913 | AF46: 5.0629902 | AG46: 0.33610499 | AI46: 35.226726 | AJ46: 0.79211898 | AL46: 45.979295 | AM46: 0.85250304 | AO46: 13.730988 | AP46: 0.69376843 | AR46: 5.5973371 | AS46: 0.38670237 | AU46: 36.623306 | AV46: 0.82995063 | AX46: 43.166529 | AY46: 0.85524191 | BA46: 14.612828 | BB46: 0.71725334
A47: Spain | B47: -0.13286459 | C47: 0.013926764 | D47: † | E47: 1.0097533 | F47: 0.0055594527 | G47: † | H47: 10.998498 | I47: 0.33828632 | J47: † | K47: 37.224208 | L47: 0.57272246 | M47: † | N47: 41.112464 | O47: 0.55765513 | P47: † | Q47: 10.66483 | R47: 0.37330622 | S47: † | T47: 7.2144545 | U47: 0.25786031 | V47: † | W47: 35.159475 | X47: 0.56510575 | Y47: † | Z47: 46.134443 | AA47: 0.50445174 | AB47: † | AC47: 11.491627 | AD47: 0.38252175 | AE47: † | AF47: 9.2623763 | AG47: 0.30581728 | AH47: † | AI47: 35.821691 | AJ47: 0.48549936 | AK47: † | AL47: 43.507214 | AM47: 0.47648658 | AN47: † | AO47: 11.408718 | AP47: 0.3731562 | AQ47: † | AR47: 9.1914541 | AS47: 0.26629513 | AT47: † | AU47: 33.665243 | AV47: 0.51283679 | AW47: † | AX47: 43.37488 | AY47: 0.51541612 | AZ47: † | BA47: 13.768423 | BB47: 0.39375053 | BC47: †
A48: Sweden | B48: -0.051688485 | C48: 0.018302931 | E48: 0.97635105 | F48: 0.0091277494 | H48: 6.9259191 | I48: 0.43801345 | K48: 36.816869 | L48: 0.83448516 | N48: 45.201179 | O48: 0.79093618 | Q48: 11.056033 | R48: 0.44738735 | T48: 5.3214293 | U48: 0.36930701 | W48: 31.9241 | X48: 0.75590122 | Z48: 51.799248 | AA48: 0.78990341 | AC48: 10.955223 | AD48: 0.47099933 | AF48: 8.1518224 | AG48: 0.52166639 | AI48: 36.638642 | AJ48: 0.7678068 | AL48: 45.013904 | AM48: 0.86074429 | AO48: 10.195631 | AP48: 0.42198675 | AR48: 7.7999576 | AS48: 0.51788623 | AU48: 33.736988 | AV48: 0.82593365 | AX48: 46.332698 | AY48: 0.96980929 | BA48: 12.130356 | BB48: 0.49454959
A49: Switzerland | B49: 0.1319171 | C49: 0.030001424 | D49: † | E49: 1.0438499 | F49: 0.014100089 | G49: † | H49: 8.6868377 | I49: 0.69034282 | J49: † | K49: 27.069112 | L49: 1.0276897 | M49: † | N49: 44.968876 | O49: 1.1640209 | P49: † | Q49: 19.275174 | R49: 0.98996979 | S49: † | T49: 6.9776591 | U49: 0.56235397 | V49: † | W49: 26.006853 | X49: 0.95085247 | Y49: † | Z49: 47.82774 | AA49: 1.0534037 | AB49: † | AC49: 19.187748 | AD49: 0.94008594 | AE49: † | AF49: 7.0960293 | AG49: 0.58801712 | AH49: † | AI49: 29.158611 | AJ49: 0.97172137 | AK49: † | AL49: 45.677599 | AM49: 0.98607342 | AN49: † | AO49: 18.067761 | AP49: 0.8963073 | AQ49: † | AR49: 8.6877772 | AS49: 0.6095833 | AT49: † | AU49: 28.18212 | AV49: 0.95355913 | AW49: † | AX49: 45.711404 | AY49: 0.99975495 | AZ49: † | BA49: 17.418699 | BB49: 0.75999587 | BC49: †
A50: Turkey | B50: -0.010868058 | C50: 0.017244089 | E50: 1.1544488 | F50: 0.008023854 | H50: 13.903718 | I50: 0.43036743 | K50: 27.926083 | L50: 0.6164327 | N50: 37.734354 | O50: 0.58320371 | Q50: 20.435845 | R50: 0.62024718 | T50: 11.421971 | U50: 0.35056777 | W50: 28.528967 | X50: 0.53669798 | Z50: 41.422643 | AA50: 0.51847458 | AC50: 18.626418 | AD50: 0.6304857 | AF50: 12.134863 | AG50: 0.3893275 | AI50: 28.86478 | AJ50: 0.69225924 | AL50: 40.65524 | AM50: 0.58214258 | AO50: 18.345117 | AP50: 0.63947441 | AR50: 13.201397 | AS50: 0.38816619 | AU50: 28.042859 | AV50: 0.60467169 | AX50: 39.526424 | AY50: 0.49223478 | BA50: 19.22932 | BB50: 0.64837438
A51: United Kingdom | B51: -0.13952631 | C51: 0.015353288 | E51: 0.92065469 | F51: 0.008175275 | H51: 5.9548357 | I51: 0.3568424 | K51: 44.479255 | L51: 0.71634135 | N51: 41.89322 | O51: 0.67927157 | Q51: 7.6726896 | R51: 0.44868437 | T51: 4.3559511 | U51: 0.28617505 | W51: 36.6936 | X51: 0.68222782 | Z51: 49.602894 | AA51: 0.68324967 | AC51: 9.3475549 | AD51: 0.47779452 | AF51: 7.5692224 | AG51: 0.36667833 | AI51: 40.383985 | AJ51: 0.63449361 | AL51: 43.696137 | AM51: 0.58235076 | AO51: 8.350655 | AP51: 0.46197955 | AR51: 6.9120912 | AS51: 0.30948868 | AU51: 36.38388 | AV51: 0.61740037 | AX51: 46.695732 | AY51: 0.65875544 | BA51: 10.008297 | BB51: 0.50049731
A52: United States* | B52: -0.16044977 | C52: 0.020241381 | E52: 0.94976332 | F52: 0.011520448 | H52: 6.6334911 | I52: 0.48093475 | K52: 42.383193 | L52: 0.89578532 | N52: 41.519701 | O52: 0.8679025 | Q52: 9.4636153 | R52: 0.50397519 | T52: 5.6530916 | U52: 0.43703709 | W52: 39.745229 | X52: 0.93272516 | Z52: 45.538973 | AA52: 1.028323 | AC52: 9.0627059 | AD52: 0.47999779 | AF52: 8.1527698 | AG52: 0.50211634 | AI52: 39.698382 | AJ52: 0.76941396 | AL52: 42.991786 | AM52: 0.99277913 | AO52: 9.1570622 | AP52: 0.55633523 | AR52: 7.4578212 | AS52: 0.49053835 | AU52: 34.703941 | AV52: 0.87822768 | AX52: 45.895898 | AY52: 0.95252428 | BA52: 11.94234 | BB52: 0.60068623
A53: OECD average | B53: -0.004828484 | C53: 0.0031348943 | E53: 0.9780084 | F53: 0.0016370364 | H53: 8.0441091 | I53: 0.077864366 | K53: 35.00961 | L53: 0.13625578 | N53: 43.709523 | O53: 0.13662319 | Q53: 13.236759 | R53: 0.097975535 | T53: 6.0740675 | U53: 0.065068402 | W53: 31.904021 | X53: 0.12879815 | Z53: 48.431125 | AA53: 0.13593227 | AC53: 13.590787 | AD53: 0.098667759 | AF53: 7.2793076 | AG53: 0.071457415 | AI53: 32.988181 | AJ53: 0.12960437 | AL53: 46.440418 | AM53: 0.13277735 | AO53: 13.292093 | AP53: 0.096903137 | AR53: 7.7908399 | AS53: 0.074408197 | AU53: 32.231801 | AV53: 0.12996818 | AX53: 45.552623 | AY53: 0.13669709 | BA53: 14.424736 | BB53: 0.10009394
A54: Partners
A55: Albania | B55: 0.64710371 | C55: 0.016442732 | E55: 0.88830167 | F55: 0.010640268 | H55: 3.7739601 | I55: 0.28151046 | K55: 13.762826 | L55: 0.49038838 | N55: 50.56937 | O55: 0.82453179 | Q55: 31.893843 | R55: 0.89116476 | T55: 1.6407134 | U55: 0.20919924 | W55: 13.851125 | X55: 0.52294318 | Z55: 51.303383 | AA55: 0.80900476 | AC55: 33.204779 | AD55: 0.86035099 | AF55: 2.292262 | AG55: 0.23105357 | AI55: 14.657864 | AJ55: 0.54174987 | AL55: 50.689279 | AM55: 0.78309149 | AO55: 32.360595 | AP55: 0.82828635 | AR55: 2.5182735 | AS55: 0.2520063 | AU55: 13.513818 | AV55: 0.51844642 | AX55: 49.622526 | AY55: 0.78308175 | BA55: 34.345382 | BB55: 0.89791538
A56: Argentina | B56: -0.54516256 | C56: 0.018549858 | D56: † | E56: 0.97588245 | F56: 0.011988036 | G56: † | H56: 19.282031 | I56: 0.62857945 | J56: † | K56: 51.609588 | L56: 0.85392638 | M56: † | N56: 21.547533 | O56: 0.71808439 | P56: † | Q56: 7.5608486 | R56: 0.51344006 | S56: † | T56: 12.352002 | U56: 0.5160942 | V56: † | W56: 48.922843 | X56: 0.66686065 | Y56: † | Z56: 30.00599 | AA56: 0.69950022 | AB56: † | AC56: 8.7191647 | AD56: 0.55834532 | AE56: † | AF56: 16.074743 | AG56: 0.65164187 | AH56: † | AI56: 46.03832 | AJ56: 0.85447996 | AK56: † | AL56: 28.338056 | AM56: 0.69363065 | AN56: † | AO56: 9.5488805 | AP56: 0.61278447 | AQ56: † | AR56: 14.427431 | AS56: 0.59248787 | AT56: † | AU56: 44.185023 | AV56: 0.8481248 | AW56: † | AX56: 28.861944 | AY56: 0.7247471 | AZ56: † | BA56: 12.525602 | BB56: 0.61853624 | BC56: †
A57: Baku (Azerbaijan) | B57: 0.086357267 | C57: 0.021610106 | D57: † | E57: 1.0705334 | F57: 0.011539915 | G57: † | H57: 10.526115 | I57: 0.67127534 | J57: † | K57: 29.010382 | L57: 0.83242635 | M57: † | N57: 41.468417 | O57: 0.95486716 | P57: † | Q57: 18.995085 | R57: 0.74607036 | S57: † | T57: 7.2415102 | U57: 0.5286153 | V57: † | W57: 30.019005 | X57: 0.80084172 | Y57: † | Z57: 44.801029 | AA57: 1.0169617 | AB57: † | AC57: 17.938456 | AD57: 0.70020261 | AE57: † | AF57: 7.8472561 | AG57: 0.49774105 | AH57: † | AI57: 29.532827 | AJ57: 0.78182145 | AK57: † | AL57: 44.095516 | AM57: 0.90165083 | AN57: † | AO57: 18.5244 | AP57: 0.7048135 | AQ57: † | AR57: 8.3958832 | AS57: 0.44378277 | AT57: † | AU57: 26.746399 | AV57: 0.75214774 | AW57: † | AX57: 43.254741 | AY57: 0.97598009 | AZ57: † | BA57: 21.602976 | BB57: 0.78907637 | BC57: †
A58: Belarus | B58: -0.097807472 | C58: 0.020448477 | E58: 1.0092031 | F58: 0.0083640838 | H58: 9.1031139 | I58: 0.45717414 | K58: 37.823167 | L58: 0.81639001 | N58: 41.464488 | O58: 0.76993673 | Q58: 11.609231 | R58: 0.56228496 | T58: 6.9565361 | U58: 0.36234944 | W58: 34.593223 | X58: 0.7937176 | Z58: 45.840683 | AA58: 0.79133245 | AC58: 12.609558 | AD58: 0.60038565 | AF58: 8.0918015 | AG58: 0.41884197 | AI58: 38.582804 | AJ58: 0.92586327 | AL58: 42.788057 | AM58: 0.86435219 | AO58: 10.537338 | AP58: 0.49871803 | AR58: 9.6954537 | AS58: 0.44840943 | AU58: 38.863134 | AV58: 0.78495781 | AX58: 40.770467 | AY58: 0.75078767 | BA58: 10.670946 | BB58: 0.50534863
A59: Bosnia and Herzegovina | B59: 0.045658929 | C59: 0.019525341 | E59: 1.0509258 | F59: 0.0093978086 | H59: 9.6175554 | I59: 0.56560506 | K59: 33.57663 | L59: 0.71726018 | N59: 39.730458 | O59: 0.71942481 | Q59: 17.075356 | R59: 0.58198442 | T59: 6.091382 | U59: 0.48138713 | W59: 32.731591 | X59: 0.73334893 | Z59: 43.703163 | AA59: 0.65483817 | AC59: 17.473864 | AD59: 0.61082191 | AF59: 6.6780065 | AG59: 0.47945393 | AI59: 31.891721 | AJ59: 0.76566815 | AL59: 44.076027 | AM59: 0.70674203 | AO59: 17.354246 | AP59: 0.55594151 | AR59: 6.7594219 | AS59: 0.4850782 | AU59: 30.284908 | AV59: 0.70293675 | AX59: 42.572111 | AY59: 0.70692636 | BA59: 20.383558 | BB59: 0.6114401
A60: Brazil | B60: -0.35280279 | C60: 0.019015633 | D60: † | E60: 1.0630647 | F60: 0.0078982894 | G60: † | H60: 18.056637 | I60: 0.57464144 | J60: † | K60: 34.32793 | L60: 0.74040662 | M60: † | N60: 39.822549 | O60: 0.77905305 | P60: † | Q60: 7.7928838 | R60: 0.36287518 | S60: † | T60: 15.480405 | U60: 0.55242642 | V60: † | W60: 36.055431 | X60: 0.78044752 | Y60: † | Z60: 40.799174 | AA60: 0.88099679 | AB60: † | AC60: 7.66499 | AD60: 0.37773326 | AE60: † | AF60: 15.840588 | AG60: 0.56346954 | AH60: † | AI60: 34.116263 | AJ60: 0.7197726 | AK60: † | AL60: 42.157613 | AM60: 0.80288953 | AN60: † | AO60: 7.8855362 | AP60: 0.42533546 | AQ60: † | AR60: 16.082815 | AS60: 0.62122225 | AT60: † | AU60: 33.026241 | AV60: 0.66819488 | AW60: † | AX60: 40.817073 | AY60: 0.76756929 | AZ60: † | BA60: 10.073871 | BB60: 0.43035133 | BC60: †
A61: Brunei Darussalam | B61: -0.078051592 | C61: 0.013744633 | D61: † | E61: 0.9376678 | F61: 0.007851623 | G61: † | H61: 7.6899605 | I61: 0.40798773 | J61: † | K61: 42.354456 | L61: 0.82666532 | M61: † | N61: 38.731677 | O61: 0.77175554 | P61: † | Q61: 11.223907 | R61: 0.46735831 | S61: † | T61: 5.3701654 | U61: 0.29154809 | V61: † | W61: 36.903236 | X61: 0.79652378 | Y61: † | Z61: 46.377572 | AA61: 0.72427352 | AB61: † | AC61: 11.349027 | AD61: 0.42707531 | AE61: † | AF61: 6.12072 | AG61: 0.33939047 | AH61: † | AI61: 33.708378 | AJ61: 0.7217421 | AK61: † | AL61: 45.40821 | AM61: 0.69719589 | AN61: † | AO61: 14.762692 | AP61: 0.48700037 | AQ61: † | AR61: 5.6551225 | AS61: 0.32713626 | AT61: † | AU61: 31.504284 | AV61: 0.71638989 | AW61: † | AX61: 47.105625 | AY61: 0.68949175 | AZ61: † | BA61: 15.734968 | BB61: 0.52561501 | BC61: †
A62: B-S-J-Z (China) | B62: 0.18408734 | C62: 0.017123182 | E62: 1.0054372 | F62: 0.0084012027 | H62: 4.4081076 | I62: 0.28316408 | K62: 37.957792 | L62: 0.61904791 | N62: 40.166658 | O62: 0.66984454 | Q62: 17.467443 | R62: 0.61883086 | T62: 3.3676734 | U62: 0.2576044 | W62: 30.206301 | X62: 0.58452063 | Z62: 46.813498 | AA62: 0.6760759 | AC62: 19.612528 | AD62: 0.66725771 | AF62: 4.0252611 | AG62: 0.29601757 | AI62: 28.330291 | AJ62: 0.65991303 | AL62: 45.044333 | AM62: 0.66677675 | AO62: 22.600115 | AP62: 0.67918005 | AR62: 4.3995536 | AS62: 0.28752093 | AU62: 28.403132 | AV62: 0.67064831 | AX62: 44.90996 | AY62: 0.69209753 | BA62: 22.287354 | BB62: 0.66455795
A63: Bulgaria | B63: -0.36087586 | C63: 0.022510368 | D63: † | E63: 1.0734871 | F63: 0.010981684 | G63: † | H63: 19.892359 | I63: 0.86763642 | J63: † | K63: 40.605846 | L63: 0.87789076 | M63: † | N63: 27.377723 | O63: 0.76321555 | P63: † | Q63: 12.124071 | R63: 0.59255781 | S63: † | T63: 12.524769 | U63: 0.71308441 | V63: † | W63: 44.054529 | X63: 0.90216117 | Y63: † | Z63: 31.793457 | AA63: 0.83248043 | AB63: † | AC63: 11.627245 | AD63: 0.52852268 | AE63: † | AF63: 12.995384 | AG63: 0.66446853 | AH63: † | AI63: 40.458129 | AJ63: 0.84238666 | AK63: † | AL63: 33.904987 | AM63: 0.84480644 | AN63: † | AO63: 12.6415 | AP63: 0.58080235 | AQ63: † | AR63: 15.196521 | AS63: 0.63839721 | AT63: † | AU63: 38.587327 | AV63: 0.77007809 | AW63: † | AX63: 30.621342 | AY63: 0.80030848 | AZ63: † | BA63: 15.594811 | BB63: 0.5555715 | BC63: †
A64: Costa Rica | B64: -0.1652914 | C64: 0.023163432 | E64: 1.0569902 | F64: 0.0085896254 | H64: 12.016073 | I64: 0.49715941 | K64: 39.17726 | L64: 0.94319669 | N64: 36.568535 | O64: 0.95135885 | Q64: 12.238132 | R64: 0.58795102 | T64: 8.5767054 | U64: 0.45977295 | W64: 36.955117 | X64: 0.88298762 | Z64: 41.982281 | AA64: 0.79460195 | AC64: 12.485897 | AD64: 0.60846344 | AF64: 9.9177171 | AG64: 0.50628547 | AI64: 37.910536 | AJ64: 0.91682173 | AL64: 39.192674 | AM64: 0.88150988 | AO64: 12.979073 | AP64: 0.54961175 | AR64: 9.7173217 | AS64: 0.45351334 | AU64: 35.924498 | AV64: 0.82805388 | AX64: 39.31642 | AY64: 0.71224269 | BA64: 15.041761 | BB64: 0.62839746
A65: Croatia | B65: -0.0056231829 | C65: 0.019003517 | E65: 1.0217857 | F65: 0.0083533331 | H65: 6.9918071 | I65: 0.37276665 | K65: 38.815941 | L65: 0.74272355 | N65: 39.804004 | O65: 0.63668529 | Q65: 14.388248 | R65: 0.55445005 | T65: 5.2389132 | U65: 0.32861713 | W65: 36.775781 | X65: 0.80379673 | Z65: 42.532913 | AA65: 0.736691 | AC65: 15.452392 | AD65: 0.59243053 | AF65: 5.7662707 | AG65: 0.36283294 | AI65: 35.92194 | AJ65: 0.70898825 | AL65: 42.581334 | AM65: 0.67508169 | AO65: 15.730455 | AP65: 0.58910515 | AR65: 7.5726769 | AS65: 0.38794599 | AU65: 36.293156 | AV65: 0.78352671 | AX65: 39.854839 | AY65: 0.66813985 | BA65: 16.279328 | BB65: 0.50737159
A66: Cyprus | B66: -0.21981005 | C66: 0.018340383 | D66: † | E66: 1.0360565 | F66: 0.012164789 | G66: † | H66: 13.910929 | I66: 0.56125805 | J66: † | K66: 40.772234 | L66: 0.78834866 | M66: † | N66: 32.003571 | O66: 0.72021453 | P66: † | Q66: 13.313266 | R66: 0.67820702 | S66: † | T66: 8.4881128 | U66: 0.47438864 | V66: † | W66: 41.666862 | X66: 0.83977575 | Y66: † | Z66: 36.703828 | AA66: 0.89034788 | AB66: † | AC66: 13.141197 | AD66: 0.724024 | AE66: † | AF66: 9.3086105 | AG66: 0.54957791 | AH66: † | AI66: 40.290997 | AJ66: 0.8000938 | AK66: † | AL66: 37.61859 | AM66: 0.94626815 | AN66: † | AO66: 12.781803 | AP66: 0.66521867 | AQ66: † | AR66: 9.6022189 | AS66: 0.48234928 | AT66: † | AU66: 37.06764 | AV66: 0.69387593 | AW66: † | AX66: 36.026435 | AY66: 0.86981533 | AZ66: † | BA66: 17.303705 | BB66: 0.61827202 | BC66: †
A67: Dominican Republic | B67: -0.084729884 | C67: 0.030718322 | D67: ‡ | E67: 1.1238709 | F67: 0.017653615 | G67: ‡ | H67: 18.603097 | I67: 1.0449286 | J67: ‡ | K67: 25.564443 | L67: 1.4651575 | M67: ‡ | N67: 41.346856 | O67: 1.8208777 | P67: ‡ | Q67: 14.485604 | R67: 1.0179813 | S67: ‡ | T67: 12.298187 | U67: 0.96023854 | V67: ‡ | W67: 30.428074 | X67: 1.5084063 | Y67: ‡ | Z67: 41.831044 | AA67: 1.5731602 | AB67: ‡ | AC67: 15.442696 | AD67: 0.94492014 | AE67: ‡ | AF67: 12.974745 | AG67: 0.94705691 | AH67: ‡ | AI67: 26.735087 | AJ67: 1.3460696 | AK67: ‡ | AL67: 44.341768 | AM67: 1.6871927 | AN67: ‡ | AO67: 15.948401 | AP67: 1.017086 | AQ67: ‡ | AR67: 12.005548 | AS67: 0.94323253 | AT67: ‡ | AU67: 25.517401 | AV67: 1.3760728 | AW67: ‡ | AX67: 41.456552 | AY67: 1.6989343 | AZ67: ‡ | BA67: 21.020499 | BB67: 1.1403698 | BC67: ‡
A68: Georgia | B68: 0.2603087 | C68: 0.019546432 | E68: 1.1021757 | F68: 0.010839348 | H68: 12.587205 | I68: 0.54400214 | K68: 15.480517 | L68: 0.61718124 | N68: 43.279542 | O68: 0.77819639 | Q68: 28.652735 | R68: 0.81523294 | T68: 8.9562506 | U68: 0.48005494 | W68: 21.272666 | X68: 0.70672179 | Z68: 45.651525 | AA68: 0.83911646 | AC68: 24.119558 | AD68: 0.80889406 | AF68: 9.1170428 | AG68: 0.47983398 | AI68: 22.315249 | AJ68: 0.7364342 | AL68: 44.892256 | AM68: 0.82853267 | AO68: 23.675453 | AP68: 0.75607483 | AR68: 11.401798 | AS68: 0.55151821 | AU68: 21.573618 | AV68: 0.78934094 | AX68: 43.558993 | AY68: 0.90115887 | BA68: 23.465591 | BB68: 0.72063819
A69: Hong Kong (China)* | B69: 0.074372582 | C69: 0.019096196 | E69: 0.93617757 | F69: 0.010386381 | H69: 4.9422282 | I69: 0.35921272 | K69: 33.895956 | L69: 0.84543052 | N69: 51.412683 | O69: 0.77925046 | Q69: 9.7491329 | R69: 0.53431233 | T69: 4.3146136 | U69: 0.31460299 | W69: 30.502221 | X69: 0.85489444 | Z69: 55.151408 | AA69: 0.8379125 | AC69: 10.031758 | AD69: 0.47695256 | AF69: 4.7621276 | AG69: 0.32277898 | AI69: 29.647804 | AJ69: 0.78423826 | AL69: 54.689257 | AM69: 0.85380587 | AO69: 10.900812 | AP69: 0.53200635 | AR69: 5.3335994 | AS69: 0.32942341 | AU69: 29.510968 | AV69: 0.75005762 | AX69: 54.111345 | AY69: 0.72691884 | BA69: 11.044088 | BB69: 0.54814592
A70: Indonesia | B70: 0.33760363 | C70: 0.01536319 | E70: 0.89676382 | F70: 0.0094643372 | H70: 4.0914698 | I70: 0.35569305 | K70: 22.578404 | L70: 0.70753759 | N70: 55.233788 | O70: 0.75423473 | Q70: 18.096338 | R70: 0.58064858 | T70: 2.6917317 | U70: 0.25536928 | W70: 21.864429 | X70: 0.64496369 | Z70: 57.262782 | AA70: 0.61037734 | AC70: 18.181057 | AD70: 0.61403828 | AF70: 3.1019422 | AG70: 0.30794068 | AI70: 22.006785 | AJ70: 0.6855524 | AL70: 56.061138 | AM70: 0.76368596 | AO70: 18.830134 | AP70: 0.63958135 | AR70: 4.9546994 | AS70: 0.30792792 | AU70: 22.052002 | AV70: 0.67966232 | AX70: 54.146169 | AY70: 0.78180131 | BA70: 18.847129 | BB70: 0.66057681
A71: Jordan | B71: 0.0068129606 | C71: 0.020245335 | E71: 1.1268107 | F71: 0.0085128247 | H71: 19.444698 | I71: 0.83462837 | K71: 26.593396 | L71: 0.81723255 | N71: 33.980783 | O71: 0.67692929 | Q71: 19.981123 | R71: 0.66176153 | T71: 8.7051682 | U71: 0.43848178 | W71: 31.885502 | X71: 0.72620637 | Z71: 38.533955 | AA71: 0.63960678 | AC71: 20.875375 | AD71: 0.67122919 | AF71: 10.032504 | AG71: 0.46404933 | AI71: 26.179396 | AJ71: 0.65229078 | AL71: 42.259566 | AM71: 0.63974917 | AO71: 21.528534 | AP71: 0.61797566 | AR71: 9.7759915 | AS71: 0.42520324 | AU71: 22.815807 | AV71: 0.6592094 | AX71: 38.284782 | AY71: 0.59918225 | BA71: 29.12342 | BB71: 0.69636691
A72: Kazakhstan | B72: 0.27453643 | C72: 0.013606949 | E72: 0.9850561 | F72: 0.0068357043 | H72: 8.5679387 | I72: 0.28326562 | K72: 19.849644 | L72: 0.4635484 | N72: 55.125567 | O72: 0.55917987 | Q72: 16.45685 | R72: 0.46724082 | T72: 5.9710655 | U72: 0.24238991 | W72: 19.723454 | X72: 0.50035064 | Z72: 56.591436 | AA72: 0.58494307 | AC72: 17.714045 | AD72: 0.5698027 | AF72: 6.0061533 | AG72: 0.2462271 | AI72: 19.312273 | AJ72: 0.47824257 | AL72: 56.626065 | AM72: 0.60577908 | AO72: 18.055509 | AP72: 0.54121149 | AR72: 6.6929338 | AS72: 0.25042887 | AU72: 19.407874 | AV72: 0.44601475 | AX72: 54.726549 | AY72: 0.52043795 | BA72: 19.172643 | BB72: 0.54233219
A73: Kosovo | B73: 0.50351249 | C73: 0.014083083 | E73: 0.96239616 | F73: 0.0099924266 | H73: 6.9789036 | I73: 0.40644043 | K73: 14.579721 | L73: 0.60185092 | N73: 48.001878 | O73: 0.75317914 | Q73: 30.439498 | R73: 0.66026868 | T73: 4.1491388 | U73: 0.32715527 | W73: 17.782061 | X73: 0.68502032 | Z73: 49.710497 | AA73: 0.87883278 | AC73: 28.358304 | AD73: 0.63946008 | AF73: 3.9004162 | AG73: 0.293939 | AI73: 16.502951 | AJ73: 0.67502364 | AL73: 50.886848 | AM73: 0.79717722 | AO73: 28.709785 | AP73: 0.59097745 | AR73: 4.8381192 | AS73: 0.35433059 | AU73: 17.885702 | AV73: 0.63942115 | AX73: 48.817644 | AY73: 0.75016874 | BA73: 28.458535 | BB73: 0.65736248
A74: Lebanon | B74: -0.097548667 | C74: 0.027492985 | E74: 1.0331431 | F74: 0.010775917 | H74: 20.114245 | I74: 1.0893697 | K74: 29.570026 | L74: 0.91469899 | N74: 32.797337 | O74: 1.0029947 | Q74: 17.518392 | R74: 0.90455862 | T74: 8.7140622 | U74: 0.56107786 | W74: 35.185523 | X74: 1.0723514 | Z74: 39.152095 | AA74: 1.0619633 | AC74: 16.94832 | AD74: 0.84685144 | AF74: 10.358813 | AG74: 0.6256254 | AI74: 28.391909 | AJ74: 0.82608924 | AL74: 42.133919 | AM74: 0.87420597 | AO74: 19.115359 | AP74: 0.79867115 | AR74: 11.241989 | AS74: 0.63479487 | AU74: 24.987048 | AV74: 0.8261071 | AX74: 37.699659 | AY74: 0.92086443 | BA74: 26.071304 | BB74: 0.90279272
A75: Macao (China) | B75: 0.037122666 | C75: 0.0131732 | E75: 0.93226986 | F75: 0.010040667 | H75: 4.4378674 | I75: 0.32654704 | K75: 38.181811 | L75: 0.78050415 | N75: 47.483527 | O75: 0.89439575 | Q75: 9.8967945 | R75: 0.48368156 | T75: 4.3047382 | U75: 0.36277763 | W75: 31.311898 | X75: 0.75194566 | Z75: 52.79837 | AA75: 0.89435048 | AC75: 11.584994 | AD75: 0.52304519 | AF75: 5.3475577 | AG75: 0.38265986 | AI75: 32.241889 | AJ75: 0.75486683 | AL75: 49.858478 | AM75: 0.85087786 | AO75: 12.552076 | AP75: 0.4799931 | AR75: 4.575047 | AS75: 0.34427025 | AU75: 25.015332 | AV75: 0.77373082 | AX75: 51.874946 | AY75: 0.85760668 | BA75: 18.534675 | BB75: 0.59658122
A76: Malaysia | B76: 0.51391703 | C76: 0.020812405 | E76: 0.89476967 | F76: 0.009158884 | H76: 3.2070362 | I76: 0.25595539 | K76: 18.276608 | L76: 0.83836257 | N76: 52.700474 | O76: 0.82682658 | Q76: 25.815882 | R76: 0.82668234 | T76: 2.1353541 | U76: 0.19159456 | W76: 16.76708 | X76: 0.81569903 | Z76: 53.120467 | AA76: 0.75631804 | AC76: 27.977099 | AD76: 0.83609863 | AF76: 2.9002655 | AG76: 0.2437374 | AI76: 17.397869 | AJ76: 0.71043591 | AL76: 53.252671 | AM76: 0.74752144 | AO76: 26.449195 | AP76: 0.86144784 | AR76: 2.7594638 | AS76: 0.18069295 | AU76: 14.652071 | AV76: 0.71873445 | AX76: 52.119572 | AY76: 0.7488309 | BA76: 30.468893 | BB76: 0.86842433
A77: Malta | B77: -0.10553692 | C77: 0.01981972 | E77: 0.98208326 | F77: 0.01111238 | H77: 9.7793268 | I77: 0.54852934 | K77: 36.427854 | L77: 1.0026507 | N77: 42.832842 | O77: 0.82227411 | Q77: 10.959978 | R77: 0.53975638 | T77: 7.5794823 | U77: 0.58328306 | W77: 35.098301 | X77: 0.91409283 | Z77: 46.610914 | AA77: 0.89861867 | AC77: 10.711303 | AD77: 0.56647118 | AF77: 7.7479697 | AG77: 0.59676695 | AI77: 34.436335 | AJ77: 0.89537325 | AL77: 46.74528 | AM77: 0.90226737 | AO77: 11.070416 | AP77: 0.59661617 | AR77: 7.4132064 | AS77: 0.52421074 | AU77: 29.681586 | AV77: 0.88022752 | AX77: 48.624773 | AY77: 0.99649261 | BA77: 14.280434 | BB77: 0.7127772
A78: Moldova | B78: 0.13288073 | C78: 0.018549311 | E78: 0.90082938 | F78: 0.00949698 | H78: 6.0188881 | I78: 0.42240618 | K78: 32.123567 | L78: 0.77510615 | N78: 49.825143 | O78: 0.804689 | Q78: 12.032401 | R78: 0.59176908 | T78: 3.4932068 | U78: 0.29232077 | W78: 25.727804 | X78: 0.7165387 | Z78: 56.068552 | AA78: 0.74495199 | AC78: 14.710438 | AD78: 0.6297032 | AF78: 4.609018 | AG78: 0.31679366 | AI78: 27.956292 | AJ78: 0.83410945 | AL78: 53.94508 | AM78: 0.86916281 | AO78: 13.48961 | AP78: 0.57570693 | AR78: 5.1492147 | AS78: 0.33046509 | AU78: 24.899496 | AV78: 0.71749613 | AX78: 52.544455 | AY78: 0.81327631 | BA78: 17.406834 | BB78: 0.70035953
A79: Montenegro | B79: 0.079093362 | C79: 0.015586497 | E79: 1.0593626 | F79: 0.0078511182 | H79: 10.182406 | I79: 0.41943911 | K79: 33.48318 | L79: 0.63202762 | N79: 37.793749 | O79: 0.69597182 | Q79: 18.540665 | R79: 0.53365491 | T79: 5.8850645 | U79: 0.34998301 | W79: 31.227585 | X79: 0.65087256 | Z79: 43.703962 | AA79: 0.75448466 | AC79: 19.183389 | AD79: 0.55888844 | AF79: 6.8686349 | AG79: 0.34259538 | AI79: 30.434092 | AJ79: 0.68247287 | AL79: 43.055523 | AM79: 0.73736417 | AO79: 19.64175 | AP79: 0.59002687 | AR79: 7.0371713 | AS79: 0.37765935 | AU79: 30.911553 | AV79: 0.61834088 | AX79: 40.420529 | AY79: 0.68315098 | BA79: 21.630747 | BB79: 0.59982499
A80: Morocco | B80: -0.18269265 | C80: 0.022162078 | D80: ‡ | E80: 1.0534792 | F80: 0.00980444 | G80: ‡ | H80: 17.802619 | I80: 0.81309265 | J80: ‡ | K80: 27.916767 | L80: 0.88297227 | M80: ‡ | N80: 44.811979 | O80: 1.0765948 | P80: ‡ | Q80: 9.4686345 | R80: 0.58107692 | S80: ‡ | T80: 12.55892 | U80: 0.66689761 | V80: ‡ | W80: 31.417316 | X80: 0.88153995 | Y80: ‡ | Z80: 44.102075 | AA80: 0.863835 | AB80: ‡ | AC80: 11.921689 | AD80: 0.62233882 | AE80: ‡ | AF80: 13.315504 | AG80: 0.6441058 | AH80: ‡ | AI80: 29.915016 | AJ80: 0.99061698 | AK80: ‡ | AL80: 43.94205 | AM80: 1.0557584 | AN80: ‡ | AO80: 12.827429 | AP80: 0.54870277 | AQ80: ‡ | AR80: 13.415906 | AS80: 0.80085014 | AT80: ‡ | AU80: 24.88587 | AV80: 0.75850044 | AW80: ‡ | AX80: 44.250647 | AY80: 0.91723822 | AZ80: ‡ | BA80: 17.447577 | BB80: 0.79904033 | BC80: ‡
A81: North Macedonia | B81: 0.39556098 | C81: 0.015337112 | E81: 0.9719406 | F81: 0.0094304935 | H81: 7.079726 | I81: 0.39932595 | K81: 22.888119 | L81: 0.71661644 | N81: 47.169605 | O81: 0.73491666 | Q81: 22.86255 | R81: 0.59866229 | T81: 3.7428295 | U81: 0.29987517 | W81: 19.416059 | X81: 0.64361178 | Z81: 48.804823 | AA81: 0.73985733 | AC81: 28.036288 | AD81: 0.67374176 | AF81: 4.4935603 | AG81: 0.34255214 | AI81: 19.705509 | AJ81: 0.67552285 | AL81: 49.697716 | AM81: 0.86193209 | AO81: 26.103215 | AP81: 0.70988421 | AR81: 5.2281568 | AS81: 0.40433936 | AU81: 20.149724 | AV81: 0.61141724 | AX81: 48.464885 | AY81: 0.81002607 | BA81: 26.157234 | BB81: 0.69872676
A82: Panama | B82: -0.13241339 | C82: 0.028082285 | D82: ‡ | E82: 1.0594764 | F82: 0.014188535 | G82: ‡ | H82: 12.124566 | I82: 0.816008 | J82: ‡ | K82: 39.047567 | L82: 1.3087138 | M82: ‡ | N82: 34.245053 | O82: 1.4213218 | P82: ‡ | Q82: 14.582814 | R82: 0.92253911 | S82: ‡ | T82: 8.4334037 | U82: 0.71590073 | V82: ‡ | W82: 36.938247 | X82: 1.0717495 | Y82: ‡ | Z82: 39.127002 | AA82: 1.2934611 | AB82: ‡ | AC82: 15.501347 | AD82: 0.93252075 | AE82: ‡ | AF82: 9.6167623 | AG82: 0.80832904 | AH82: ‡ | AI82: 34.968977 | AJ82: 1.1765177 | AK82: ‡ | AL82: 39.893588 | AM82: 1.4226803 | AN82: ‡ | AO82: 15.520673 | AP82: 1.1528308 | AQ82: ‡ | AR82: 9.4100958 | AS82: 0.82451172 | AT82: ‡ | AU82: 33.111551 | AV82: 1.006685 | AW82: ‡ | AX82: 38.075539 | AY82: 1.3647535 | AZ82: ‡ | BA82: 19.402815 | BB82: 1.1801439 | BC82: ‡
A83: Peru | B83: 0.032571527 | C83: 0.021672915 | D83: ‡ | E83: 0.94058809 | F83: 0.013812087 | G83: ‡ | H83: 6.3545288 | I83: 0.50455136 | J83: ‡ | K83: 33.078042 | L83: 1.2027695 | M83: ‡ | N83: 50.300489 | O83: 1.1946195 | P83: ‡ | Q83: 10.26694 | R83: 0.76189393 | S83: ‡ | T83: 4.7482843 | U83: 0.4408979 | V83: ‡ | W83: 31.861057 | X83: 1.0349436 | Y83: ‡ | Z83: 51.986172 | AA83: 1.012346 | AB83: ‡ | AC83: 11.404487 | AD83: 0.76070309 | AE83: ‡ | AF83: 5.1259012 | AG83: 0.46318624 | AH83: ‡ | AI83: 31.411777 | AJ83: 1.2340764 | AK83: ‡ | AL83: 51.404676 | AM83: 1.071837 | AN83: ‡ | AO83: 12.057646 | AP83: 0.73293856 | AQ83: ‡ | AR83: 4.8020205 | AS83: 0.48096138 | AT83: ‡ | AU83: 30.379931 | AV83: 0.9889604 | AW83: ‡ | AX83: 51.718683 | AY83: 1.0787257 | AZ83: ‡ | BA83: 13.099365 | BB83: 0.85351478 | BC83: ‡
A84: Philippines | B84: 0.15904084 | C84: 0.016882422 | E84: 0.95157366 | F84: 0.0074562391 | H84: 5.8092225 | I84: 0.35286981 | K84: 29.359361 | L84: 0.72088821 | N84: 48.854463 | O84: 0.76485251 | Q84: 15.976954 | R84: 0.56566768 | T84: 3.9679625 | U84: 0.25889952 | W84: 30.493837 | X84: 0.77142911 | Z84: 48.927611 | AA84: 0.80873864 | AC84: 16.61059 | AD84: 0.55052091 | AF84: 4.2189186 | AG84: 0.28420257 | AI84: 28.069393 | AJ84: 0.70610748 | AL84: 49.93241 | AM84: 0.73479102 | AO84: 17.779279 | AP84: 0.54375312 | AR84: 4.4233614 | AS84: 0.30255859 | AU84: 26.263643 | AV84: 0.69838273 | AX84: 49.749621 | AY84: 0.69246955 | BA84: 19.563375 | BB84: 0.53093971
A85: Qatar | B85: -0.032960376 | C85: 0.0088666005 | E85: 1.0836449 | F85: 0.0053002091 | H85: 11.861195 | I85: 0.28666409 | K85: 34.57705 | L85: 0.43052357 | N85: 36.079687 | O85: 0.45049637 | Q85: 17.482068 | R85: 0.31849333 | T85: 8.1920967 | U85: 0.26417936 | W85: 33.818214 | X85: 0.38244676 | Z85: 40.376909 | AA85: 0.48690633 | AC85: 17.61278 | AD85: 0.3284759 | AF85: 9.2799525 | AG85: 0.25407107 | AI85: 32.621418 | AJ85: 0.42801587 | AL85: 40.046775 | AM85: 0.55815786 | AO85: 18.051854 | AP85: 0.35257979 | AR85: 9.7420331 | AS85: 0.2691724 | AU85: 29.431164 | AV85: 0.45060919 | AX85: 39.216326 | AY85: 0.48711005 | BA85: 21.610477 | BB85: 0.33631101
A86: Romania | B86: 0.10228521 | C86: 0.021903553 | E86: 0.95565239 | F86: 0.0090722125 | H86: 8.6542284 | I86: 0.67888276 | K86: 27.897337 | L86: 0.78671216 | N86: 50.000548 | O86: 0.89912129 | Q86: 13.447886 | R86: 0.62712994 | T86: 4.8427683 | U86: 0.38643237 | W86: 26.186929 | X86: 0.78614091 | Z86: 53.879064 | AA86: 0.85926195 | AC86: 15.091239 | AD86: 0.69520245 | AF86: 7.0569413 | AG86: 0.45462884 | AI86: 28.340141 | AJ86: 0.71850258 | AL86: 50.357529 | AM86: 0.75439552 | AO86: 14.245388 | AP86: 0.63157494 | AR86: 7.2089224 | AS86: 0.47070778 | AU86: 24.95994 | AV86: 0.83108932 | AX86: 50.198088 | AY86: 0.77372417 | BA86: 17.633049 | BB86: 0.72555948
A87: Russia | B87: -0.023026936 | C87: 0.019452355 | E87: 1.0055341 | F87: 0.0087345569 | H87: 10.284174 | I87: 0.41500527 | K87: 32.101184 | L87: 0.9000749 | N87: 46.144026 | O87: 0.91831949 | Q87: 11.470616 | R87: 0.73025394 | T87: 7.3838561 | U87: 0.35617784 | W87: 30.754895 | X87: 0.76422165 | Z87: 50.369598 | AA87: 0.91022624 | AC87: 11.49165 | AD87: 0.61216165 | AF87: 8.2590537 | AG87: 0.406773 | AI87: 30.277172 | AJ87: 0.71611573 | AL87: 50.109067 | AM87: 0.85839234 | AO87: 11.354707 | AP87: 0.64759967 | AR87: 10.094416 | AS87: 0.41240246 | AU87: 29.807156 | AV87: 0.64381841 | AX87: 47.139212 | AY87: 0.71557185 | BA87: 12.959216 | BB87: 0.67965447
A88: Saudi Arabia | B88: -0.15507893 | C88: 0.02702417 | E88: 1.1492248 | F88: 0.0078815443 | H88: 19.803645 | I88: 0.89450255 | K88: 34.597181 | L88: 0.71021296 | N88: 28.880931 | O88: 0.6051048 | Q88: 16.718243 | R88: 0.71656248 | T88: 10.746275 | U88: 0.60117799 | W88: 36.298101 | X88: 0.77400394 | Z88: 32.773225 | AA88: 0.73271647 | AC88: 20.182399 | AD88: 0.75122936 | AF88: 12.927675 | AG88: 0.60336437 | AI88: 31.371513 | AJ88: 0.70766185 | AL88: 35.351163 | AM88: 0.60277477 | AO88: 20.349649 | AP88: 0.79714269 | AR88: 12.576985 | AS88: 0.54791891 | AU88: 29.006197 | AV88: 0.68069695 | AX88: 33.541076 | AY88: 0.7657472 | BA88: 24.875742 | BB88: 0.70418832
A89: Serbia | B89: -0.11905557 | C89: 0.020903755 | D89: † | E89: 1.0687024 | F89: 0.0084537858 | G89: † | H89: 12.234143 | I89: 0.60298043 | J89: † | K89: 37.61852 | L89: 0.71665061 | M89: † | N89: 35.149239 | O89: 0.72217034 | P89: † | Q89: 14.998099 | R89: 0.59318282 | S89: † | T89: 8.1109809 | U89: 0.46039878 | V89: † | W89: 37.579736 | X89: 0.7695353 | Y89: † | Z89: 39.13861 | AA89: 0.73799624 | AB89: † | AC89: 15.170674 | AD89: 0.60731644 | AE89: † | AF89: 9.1784563 | AG89: 0.42425217 | AH89: † | AI89: 36.590315 | AJ89: 0.69764486 | AK89: † | AL89: 39.093231 | AM89: 0.75348802 | AN89: † | AO89: 15.137998 | AP89: 0.58722691 | AQ89: † | AR89: 9.4565315 | AS89: 0.40869096 | AT89: † | AU89: 35.162999 | AV89: 0.74263389 | AW89: † | AX89: 37.828519 | AY89: 0.74832954 | AZ89: † | BA89: 17.551951 | BB89: 0.63113444 | BC89: †
A90: Singapore | B90: 0.1942962 | C90: 0.013364139 | E90: 0.92821388 | F90: 0.0074037285 | H90: 2.9729382 | I90: 0.22311051 | K90: 31.562938 | L90: 0.62503573 | N90: 50.121619 | O90: 0.7048806 | Q90: 15.342505 | R90: 0.49597328 | T90: 2.6234607 | U90: 0.21142476 | W90: 29.145349 | X90: 0.59136812 | Z90: 53.039291 | AA90: 0.67601182 | AC90: 15.1919 | AD90: 0.48360157 | AF90: 3.5306909 | AG90: 0.24262548 | AI90: 28.27135 | AJ90: 0.60067948 | AL90: 51.667663 | AM90: 0.64467123 | AO90: 16.530296 | AP90: 0.49939368 | AR90: 3.2540682 | AS90: 0.25510514 | AU90: 24.764925 | AV90: 0.56341374 | AX90: 52.654576 | AY90: 0.58590742 | BA90: 19.326431 | BB90: 0.4339302
A91: Chinese Taipei | B91: 0.27715322 | C91: 0.015488562 | E91: 1.0106525 | F91: 0.0082441997 | H91: 4.6317067 | I91: 0.25772338 | K91: 28.204615 | L91: 0.53080677 | N91: 48.122877 | O91: 0.67791619 | Q91: 19.040801 | R91: 0.66280598 | T91: 4.1474485 | U91: 0.2383525 | W91: 24.367657 | X91: 0.5619308 | Z91: 51.394832 | AA91: 0.71156006 | AC91: 20.090062 | AD91: 0.66967034 | AF91: 4.7578602 | AG91: 0.27851139 | AI91: 24.802195 | AJ91: 0.55664096 | AL91: 49.971919 | AM91: 0.6684765 | AO91: 20.468026 | AP91: 0.63368969 | AR91: 4.6980219 | AS91: 0.26418343 | AU91: 24.006542 | AV91: 0.53195455 | AX91: 50.162273 | AY91: 0.57772324 | BA91: 21.133162 | BB91: 0.61683538
A92: Thailand | B92: 0.13874659 | C92: 0.018865005 | E92: 0.92610298 | F92: 0.0091508599 | H92: 5.1412744 | I92: 0.38788735 | K92: 27.27292 | L92: 0.63137983 | N92: 55.589506 | O92: 0.7266067 | Q92: 11.9963 | R92: 0.55209585 | T92: 4.3820457 | U92: 0.32073163 | W92: 29.255162 | X92: 0.75500745 | Z92: 54.500088 | AA92: 0.68743046 | AC92: 11.862705 | AD92: 0.57730121 | AF92: 3.9035238 | AG92: 0.30683553 | AI92: 28.23987 | AJ92: 0.66659956 | AL92: 54.597291 | AM92: 0.72937654 | AO92: 13.259315 | AP92: 0.58212724 | AR92: 3.9227764 | AS92: 0.32416252 | AU92: 26.691332 | AV92: 0.5751254 | AX92: 55.818082 | AY92: 0.68584422 | BA92: 13.56781 | BB92: 0.60805487
A93: Ukraine | B93: 0.062279427 | C93: 0.019299754 | E93: 1.0370887 | F93: 0.0086030955 | H93: 7.7998818 | I93: 0.41855158 | K93: 38.482576 | L93: 0.95766902 | N93: 35.729339 | O93: 0.83412085 | Q93: 17.988204 | R93: 0.6817283 | T93: 5.2411019 | U93: 0.33800962 | W93: 32.023059 | X93: 0.73311061 | Z93: 42.182253 | AA93: 0.67558766 | AC93: 20.553586 | AD93: 0.75585841 | AF93: 6.9707158 | AG93: 0.40046181 | AI93: 31.645232 | AJ93: 0.76517135 | AL93: 41.513232 | AM93: 0.83894057 | AO93: 19.870821 | AP93: 0.61640112 | AR93: 6.5745607 | AS93: 0.38165798 | AU93: 31.149396 | AV93: 0.81906012 | AX93: 40.908125 | AY93: 0.69272154 | BA93: 21.367919 | BB93: 0.67802388
A94: United Arab Emirates | B94: 0.13409295 | C94: 0.012839404 | E94: 1.0937293 | F94: 0.0070230961 | H94: 9.7318643 | I94: 0.32732681 | K94: 30.666131 | L94: 0.67299402 | N94: 38.423761 | O94: 0.51009492 | Q94: 21.178244 | R94: 0.50253469 | T94: 6.3892739 | U94: 0.23468614 | W94: 29.125494 | X94: 0.59761592 | Z94: 41.985473 | AA94: 0.4516622 | AC94: 22.499759 | AD94: 0.53172381 | AF94: 7.7695619 | AG94: 0.25483475 | AI94: 28.349165 | AJ94: 0.59882107 | AL94: 41.670482 | AM94: 0.49621727 | AO94: 22.210791 | AP94: 0.56091654 | AR94: 7.4548625 | AS94: 0.24810668 | AU94: 25.865031 | AV94: 0.66744 | AX94: 40.727685 | AY94: 0.4894007 | BA94: 25.952422 | BB94: 0.53527708
A95: Uruguay | B95: -0.24006239 | C95: 0.028988008 | D95: † | E95: 1.0230982 | F95: 0.011640485 | G95: † | H95: 14.142059 | I95: 0.7418906 | J95: † | K95: 37.528742 | L95: 0.94671737 | M95: † | N95: 38.459185 | O95: 0.92373883 | P95: † | Q95: 9.8700138 | R95: 0.72046456 | S95: † | T95: 10.2058 | U95: 0.63307578 | V95: † | W95: 37.861716 | X95: 1.0163027 | Y95: † | Z95: 42.661753 | AA95: 0.93182616 | AB95: † | AC95: 9.2707304 | AD95: 0.83832009 | AE95: † | AF95: 10.660063 | AG95: 0.67627599 | AH95: † | AI95: 37.164952 | AJ95: 1.0915849 | AK95: † | AL95: 42.156848 | AM95: 0.95541804 | AN95: † | AO95: 10.018138 | AP95: 0.73275521 | AQ95: † | AR95: 11.889822 | AS95: 0.66057499 | AT95: † | AU95: 35.177326 | AV95: 0.9053499 | AW95: † | AX95: 39.879951 | AY95: 0.88271197 | AZ95: † | BA95: 13.052901 | BB95: 0.79715817 | BC95: †
A96: Viet Nam | B96: -0.074678444 | C96: 0.023470322 | E96: 0.8793028 | F96: 0.010880258 | H96: 4.1769148 | I96: 0.38078533 | K96: 41.970265 | L96: 1.088936 | N96: 44.942493 | O96: 1.0383102 | Q96: 8.910327 | R96: 0.64708358 | T96: 4.4118251 | U96: 0.37134854 | W96: 37.569629 | X96: 0.9458411 | Z96: 48.422618 | AA96: 1.0041893 | AC96: 9.5959277 | AD96: 0.654242 | AF96: 5.4603607 | AG96: 0.40887205 | AI96: 36.025226 | AJ96: 0.92034271 | AL96: 45.584178 | AM96: 0.83061359 | AO96: 12.930235 | AP96: 0.81946253 | AR96: 4.0697796 | AS96: 0.32248894 | AU96: 30.262268 | AV96: 0.92147677 | AX96: 49.090631 | AY96: 0.90335681 | BA96: 16.577321 | BB96: 0.69868119
A101: Information on data for Cyprus: https://oe.cd/cyprus-disclaimer
A102: *Data did not meet the PISA technical standards but were accepted as largely comparable (see Annexes A2 and A4).
A104: 1. The index of student co-operation includes the following statements: "Students seem to value co-operation"; "It seems that students are co-operating with each other"; and "Students seem to share the feeling that co-operating with each other is important".
A105: Note: Information regarding the proportion of the sample covered is shown next to the standard error. No symbol means at least 75% of the population was covered; one dagger (†) means at least 50% but less than 75%; and one double-dagger (‡) means less than 50% was covered. For comparisons across cycles, the coverage information corresponds to the cycle with the lowest sample coverage.

Sheet Table III.B1.8.2
A1: PISA 2018 Results (Volume III) - © OECD 2019
A2: Annex B1 | B2: Annex B1.8 Results (tables): Student co-operation and competition
A3: Version 2 - Last updated: 02-Dec-2019
A4: Disclaimer: http://oe.cd/disclaimer
A6: Table III.B1.8.2
A7: Student competition
A8: Based on students' reports
B11: Index of student competition1 | H11: Percentage of students who reported the following:
H12: Students seem to value competition | T12: It seems that students are competing with each other | AF12: Students seem to share the feeling that competing with each other is important | AR12: Students feel that they are being compared with others
B13: Average | E13: Variability | H13: Not at all true | K13: Slightly true | N13: Very true | Q13: Extremely true | T13: Not at all true | W13: Slightly true | Z13: Very true | AC13: Extremely true | AF13: Not at all true | AI13: Slightly true | AL13: Very true | AO13: Extremely true | AR13: Not at all true | AU13: Slightly true | AX13: Very true | BA13: Extremely true
B14: Mean index | C14: S.E. | E14: S.D. | F14: S.E. | H14: % | I14: S.E. | K14: % | L14: S.E. | N14: % | O14: S.E. | Q14: % | R14: S.E. | T14: % | U14: S.E. | W14: % | X14: S.E. | Z14: % | AA14: S.E. | AC14: % | AD14: S.E. | AF14: % | AG14: S.E. | AI14: % | AJ14: S.E. | AL14: % | AM14: S.E. | AO14: % | AP14: S.E. | AR14: % | AS14: S.E. | AU14: % | AV14: S.E. | AX14: % | AY14: S.E. | BA14: % | BB14: S.E.
A15: OECD
A16: Australia | B16: 0.34728761 | C16: 0.011595543 | E16: 0.95086095 | F16: 0.0062264301 | H16: 3.4707911 | I16: 0.18282206 | K16: 29.684591 | L16: 0.50642413 | N16: 48.041919 | O16: 0.51563543 | Q16: 18.8027 | R16: 0.45916765 | T16: 5.1887283 | U16: 0.22156248 | W16: 30.628474 | X16: 0.50657931 | Z16: 44.216505 | AA16: 0.53076362 | AC16: 19.966293 | AD16: 0.46321132 | AF16: 8.8305779 | AG16: 0.2999715 | AI16: 35.571402 | AJ16: 0.59480272 | AL16: 40.840306 | AM16: 0.49384414 | AO16: 14.757714 | AP16: 0.44879073 | AR16: 5.9845774 | AS16: 0.25015842 | AU16: 25.660209 | AV16: 0.44946273 | AX16: 39.342869 | AY16: 0.48755505 | BA16: 29.012345 | BB16: 0.53287803
A17: Austria | B17: -0.029612781 | C17: 0.015955432 | E17: 0.93714883 | F17: 0.011014452 | H17: 11.987101 | I17: 0.53073157 | K17: 43.854741 | L17: 0.78512839 | N17: 35.364407 | O17: 0.70229741 | Q17: 8.7937509 | R17: 0.45211462 | T17: 11.5848 | U17: 0.50721988 | W17: 35.861667 | X17: 0.7863658 | Z17: 41.343543 | AA17: 0.77538622 | AC17: 11.20999 | AD17: 0.52008135 | AF17: 13.587159 | AG17: 0.54714049 | AI17: 40.744615 | AJ17: 0.78317133 | AL17: 36.959825 | AM17: 0.7380825 | AO17: 8.7084017 | AP17: 0.44147767 | AR17: 11.513666 | AS17: 0.46309801 | AU17: 34.955904 | AV17: 0.72865305 | AX17: 37.91901 | AY17: 0.79782291 | BA17: 15.611421 | BB17: 0.54219132
A18: Belgium | B18: -0.30551273 | C18: 0.015314899 | E18: 0.99223792 | F18: 0.0080828831 | H18: 12.730237 | I18: 0.38559782 | K18: 49.81432 | L18: 0.73899124 | N18: 31.58238 | O18: 0.65455009 | Q18: 5.8730623 | R18: 0.35256919 | T18: 19.462033 | U18: 0.547162 | W18: 39.872439 | X18: 0.65910332 | Z18: 33.440931 | AA18: 0.65019839 | AC18: 7.2245969 | AD18: 0.34069206 | AF18: 25.920501 | AG18: 0.61559545 | AI18: 38.847651 | AJ18: 0.73082385 | AL18: 29.203411 | AM18: 0.58351279 | AO18: 6.0284382 | AP18: 0.35364774 | AR18: 12.664159 | AS18: 0.42743364 | AU18: 31.181913 | AV18: 0.64248933 | AX18: 38.886488 | AY18: 0.68540617 | BA18: 17.267441 | BB18: 0.4571596
A19: Canada | B19: m | C19: m | E19: m | F19: m | H19: m | I19: m | K19: m | L19: m | N19: m | O19: m | Q19: m | R19: m | T19: m | U19: m | W19: m | X19: m | Z19: m | AA19: m | AC19: m | AD19: m | AF19: m | AG19: m | AI19: m | AJ19: m | AL19: m | AM19: m | AO19: m | AP19: m | AR19: m | AS19: m | AU19: m | AV19: m | AX19: m | AY19: m | BA19: m | BB19: m
A20: Chile | B20: -0.023663565 | C20: 0.0216088 | D20: † | E20: 1.0019232 | F20: 0.0097777151 | G20: † | H20: 10.226522 | I20: 0.51958964 | J20: † | K20: 47.108596 | L20: 0.81594511 | M20: † | N20: 31.089807 | O20: 0.69438828 | P20: † | Q20: 11.575075 | R20: 0.54672048 | S20: † | T20: 10.909309 | U20: 0.49669191 | V20: † | W20: 41.513217 | X20: 0.85139077 | Y20: † | Z20: 32.806141 | AA20: 0.7153951 | AB20: † | AC20: 14.771333 | AD20: 0.6340567 | AE20: † | AF20: 14.550108 | AG20: 0.68668888 | AH20: † | AI20: 42.546139 | AJ20: 0.81767083 | AK20: † | AL20: 30.531078 | AM20: 0.65425574 | AN20: † | AO20: 12.372674 | AP20: 0.60050058 | AQ20: † | AR20: 13.852288 | AS20: 0.48808821 | AT20: † | AU20: 39.799717 | AV20: 0.9452313 | AW20: † | AX20: 29.021184 | AY20: 0.72618866 | AZ20: † | BA20: 17.326811 | BB20: 0.66494784 | BC20: †
A21: Colombia | B21: 0.11927402 | C21: 0.017431963 | D21: † | E21: 0.86841013 | F21: 0.012054001 | G21: † | H21: 11.758897 | I21: 0.54743761 | J21: † | K21: 34.742789 | L21: 0.84238107 | M21: † | N21: 45.707686 | O21: 0.92429523 | P21: † | Q21: 7.7906281 | R21: 0.44849269 | S21: † | T21: 9.4129069 | U21: 0.58668952 | V21: † | W21: 30.561668 | X21: 0.74144591 | Y21: † | Z21: 48.990239 | AA21: 0.96040632 | AB21: † | AC21: 11.035186 | AD21: 0.5615336 | AE21: † | AF21: 10.73859 | AG21: 0.55043042 | AH21: † | AI21: 31.886801 | AJ21: 0.81570211 | AK21: † | AL21: 47.325254 | AM21: 0.89962335 | AN21: † | AO21: 10.049355 | AP21: 0.53713929 | AQ21: † | AR21: 17.111885 | AS21: 0.74730122 | AT21: † | AU21: 30.93387 | AV21: 0.78919683 | AW21: † | AX21: 38.958238 | AY21: 0.76293816 | AZ21: † | BA21: 12.996006 | BB21: 0.68742034 | BC21: †
A22: Czech Republic | B22: -0.51453073 | C22: 0.013677075 | E22: 0.91799055 | F22: 0.010950509 | H22: 17.758251 | I22: 0.46730399 | K22: 55.980912 | L22: 0.67452491 | N22: 20.228227 | O22: 0.62318844 | Q22: 6.0326105 | R22: 0.37537576 | T22: 21.187477 | U22: 0.61810975 | W22: 51.208717 | X22: 0.7850479 | Z22: 21.63535 | AA22: 0.63549857 | AC22: 5.9684568 | AD22: 0.37628794 | AF22: 27.590556 | AG22: 0.66280582 | AI22: 49.033386 | AJ22: 0.72643557 | AL22: 19.077228 | AM22: 0.53488054 | AO22: 4.2988303 | AP22: 0.35887279 | AR22: 13.254961 | AS22: 0.43343016 | AU22: 43.452811 | AV22: 0.6408765 | AX22: 30.118622 | AY22: 0.70372023 | BA22: 13.173606 | BB22: 0.51105098
A23: Denmark | B23: -0.1975122 | C23: 0.015383513 | E23: 0.90283824 | F23: 0.0094063845 | H23: 5.9172873 | I23: 0.34501819 | K23: 45.334504 | L23: 1.0389163 | N23: 40.014014 | O23: 0.87948915 | Q23: 8.7341941 | R23: 0.49716783 | T23: 12.174161 | U23: 0.42408201 | W23: 45.174962 | X23: 0.72575934 | Z23: 34.259767 | AA23: 0.77044366 | AC23: 8.3911094 | AD23: 0.44860075 | AF23: 24.631853 | AG23: 0.71530701 | AI23: 45.846158 | AJ23: 0.75015696 | AL23: 24.167864 | AM23: 0.7300318 | AO23: 5.3541253 | AP23: 0.32340894 | AR23: 13.550775 | AS23: 0.5384118 | AU23: 39.10925 | AV23: 0.71326225 | AX23: 33.310804 | AY23: 0.63288723 | BA23: 14.029171 | BB23: 0.57995772
A24: Estonia | B24: -0.30999629 | C24: 0.014126335 | E24: 0.86146616 | F24: 0.0093451826 | H24: 8.889782 | I24: 0.4942608 | K24: 57.437243 | L24: 0.70542946 | N24: 27.403264 | O24: 0.69347293 | Q24: 6.2697114 | R24: 0.40990986 | T24: 14.437959 | U24: 0.51727158 | W24: 52.120088 | X24: 0.76146665 | Z24: 26.644411 | AA24: 0.76703989 | AC24: 6.7975422 | AD24: 0.41239399 | AF24: 18.669153 | AG24: 0.57893709 | AI24: 51.211677 | AJ24: 0.79276801 | AL24: 24.666668 | AM24: 0.6454661 | AO24: 5.4525014 | AP24: 0.38453354 | AR24: 10.172743 | AS24: 0.47962223 | AU24: 41.500503 | AV24: 0.65618104 | AX24: 32.836392 | AY24: 0.71629813 | BA24: 15.490362 | BB24: 0.55749067
A25: Finland | B25: 0.10211281 | C25: 0.015232926 | E25: 0.85870418 | F25: 0.0094917176 | H25: 4.8464762 | I25: 0.2895046 | K25: 40.831027 | L25: 0.85000125 | N25: 46.964691 | O25: 0.87283363 | Q25: 7.3578068 | R25: 0.37429743 | T25: 6.2215071 | U25: 0.38021389 | W25: 35.214449 | X25: 0.80013448 | Z25: 47.945622 | AA25: 0.80519909 | AC25: 10.618421 | AD25: 0.52702983 | AF25: 9.347526 | AG25: 0.38705947 | AI25: 42.781345 | AJ25: 0.82177856 | AL25: 41.58062 | AM25: 0.78965831 | AO25: 6.2905083 | AP25: 0.3351449 | AR25: 9.6332915 | AS25: 0.44556169 | AU25: 37.913316 | AV25: 0.8748005 | AX25: 38.596111 | AY25: 0.70589644 | BA25: 13.857281 | BB25: 0.49082007
A26: France | B26: -0.18156863 | C26: 0.018713247 | E26: 1.105335 | F26: 0.0099350793 | H26: 11.848693 | I26: 0.44987864 | K26: 44.868156 | L26: 0.83418685 | N26: 29.590453 | O26: 0.7197658 | Q26: 13.692698 | R26: 0.53264832 | T26: 18.619574 | U26: 0.58131724 | W26: 40.407528 | X26: 0.75986558 | Z26: 27.211563 | AA26: 0.71329287 | AC26: 13.761335 | AD26: 0.58149724 | AF26: 25.059434 | AG26: 0.66141217 | AI26: 38.589602 | AJ26: 0.68996508 | AL26: 24.95693 | AM26: 0.60209106 | AO26: 11.394034 | AP26: 0.43293127 | AR26: 13.245833 | AS26: 0.53566962 | AU26: 32.217825 | AV26: 0.59369445 | AX26: 32.48557 | AY26: 0.58127061 | BA26: 22.050773 | BB26: 0.57651944
A27: Germany | B27: -0.4019879 | C27: 0.020920155 | D27: ‡ | E27: 0.9374771 | F27: 0.014384221 | G27: ‡ | H27: 16.368216 | I27: 0.78559403 | J27: ‡ | K27: 50.432353 | L27: 1.0195627 | M27: ‡ | N27: 28.308402 | O27: 0.97719388 | P27: ‡ | Q27: 4.8910291 | R27: 0.48382615 | S27: ‡ | T27: 21.522465 | U27: 0.87676602 | V27: ‡ | W27: 45.189492 | X27: 1.1137127 | Y27: ‡ | Z27: 27.37278 | AA27: 0.86570717 | AB27: ‡ | AC27: 5.9152635 | AD27: 0.54829558 | AE27: ‡ | AF27: 23.997354 | AG27: 0.88167259 | AH27: ‡ | AI27: 44.113648 | AJ27: 1.0679092 | AK27: ‡ | AL27: 26.235139 | AM27: 0.82738905 | AN27: ‡ | AO27: 5.6538597 | AP27: 0.52551266 | AQ27: ‡ | AR27: 12.793655 | AS27: 0.75460632 | AT27: ‡ | AU27: 34.493302 | AV27: 0.9068827 | AW27: ‡ | AX27: 36.979927 | AY27: 0.82821716 | AZ27: ‡ | BA27: 15.733116 | BB27: 0.86055412 | BC27: ‡
A28: Greece | B28: -0.058905157 | C28: 0.014218939 | E28: 0.94952659 | F28: 0.0082831818 | H28: 13.599342 | I28: 0.56214003 | K28: 50.528393 | L28: 0.7312407 | N28: 26.79736 | O28: 0.62271479 | Q28: 9.0749048 | R28: 0.38526616 | T28: 8.9943713 | U28: 0.38315998 | W28: 40.255492 | X28: 0.68300494 | Z28: 35.419987 | AA28: 0.63612776 | AC28: 15.33015 | AD28: 0.55089698 | AF28: 15.08735 | AG28: 0.54199767 | AI28: 44.512116 | AJ28: 0.67634605 | AL28: 31.246876 | AM28: 0.60748969 | AO28: 9.153658 | AP28: 0.33473601 | AR28: 8.8610277 | AS28: 0.43195549 | AU28: 31.330714 | AV28: 0.61840763 | AX28: 34.665895 | AY28: 0.68854244 | BA28: 25.142363 | BB28: 0.71529962
A29: Hungary | B29: -0.20072875 | C29: 0.018474254 | E29: 0.99287398 | F29: 0.010954624 | H29: 11.26451 | I29: 0.57821178 | K29: 48.196829 | L29: 0.83262592 | N29: 30.76858 | O29: 0.89786748 | Q29: 9.770081 | R29: 0.51800127 | T29: 13.457003 | U29: 0.60159689 | W29: 47.065914 | X29: 0.69609765 | Z29: 30.448564 | AA29: 0.76009891 | AC29: 9.0285181 | AD29: 0.52585148 | AF29: 18.986912 | AG29: 0.63520736 | AI29: 46.182768 | AJ29: 0.78704954 | AL29: 26.522761 | AM29: 0.65022071 | AO29: 8.3075592 | AP29: 0.42825599 | AR29: 15.191713 | AS29: 0.61978077 | AU29: 39.427342 | AV29: 0.8139732 | AX29: 30.543974 | AY29: 0.7118928 | BA29: 14.836971 | BB29: 0.68404121
A30: Iceland | B30: 0.087208729 | C30: 0.018279813 | D30: † | E30: 0.98736671 | F30: 0.012767192 | G30: † | H30: 8.4788548 | I30: 0.46189801 | K30: 29.962137 | L30: 0.9166201 | N30: 48.380993 | O30: 1.0003366 | Q30: 13.178015 | R30: 0.62622814 | T30: 10.003476 | U30: 0.58035308 | W30: 37.024599 | X30: 0.82042557 | Z30: 40.89166 | AA30: 0.82859855 | AC30: 12.080266 | AD30: 0.69252338 | AF30: 12.256924 | AG30: 0.59117051 | AI30: 40.460764 | AJ30: 0.899291 | AL30: 38.01053 | AM30: 0.84226232 | AO30: 9.2717816 | AP30: 0.54284245 | AR30: 10.252369 | AS30: 0.59695392 | AU30: 32.394725 | AV30: 0.87239236 | AX30: 42.808489 | AY30: 0.89932805 | BA30: 14.544417 | BB30: 0.72287508
A31: Ireland | B31: 0.20302336 | C31: 0.017762515 | E31: 0.97316974 | F31: 0.0094251077 | H31: 4.4613381 | I31: 0.27520302 | K31: 34.498869 | L31: 0.82870704 | N31: 44.596229 | O31: 0.83783785 | Q31: 16.443564 | R31: 0.54530095 | T31: 8.0406505 | U31: 0.4519248 | W31: 34.793734 | X31: 0.82324627 | Z31: 40.036881 | AA31: 0.89529938 | AC31: 17.128735 | AD31: 0.5730204 | AF31: 12.088563 | AG31: 0.52701789 | AI31: 37.467794 | AJ31: 0.75832431 | AL31: 37.50667 | AM31: 0.84241449 | AO31: 12.936973 | AP31: 0.56383535 | AR31: 8.6058906 | AS31: 0.42260309 | AU31: 26.296513 | AV31: 0.77907019 | AX31: 35.873379 | AY31: 0.87094696 | BA31: 29.224218 | BB31: 0.82067773
A32: Israel | B32: -0.079310129 | C32: 0.022402562 | E32: 1.0669491 | F32: 0.0099164828 | H32: 16.558673 | I32: 0.62309642 | K32: 40.638659 | L32: 0.66390336 | N32: 30.910193 | O32: 0.69414156 | Q32: 11.892475 | R32: 0.56921315 | T32: 13.517573 | U32: 0.60569473 | W32: 37.609096 | X32: 0.7045979 | Z32: 33.520755 | AA32: 0.62812044 | AC32: 15.352576 | AD32: 0.61331231 | AF32: 20.468406 | AG32: 0.75303714 | AI32: 37.886164 | AJ32: 0.67075857 | AL32: 29.921212 | AM32: 0.69954995 | AO32: 11.724217 | AP32: 0.55927414 | AR32: 16.739623 | AS32: 0.65948571 | AU32: 34.546987 | AV32: 0.66988212 | AX32: 28.130461 | AY32: 0.69091134 | BA32: 20.582928 | BB32: 0.67274356
A33: Italy | B33: -0.21240223 | C33: 0.014203001 | E33: 0.95065129 | F33: 0.010997629 | H33: 12.640677 | I33: 0.51364892 | K33: 45.987656 | L33: 0.80646798 | N33: 31.009079 | O33: 0.86672027 | Q33: 10.362588 | R33: 0.46790484 | T33: 15.68163 | U33: 0.52373698 | W33: 46.527776 | X33: 0.70055775 | Z33: 28.990473 | AA33: 0.70833175 | AC33: 8.8001213 | AD33: 0.50414168 | AF33: 18.722046 | AG33: 0.59420689 | AI33: 43.458852 | AJ33: 0.76585512 | AL33: 29.603253 | AM33: 0.80967081 | AO33: 8.2158488 | AP33: 0.46797966 | AR33: 13.185292 | AS33: 0.54705612 | AU33: 39.201851 | AV33: 0.69322946 | AX33: 32.409105 | AY33: 0.72297533 | BA33: 15.203752 | BB33: 0.5745547
A34: Japan | B34: -0.36880228 | C34: 0.023778984 | E34: 1.0035787 | F34: 0.013298667 | H34: 21.103615 | I34: 0.72818932 | K34: 54.430797 | L34: 0.66578764 | N34: 17.56023 | O34: 0.63109076 | Q34: 6.9053571 | R34: 0.44788856 | T34: 16.743015 | U34: 0.6640764 | W34: 49.087321 | X34: 0.76336247 | Z34: 26.000377 | AA34: 0.75423847 | AC34: 8.1692873 | AD34: 0.51930088 | AF34: 18.997225 | AG34: 0.6941253 | AI34: 49.039299 | AJ34: 0.71751912 | AL34: 24.876781 | AM34: 0.7327042 | AO34: 7.0866949 | AP34: 0.50555908 | AR34: 19.16426 | AS34: 0.61409748 | AU34: 44.912963 | AV34: 0.75788065 | AX34: 24.282213 | AY34: 0.67628954 | BA34: 11.640564 | BB34: 0.49730229
A35: Korea | B35: 0.52219738 | C35: 0.022348097 | E35: 1.1111927 | F35: 0.0097259781 | H35: 8.8590381 | I35: 0.4780489 | K35: 25.198025 | L35: 0.63420614 | N35: 41.621765 | O35: 0.62702583 | Q35: 24.321171 | R35: 0.74627701 | T35: 7.0179485 | U35: 0.41442115 | W35: 20.251234 | X35: 0.58904184 | Z35: 40.69892 | AA35: 0.7366128 | AC35: 32.031898 | AD35: 0.87259759 | AF35: 10.834636 | AG35: 0.54485858 | AI35: 23.828068 | AJ35: 0.5491199 | AL35: 40.563619 | AM35: 0.67741546 | AO35: 24.773676 | AP35: 0.75839164 | AR35: 12.29002 | AS35: 0.4600873 | AU35: 23.988523 | AV35: 0.62955019 | AX35: 38.251056 | AY35: 0.63508335 | BA35: 25.470401 | BB35: 0.77617551
A36: Latvia | B36: -0.073920631 | C36: 0.014195437 | E36: 0.88871475 | F36: 0.0093497235 | H36: 8.3065734 | I36: 0.38496947 | K36: 53.377323 | L36: 0.78923177 | N36: 30.752765 | O36: 0.71968988 | Q36: 7.5633391 | R36: 0.4354681 | T36: 8.1644277 | U36: 0.41923473 | W36: 45.581566 | X36: 0.74485901 | Z36: 35.672859 | AA36: 0.68601588 | AC36: 10.581147 | AD36: 0.50846556 | AF36: 12.474794 | AG36: 0.53682535 | AI36: 46.657108 | AJ36: 0.81866974 | AL36: 32.042309 | AM36: 0.76657036 | AO36: 8.8257886 | AP36: 0.47458691 | AR36: 8.6085818 | AS36: 0.44697101 | AU36: 37.804631 | AV36: 0.76426897 | AX36: 35.256683 | AY36: 0.8229953 | BA36: 18.330105 | BB36: 0.64652022
A37: Lithuania | B37: 0.097558124 | C37: 0.014319959 | E37: 1.0060772 | F37: 0.0089101119 | H37: 9.1563674 | I37: 0.42848432 | K37: 41.045075 | L37: 0.65479447 | N37: 36.549714 | O37: 0.64918655 | Q37: 13.248844 | R37: 0.43399395 | T37: 8.2012408 | U37: 0.40053806 | W37: 40.340927 | X37: 0.64908843 | Z37: 36.692436 | AA37: 0.6665271 | AC37: 14.765396 | AD37: 0.55000542 | AF37: 11.281794 | AG37: 0.5012212 | AI37: 39.656147 | AJ37: 0.69304652 | AL37: 35.030772 | AM37: 0.61047202 | AO37: 14.031286 | AP37: 0.45445016 | AR37: 9.6795244 | AS37: 0.36186656 | AU37: 34.759681 | AV37: 0.63113792 | AX37: 34.146182 | AY37: 0.68711425 | BA37: 21.414613 | BB37: 0.63628298
A38: Luxembourg | B38: -0.14937022 | C38: 0.01645398 | E38: 0.95440459 | F38: 0.01065448 | H38: 12.131349 | I38: 0.5100206 | K38: 48.184724 | L38: 0.67493516 | N38: 31.345471 | O38: 0.62716579 | Q38: 8.3384564 | R38: 0.45773107 | T38: 13.457267 | U38: 0.59048707 | W38: 41.654745 | X38: 0.69871252 | Z38: 35.330086 | AA38: 0.69616098 | AC38: 9.5579031 | AD38: 0.48501454 | AF38: 18.005628 | AG38: 0.59836247 | AI38: 41.921952 | AJ38: 0.69770793 | AL38: 31.656539 | AM38: 0.67641345 | AO38: 8.4158819 | AP38: 0.40620303 | AR38: 11.396418 | AS38: 0.50075554 | AU38: 34.68303 | AV38: 0.6303613 | AX38: 36.755133 | AY38: 0.61072434 | BA38: 17.165419 | BB38: 0.51910487
A39: Mexico | B39: 0.0073958545 | C39: 0.016081318 | D39: † | E39: 0.87450723 | F39: 0.011774475 | G39: † | H39: 6.0645931 | I39: 0.46425628 | J39: † | K39: 40.989813 | L39: 0.87547525 | M39: † | N39: 43.994822 | O39: 0.82693208 | P39: † | Q39: 8.9507718 | R39: 0.55629739 | S39: † | T39: 9.7937261 | U39: 0.52839668 | V39: † | W39: 42.011485 | X39: 0.93043908 | Y39: † | Z39: 39.683759 | AA39: 0.8558756 | AB39: † | AC39: 8.5110305 | AD39: 0.46229417 | AE39: † | AF39: 11.710713 | AG39: 0.57867689 | AH39: † | AI39: 40.960725 | AJ39: 0.734381 | AK39: † | AL39: 38.485819 | AM39: 0.75579064 | AN39: † | AO39: 8.8427429 | AP39: 0.43438032 | AQ39: † | AR39: 14.61813 | AS39: 0.57151018 | AT39: † | AU39: 37.367735 | AV39: 0.88451045 | AW39: † | AX39: 37.077938 | AY39: 0.87921283 | AZ39: † | BA39: 10.936197 | BB39: 0.60965779 | BC39: †
A40: Netherlands* | B40: -0.44702738 | C40: 0.01598364 | E40: 0.82960063 | F40: 0.013377978 | H40: 12.305994 | I40: 0.5751473 | K40: 64.801994 | L40: 0.76953572 | N40: 20.41514 | O40: 0.63030737 | Q40: 2.4768717 | R40: 0.28478228 | T40: 16.437849 | U40: 0.72305302 | W40: 49.875337 | X40: 0.85554379 | Z40: 28.322949 | AA40: 0.69147955 | AC40: 5.3638645 | AD40: 0.42222263 | AF40: 25.820469 | AG40: 0.84044746 | AI40: 48.444914 | AJ40: 1.0285256 | AL40: 22.205934 | AM40: 0.77256259 | AO40: 3.5286827 | AP40: 0.39918738 | AR40: 13.913312 | AS40: 0.64954682 | AU40: 42.26001 | AV40: 0.89371776 | AX40: 33.2148 | AY40: 0.75432789 | BA40: 10.611878 | BB40: 0.55743268
A41: New Zealand | B41: 0.33776632 | C41: 0.013173983 | E41: 0.9286158 | F41: 0.0088870065 | H41: 3.0686302 | I41: 0.26653905 | K41: 30.024594 | L41: 0.71323411 | N41: 48.422782 | O41: 0.85441405 | Q41: 18.483993 | R41: 0.5158666 | T41: 4.510786 | U41: 0.30969469 | W41: 31.087299 | X41: 0.6538301 | Z41: 45.75945 | AA41: 0.81074984 | AC41: 18.642465 | AD41: 0.55864612 | AF41: 8.3384197 | AG41: 0.44648537 | AI41: 36.183893 | AJ41: 0.65040562 | AL41: 42.149136 | AM41: 0.73862893 | AO41: 13.328551 | AP41: 0.45559849 | AR41: 6.1381137 | AS41: 0.35929366 | AU41: 26.26133 | AV41: 0.66113395 | AX41: 38.281144 | AY41: 0.7329415 | BA41: 29.319412 | BB41: 0.68216361
A42: Norway | B42: 0.42504748 | C42: 0.015863717 | E42: 0.87665997 | F42: 0.01123708 | H42: 3.3019607 | I42: 0.30176338 | K42: 15.459252 | L42: 0.51181388 | N42: 57.149472 | O42: 0.68805252 | Q42: 24.089315 | R42: 0.67098951 | T42: 4.3346413 | U42: 0.29790775 | W42: 26.445076 | X42: 0.61451833 | Z42: 51.160031 | AA42: 0.75175153 | AC42: 18.060252 | AD42: 0.62559891 | AF42: 7.0353008 | AG42: 0.37740921 | AI42: 35.863692 | AJ42: 0.78138416 | AL42: 45.3044 | AM42: 0.77372037 | AO42: 11.796607 | AP42: 0.50847621 | AR42: 6.8255189 | AS42: 0.33281554 | AU42: 27.233746 | AV42: 0.7170385 | AX42: 44.656052 | AY42: 0.63899993 | BA42: 21.284683 | BB42: 0.57261848
A43: Poland | B43: 0.17748956 | C43: 0.013581223 | E43: 0.89392712 | F43: 0.011206312 | H43: 10.271616 | I43: 0.58409491 | K43: 34.782501 | L43: 0.70696348 | N43: 45.184953 | O43: 0.75500203 | Q43: 9.7609302 | R43: 0.42270005 | T43: 7.2532944 | U43: 0.40433941 | W43: 30.983642 | X43: 0.66882383 | Z43: 48.297963 | AA43: 0.87151398 | AC43: 13.4651 | AD43: 0.5105403 | AF43: 8.2651432 | AG43: 0.4796339 | AI43: 34.985406 | AJ43: 0.71792088 | AL43: 47.331942 | AM43: 0.77001431 | AO43: 9.4175089 | AP43: 0.43318715 | AR43: 7.6269595 | AS43: 0.51694811 | AU43: 24.018908 | AV43: 0.63168784 | AX43: 44.833385 | AY43: 0.81932033 | BA43: 23.520747 | BB43: 0.72620542
A44: Portugal* | B44: 0.19267493 | C44: 0.014207891 | E44: 0.95230617 | F44: 0.010313959 | H44: 5.1158185 | I44: 0.34877412 | K44: 37.59515 | L44: 0.75703431 | N44: 43.202382 | O44: 0.86263489 | Q44: 14.086649 | R44: 0.46775619 | T44: 7.2085299 | U44: 0.47931646 | W44: 35.774257 | X44: 0.72422936 | Z44: 40.869761 | AA44: 0.75204596 | AC44: 16.147452 | AD44: 0.48787936 | AF44: 9.4947001 | AG44: 0.43833338 | AI44: 38.193407 | AJ44: 0.69744694 | AL44: 40.475827 | AM44: 0.78906509 | AO44: 11.836065 | AP44: 0.41590002 | AR44: 8.5116609 | AS44: 0.40613655 | AU44: 31.995421 | AV44: 0.76134069 | AX44: 37.403508 | AY44: 0.82029024 | BA44: 22.08941 | BB44: 0.60260273
A45: Slovak Republic | B45: -0.094587172 | C45: 0.015041573 | E45: 0.92771029 | F45: 0.011815489 | H45: 11.854901 | I45: 0.53205793 | K45: 47.622777 | L45: 0.80027717 | N45: 30.252048 | O45: 0.7131718 | Q45: 10.270274 | R45: 0.50945207 | T45: 9.7087465 | U45: 0.46432793 | W45: 45.828469 | X45: 0.9371567 | Z45: 34.223514 | AA45: 0.69366317 | AC45: 10.23927 | AD45: 0.49076618 | AF45: 13.486048 | AG45: 0.52374103 | AI45: 45.870045 | AJ45: 0.7421423 | AL45: 32.227145 | AM45: 0.7827611 | AO45: 8.4167621 | AP45: 0.42277836 | AR45: 10.823115 | AS45: 0.52114998 | AU45: 39.461787 | AV45: 0.80920003 | AX45: 32.033732 | AY45: 0.84128732 | BA45: 17.681366 | BB45: 0.70719429
A46: Slovenia | B46: -0.1600609 | C46: 0.015701501 | E46: 0.94095829 | F46: 0.010793808 | H46: 11.003685 | I46: 0.47662799 | K46: 54.075611 | L46: 0.93692648 | N46: 25.897364 | O46: 0.78093761 | Q46: 9.0233397 | R46: 0.42441488 | T46: 11.767529 | U46: 0.58327217 | W46: 47.95564 | X46: 0.84335898 | Z46: 29.846782 | AA46: 0.73647858 | AC46: 10.430048 | AD46: 0.48300797 | AF46: 14.247708 | AG46: 0.57415647 | AI46: 47.083987 | AJ46: 0.76548392 | AL46: 29.455317 | AM46: 0.72642866 | AO46: 9.2129889 | AP46: 0.45820613 | AR46: 11.519877 | AS46: 0.51436687 | AU46: 43.541041 | AV46: 0.74756606 | AX46: 31.475385 | AY46: 0.74237254 | BA46: 13.463697 | BB46: 0.48520595
A47: Spain | B47: -0.046735787 | C47: 0.011033447 | D47: † | E47: 1.0076189 | F47: 0.0057560938 | G47: † | H47: 9.8826351 | I47: 0.31944382 | J47: † | K47: 36.189735 | L47: 0.44978203 | M47: † | N47: 41.664369 | O47: 0.48867091 | P47: † | Q47: 12.26326 | R47: 0.3274311 | S47: † | T47: 15.904027 | U47: 0.3645327 | V47: † | W47: 37.368677 | X47: 0.44457228 | Y47: † | Z47: 33.463861 | AA47: 0.37618445 | AB47: † | AC47: 13.263435 | AD47: 0.30170855 | AE47: † | AF47: 18.363202 | AG47: 0.3847797 | AH47: † | AI47: 38.363047 | AJ47: 0.40740738 | AK47: † | AL47: 33.177426 | AM47: 0.44901975 | AN47: † | AO47: 10.096325 | AP47: 0.27619698 | AQ47: † | AR47: 14.250061 | AS47: 0.29084856 | AT47: † | AU47: 31.444102 | AV47: 0.50925591 | AW47: † | AX47: 33.909557 | AY47: 0.4673865 | AZ47: † | BA47: 20.396281 | BB47: 0.3025972 | BC47: †
A48: Sweden | B48: 0.10185927 | C48: 0.024355442 | E48: 1.0245603 | F48: 0.010251747 | H48: 4.8746241 | I48: 0.40293824 | K48: 35.170992 | L48: 0.86008029 | N48: 43.173683 | O48: 0.69846946 | Q48: 16.780701 | R48: 0.69736971 | T48: 9.076013 | U48: 0.52709801 | W48: 38.89638 | X48: 0.76534983 | Z48: 37.682646 | AA48: 0.61718005 | AC48: 14.344962 | AD48: 0.73981433 | AF48: 15.753037 | AG48: 0.71168206 | AI48: 41.046839 | AJ48: 0.71811839 | AL48: 30.765985 | AM48: 0.56344948 | AO48: 12.43414 | AP48: 0.68581092 | AR48: 8.2368043 | AS48: 0.48427106 | AU48: 32.147177 | AV48: 0.66644943 | AX48: 39.199395 | AY48: 0.77188055 | BA48: 20.416624 | BB48: 0.83034141
A49: Switzerland | B49: -0.15692421 | C49: 0.017067733 | D49: † | E49: 0.95674846 | F49: 0.012353488 | G49: † | H49: 13.334253 | I49: 0.62945005 | J49: † | K49: 46.225061 | L49: 1.0040046 | M49: † | N49: 31.674582 | O49: 0.80349996 | P49: † | Q49: 8.7661034 | R49: 0.50416303 | S49: † | T49: 14.32144 | U49: 0.64694678 | V49: † | W49: 39.421064 | X49: 0.78480026 | Y49: † | Z49: 37.392916 | AA49: 0.86594984 | AB49: † | AC49: 8.8645797 | AD49: 0.51185601 | AE49: † | AF49: 18.218048 | AG49: 0.7259515 | AH49: † | AI49: 41.964405 | AJ49: 0.99527875 | AK49: † | AL49: 31.813419 | AM49: 0.92580098 | AN49: † | AO49: 8.0041281 | AP49: 0.52223195 | AQ49: † | AR49: 13.011458 | AS49: 0.59361814 | AT49: † | AU49: 35.275843 | AV49: 0.9720971 | AW49: † | AX49: 37.448833 | AY49: 0.88182492 | AZ49: † | BA49: 14.263866 | BB49: 0.63715233 | BC49: †
A50: Turkey | B50: 0.34353289 | C50: 0.016526845 | E50: 1.0994219 | F50: 0.0093024017 | H50: 10.070698 | I50: 0.42237855 | K50: 29.875608 | L50: 0.63516337 | N50: 36.881105 | O50: 0.62612338 | Q50: 23.17259 | R50: 0.6170487 | T50: 8.4276976 | U50: 0.34667775 | W50: 28.08476 | X50: 0.58991056 | Z50: 40.291462 | AA50: 0.5760785 | AC50: 23.19608 | AD50: 0.64017599 | AF50: 10.936414 | AG50: 0.37563475 | AI50: 30.074755 | AJ50: 0.6316398 | AL50: 39.037821 | AM50: 0.59380465 | AO50: 19.951009 | AP50: 0.59256302 | AR50: 9.9929148 | AS50: 0.45205644 | AU50: 25.53069 | AV50: 0.69258463 | AX50: 37.707689 | AY50: 0.6993806 | BA50: 26.768706 | BB50: 0.6067475
A51: United Kingdom | B51: 0.30418042 | C51: 0.01536222 | E51: 0.93612332 | F51: 0.0076965819 | H51: 4.4301114 | I51: 0.23407185 | K51: 37.8313 | L51: 0.60635253 | N51: 42.641696 | O51: 0.58012763 | Q51: 15.096893 | R51: 0.53202953 | T51: 4.0480421 | U51: 0.24255024 | W51: 29.685721 | X51: 0.71978961 | Z51: 46.794989 | AA51: 0.64286148 | AC51: 19.471247 | AD51: 0.67148431 | AF51: 9.6835515 | AG51: 0.36833445 | AI51: 35.867994 | AJ51: 0.78707884 | AL51: 40.301376 | AM51: 0.67623287 | AO51: 14.147079 | AP51: 0.57461711 | AR51: 5.9362618 | AS51: 0.29166436 | AU51: 26.143267 | AV51: 0.6690134 | AX51: 35.574118 | AY51: 0.70457158 | BA51: 32.346354 | BB51: 0.66070832
A52: United States* | B52: 0.38843557 | C52: 0.020984997 | E52: 0.98454542 | F52: 0.010900432 | H52: 3.2398539 | I52: 0.29450646 | K52: 29.820785 | L52: 0.83941411 | N52: 44.80363 | O52: 0.93809806 | Q52: 22.135732 | R52: 0.87932189 | T52: 5.9474642 | U52: 0.40988408 | W52: 30.367901 | X52: 0.75658214 | Z52: 41.123578 | AA52: 0.8647445 | AC52: 22.561057 | AD52: 0.85124369 | AF52: 8.3591091 | AG52: 0.52536634 | AI52: 34.548279 | AJ52: 0.71562028 | AL52: 39.010661 | AM52: 0.89150428 | AO52: 18.081951 | AP52: 0.78665301 | AR52: 7.0259376 | AS52: 0.45869444 | AU52: 24.882994 | AV52: 0.70076405 | AX52: 35.568007 | AY52: 0.72727878 | BA52: 32.523061 | BB52: 0.96266047
A53: OECD average | B53: -0.0071143157 | C53: 0.0028369519 | E53: 0.95700559 | F53: 0.001742626 | H53: 9.7550546 | I53: 0.079167966 | K53: 42.016747 | L53: 0.12918673 | N53: 36.387379 | O53: 0.12531895 | Q53: 11.840819 | R53: 0.085511489 | T53: 11.187203 | U53: 0.08506478 | W53: 38.936967 | X53: 0.12499988 | Z53: 36.791209 | AA53: 0.1231563 | AC53: 13.084621 | AD53: 0.092744075 | AF53: 15.32886 | AG53: 0.097253267 | AI53: 40.602635 | AJ53: 0.12659151 | AL53: 33.729663 | AM53: 0.12009311 | AO53: 10.338843 | AP53: 0.081828846 | AR53: 11.282852 | AS53: 0.08405847 | AU53: 33.836934 | AV53: 0.12246358 | AX53: 35.554481 | AY53: 0.12207298 | BA53: 19.325732 | BB53: 0.10702295
A54: Partners
A55: Albania | B55: 0.62520409 | C55: 0.016092649 | E55: 0.91606478 | F55: 0.010466303 | H55: 5.3045439 | I55: 0.34992792 | K55: 20.178765 | L55: 0.6259167 | N55: 50.545304 | O55: 0.73230958 | Q55: 23.971387 | R55: 0.70946937 | T55: 3.5495727 | U55: 0.28838725 | W55: 18.118774 | X55: 0.57678192 | Z55: 50.94285 | AA55: 0.69268548 | AC55: 27.388803 | AD55: 0.76082251 | AF55: 5.3761288 | AG55: 0.32427602 | AI55: 23.931914 | AJ55: 0.64156266 | AL55: 48.270202 | AM55: 0.7382943 | AO55: 22.421755 | AP55: 0.70769466 | AR55: 8.3212016 | AS55: 0.47733134 | AU55: 21.455872 | AV55: 0.60368058 | AX55: 45.031265 | AY55: 0.67290593 | BA55: 25.191662 | BB55: 0.69293601
A56: Argentina | B56: -0.37991062 | C56: 0.014978883 | D56: † | E56: 0.93844263 | F56: 0.013593801 | G56: † | H56: 20.353961 | I56: 0.63211986 | J56: † | K56: 54.955882 | L56: 0.8363536 | M56: † | N56: 17.829026 | O56: 0.59345448 | P56: † | Q56: 6.8611312 | R56: 0.48369359 | S56: † | T56: 19.141928 | U56: 0.57033908 | V56: † | W56: 45.43269 | X56: 0.79413155 | Y56: † | Z56: 25.978344 | AA56: 0.71417274 | AB56: † | AC56: 9.4470377 | AD56: 0.49882018 | AE56: † | AF56: 24.331187 | AG56: 0.66374113 | AH56: † | AI56: 43.315056 | AJ56: 0.71887806 | AK56: † | AL56: 24.329206 | AM56: 0.61190123 | AN56: † | AO56: 8.0245517 | AP56: 0.47028524 | AQ56: † | AR56: 19.85906 | AS56: 0.6796057 | AT56: † | AU56: 40.429933 | AV56: 0.78092209 | AW56: † | AX56: 24.602826 | AY56: 0.66950967 | AZ56: † | BA56: 15.108182 | BB56: 0.61867188 | BC56: †
A57: Baku (Azerbaijan) | B57: 0.28999932 | C57: 0.019175388 | D57: † | E57: 1.0384575 | F57: 0.011606564 | G57: † | H57: 9.2687257 | I57: 0.5599137 | J57: † | K57: 32.538018 | L57: 0.81020864 | M57: † | N57: 38.581775 | O57: 0.9598971 | P57: † | Q57: 19.611481 | R57: 0.71185548 | S57: † | T57: 6.2150734 | U57: 0.43119377 | V57: † | W57: 35.007036 | X57: 0.87481584 | Y57: † | Z57: 40.611312 | AA57: 0.93863005 | AB57: † | AC57: 18.166578 | AD57: 0.73460321 | AE57: † | AF57: 7.9522514 | AG57: 0.47786029 | AH57: † | AI57: 33.805586 | AJ57: 0.76065408 | AK57: † | AL57: 40.664804 | AM57: 0.92506429 | AN57: † | AO57: 17.577359 | AP57: 0.68063755 | AQ57: † | AR57: 7.527773 | AS57: 0.51844303 | AT57: † | AU57: 30.884087 | AV57: 0.77750907 | AW57: † | AX57: 40.20061 | AY57: 0.8664664 | AZ57: † | BA57: 21.38753 | BB57: 0.64661401 | BC57: †
A58: Belarus | B58: -0.30228216 | C58: 0.014458643 | E58: 0.88095939 | F58: 0.0086503602 | H58: 11.430292 | I58: 0.42335337 | K58: 58.998825 | L58: 0.70723497 | N58: 23.968643 | O58: 0.64425631 | Q58: 5.6022401 | R58: 0.32859848 | T58: 12.935201 | U58: 0.45562017 | W58: 52.905306 | X58: 0.6458444 | Z58: 27.986004 | AA58: 0.59623359 | AC58: 6.1734892 | AD58: 0.37085134 | AF58: 14.320217 | AG58: 0.43926999 | AI58: 54.62985 | AJ58: 0.69786598 | AL58: 25.816896 | AM58: 0.6495431 | AO58: 5.2330364 | AP58: 0.36569612 | AR58: 11.98707 | AS58: 0.3985196 | AU58: 46.48816 | AV58: 0.73422422 | AX58: 30.927639 | AY58: 0.75848185 | BA58: 10.597132 | BB58: 0.44545277
A59: Bosnia and Herzegovina | B59: 0.25697381 | C59: 0.01453219 | E59: 0.98375351 | F59: 0.01104688 | H59: 9.4953513 | I59: 0.50041295 | K59: 35.092624 | L59: 0.70863769 | N59: 37.961522 | O59: 0.77314798 | Q59: 17.450503 | R59: 0.53720468 | T59: 6.9891812 | U59: 0.40316531 | W59: 33.264627 | X59: 0.62401043 | Z59: 42.123451 | AA59: 0.78333653 | AC59: 17.622741 | AD59: 0.6865453 | AF59: 8.2576391 | AG59: 0.39171394 | AI59: 34.776025 | AJ59: 0.6787942 | AL59: 40.932669 | AM59: 0.56948293 | AO59: 16.033667 | AP59: 0.56733261 | AR59: 8.2850939 | AS59: 0.4405748 | AU59: 30.607355 | AV59: 0.57637281 | AX59: 38.646946 | AY59: 0.63556367 | BA59: 22.460604 | BB59: 0.63302305
A60: Brazil | B60: 0.09270042 | C60: 0.015768485 | D60: † | E60: 1.0253778 | F60: 0.0078617814 | G60: † | H60: 14.155224 | I60: 0.50137751 | J60: † | K60: 30.152657 | L60: 0.65981652 | M60: † | N60: 43.627895 | O60: 0.66279918 | P60: † | Q60: 12.064224 | R60: 0.48958719 | S60: † | T60: 13.311168 | U60: 0.51655816 | V60: † | W60: 29.656036 | X60: 0.54865601 | Y60: † | Z60: 42.659127 | AA60: 0.64249186 | AB60: † | AC60: 14.373668 | AD60: 0.45199467 | AE60: † | AF60: 15.856087 | AG60: 0.52713172 | AH60: † | AI60: 30.119456 | AJ60: 0.61431441 | AK60: † | AL60: 40.836619 | AM60: 0.64421697 | AN60: † | AO60: 13.187838 | AP60: 0.51791267 | AQ60: † | AR60: 15.227287 | AS60: 0.57586794 | AT60: † | AU60: 25.223969 | AV60: 0.58717377 | AW60: † | AX60: 40.677307 | AY60: 0.64835366 | AZ60: † | BA60: 18.871436 | BB60: 0.52710282 | BC60: †
A61: Brunei Darussalam | B61: 0.26953527 | C61: 0.012708337 | D61: † | E61: 0.89625946 | F61: 0.0092944548 | G61: † | H61: 6.006826 | I61: 0.30223663 | J61: † | K61: 40.211032 | L61: 0.72216335 | M61: † | N61: 40.576252 | O61: 0.57111602 | P61: † | Q61: 13.20589 | R61: 0.46635743 | S61: † | T61: 4.6658866 | U61: 0.27903356 | V61: † | W61: 32.116204 | X61: 0.69662898 | Y61: † | Z61: 42.530702 | AA61: 0.66851986 | AB61: † | AC61: 20.687208 | AD61: 0.53865446 | AE61: † | AF61: 9.029971 | AG61: 0.41617874 | AH61: † | AI61: 36.504053 | AJ61: 0.75730267 | AK61: † | AL61: 39.692539 | AM61: 0.69110683 | AN61: † | AO61: 14.773437 | AP61: 0.49325916 | AQ61: † | AR61: 5.216248 | AS61: 0.29966771 | AT61: † | AU61: 24.44218 | AV61: 0.68314337 | AW61: † | AX61: 35.707405 | AY61: 0.64319851 | AZ61: † | BA61: 34.634167 | BB61: 0.64600753 | BC61: †
A62: B-S-J-Z (China) | B62: 0.17654554 | C62: 0.015745181 | E62: 0.91608794 | F62: 0.0095748259 | H62: 9.0342568 | I62: 0.33734889 | K62: 52.217423 | L62: 0.77531728 | N62: 27.659641 | O62: 0.65094027 | Q62: 11.088679 | R62: 0.50519762 | T62: 3.6413771 | U62: 0.20449363 | W62: 33.679081 | X62: 0.75066836 | Z62: 45.215769 | AA62: 0.75236556 | AC62: 17.463773 | AD62: 0.67556601 | AF62: 8.6329056 | AG62: 0.36140679 | AI62: 38.631492 | AJ62: 0.725561 | AL62: 38.609745 | AM62: 0.80209198 | AO62: 14.125858 | AP62: 0.55067665 | AR62: 12.622848 | AS62: 0.43892991 | AU62: 36.756886 | AV62: 0.64848293 | AX62: 31.396608 | AY62: 0.61780056 | BA62: 19.223658 | BB62: 0.4931051
A63: Bulgaria | B63: -0.026588473 | C63: 0.016369214 | D63: † | E63: 1.0223796 | F63: 0.010725689 | G63: † | H63: 16.49496 | I63: 0.64483267 | J63: † | K63: 40.987246 | L63: 0.95446496 | M63: † | N63: 29.810425 | O63: 0.78354312 | P63: † | Q63: 12.707369 | R63: 0.54496153 | S63: † | T63: 10.746798 | U63: 0.56129341 | V63: † | W63: 42.581393 | X63: 0.80633476 | Y63: † | Z63: 33.320456 | AA63: 0.64401749 | AB63: † | AC63: 13.351353 | AD63: 0.55213065 | AE63: † | AF63: 13.520239 | AG63: 0.50996886 | AH63: † | AI63: 40.330584 | AJ63: 0.72674802 | AK63: † | AL63: 33.81329 | AM63: 0.7039317 | AN63: † | AO63: 12.335887 | AP63: 0.47272638 | AQ63: † | AR63: 12.009499 | AS63: 0.58898816 | AT63: † | AU63: 34.35558 | AV63: 0.70932581 | AW63: † | AX63: 32.164879 | AY63: 0.66206625 | AZ63: † | BA63: 21.470042 | BB63: 0.81269499 | BC63: †
A64: Costa Rica | B64: 0.048173892 | C64: 0.015884847 | E64: 0.99474319 | F64: 0.009809857 | H64: 12.989047 | I64: 0.51803946 | K64: 38.824476 | L64: 0.67635048 | N64: 35.549367 | O64: 0.58384105 | Q64: 12.637109 | R64: 0.50711131 | T64: 11.482984 | U64: 0.48262514 | W64: 32.606306 | X64: 0.8045676 | Z64: 39.867756 | AA64: 0.88888649 | AC64: 16.042954 | AD64: 0.4618626 | AF64: 16.717257 | AG64: 0.64121188 | AI64: 35.987355 | AJ64: 0.73607238 | AL64: 35.081575 | AM64: 0.8403423 | AO64: 12.213814 | AP64: 0.42782321 | AR64: 19.901925 | AS64: 0.67554451 | AU64: 33.025369 | AV64: 0.55189267 | AX64: 31.541755 | AY64: 0.61470741 | BA64: 15.530951 | BB64: 0.48225269
A65: Croatia | B65: -0.3071416 | C65: 0.016008208 | E65: 1.0417787 | F65: 0.010262516 | H65: 21.418318 | I65: 0.63804378 | K65: 49.760859 | L65: 0.72135329 | N65: 20.802914 | O65: 0.53123269 | Q65: 8.017909 | R65: 0.39403528 | T65: 15.256056 | U65: 0.48736666 | W65: 46.839744 | X65: 0.68962923 | Z65: 27.926754 | AA65: 0.61230015 | AC65: 9.977446 | AD65: 0.41978443 | AF65: 20.618036 | AG65: 0.58962234 | AI65: 46.256079 | AJ65: 0.72471601 | AL65: 24.510888 | AM65: 0.60975711 | AO65: 8.6149976 | AP65: 0.44445368 | AR65: 13.788258 | AS65: 0.45118689 | AU65: 38.21274 | AV65: 0.6565966 | AX65: 29.653934 | AY65: 0.62748737 | BA65: 18.345068 | BB65: 0.49715583
A66: Cyprus | B66: -0.00073263856 | C66: 0.016799862 | D66: † | E66: 0.97375812 | F66: 0.010035841 | G66: † | H66: 15.549537 | I66: 0.61388833 | K66: 45.114448 | L66: 0.78869722 | N66: 27.813734 | O66: 0.72885637 | Q66: 11.52228 | R66: 0.5436828 | T66: 9.3747019 | U66: 0.45044812 | V66: † | W66: 40.469479 | X66: 0.69906273 | Y66: † | Z66: 35.35229 | AA66: 0.68449998 | AB66: † | AC66: 14.803528 | AD66: 0.6372986 | AE66: † | AF66: 11.252413 | AG66: 0.5665448 | AI66: 41.971121 | AJ66: 0.77374629 | AL66: 35.181988 | AM66: 0.80245383 | AO66: 11.594478 | AP66: 0.60702056 | AR66: 9.6419459 | AS66: 0.5141802 | AT66: † | AU66: 32.894128 | AV66: 0.91483896 | AW66: † | AX66: 32.600183 | AY66: 0.86967092 | AZ66: † | BA66: 24.863743 | BB66: 0.79405609 | BC66: †
A67: Dominican Republic | B67: 0.15174221 | C67: 0.025909634 | D67: ‡ | E67: 1.0446932 | F67: 0.018359749 | G67: ‡ | H67: 16.773455 | I67: 0.983086 | J67: ‡ | K67: 25.767865 | L67: 1.245575 | M67: ‡ | N67: 42.821018 | O67: 1.565552 | P67: ‡ | Q67: 14.637662 | R67: 0.90736211 | S67: ‡ | T67: 14.47483 | U67: 0.91964086 | V67: ‡ | W67: 29.160165 | X67: 1.0836785 | Y67: ‡ | Z67: 40.879762 | AA67: 1.2509727 | AB67: ‡ | AC67: 15.485243 | AD67: 0.96467522 | AE67: ‡ | AF67: 14.057774 | AG67: 0.94734155 | AH67: ‡ | AI67: 26.75204 | AJ67: 1.1220882 | AK67: ‡ | AL67: 42.94621 | AM67: 1.4036442 | AN67: ‡ | AO67: 16.243976 | AP67: 1.1241499 | AQ67: ‡ | AR67: 19.081137 | AS67: 0.92790352 | AT67: ‡ | AU67: 24.727221 | AV67: 1.1568575 | AW67: ‡ | AX67: 36.583533 | AY67: 1.3498462 | AZ67: ‡ | BA67: 19.608109 | BB67: 1.0265759 | BC67: ‡
A68: Georgia | B68: -0.12286698 | C68: 0.018483671 | E68: 1.0308258 | F68: 0.012083154 | H68: 18.5989 | I68: 0.70559057 | K68: 36.858477 | L68: 0.74688262 | N68: 31.892971 | O68: 0.75216129 | Q68: 12.649652 | R68: 0.53942654 | T68: 17.993622 | U68: 0.66416229 | W68: 38.965154 | X68: 0.87105628 | Z68: 31.488247 | AA68: 0.81944866 | AC68: 11.552977 | AD68: 0.57983072 | AF68: 16.973943 | AG68: 0.68473568 | AI68: 36.862987 | AJ68: 0.84731353 | AL68: 34.32534 | AM68: 0.86582606 | AO68: 11.83773 | AP68: 0.53951428 | AR68: 19.09213 | AS68: 0.61819385 | AU68: 29.517734 | AV68: 0.74650974 | AX68: 32.755769 | AY68: 0.72340486 | BA68: 18.634366 | BB68: 0.60668132
A69: Hong Kong (China)* | B69: 0.418709 | C69: 0.01711108 | E69: 0.97229611 | F69: 0.0088940873 | H69: 4.5288978 | I69: 0.29082203 | K69: 32.896407 | L69: 0.79031618 | N69: 43.006337 | O69: 0.6711856 | Q69: 19.568358 | R69: 0.62641963 | T69: 4.1875041 | U69: 0.28591542 | W69: 28.436497 | X69: 0.73946937 | Z69: 46.189709 | AA69: 0.76509842 | AC69: 21.18629 | AD69: 0.64424464 | AF69: 5.6423782 | AG69: 0.34869219 | AI69: 31.390689 | AJ69: 0.80977522 | AL69: 45.490237 | AM69: 0.76581935 | AO69: 17.476696 | AP69: 0.59022088 | AR69: 6.0569875 | AS69: 0.36330596 | AU69: 27.789975 | AV69: 0.71341398 | AX69: 42.639613 | AY69: 0.72091367 | BA69: 23.513424 | BB69: 0.69703921
A70: Indonesia | B70: 0.1088232 | C70: 0.022507837 | E70: 0.9367618 | F70: 0.013086876 | H70: 10.151707 | I70: 0.6622896 | K70: 37.573611 | L70: 0.87549934 | N70: 43.177884 | O70: 0.91396626 | Q70: 9.0967981 | R70: 0.50947262 | T70: 10.224796 | U70: 0.67609208 | W70: 32.363854 | X70: 0.90689492 | Z70: 45.984694 | AA70: 0.9138665 | AC70: 11.426656 | AD70: 0.58894491 | AF70: 10.039577 | AG70: 0.6106055 | AI70: 34.173263 | AJ70: 0.84558955 | AL70: 44.915906 | AM70: 0.83700019 | AO70: 10.871254 | AP70: 0.65477933 | AR70: 14.364013 | AS70: 0.65274878 | AU70: 35.070779 | AV70: 0.6295582 | AX70: 39.007223 | AY70: 0.68730713 | BA70: 11.557985 | BB70: 0.57426025
A71: Jordan | B71: 0.36672378 | C71: 0.021486529 | E71: 1.0422718 | F71: 0.0096035075 | H71: 18.352103 | I71: 0.86217741 | K71: 27.01176 | L71: 0.77602131 | N71: 36.299181 | O71: 0.78427343 | Q71: 18.336956 | R71: 0.62650144 | T71: 6.8899666 | U71: 0.38817655 | W71: 27.972804 | X71: 0.73383157 | Z71: 41.142691 | AA71: 0.64934048 | AC71: 23.994539 | AD71: 0.78913718 | AF71: 8.5084686 | AG71: 0.41795349 | AI71: 24.053714 | AJ71: 0.67385043 | AL71: 44.708113 | AM71: 0.66744854 | AO71: 22.729704 | AP71: 0.71720343 | AR71: 11.554032 | AS71: 0.46283306 | AU71: 24.889634 | AV71: 0.62835979 | AX71: 35.332727 | AY71: 0.65195486 | BA71: 28.223607 | BB71: 0.66665611
A72: Kazakhstan | B72: -0.011874961 | C72: 0.011647106 | E72: 1.0483118 | F72: 0.0061856549 | H72: 14.218348 | I72: 0.36884024 | K72: 33.339822 | L72: 0.55829239 | N72: 42.055921 | O72: 0.46425381 | Q72: 10.385908 | R72: 0.3061314 | T72: 13.86664 | U72: 0.35350227 | W72: 33.783733 | X72: 0.45794766 | Z72: 42.196099 | AA72: 0.45059772 | AC72: 10.153527 | AD72: 0.28544479 | AF72: 16.486603 | AG72: 0.37201389 | AI72: 33.454471 | AJ72: 0.59374125 | AL72: 40.294958 | AM72: 0.59587925 | AO72: 9.7639683 | AP72: 0.31495032 | AR72: 16.267385 | AS72: 0.36216477 | AU72: 31.232401 | AV72: 0.54867918 | AX72: 40.36906 | AY72: 0.58350077 | BA72: 12.131154 | BB72: 0.37574871
A73: Kosovo | B73: 0.28513507 | C73: 0.017281302 | E73: 0.9501715 | F73: 0.011293795 | H73: 9.2981426 | I73: 0.58641709 | K73: 31.884328 | L73: 0.70528836 | N73: 43.36195 | O73: 0.80766368 | Q73: 15.45558 | R73: 0.46895221 | T73: 7.5441619 | U73: 0.46385288 | W73: 33.382068 | X73: 0.77611995 | Z73: 43.411093 | AA73: 0.7356081 | AC73: 15.662677 | AD73: 0.47777117 | AF73: 7.696431 | AG73: 0.53821597 | AI73: 26.777827 | AJ73: 0.75946499 | AL73: 47.654917 | AM73: 0.81314713 | AO73: 17.870825 | AP73: 0.55343887 | AR73: 7.8752621 | AS73: 0.50460402 | AU73: 28.613574 | AV73: 0.76886782 | AX73: 43.928584 | AY73: 0.77064382 | BA73: 19.58258 | BB73: 0.6159792
A74: Lebanon | B74: 0.10330997 | C74: 0.024079293 | E74: 0.95229913 | F74: 0.012417442 | H74: 19.0669 | I74: 1.0289953 | K74: 31.838572 | L74: 0.89707729 | N74: 33.072612 | O74: 1.0565198 | Q74: 16.021916 | R74: 0.78023778 | T74: 10.878889 | U74: 0.59087945 | W74: 35.907857 | X74: 0.90091142 | Z74: 36.516846 | AA74: 0.86893879 | AC74: 16.696408 | AD74: 0.82798365 | AF74: 13.014532 | AG74: 0.60288166 | AI74: 32.295869 | AJ74: 0.93315165 | AL74: 38.518314 | AM74: 0.90482989 | AO74: 16.171285 | AP74: 0.79384503 | AR74: 20.400425 | AS74: 0.79488159 | AU74: 27.434224 | AV74: 0.77313668 | AX74: 28.166959 | AY74: 0.79633931 | BA74: 23.998392 | BB74: 0.87521379
A75: Macao (China) | B75: 0.16247363 | C75: 0.014908173 | E75: 0.9399748 | F75: 0.010182485 | H75: 4.4664363 | I75: 0.36916323 | K75: 43.103697 | L75: 0.88844119 | N75: 39.32415 | O75: 0.84179638 | Q75: 13.105716 | R75: 0.4728104 | T75: 5.6734965 | U75: 0.39464951 | W75: 35.536766 | X75: 0.83910603 | Z75: 42.280539 | AA75: 0.82199714 | AC75: 16.509199 | AD75: 0.52153196 | AF75: 10.983396 | AG75: 0.53427308 | AI75: 42.486816 | AJ75: 0.83981753 | AL75: 34.976756 | AM75: 0.84025767 | AO75: 11.553032 | AP75: 0.45559478 | AR75: 9.3199216 | AS75: 0.50085815 | AU75: 33.860824 | AV75: 0.77444086 | AX75: 34.607796 | AY75: 0.80326579 | BA75: 22.211459 | BB75: 0.6904032
A76: Malaysia | B76: 0.3916679 | C76: 0.018106039 | E76: 0.84852362 | F76: 0.0088421141 | H76: 5.9789683 | I76: 0.40461865 | K76: 35.02671 | L76: 0.73323526 | N76: 47.974197 | O76: 0.68722391 | Q76: 11.020125 | R76: 0.49115326 | T76: 4.1928512 | U76: 0.26703162 | W76: 24.06673 | X76: 1.0088668 | Z76: 49.859239 | AA76: 0.81109138 | AC76: 21.88118 | AD76: 0.77654099 | AF76: 6.3796612 | AG76: 0.41921879 | AI76: 28.417418 | AJ76: 0.81020249 | AL76: 50.32047 | AM76: 0.79110909 | AO76: 14.882451 | AP76: 0.56836995 | AR76: 7.0967741 | AS76: 0.34150355 | AU76: 27.826773 | AV76: 0.72312821 | AX76: 44.395007 | AY76: 0.7408867 | BA76: 20.681446 | BB76: 0.64797113
A77: Malta | B77: 0.36212052 | C77: 0.015901524 | E77: 0.96390947 | F77: 0.011606039 | H77: 6.6446931 | I77: 0.38381797 | K77: 28.793428 | L77: 0.85662291 | N77: 44.882257 | O77: 0.90350208 | Q77: 19.679623 | R77: 0.60333293 | T77: 5.9439196 | U77: 0.43038016 | W77: 29.876168 | X77: 0.76305872 | Z77: 42.833273 | AA77: 0.8079268 | AC77: 21.346639 | AD77: 0.7406054 | AF77: 8.340265 | AG77: 0.57010596 | AI77: 31.827243 | AJ77: 0.8859094 | AL77: 43.78388 | AM77: 0.94079302 | AO77: 16.048613 | AP77: 0.55177172 | AR77: 5.6299396 | AS77: 0.45285681 | AU77: 22.95039 | AV77: 0.78834725 | AX77: 38.93813 | AY77: 0.86139729 | BA77: 32.481541 | BB77: 0.79866422
A78: Moldova | B78: 0.10867826 | C78: 0.01480771 | E78: 0.80248163 | F78: 0.0090119609 | H78: 4.9363985 | I78: 0.31664227 | K78: 38.287714 | L78: 0.80806616 | N78: 48.797837 | O78: 0.70382065 | Q78: 7.9780505 | R78: 0.45154427 | T78: 6.5282506 | U78: 0.3920161 | W78: 36.880962 | X78: 0.88307399 | Z78: 46.016107 | AA78: 0.88570961 | AC78: 10.574681 | AD78: 0.52729842 | AF78: 10.176399 | AG78: 0.48708459 | AI78: 40.734693 | AJ78: 0.75732529 | AL78: 41.270376 | AM78: 0.77441088 | AO78: 7.818532 | AP78: 0.45821008 | AR78: 10.394923 | AS78: 0.60786761 | AU78: 34.45574 | AV78: 0.7056887 | AX78: 41.100697 | AY78: 0.75406983 | BA78: 14.04864 | BB78: 0.60077201
A79: Montenegro | B79: 0.25867141 | C79: 0.01204532 | E79: 1.0234986 | F79: 0.008717339 | H79: 9.863511 | I79: 0.37834079 | K79: 33.556215 | L79: 0.61737627 | N79: 37.228801 | O79: 0.76555765 | Q79: 19.351474 | R79: 0.5367799 | T79: 8.5499766 | U79: 0.38922927 | W79: 35.883411 | X79: 0.68601599 | Z79: 37.262396 | AA79: 0.7053146 | AC79: 18.304216 | AD79: 0.50436363 | AF79: 7.4688373 | AG79: 0.35823324 | AI79: 33.865477 | AJ79: 0.66013376 | AL79: 40.179666 | AM79: 0.68526059 | AO79: 18.48602 | AP79: 0.53549667 | AR79: 9.3419605 | AS79: 0.40698524 | AU79: 31.660636 | AV79: 0.678967 | AX79: 36.389024 | AY79: 0.59242014 | BA79: 22.608379 | BB79: 0.57323849
A80: Morocco | B80: 0.23163713 | C80: 0.02408212 | D80: ‡ | E80: 0.94681394 | F80: 0.012809393 | G80: ‡ | H80: 15.148501 | I80: 0.8942703 | J80: ‡ | K80: 27.002756 | L80: 0.93929003 | M80: ‡ | N80: 46.959747 | O80: 0.98669974 | P80: ‡ | Q80: 10.888996 | R80: 0.64516401 | S80: ‡ | T80: 8.2139112 | U80: 0.52131446 | V80: ‡ | W80: 28.11587 | X80: 0.89857509 | Y80: ‡ | Z80: 47.360006 | AA80: 0.96577271 | AB80: ‡ | AC80: 16.310213 | AD80: 0.81746394 | AE80: ‡ | AF80: 10.607451 | AG80: 0.5884799 | AH80: ‡ | AI80: 29.474086 | AJ80: 0.83681085 | AK80: ‡ | AL80: 45.67221 | AM80: 0.94306005 | AN80: ‡ | AO80: 14.246252 | AP80: 0.80048716 | AQ80: ‡ | AR80: 9.93921 | AS80: 0.55077346 | AT80: ‡ | AU80: 24.486483 | AV80: 0.80973088 | AW80: ‡ | AX80: 45.603099 | AY80: 0.86940229 | AZ80: ‡ | BA80: 19.971208 | BB80: 0.75047461 | BC80: ‡
A81: North Macedonia | B81: 0.23514073 | C81: 0.012882261 | E81: 0.9081355 | F81: 0.0090714223 | H81: 7.5450216 | I81: 0.37934667 | K81: 36.332664 | L81: 0.69331052 | N81: 42.69082 | O81: 0.71859862 | Q81: 13.431495 | R81: 0.51593332 | T81: 7.5619141 | U81: 0.41113565 | W81: 33.750476 | X81: 0.71846032 | Z81: 41.213378 | AA81: 0.69371492 | AC81: 17.474232 | AD81: 0.53453479 | AF81: 8.350978 | AG81: 0.39805194 | AI81: 33.745533 | AJ81: 0.69649661 | AL81: 42.64141 | AM81: 0.78283388 | AO81: 15.262079 | AP81: 0.55699909 | AR81: 12.031021 | AS81: 0.53316889 | AU81: 29.193397 | AV81: 0.59792112 | AX81: 38.343926 | AY81: 0.83080172 | BA81: 20.431656 | BB81: 0.58856699
A82: Panama | B82: 0.03002221 | C82: 0.030690791 | D82: ‡ | E82: 1.0368763 | F82: 0.015218464 | G82: ‡ | H82: 12.767834 | I82: 0.89319831 | J82: ‡ | K82: 40.922649 | L82: 1.135721 | M82: ‡ | N82: 32.849847 | O82: 1.1843337 | P82: ‡ | Q82: 13.45967 | R82: 0.87295985 | S82: ‡ | T82: 12.832683 | U82: 0.97387823 | V82: ‡ | W82: 36.721619 | X82: 1.3826015 | Y82: ‡ | Z82: 35.150629 | AA82: 1.3589487 | AB82: ‡ | AC82: 15.295069 | AD82: 0.98405713 | AE82: ‡ | AF82: 15.483719 | AG82: 0.97785885 | AH82: ‡ | AI82: 34.249972 | AJ82: 1.2359468 | AK82: ‡ | AL82: 34.936789 | AM82: 1.4048803 | AN82: ‡ | AO82: 15.329519 | AP82: 0.956773 | AQ82: ‡ | AR82: 14.202043 | AS82: 0.7596865 | AT82: ‡ | AU82: 30.055687 | AV82: 1.1546027 | AW82: ‡ | AX82: 33.17024 | AY82: 1.1946255 | AZ82: ‡ | BA82: 22.57203 | BB82: 0.98903282 | BC82: ‡
A83: Peru | B83: 0.24973062 | C83: 0.02038206 | D83: ‡ | E83: 0.84167487 | F83: 0.013489963 | G83: ‡ | H83: 5.1271049 | I83: 0.46630328 | J83: ‡ | K83: 35.361296 | L83: 1.0019858 | M83: ‡ | N83: 50.693024 | O83: 1.0383001 | P83: ‡ | Q83: 8.8185753 | R83: 0.63985981 | S83: ‡ | T83: 4.5302722 | U83: 0.46530211 | V83: ‡ | W83: 32.531778 | X83: 0.95145522 | Y83: ‡ | Z83: 50.436872 | AA83: 0.98739505 | AB83: ‡ | AC83: 12.501078 | AD83: 0.72889478 | AE83: ‡ | AF83: 5.907279 | AG83: 0.4472007 | AH83: ‡ | AI83: 35.148846 | AJ83: 1.2571387 | AK83: ‡ | AL83: 47.152178 | AM83: 1.2144616 | AN83: ‡ | AO83: 11.791697 | AP83: 0.79722044 | AQ83: ‡ | AR83: 9.4480524 | AS83: 0.64558965 | AT83: ‡ | AU83: 38.831132 | AV83: 0.9560229 | AW83: ‡ | AX83: 40.356291 | AY83: 0.99945299 | AZ83: ‡ | BA83: 11.364525 | BB83: 0.59087697 | BC83: ‡
A84: Philippines | B84: 0.23524931 | C84: 0.015748806 | E84: 0.88481233 | F84: 0.0090336713 | H84: 5.6950544 | I84: 0.359185 | K84: 34.676785 | L84: 0.82410119 | N84: 45.791525 | O84: 0.72213501 | Q84: 13.836636 | R84: 0.55166511 | T84: 5.9350863 | U84: 0.35606658 | W84: 37.416345 | X84: 0.64170246 | Z84: 42.610059 | AA84: 0.5728751 | AC84: 14.038509 | AD84: 0.54231871 | AF84: 6.1205114 | AG84: 0.31424694 | AI84: 36.034274 | AJ84: 0.62868312 | AL84: 44.569881 | AM84: 0.68617531 | AO84: 13.275333 | AP84: 0.48782904 | AR84: 6.9749413 | AS84: 0.3657914 | AU84: 33.882775 | AV84: 0.72457945 | AX84: 41.414149 | AY84: 0.67195024 | BA84: 17.728134 | BB84: 0.7888922
A85: Qatar | B85: 0.20114427 | C85: 0.0088933585 | E85: 1.0363212 | F85: 0.0061196931 | H85: 9.9234842 | I85: 0.25132781 | K85: 37.148946 | L85: 0.41613619 | N85: 35.43595 | O85: 0.43793105 | Q85: 17.49162 | R85: 0.35124551 | T85: 8.5160383 | U85: 0.25169659 | W85: 35.452995 | X85: 0.40879718 | Z85: 37.149879 | AA85: 0.47230489 | AC85: 18.881088 | AD85: 0.33550853 | AF85: 10.906406 | AG85: 0.29588387 | AI85: 35.24311 | AJ85: 0.45180661 | AL85: 36.776383 | AM85: 0.44388064 | AO85: 17.074101 | AP85: 0.35067975 | AR85: 11.445261 | AS85: 0.30840779 | AU85: 31.043542 | AV85: 0.39782685 | AX85: 32.454036 | AY85: 0.40171185 | BA85: 25.057161 | BB85: 0.38167542
A86: Romania | B86: 0.13202797 | C86: 0.016672593 | E86: 0.92095585 | F86: 0.010865057 | H86: 8.4202587 | I86: 0.57702925 | K86: 31.815634 | L86: 0.74177861 | N86: 47.805569 | O86: 0.82188496 | Q86: 11.958539 | R86: 0.55916601 | T86: 9.4223238 | U86: 0.45678103 | W86: 32.876553 | X86: 0.78152979 | Z86: 43.229015 | AA86: 0.79244564 | AC86: 14.472109 | AD86: 0.68016665 | AF86: 13.768486 | AG86: 0.60167401 | AI86: 35.349592 | AJ86: 0.83944431 | AL86: 40.278874 | AM86: 0.76527491 | AO86: 10.603048 | AP86: 0.52485461 | AR86: 13.482498 | AS86: 0.69899211 | AU86: 28.698735 | AV86: 0.71321626 | AX86: 38.238336 | AY86: 0.75404188 | BA86: 19.580431 | BB86: 0.81396476
A87: Russia | B87: -0.094724119 | C87: 0.014797756 | E87: 0.9586235 | F87: 0.0085706087 | H87: 11.740069 | I87: 0.47725309 | K87: 41.748804 | L87: 0.85884385 | N87: 37.681261 | O87: 0.62901201 | Q87: 8.8298659 | R87: 0.43924751 | T87: 11.891148 | U87: 0.4979272 | W87: 41.73134 | X87: 0.68114526 | Z87: 38.044559 | AA87: 0.65422866 | AC87: 8.3329523 | AD87: 0.35130438 | AF87: 15.102279 | AG87: 0.58473077 | AI87: 41.308277 | AJ87: 0.66607767 | AL87: 36.288587 | AM87: 0.70204098 | AO87: 7.3008576 | AP87: 0.3537975 | AR87: 11.845172 | AS87: 0.44201191 | AU87: 35.039384 | AV87: 0.55276426 | AX87: 39.330583 | AY87: 0.63813223 | BA87: 13.78486 | BB87: 0.49734654
A88: Saudi Arabia | B88: 0.23277564 | C88: 0.021948587 | E88: 1.0715782 | F88: 0.0093786437 | H88: 15.202879 | I88: 0.79868652 | K88: 32.9801 | L88: 0.78664785 | N88: 32.913366 | O88: 0.77245101 | Q88: 18.903655 | R88: 0.76459389 | T88: 8.1471998 | U88: 0.40411832 | W88: 33.866657 | X88: 0.72555227 | Z88: 35.744197 | AA88: 0.67334368 | AC88: 22.241946 | AD88: 0.78100543 | AF88: 12.586152 | AG88: 0.52103379 | AI88: 31.163784 | AJ88: 0.63679979 | AL88: 35.470048 | AM88: 0.59116342 | AO88: 20.780016 | AP88: 0.71233215 | AR88: 15.981909 | AS88: 0.56403507 | AU88: 29.002086 | AV88: 0.61105682 | AX88: 31.192363 | AY88: 0.66504161 | BA88: 23.823642 | BB88: 0.5509045
A89: Serbia | B89: -0.012094743 | C89: 0.017763588 | D89: † | E89: 1.0353 | F89: 0.0096270083 | G89: † | H89: 14.498723 | I89: 0.54360814 | K89: 43.923375 | L89: 0.82431496 | N89: 27.084939 | O89: 0.76737166 | Q89: 14.492964 | R89: 0.49873995 | T89: 10.698823 | U89: 0.5028328 | W89: 41.536071 | X89: 0.7849236 | Z89: 32.507243 | AA89: 0.87138171 | AC89: 15.257862 | AD89: 0.53751978 | AF89: 13.946763 | AG89: 0.56008829 | AI89: 41.805254 | AJ89: 0.82663092 | AL89: 31.233831 | AM89: 0.71259116 | AO89: 13.014153 | AP89: 0.48596836 | AR89: 13.35225 | AS89: 0.55969258 | AU89: 36.68075 | AV89: 0.70333369 | AX89: 30.216609 | AY89: 0.64154089 | BA89: 19.750391 | BB89: 0.52129676
A90: Singapore | B90: 0.60722974 | C90: 0.013415473 | E90: 0.90708369 | F90: 0.0066993566 | H90: 1.9869474 | I90: 0.19684164 | K90: 28.912315 | L90: 0.64245634 | N90: 46.475741 | O90: 0.66325813 | Q90: 22.624997 | R90: 0.58791608 | T90: 2.1138876 | U90: 0.19862518 | W90: 21.620963 | X90: 0.51514729 | Z90: 43.975943 | AA90: 0.66241703 | AC90: 32.289207 | AD90: 0.66573603 | AF90: 5.4593794 | AG90: 0.28834877 | AI90: 29.352815 | AJ90: 0.60854945 | AL90: 43.990903 | AM90: 0.65454501 | AO90: 21.196903 | AP90: 0.55219043 | AR90: 2.9241199 | AS90: 0.24476097 | AU90: 18.48356 | AV90: 0.47650364 | AX90: 37.72367 | AY90: 0.53663188 | BA90: 40.86865 | BB90: 0.59294458
A91: Chinese Taipei | B91: 0.34911324 | C91: 0.017665619 | E91: 1.0096759 | F91: 0.0092197589 | H91: 5.8814612 | I91: 0.29041842 | K91: 34.865668 | L91: 0.75745114 | N91: 41.166887 | O91: 0.66371848 | Q91: 18.085984 | R91: 0.66739431 | T91: 4.5549681 | U91: 0.25919405 | W91: 29.248287 | X91: 0.77625223 | Z91: 45.477915 | AA91: 0.73551036 | AC91: 20.718829 | AD91: 0.69481968 | AF91: 7.8275159 | AG91: 0.35449936 | AI91: 35.408019 | AJ91: 0.68206502 | AL91: 39.817298 | AM91: 0.66865841 | AO91: 16.947167 | AP91: 0.57504093 | AR91: 6.8386623 | AS91: 0.32696152 | AU91: 32.933413 | AV91: 0.73991559 | AX91: 41.677109 | AY91: 0.68495097 | BA91: 18.550816 | BB91: 0.60216837
A92: Thailand | B92: 0.18924707 | C92: 0.015363345 | E92: 0.85708231 | F92: 0.0084677875 | H92: 4.549714 | I92: 0.37003749 | K92: 31.503267 | L92: 0.63094149 | N92: 51.806474 | O92: 0.66450862 | Q92: 12.140545 | R92: 0.53667124 | T92: 7.4675025 | U92: 0.36522942 | W92: 38.303343 | X92: 0.71856924 | Z92: 43.868909 | AA92: 0.6821378 | AC92: 10.360246 | AD92: 0.51342487 | AF92: 6.6329311 | AG92: 0.35646201 | AI92: 36.08492 | AJ92: 0.65387818 | AL92: 46.881197 | AM92: 0.6596894 | AO92: 10.400952 | AP92: 0.48165724 | AR92: 9.8243627 | AS92: 0.4730287 | AU92: 36.542051 | AV92: 0.67322592 | AX92: 41.605438 | AY92: 0.81741662 | BA92: 12.028149 | BB92: 0.4843934
A93: Ukraine | B93: -0.21648111 | C93: 0.018047604 | E93: 0.96305774 | F93: 0.010500237 | H93: 12.699216 | I93: 0.59651255 | K93: 48.729167 | L93: 0.7466767 | N93: 29.210727 | O93: 0.65028419 | Q93: 9.3608903 | R93: 0.5391555 | T93: 13.553119 | U93: 0.53371254 | W93: 46.307053 | X93: 0.84671927 | Z93: 30.416342 | AA93: 0.73542674 | AC93: 9.7234861 | AD93: 0.48132468 | AF93: 21.099782 | AG93: 0.61306029 | AI93: 43.771514 | AJ93: 0.68903668 | AL93: 27.029122 | AM93: 0.75435743 | AO93: 8.0995819 | AP93: 0.42380231 | AR93: 15.243146 | AS93: 0.48238628 | AU93: 41.379347 | AV93: 0.72109625 | AX93: 29.495837 | AY93: 0.62266386 | BA93: 13.881669 | BB93: 0.51731161
A94: United Arab Emirates | B94: 0.23597142 | C94: 0.0094725167 | E94: 1.0251155 | F94: 0.0069698827 | H94: 10.091943 | I94: 0.28084326 | K94: 36.675822 | L94: 0.55146755 | N94: 35.500634 | O94: 0.43806754 | Q94: 17.731601 | R94: 0.42100456 | T94: 7.9999061 | U94: 0.28228284 | W94: 33.959052 | X94: 0.42106619 | Z94: 38.26242 | AA94: 0.61924784 | AC94: 19.778622 | AD94: 0.43693145 | AF94: 10.321834 | AG94: 0.26129014 | AI94: 33.880787 | AJ94: 0.44950318 | AL94: 37.674153 | AM94: 0.53699057 | AO94: 18.123227 | AP94: 0.43671646 | AR94: 12.145988 | AS94: 0.37817432 | AU94: 32.346044 | AV94: 0.49941412 | AX94: 32.447502 | AY94: 0.52150798 | BA94: 23.060466 | BB94: 0.62365553
A95: Uruguay | B95: -0.22349672 | C95: 0.017058964 | D95: † | E95: 1.0460649 | F95: 0.013298988 | G95: † | H95: 15.666855 | I95: 0.74718292 | J95: † | K95: 40.611577 | L95: 1.0496617 | M95: † | N95: 33.358255 | O95: 0.93012155 | P95: † | Q95: 10.363314 | R95: 0.53138292 | S95: † | T95: 21.768742 | U95: 0.7815145 | V95: † | W95: 38.181694 | X95: 0.92157128 | Y95: † | Z95: 29.57078 | AA95: 0.87640908 | AB95: † | AC95: 10.478785 | AD95: 0.55098173 | AE95: † | AF95: 22.379403 | AG95: 0.75509513 | AH95: † | AI95: 37.157432 | AJ95: 0.89318431 | AK95: † | AL95: 30.249055 | AM95: 1.0201008 | AN95: † | AO95: 10.214109 | AP95: 0.53406613 | AQ95: † | AR95: 20.482405 | AS95: 0.86089542 | AT95: † | AU95: 32.987887 | AV95: 0.96684258 | AW95: † | AX95: 31.185903 | AY95: 1.0054356 | AZ95: † | BA95: 15.343806 | BB95: 0.68750914 | BC95: †
A96: Viet Nam | B96: -0.29547891 | C96: 0.023098701 | E96: 0.91664773 | F96: 0.011395931 | H96: 15.508082 | I96: 0.70782724 | K96: 54.424021 | L96: 0.93429581 | N96: 24.681477 | O96: 0.97288013 | Q96: 5.3864192 | R96: 0.39788205 | T96: 13.993199 | U96: 0.687134 | W96: 41.847884 | X96: 0.99946166 | Z96: 36.202353 | AA96: 0.97438284 | AC96: 7.9565646 | AD96: 0.53985559 | AF96: 24.112226 | AG96: 0.78999992 | AI96: 44.078049 | AJ96: 0.75682147 | AL96: 25.681517 | AM96: 0.70776487 | AO96: 6.1282074 | AP96: 0.43954143 | AR96: 13.241543 | AS96: 0.57005333 | AU96: 33.649724 | AV96: 0.7757887 | AX96: 34.807372 | AY96: 0.6802925 | BA96: 18.30136 | BB96: 0.8064323
A101: Information on data for Cyprus: https://oe.cd/cyprus-disclaimer
A102: *Data did not meet the PISA technical standards but were accepted as largely comparable (see Annexes A2 and A4).
A104: 1. The index of student competition includes the following statements: "Students seem to value competition"; "It seems that students are competing with each other"; and "Students seem to share the feeling that competing with each other is important".
A105: Note: Information regarding the proportion of the sample covered is shown next to the standard error. No symbol means at least 75% of the population was covered; one dagger (†) means at least 50% but less than 75%; and one double-dagger (‡) means less than 50% was covered. For comparisons across cycles, the coverage information corresponds to the cycle with the lowest sample coverage.

Sheet Table III.B1.8.3
A1: PISA 2018 Results (Volume III) - © OECD 2019
A2: Annex B1 | B2: Annex B1.8 Results (tables): Student co-operation and competition
A3: Version 2 - Last updated: 02-Dec-2019
A4: Disclaimer: http://oe.cd/disclaimer
A6: Table III.B1.8.3
A7: Difference between student co-operation and competition
A8: Based on students' reports
B11: Index of student co-operation | E11: Index of student competition | H11: Difference between the indices of co-operation and competition
B14: Mean index | C14: S.E. | E14: Mean index | F14: S.E. | H14: Dif. | I14: S.E.
A15: OECD
A16: Australia | B16: 0.024334781 | C16: 0.012851336 | D16: † | E16: 0.34728761 | F16: 0.011595543 | H16: -0.32616715 | I16: 0.014789694 | J16: †
A17: Austria | B17: 0.35646852 | C17: 0.020974523 | E17: -0.029612781 | F17: 0.015955432 | H17: 0.39018965 | I17: 0.024776821 | J17: †
A18: Belgium | B18: -0.057201043 | C18: 0.015633574 | E18: -0.30551273 | F18: 0.015314899 | H18: 0.25063981 | I18: 0.022065456
A19: Canada | B19: m | C19: m | E19: m | F19: m | H19: m | I19: m
A20: Chile | B20: -0.17271714 | C20: 0.024625825 | D20: † | E20: -0.023663565 | F20: 0.0216088 | G20: † | H20: -0.1530393 | I20: 0.026188347 | J20: †
A21: Colombia | B21: -0.13124253 | C21: 0.020576081 | D21: † | E21: 0.11927402 | F21: 0.017431963 | G21: † | H21: -0.25117257 | I21: 0.02161892 | J21: †
A22: Czech Republic | B22: -0.22183528 | C22: 0.018754458 | E22: -0.51453073 | F22: 0.013677075 | H22: 0.29487144 | I22: 0.025519209
A23: Denmark | B23: 0.3427123 | C23: 0.01486662 | E23: -0.1975122 | F23: 0.015383513 | H23: 0.5411954 | I23: 0.020382914
A24: Estonia | B24: -0.11676621 | C24: 0.015580692 | E24: -0.30999629 | F24: 0.014126335 | H24: 0.19370461 | I24: 0.018489276
A25: Finland | B25: 0.08341595 | C25: 0.016507131 | E25: 0.10211281 | F25: 0.015232926 | H25: -0.016523763 | I25: 0.021607561
A26: France | B26: -0.37953541 | C26: 0.016247046 | D26: † | E26: -0.18156863 | F26: 0.018713247 | H26: -0.20169793 | I26: 0.024767889 | J26: †
A27: Germany | B27: 0.067556501 | C27: 0.025913674 | D27: ‡ | E27: -0.4019879 | F27: 0.020920155 | G27: ‡ | H27: 0.46854956 | I27: 0.031944928 | J27: ‡
A28: Greece | B28: -0.016153399 | C28: 0.017312529 | E28: -0.058905157 | F28: 0.014218939 | H28: 0.042908858 | I28: 0.02076768
A29: Hungary | B29: -0.13145841 | C29: 0.023976022 | E29: -0.20072875 | F29: 0.018474254 | H29: 0.072038933 | I29: 0.029021462
A30: Iceland | B30: 0.31193357 | C30: 0.022423244 | D30: † | E30: 0.087208729 | F30: 0.018279813 | G30: † | H30: 0.22332286 | I30: 0.02447909 | J30: †
A31: Ireland | B31: -0.17227425 | C31: 0.016413571 | E31: 0.20302336 | F31: 0.017762515 | H31: -0.39404917 | I31: 0.02359223
A32: Israel | B32: 0.06969555 | C32: 0.022042352 | E32: -0.079310129 | F32: 0.022402562 | H32: 0.14586157 | I32: 0.02928459
A33: Italy | B33: -0.31281902 | C33: 0.015790849 | E33: -0.21240223 | F33: 0.014203001 | H33: -0.10237826 | I33: 0.021025819 | J33: †
A34: Japan | B34: 0.11152416 | C34: 0.022927011 | E34: -0.36880228 | F34: 0.023778984 | H34: 0.47885155 | I34: 0.024463903
A35: Korea | B35: 0.16054748 | C35: 0.018163673 | E35: 0.52219738 | F35: 0.022348097 | H35: -0.36042532 | I35: 0.030500902
A36: Latvia | B36: -0.22367704 | C36: 0.014618357 | E36: -0.073920631 | F36: 0.014195437 | H36: -0.14446355 | I36: 0.020086737
A37: Lithuania | B37: 0.2192498 | C37: 0.016446788 | E37: 0.097558124 | F37: 0.014319959 | H37: 0.12444925 | I37: 0.024522814
A38: Luxembourg | B38: -0.047948997 | C38: 0.014476545 | E38: -0.14937022 | F38: 0.01645398 | H38: 0.10159377 | I38: 0.019974116
A39: Mexico | B39: -0.054562778 | C39: 0.02225411 | D39: ‡ | E39: 0.0073958545 | F39: 0.016081318 | G39: † | H39: -0.068744301 | I39: 0.022386012 | J39: ‡
A40: Netherlands* | B40: 0.18482566 | C40: 0.019130224 | E40: -0.44702738 | F40: 0.01598364 | H40: 0.63017364 | I40: 0.021396937
A41: New Zealand | B41: -0.014140229 | C41: 0.016133166 | E41: 0.33776632 | F41: 0.013173983 | H41: -0.35916212 | I41: 0.016177573
A42: Norway | B42: 0.62197245 | C42: 0.015508513 | E42: 0.42504748 | F42: 0.015863717 | H42: 0.19742865 | I42: 0.019002318
A43: Poland | B43: 0.0024117054 | C43: 0.017195597 | E43: 0.17748956 | F43: 0.013581223 | H43: -0.18257158 | I43: 0.022351822
A44: Portugal* | B44: -0.06073211 | C44: 0.019206288 | E44: 0.19267493 | F44: 0.014207891 | H44: -0.25944236 | I44: 0.023978189
A45: Slovak Republic | B45: -0.22832337 | C45: 0.01514256 | E45: -0.094587172 | F45: 0.015041573 | H45: -0.1309945 | I45: 0.021041563
A46: Slovenia | B46: -0.025606516 | C46: 0.016574458 | E46: -0.1600609 | F46: 0.015701501 | H46: 0.13578597 | I46: 0.02211741
A47: Spain | B47: -0.13286459 | C47: 0.013926764 | D47: † | E47: -0.046735787 | F47: 0.011033447 | G47: † | H47: -0.083397104 | I47: 0.017450458 | J47: †
A48: Sweden | B48: -0.051688485 | C48: 0.018302931 | E48: 0.10185927 | F48: 0.024355442 | H48: -0.15943896 | I48: 0.028834916
A49: Switzerland | B49: 0.1319171 | C49: 0.030001424 | D49: † | E49: -0.15692421 | F49: 0.017067733 | G49: † | H49: 0.29413481 | I49: 0.028098628 | J49: †
A50: Turkey | B50: -0.010868058 | C50: 0.017244089 | E50: 0.34353289 | F50: 0.016526845 | H50: -0.35090226 | I50: 0.01856678
A51: United Kingdom | B51: -0.13952631 | C51: 0.015353288 | E51: 0.30418042 | F51: 0.01536222 | H51: -0.45106946 | I51: 0.017865846
A52: United States* | B52: -0.16044977 | C52: 0.020241381 | E52: 0.38843557 | F52: 0.020984997 | H52: -0.54859204 | I52: 0.02475642
A53: OECD average | B53: -0.004828484 | C53: 0.0031348943 | E53: -0.0071143157 | F53: 0.0028369519 | H53: 0.0011519071 | I53: 0.0038724111
A54: Partners
A55: Albania | B55: 0.64710371 | C55: 0.016442732 | E55: 0.62520409 | F55: 0.016092649 | H55: 0.022690602 | I55: 0.018102469
A56: Argentina | B56: -0.54516256 | C56: 0.018549858 | D56: † | E56: -0.37991062 | F56: 0.014978883 | G56: † | H56: -0.159531 | I56: 0.025177143 | J56: †
A57: Baku (Azerbaijan) | B57: 0.086357267 | C57: 0.021610106 | D57: † | E57: 0.28999932 | F57: 0.019175388 | G57: † | H57: -0.20955724 | I57: 0.023587817 | J57: ‡
A58: Belarus | B58: -0.097807472 | C58: 0.020448477 | E58: -0.30228216 | F58: 0.014458643 | H58: 0.21269369 | I58: 0.021519443
A59: Bosnia and Herzegovina | B59: 0.045658929 | C59: 0.019525341 | E59: 0.25697381 | F59: 0.01453219 | H59: -0.20960055 | I59: 0.021541356
A60: Brazil | B60: -0.35280279 | C60: 0.019015633 | D60: † | E60: 0.09270042 | F60: 0.015768485 | G60: † | H60: -0.45681975 | I60: 0.02146846 | J60: †
A61: Brunei Darussalam | B61: -0.078051592 | C61: 0.013744633 | D61: † | E61: 0.26953527 | F61: 0.012708337 | G61: † | H61: -0.35673815 | I61: 0.015467404 | J61: †
A62: B-S-J-Z (China) | B62: 0.18408734 | C62: 0.017123182 | E62: 0.17654554 | F62: 0.015745181 | H62: 0.0043337697 | I62: 0.018248499
A63: Bulgaria | B63: -0.36087586 | C63: 0.022510368 | D63: † | E63: -0.026588473 | F63: 0.016369214 | G63: † | H63: -0.328217 | I63: 0.025052973 | J63: †
A64: Costa Rica | B64: -0.1652914 | C64: 0.023163432 | E64: 0.048173892 | F64: 0.015884847 | H64: -0.21636835 | I64: 0.027812206
A65: Croatia | B65: -0.0056231829 | C65: 0.019003517 | E65: -0.3071416 | F65: 0.016008208 | H65: 0.30759165 | I65: 0.027165858
A66: Cyprus | B66: -0.21981005 | C66: 0.018340383 | D66: † | E66: -0.00073263856 | F66: 0.016799862 | G66: † | H66: -0.21548405 | I66: 0.021740492 | J66: †
A67: Dominican Republic | B67: -0.084729884 | C67: 0.030718322 | D67: ‡ | E67: 0.15174221 | F67: 0.025909634 | G67: ‡ | H67: -0.22034467 | I67: 0.035090623 | J67: ‡
A68: Georgia | B68: 0.2603087 | C68: 0.019546432 | E68: -0.12286698 | F68: 0.018483671 | H68: 0.39617555 | I68: 0.024256446 | J68: †
A69: Hong Kong (China)* | B69: 0.074372582 | C69: 0.019096196 | E69: 0.418709 | F69: 0.01711108 | H69: -0.34492647 | I69: 0.023398859
A70: Indonesia | B70: 0.33760363 | C70: 0.01536319 | E70: 0.1088232 | F70: 0.022507837 | H70: 0.23122346 | I70: 0.025961303
A71: Jordan | B71: 0.0068129606 | C71: 0.020245335 | E71: 0.36672378 | F71: 0.021486529 | H71: -0.35704627 | I71: 0.017857695
A72: Kazakhstan | B72: 0.27453643 | C72: 0.013606949 | E72: -0.011874961 | F72: 0.011647106 | H72: 0.28245506 | I72: 0.01492572 | J72: †
A73: Kosovo | B73: 0.50351249 | C73: 0.014083083 | E73: 0.28513507 | F73: 0.017281302 | H73: 0.22079061 | I73: 0.020473484
A74: Lebanon | B74: -0.097548667 | C74: 0.027492985 | E74: 0.10330997 | F74: 0.024079293 | H74: -0.19792549 | I74: 0.020579661
A75: Macao (China) | B75: 0.037122666 | C75: 0.0131732 | E75: 0.16247363 | F75: 0.014908173 | H75: -0.12581696 | I75: 0.020836403
A76: Malaysia | B76: 0.51391703 | C76: 0.020812405 | E76: 0.3916679 | F76: 0.018106039 | H76: 0.12235011 | I76: 0.017326479
A77: Malta | B77: -0.10553692 | C77: 0.01981972 | E77: 0.36212052 | F77: 0.015901524 | H77: -0.47545816 | I77: 0.023338097
A78: Moldova | B78: 0.13288073 | C78: 0.018549311 | E78: 0.10867826 | F78: 0.01480771 | H78: 0.028218806 | I78: 0.02087985
A79: Montenegro | B79: 0.079093362 | C79: 0.015586497 | E79: 0.25867141 | F79: 0.01204532 | H79: -0.18116711 | I79: 0.016926061
A80: Morocco | B80: -0.18269265 | C80: 0.022162078 | D80: ‡ | E80: 0.23163713 | F80: 0.02408212 | G80: ‡ | H80: -0.4170195 | I80: 0.026654548 | J80: ‡
A81: North Macedonia | B81: 0.39556098 | C81: 0.015337112 | E81: 0.23514073 | F81: 0.012882261 | H81: 0.16110624 | I81: 0.015754339
A82: Panama | B82: -0.13241339 | C82: 0.028082285 | D82: ‡ | E82: 0.03002221 | F82: 0.030690791 | G82: ‡ | H82: -0.1433327 | I82: 0.034789766 | J82: ‡
A83: Peru | B83: 0.032571527 | C83: 0.021672915 | D83: ‡ | E83: 0.24973062 | F83: 0.02038206 | G83: ‡ | H83: -0.2176951 | I83: 0.022018664 | J83: ‡
A84: Philippines | B84: 0.15904084 | C84: 0.016882422 | E84: 0.23524931 | F84: 0.015748806 | H84: -0.078445441 | I84: 0.014312006
A85: Qatar | B85: -0.032960376 | C85: 0.0088666005 | E85: 0.20114427 | F85: 0.0088933585 | H85: -0.23024896 | I85: 0.011763944
A86: Romania | B86: 0.10228521 | C86: 0.021903553 | E86: 0.13202797 | F86: 0.016672593 | H86: -0.032378117 | I86: 0.021689516
A87: Russia | B87: -0.023026936 | C87: 0.019452355 | E87: -0.094724119 | F87: 0.014797756 | H87: 0.074410762 | I87: 0.019461587
A88: Saudi Arabia | B88: -0.15507893 | C88: 0.02702417 | E88: 0.23277564 | F88: 0.021948587 | H88: -0.3853849 | I88: 0.018810616
A89: Serbia | B89: -0.11905557 | C89: 0.020903755 | D89: † | E89: -0.012094743 | F89: 0.017763588 | G89: † | H89: -0.1062681 | I89: 0.026148394 | J89: †
A90: Singapore | B90: 0.1942962 | C90: 0.013364139 | E90: 0.60722974 | F90: 0.013415473 | H90: -0.4104971 | I90: 0.016659914
A91: Chinese Taipei | B91: 0.27715322 | C91: 0.015488562 | E91: 0.34911324 | F91: 0.017665619 | H91: -0.073487195 | I91: 0.018399968
A92: Thailand | B92: 0.13874659 | C92: 0.018865005 | E92: 0.18924707 | F92: 0.015363345 | H92: -0.049675558 | I92: 0.017995412
A93: Ukraine | B93: 0.062279427 | C93: 0.019299754 | E93: -0.21648111 | F93: 0.018047604 | H93: 0.28065614 | I93: 0.024283809
A94: United Arab Emirates | B94: 0.13409295 | C94: 0.012839404 | E94: 0.23597142 | F94: 0.0094725167 | H94: -0.10039767 | I94: 0.012392882
A95: Uruguay | B95: -0.24006239 | C95: 0.028988008 | D95: † | E95: -0.22349672 | F95: 0.017058964 | G95: † | H95: -0.019969594 | I95: 0.030512846 | J95: ‡
A96: Viet Nam | B96: -0.074678444 | C96: 0.023470322 | E96: -0.29547891 | F96: 0.023098701 | H96: 0.22310781 | I96: 0.029463662
A101: Information on data for Cyprus: https://oe.cd/cyprus-disclaimer
A102: *Data did not meet the PISA technical standards but were accepted as largely comparable (see Annexes A2 and A4).
A104: Notes: Values that are statistically significant are indicated in bold (see Annex A3).
A105: Information regarding the proportion of the sample covered is shown next to the standard error. No symbol means at least 75% of the population was covered; one dagger (†) means at least 50% but less than 75%; and one double-dagger (‡) means less than 50% was covered. For comparisons across cycles, the coverage information corresponds to the cycle with the lowest sample coverage.

Sheet Table III.B1.8.4
A1: PISA 2018 Results (Volume III) - © OECD 2019
A2: Annex B1 | B2: Annex B1.8 Results (tables): Student co-operation and competition
A3: Version 2 - Last updated: 02-Dec-2019
A4: Disclaimer: http://oe.cd/disclaimer
A6: Table III.B1.8.4
A7: Prevalence of student co-operation in schools
A8: Based on students' reports
B11: Percentage of students who reported that it is very or extremely true that students co-operate with each other | E11: Percentage of students who are in schools where…
E12: Over 90% of students reported that it is very or extremely true that students co-operate with each other | H12: Between 75% and 90% of students reported that it is very or extremely true that students co-operate with each other | K12: Between 25% and 75% of students reported that it is very or extremely true that students co-operate with each other | N12: Between 10% and 25% of students reported that it is very or extremely true that students co-operate with each other | Q12: 10% of students or less reported that it is very or extremely true that students co-operate with each other
B14: % | C14: S.E. | E14: % | F14: S.E. | H14: % | I14: S.E. | K14: % | L14: S.E. | N14: % | O14: S.E. | Q14: % | R14: S.E.
A15: OECD
A16: Australia | B16: 63.713551 | C16: 0.5359896 | D16: † | E16: 6.1653547 | F16: 0.97646011 | H16: 18.672762 | I16: 1.6227901 | K16: 73.333862 | L16: 1.5226763 | N16: 1.4197333 | O16: 0.49244582 | Q16: 0.40828825 | R16: 0.18255718
A17: Austria | B17: 75.674481 | C17: 0.78395293 | E17: 11.885562 | F17: 2.1416015 | H17: 44.678842 | I17: 3.1917702 | K17: 42.675013 | L17: 2.8688431 | N17: 0.16052262 | O17: 0.13973752 | Q17: 0.60006073 | R17: 0.29346812
A18: Belgium | B18: 63.361257 | C18: 0.75543225 | E18: 7.4099259 | F18: 1.5627626 | H18: 31.026084 | I18: 2.4815439 | K18: 58.171556 | L18: 2.6692393 | N18: 3.3062255 | O18: 1.1398783 | Q18: 0.086208701 | R18: 0.083891419
A19: Canada | B19: m | C19: m | E19: m | F19: m | H19: m | I19: m | K19: m | L19: m | N19: m | O19: m | Q19: m | R19: m
A20: Chile | B20: 51.572052 | C20: 1.03914 | D20: † | E20: 2.8123677 | F20: 1.0139726 | H20: 4.6371 | I20: 1.4517094 | K20: 87.604709 | L20: 2.2250217 | N20: 2.9947707 | O20: 1.2853024 | Q20: 1.9510528 | R20: 0.81465265
A21: Colombia | B21: 58.161021 | C21: 0.8524818 | D21: † | E21: 3.0298042 | F21: 1.1381776 | H21: 5.481036 | I21: 1.5571594 | K21: 88.486938 | L21: 2.0962301 | N21: 1.8850475 | O21: 0.8572367 | Q21: 1.1171747 | R21: 0.80967919
A22: Czech Republic | B22: 52.211135 | C22: 0.97074909 | E22: 2.2164512 | F22: 0.75300094 | H22: 7.900326 | I22: 1.6469695 | K22: 82.462618 | L22: 2.282045 | N22: 5.3148267 | O22: 1.2426797 | Q22: 2.1057784 | R22: 0.68577474
A23: Denmark | B23: 80.704225 | C23: 0.66666374 | E23: 25.711391 | F23: 2.7263275 | H23: 42.225532 | I23: 3.1599423 | K23: 31.979685 | L23: 2.633712 | N23: 0.083392092 | O23: 0.060174497 | Q23: 0 | R23: c
A24: Estonia | B24: 58.54072 | C24: 0.78856501 | E24: 1.6056952 | F24: 0.45684277 | H24: 9.9564205 | I24: 1.1378935 | K24: 86.933308 | L24: 1.2069258 | N24: 1.192077 | O24: 0.56208249 | Q24: 0.31249973 | R24: 0.23532422
A25: Finland | B25: 70.128695 | C25: 0.85397156 | E25: 4.6516234 | F25: 1.4324778 | H25: 30.20014 | I25: 3.5282769 | K25: 65.010717 | L25: 3.7263917 | N25: 0 | O25: c | Q25: 0.13752008 | R25: 0.096447004
A26: France | B26: 45.184571 | C26: 0.78596804 | D26: † | E26: 0.089169055 | F26: 0.085512127 | H26: 0.13760342 | I26: 0.11678182 | K26: 94.137811 | L26: 1.2587717 | N26: 5.3391808 | O26: 1.2461472 | Q26: 0.29623602 | R26: 0.15415097
A27: Germany | B27: 65.713881 | C27: 1.0813932 | D27: ‡ | E27: 8.3986429 | F27: 2.0630334 | H27: 21.983991 | I27: 3.0308407 | K27: 65.979693 | L27: 3.6631503 | N27: 1.1931355 | O27: 0.67702247 | Q27: 2.4445372 | R27: 1.0406159
A28: Greece | B28: 57.118993 | C28: 0.78074097 | E28: 2.1844538 | F28: 0.93945646 | H28: 5.26267 | I28: 1.5752423 | K28: 89.460652 | L28: 2.0716746 | N28: 2.5985307 | O28: 1.0038365 | Q28: 0.49369379 | R28: 0.2168022
A29: Hungary | B29: 54.867391 | C29: 1.1167959 | E29: 3.0859927 | F29: 0.97100759 | H29: 11.299838 | I29: 2.2131888 | K29: 78.088346 | L29: 2.6999915 | N29: 5.9850931 | O29: 1.6415278 | Q29: 1.5407308 | R29: 0.3552134
A30: Iceland | B30: 77.740872 | C30: 0.80783464 | D30: † | E30: 12.337977 | F30: 0.17966201 | H30: 53.196652 | I30: 0.23256082 | K30: 33.5757 | L30: 0.25741002 | N30: 0 | O30: c | Q30: 0.88967127 | R30: 0.074229128
A31: Ireland | B31: 56.918156 | C31: 0.88081963 | E31: 0 | F31: c | H31: 3.7397648 | I31: 1.6652463 | K31: 96.260235 | L31: 1.6652463 | N31: 0 | O31: c | Q31: 0 | R31: c
A32: Israel | B32: 62.610552 | C32: 0.89731206 | E32: 4.8248156 | F32: 1.3594731 | H32: 13.537704 | I32: 2.3396831 | K32: 80.556199 | L32: 2.3198747 | N32: 1.0812819 | O32: 0.74540765 | Q32: 0 | R32: c
A33: Italy | B33: 47.601263 | C33: 0.85513456 | E33: 1.5550011 | F33: 0.71823685 | H33: 4.350781 | I33: 1.4329271 | K33: 86.016589 | L33: 2.4719612 | N33: 5.8286719 | O33: 1.3864534 | Q33: 2.2489573 | R33: 1.0618744
A34: Japan | B34: 63.642806 | C34: 0.87618439 | E34: 2.5257342 | F34: 1.1406978 | H34: 14.4712 | I34: 2.6499358 | K34: 82.521662 | L34: 2.7474155 | N34: 0.48140349 | O34: 0.49379958 | Q34: 0 | R34: c
A35: Korea | B35: 68.307175 | C35: 0.79498841 | E35: 2.1398442 | F35: 1.1391526 | H35: 25.698966 | I35: 3.6345321 | K35: 72.16119 | L35: 3.7771718 | N35: 0 | O35: c | Q35: 0 | R35: c
A36: Latvia | B36: 53.472728 | C36: 0.81752128 | E36: 1.0906582 | F36: 0.42414819 | H36: 5.6942133 | I36: 0.92269342 | K36: 89.650883 | L36: 1.3713162 | N36: 2.3234102 | O36: 0.74329024 | Q36: 1.2408353 | R36: 0.43524129
A37: Lithuania | B37: 68.487994 | C37: 0.71838444 | E37: 7.5303012 | F37: 0.56265037 | H37: 24.820932 | I37: 1.2144001 | K37: 66.340483 | L37: 1.3600809 | N37: 0.80422373 | O37: 0.34438307 | Q37: 0.5040603 | R37: 0.15462407
A38: Luxembourg | B38: 60.790888 | C38: 0.67022613 | E38: 0 | F38: c | H38: 5.9778311 | I38: 0.044838274 | K38: 93.850052 | L38: 0.056166784 | N38: 0 | O38: c | Q38: 0.17211664 | R38: 0.032970372
A39: Mexico | B39: 59.073938 | C39: 1.0660855 | D39: ‡ | E39: 6.7207101 | F39: 1.7033178 | H39: 13.399152 | I39: 1.9781228 | K39: 75.84133 | L39: 2.5901985 | N39: 1.8840153 | O39: 0.77417989 | Q39: 2.1547927 | R39: 0.84293566
A40: Netherlands* | B40: 74.272082 | C40: 0.91718361 | E40: 7.2005109 | F40: 2.1658653 | H40: 42.123589 | I40: 4.2737534 | K40: 50.391484 | L40: 4.1653453 | N40: 0.28441601 | O40: 0.28925223 | Q40: 0 | R40: c
A41: New Zealand | B41: 62.482213 | C41: 0.88329949 | E41: 0.29800523 | F41: 0.25162766 | H41: 16.244606 | I41: 2.3170049 | K41: 82.962004 | L41: 2.3598199 | N41: 0.49538521 | O41: 0.37557697 | Q41: 0 | R41: c
A42: Norway | B42: 87.044488 | C42: 0.62930255 | E42: 44.64925 | F42: 3.3579363 | H42: 45.869007 | I42: 3.3522343 | K42: 9.2613473 | L42: 1.7911569 | N42: 0.22039545 | O42: 0.21833541 | Q42: 0 | R42: c
A43: Poland | B43: 65.248086 | C43: 0.80392983 | E43: 2.7295943 | F43: 0.85283533 | H43: 21.593609 | I43: 2.6456546 | K43: 75.574009 | L43: 2.7541403 | N43: 0 | O43: c | Q43: 0.10278816 | R43: 0.11136841
A44: Portugal* | B44: 58.398976 | C44: 1.049718 | E44: 2.1254903 | F44: 0.91563153 | H44: 11.427917 | I44: 2.1503706 | K44: 84.360906 | L44: 2.5541749 | N44: 1.9967667 | O44: 0.9963347 | Q44: 0.088919439 | R44: 0.074288655
A45: Slovak Republic | B45: 49.556519 | C45: 0.78332204 | E45: 1.1770109 | F45: 0.37973193 | H45: 4.9381176 | I45: 1.2480606 | K45: 85.546612 | L45: 2.2185812 | N45: 6.4656353 | O45: 1.536149 | Q45: 1.8726246 | R45: 0.634406
A46: Slovenia | B46: 59.190881 | C46: 0.79227235 | E46: 3.2530945 | F46: 0.46176933 | H46: 15.409011 | I46: 0.47586437 | K46: 78.15806 | L46: 0.60662662 | N46: 1.7983443 | O46: 0.045249552 | Q46: 1.381491 | R46: 0.36066122
A47: Spain | B47: 57.62607 | C47: 0.64288157 | D47: † | E47: 1.0825093 | F47: 0.41673967 | H47: 10.126838 | I47: 1.1400107 | K47: 87.454634 | L47: 1.3070543 | N47: 1.0350219 | O47: 0.5402432 | Q47: 0.30099683 | R47: 0.24619129
A48: Sweden | B48: 62.754471 | C48: 0.84021826 | E48: 3.6312481 | F48: 0.92003245 | H48: 14.504028 | I48: 2.7927869 | K48: 80.716467 | L48: 2.8973479 | N48: 0.89785428 | O48: 0.63901034 | Q48: 0.25040231 | R48: 0.18917678
A49: Switzerland | B49: 67.015488 | C49: 1.2041114 | D49: † | E49: 12.598935 | F49: 2.405219 | H49: 25.240929 | I49: 3.073781 | K49: 57.733098 | L49: 3.5090067 | N49: 2.3446066 | O49: 1.0633481 | Q49: 2.0824306 | R49: 0.88022028
A50: Turkey | B50: 60.049062 | C50: 0.6233545 | E50: 0.069828104 | F50: 0.069638584 | H50: 5.4606601 | I50: 1.5031452 | K50: 94.283304 | L50: 1.5110372 | N50: 0.13965621 | O50: 0.13818473 | Q50: 0.046552069 | R50: 0.044865557
A51: United Kingdom | B51: 58.950449 | C51: 0.74316516 | E51: 0.17035952 | F51: 0.10298211 | H51: 8.6471349 | I51: 2.0018859 | K51: 90.644029 | L51: 2.0488069 | N51: 0.53847626 | O51: 0.45556141 | Q51: 0 | R51: c
A52: United States* | B52: 54.601679 | C52: 1.0966082 | E52: 0.023064457 | F52: 0.017803642 | H52: 5.5570328 | I52: 1.9027123 | K52: 93.21537 | L52: 2.0476161 | N52: 0.95096244 | O52: 0.6983024 | Q52: 0.25357024 | R52: 0.26716744
A53: OECD average | B53: 62.021911 | C53: 0.14303582 | E53: 5.4716771 | F53: 0.21484679 | H53: 17.374778 | I53: 0.37275314 | K53: 74.761126 | L53: 0.39897245 | N53: 1.6956406 | O53: 0.12936742 | Q53: 0.6967775 | R53: 0.072508102
A54: Partners
A55: Albania | B55: 84.508162 | C55: 0.55283595 | E55: 28.44908 | F55: 2.2540731 | H55: 52.629944 | I55: 2.7968646 | K55: 18.731557 | L55: 2.2467069 | N55: 0 | O55: c | Q55: 0.18941844 | R55: 0.11144278
A56: Argentina | B56: 38.725155 | C56: 0.71961975 | D56: † | E56: 1.2002081 | F56: 0.57809967 | H56: 1.0676121 | I56: 0.75999223 | K56: 79.463678 | L56: 2.4800749 | N56: 14.553683 | O56: 2.2950572 | Q56: 3.7148192 | R56: 0.91244448
A57: Baku (Azerbaijan) | B57: 62.739485 | C57: 0.93875216 | D57: † | E57: 1.7303191 | F57: 0.67915311 | H57: 15.1345 | I57: 2.7194485 | K57: 81.207871 | L57: 2.8504561 | N57: 1.4387578 | O57: 0.40248315 | Q57: 0.48855162 | R57: 0.42278969
A58: Belarus | B58: 58.450241 | C58: 0.88549186 | E58: 1.3197612 | F58: 0.64876983 | H58: 9.6548566 | I58: 2.2226356 | K58: 87.299396 | L58: 2.4689436 | N58: 1.5526061 | O58: 0.57409068 | Q58: 0.17338047 | R58: 0.12015607
A59: Bosnia and Herzegovina | B59: 61.177027 | C59: 0.75536456 | E59: 0.4922129 | F59: 0.22539604 | H59: 9.3181433 | I59: 1.4108742 | K59: 89.421028 | L59: 1.4520737 | N59: 0.45911585 | O59: 0.30175144 | Q59: 0.3094995 | R59: 0.085134094
A60: Brazil | B60: 48.464164 | C60: 0.92259275 | D60: † | E60: 2.1148094 | F60: 0.47617566 | H60: 5.7249574 | I60: 1.2192908 | K60: 78.841843 | L60: 1.9102771 | N60: 8.6052228 | O60: 1.4648695 | Q60: 4.7131669 | R60: 0.84615565
A61: Brunei Darussalam | B61: 57.726599 | C61: 0.75718826 | D61: † | E61: 0 | F61: c | H61: 4.7432144 | I61: 0.019105612 | K61: 95.256786 | L61: 0.019105612 | N61: 0 | O61: c | Q61: 0 | R61: c
A62: B-S-J-Z (China) | B62: 66.426026 | C62: 0.66839872 | E62: 0.71153162 | F62: 0.38751745 | H62: 22.62453 | I62: 2.6016502 | K62: 76.663938 | L62: 2.4964006 | N62: 0 | O62: c | Q62: 0 | R62: c
A63: Bulgaria | B63: 43.420702 | C63: 0.93523453 | D63: † | E63: 0.081445924 | F63: 0.078069627 | H63: 1.1631722 | I63: 0.99490726 | K63: 91.727167 | L63: 1.9068977 | N63: 6.8707529 | O63: 1.6167671 | Q63: 0.15746211 | R63: 0.16168063
A64: Costa Rica | B64: 54.468178 | C64: 0.98299796 | E64: 2.1702959 | F64: 1.5602182 | H64: 3.4675084 | I64: 0.94150463 | K64: 93.343613 | L64: 1.8521509 | N64: 0.79723001 | O64: 0.56220477 | Q64: 0.22135236 | R64: 0.2297732
A65: Croatia | B65: 57.985306 | C65: 0.87527368 | E65: 0 | F65: c | H65: 7.9418334 | I65: 1.6149294 | K65: 91.535085 | L65: 1.6982208 | N65: 0.52308174 | O65: 0.53128025 | Q65: 0 | R65: c
A66: Cyprus | B66: 49.845025 | C66: 0.86224431 | D66: † | E66: 0.53551365 | F66: 0.19695975 | H66: 0.32673018 | I66: 0.31932717 | K66: 98.384497 | L66: 0.31345822 | N66: 0 | O66: c | Q66: 0.75325867 | R66: 0.22018057
A67: Dominican Republic | B67: 57.273739 | C67: 1.6163416 | D67: ‡ | E67: 12.592946 | F67: 2.2947487 | H67: 8.7061234 | I67: 2.2277691 | K67: 67.474581 | L67: 3.6129832 | N67: 3.5232499 | O67: 1.4453339 | Q67: 7.7030999 | R67: 1.8961162
A68: Georgia | B68: 69.771083 | C68: 0.80233124 | E68: 8.6461101 | F68: 1.2243264 | H68: 25.494753 | I68: 2.5539501 | K68: 65.148534 | L68: 2.6838708 | N68: 0 | O68: c | Q68: 0.71060256 | R68: 0.34580541
A69: Hong Kong (China)* | B69: 65.183166 | C69: 0.9354157 | E69: 1.5089 | F69: 1.084976 | H69: 20.726899 | I69: 3.3900317 | K69: 77.764201 | L69: 3.6520976 | N69: 0 | O69: c | Q69: 0 | R69: c
A70: Indonesia | B70: 75.443839 | C70: 0.66469502 | E70: 4.1183645 | F70: 1.1808534 | H70: 48.711887 | I70: 4.2704996 | K70: 47.169749 | L70: 4.1229175 | N70: 0 | O70: c | Q70: 0 | R70: c
A71: Jordan | B71: 59.40933 | C71: 0.84031541 | E71: 1.0253784 | F71: 0.53878816 | H71: 9.2070215 | I71: 2.0430084 | K71: 88.899625 | L71: 2.1132379 | N71: 0.86797518 | O71: 0.53760527 | Q71: 0 | R71: c
A72: Kazakhstan | B72: 74.30548 | C72: 0.55291337 | E72: 9.293218 | F72: 1.2509446 | H72: 36.368905 | I72: 2.3837068 | K72: 54.261485 | L72: 2.5343862 | N72: 0 | O72: c | Q72: 0.076391025 | R72: 0.047538791
A73: Kosovo | B73: 78.0688 | C73: 0.75571508 | E73: 11.955907 | F73: 1.1695041 | H73: 55.939703 | I73: 1.7682305 | K73: 31.72804 | L73: 1.5837057 | N73: 0 | O73: c | Q73: 0.3763496 | R73: 0.2109068
A74: Lebanon | B74: 56.100415 | C74: 1.1783959 | E74: 6.5904733 | F74: 0.99487513 | H74: 7.4426568 | I74: 1.5115035 | K74: 76.132616 | L74: 2.0070685 | N74: 6.9631165 | O74: 1.1835045 | Q74: 2.8711379 | R74: 0.90898707
A75: Macao (China) | B75: 64.383364 | C75: 0.77532698 | E75: 1.1055541 | F75: 0.0009868356 | H75: 6.9895531 | I75: 0.029294582 | K75: 91.904893 | L75: 0.029364056 | N75: 0 | O75: c | Q75: 0 | R75: c
A76: Malaysia | B76: 81.097566 | C76: 0.87678164 | E76: 28.037878 | F76: 3.208386 | H76: 48.332484 | I76: 3.3458288 | K76: 23.629638 | L76: 2.9097208 | N76: 0 | O76: c | Q76: 0 | R76: c
A77: Malta | B77: 57.322217 | C77: 0.91805264 | E77: 0 | F77: c | H77: 3.6480292 | I77: 0.044671618 | K77: 96.351971 | L77: 0.044671618 | N77: 0 | O77: c | Q77: 0 | R77: c
A78: Moldova | B78: 70.77899 | C78: 0.81195975 | E78: 3.8786305 | F78: 1.2768126 | H78: 38.487483 | I78: 3.2544502 | K78: 57.185046 | L78: 3.253592 | N78: 0.20093038 | O78: 0.19722875 | Q78: 0.24791044 | R78: 0.091633999
A79: Montenegro | B79: 62.887351 | C79: 0.68955423 | E79: 0.79275602 | F79: 0.41506527 | H79: 1.7573033 | I79: 0.025436751 | K79: 97.195323 | L79: 0.4880004 | N79: 0 | O79: c | Q79: 0.25461767 | R79: 0.25030686
A80: Morocco | B80: 56.023764 | C80: 0.90304805 | D80: ‡ | E80: 2.4612903 | F80: 1.3126901 | H80: 7.0100041 | I80: 1.7636058 | K80: 85.262148 | L80: 2.1544012 | N80: 1.7476979 | O80: 1.0113873 | Q80: 3.5188596 | R80: 0.70740954
A81: North Macedonia | B81: 76.841111 | C81: 0.64344471 | E81: 2.7984391 | F81: 0.071148695 | H81: 55.826718 | I81: 0.097229227 | K81: 41.374843 | L81: 0.10254938 | N81: 0 | O81: c | Q81: 0 | R81: c
A82: Panama | B82: 54.628349 | C82: 1.272274 | D82: ‡ | E82: 9.241811 | F82: 1.4892731 | H82: 9.5683095 | I82: 1.2172014 | K82: 74.772374 | L82: 1.9846825 | N82: 1.8080715 | O82: 0.066689016 | Q82: 4.6094336 | R82: 0.76107445
A83: Peru | B83: 63.390658 | C83: 0.99415472 | D83: ‡ | E83: 11.465717 | F83: 1.9618249 | H83: 15.259633 | I83: 2.1532056 | K83: 62.216092 | L83: 3.1726955 | N83: 2.8392119 | O83: 1.1357407 | Q83: 8.2193457 | R83: 1.5702178
A84: Philippines | B84: 65.538201 | C84: 0.82476535 | E84: 1.4158312 | F84: 0.83267583 | H84: 20.965209 | I84: 2.9716699 | K84: 77.500047 | L84: 3.0954978 | N84: 0 | O84: c | Q84: 0.11891261 | R84: 0.11757345
A85: Qatar | B85: 57.989689 | C85: 0.41855852 | E85: 0.16555195 | F85: 0.015375814 | H85: 6.0417069 | I85: 0.058225161 | K85: 93.792741 | L85: 0.060775573 | N85: 0 | O85: c | Q85: 0 | R85: c
A86: Romania | B86: 68.970302 | C86: 0.9193908 | E86: 3.7924471 | F86: 1.3646377 | H86: 30.955147 | I86: 3.74134 | K86: 64.622795 | L86: 3.9764223 | N86: 0.54800267 | O86: 0.41319115 | Q86: 0.081608089 | R86: 0.085764073
A87: Russia | B87: 61.861249 | C87: 0.88767115 | E87: 3.3168432 | F87: 0.76767685 | H87: 10.335623 | I87: 1.6997332 | K87: 85.981984 | L87: 2.0669604 | N87: 0.1517646 | O87: 0.15185903 | Q87: 0.21378576 | R87: 0.13805008
A88: Saudi Arabia | B88: 52.955624 | C88: 1.0515446 | E88: 1.530202 | F88: 0.66068255 | H88: 4.0759225 | I88: 1.2687353 | K88: 89.907856 | L88: 2.0344557 | N88: 3.4752049 | O88: 1.4881537 | Q88: 1.010815 | R88: 0.74535146
A89: Serbia | B89: 54.309283 | C89: 0.91154468 | D89: † | E89: 1.1947177 | F89: 0.58923598 | H89: 4.0786467 | I89: 1.6567509 | K89: 91.469888 | L89: 2.2756334 | N89: 2.8270065 | O89: 1.5343287 | Q89: 0.4297415 | R89: 0.18858754
A90: Singapore | B90: 68.231191 | C90: 0.62525893 | E90: 1.577837 | F90: 0.02240483 | H90: 21.734318 | I90: 0.97464391 | K90: 76.524082 | L90: 0.86220182 | N90: 0.16376318 | O90: 0.11591255 | Q90: 0 | R90: c
A91: Chinese Taipei | B91: 71.484894 | C91: 0.61125867 | E91: 2.3485159 | F91: 1.5078504 | H91: 33.102474 | I91: 3.287695 | K91: 64.54901 | L91: 3.0555401 | N91: 0 | O91: c | Q91: 0 | R91: c
A92: Thailand | B92: 66.362793 | C92: 0.83226612 | E92: 3.9126876 | F92: 1.2519256 | H92: 20.674672 | I92: 2.7867466 | K92: 74.960779 | L92: 3.0263468 | N92: 0.18971411 | O92: 0.1894456 | Q92: 0.26214654 | R92: 0.13418158
A93: Ukraine | B93: 62.735839 | C93: 0.78983315 | E93: 1.7079151 | F93: 0.5636494 | H93: 15.854425 | I93: 2.7428114 | K93: 81.145481 | L93: 2.8939233 | N93: 1.1367672 | O93: 0.75043245 | Q93: 0.15541221 | R93: 0.1557144
A94: United Arab Emirates | B94: 64.485232 | C94: 0.53253731 | E94: 3.2564386 | F94: 0.6132819 | H94: 16.608174 | I94: 0.8822591 | K94: 79.526208 | L94: 1.0161484 | N94: 0.50946721 | O94: 0.010255829 | Q94: 0.099711816 | R94: 0.010164245
A95: Uruguay | B95: 51.932484 | C95: 1.1566284 | D95: † | E95: 4.1916777 | F95: 1.6000575 | H95: 4.2056125 | I95: 1.5479655 | K95: 84.766561 | L95: 2.9552246 | N95: 3.4517121 | O95: 1.4274618 | Q95: 3.3844368 | R95: 1.3254892
A96: Viet Nam | B96: 58.018546 | C96: 1.0830732 | E96: 0.15018155 | F96: 0.080827493 | H96: 4.9795144 | I96: 1.9427668 | K96: 94.412117 | L96: 1.9984618 | N96: 0.45818722 | O96: 0.44314247 | Q96: 0 | R96: c
A101: Information on data for Cyprus: https://oe.cd/cyprus-disclaimer
A102: *Data did not meet the PISA technical standards but were accepted as largely comparable (see Annexes A2 and A4).
A104: Note: Information regarding the proportion of the sample covered is shown next to the standard error. No symbol means at least 75% of the population was covered; one dagger (†) means at least 50% but less than 75%; and one double-dagger (‡) means less than 50% was covered. For comparisons across cycles, the coverage information corresponds to the cycle with the lowest sample coverage.

Sheet Table III.B1.8.5
A1: PISA 2018 Results (Volume III) - © OECD 2019
A2: Annex B1 | B2: Annex B1.8 Results (tables): Student co-operation and competition
A3: Version 2 - Last updated: 02-Dec-2019
A4: Disclaimer: http://oe.cd/disclaimer
A6: Table III.B1.8.5
A7: Prevalence of student competition in schools
A8: Based on students' reports
B11: Percentage of students who reported that it is very or extremely true that students compete with each other | E11: Percentage of students who are in schools where…
E12: Over 90% of students reported that it is very or extremely true that students compete with each other | H12: Between 75% and 90% of students reported that it is very or extremely true that students compete with each other | K12: Between 25% and 75% of students reported that it is very or extremely true that students compete with each other | N12: Between 10% and 25% of students reported that it is very or extremely true that students compete with each other | Q12: 10% of students or less reported that it is very or extremely true that students compete with each other
B14: % | C14: S.E. | E14: % | F14: S.E. | H14: % | I14: S.E. | K14: % | L14: S.E. | N14: % | O14: S.E. | Q14: % | R14: S.E.
A15: OECD
A16: Australia | B16: 64.182798 | C16: 0.53489842 | E16: 6.4256539 | F16: 0.87322549 | H16: 17.740249 | I16: 1.5797317 | K16: 75.506202 | L16: 1.6192847 | N16: 0.034668142 | O16: 0.024045229 | Q16: 0.29322686 | R16: 0.17439516
A17: Austria | B17: 52.553533 | C17: 0.83599816 | E17: 1.2567919 | F17: 0.41084782 | H17: 2.6991292 | I17: 1.1964034 | K17: 94.738181 | L17: 1.3143615 | N17: 0.8363259 | O17: 0.41490514 | Q17: 0.46957175 | R17: 0.24935616
A18: Belgium | B18: 40.665528 | C18: 0.72654355 | E18: 0.057242495 | F18: 0.056248757 | H18: 0.73061856 | I18: 0.51107975 | K18: 78.640933 | L18: 2.2919386 | N18: 19.048447 | O18: 2.2711231 | Q18: 1.5227598 | R18: 0.8005596
A19: Canada | B19: m | C19: m | E19: m | F19: m | H19: m | I19: m | K19: m | L19: m | N19: m | O19: m | Q19: m | R19: m
A20: Chile | B20: 47.577474 | C20: 0.93848846 | D20: † | E20: 0.81810289 | F20: 0.31069249 | H20: 2.9745971 | I20: 1.1330902 | K20: 90.558368 | L20: 1.8815282 | N20: 4.4566638 | O20: 1.401261 | Q20: 1.1922682 | R20: 0.34676806
A21: Colombia | B21: 60.025426 | C21: 0.97148511 | D21: † | E21: 1.7266145 | F21: 0.90778521 | H21: 10.714814 | I21: 2.2008871 | K21: 85.596909 | L21: 2.5167867 | N21: 0 | O21: c | Q21: 1.9616624 | R21: 0.93577069
A22: Czech Republic | B22: 27.603806 | C22: 0.67751054 | E22: 0 | F22: c | H22: 0.53523116 | I22: 0.53497761 | K22: 55.442381 | L22: 2.7166746 | N22: 35.528863 | O22: 2.7396175 | Q22: 8.4935252 | R22: 1.6228128
A23: Denmark | B23: 42.650876 | C23: 0.81338279 | E23: 0.12575548 | F23: 0.10311964 | H23: 1.020197 | I23: 0.63070615 | K23: 89.714791 | L23: 1.5993347 | N23: 6.6221661 | O23: 1.5124359 | Q23: 2.5170909 | R23: 0.68817152
A24: Estonia | B24: 33.441953 | C24: 0.83556874 | E24: 0.15116944 | F24: 0.085727976 | H24: 0.47548457 | I24: 0.33402296 | K24: 75.162048 | L24: 1.8572141 | N24: 20.396449 | O24: 1.7055402 | Q24: 3.8148496 | R24: 0.85684374
A25: Finland | B25: 58.564044 | C25: 0.87856546 | E25: 0.063350723 | F25: 0.063647584 | H25: 8.3555554 | I25: 1.9637496 | K25: 89.890166 | L25: 2.0027361 | N25: 1.4835817 | O25: 0.35795244 | Q25: 0.20734652 | R25: 0.12043935
A26: France | B26: 40.972898 | C26: 0.87448727 | E26: 0.2262157 | F26: 0.13792094 | H26: 0.5189776 | I26: 0.48378226 | K26: 90.104487 | L26: 1.9807396 | N26: 8.3499829 | O26: 1.8354157 | Q26: 0.8003371 | R26: 0.36070386
A27: Germany | B27: 33.288043 | C27: 1.04513 | D27: ‡ | E27: 1.6183411 | F27: 0.8280942 | H27: 0.97324444 | I27: 0.60296526 | K27: 67.827204 | L27: 3.5749362 | N27: 23.573212 | O27: 3.1032464 | Q27: 6.0079985 | R27: 1.3871049
A28: Greece | B28: 50.750137 | C28: 0.6960597 | E28: 0.58718792 | F28: 0.22875176 | H28: 0.3814514 | I28: 0.38178026 | K28: 95.609869 | L28: 1.1585013 | N28: 2.7812509 | O28: 1.0543147 | Q28: 0.64024123 | R28: 0.31948953
A29: Hungary | B29: 39.477083 | C29: 0.79575797 | E29: 1.1008913 | F29: 0.39126376 | H29: 0.14988612 | I29: 0.14900998 | K29: 86.06268 | L29: 2.4446542 | N29: 10.108122 | O29: 2.2566404 | Q29: 2.5784205 | R29: 0.77137251
A30: Iceland | B30: 52.971926 | C30: 0.88893498 | E30: 0.78843221 | F30: 0.078233391 | H30: 4.8612622 | I30: 0.096182709 | K30: 91.448963 | L30: 0.14474023 | N30: 0.404476 | O30: 0.0073833555 | Q30: 2.4968669 | R30: 0.12438711
A31: Ireland | B31: 57.165615 | C31: 0.94740515 | E31: 0 | F31: c | H31: 6.7793965 | I31: 2.0110536 | K31: 93.053483 | L31: 2.0186615 | N31: 0.16712045 | O31: 0.1775936 | Q31: 0 | R31: c
A32: Israel | B32: 48.873331 | C32: 0.85101184 | E32: 0.95809724 | F32: 0.67124519 | H32: 0.79447582 | I32: 0.62914055 | K32: 90.794661 | L32: 2.1510147 | N32: 6.8030989 | O32: 2.0749049 | Q32: 0.64966736 | R32: 0.52613815
A33: Italy | B33: 37.790594 | C33: 0.73619478 | E33: 0.64941284 | F33: 0.53274664 | H33: 0.50609866 | I33: 0.48652505 | K33: 82.97243 | L33: 2.1607987 | N33: 14.493543 | O33: 2.1896918 | Q33: 1.3785149 | R33: 0.57332352
A34: Japan | B34: 34.169664 | C34: 1.0119291 | E34: 0 | F34: c | H34: 1.0965423 | I34: 0.77439292 | K34: 69.735886 | L34: 2.7788705 | N34: 25.828047 | O34: 2.5406504 | Q34: 3.3395247 | R34: 1.4650541
A35: Korea | B35: 72.730818 | C35: 0.76555676 | E35: 5.6719869 | F35: 1.5457283 | H35: 43.356492 | I35: 3.528962 | K35: 50.902663 | L35: 3.4459203 | N35: 0 | O35: c | Q35: 0.068857524 | R35: 0.063209481
A36: Latvia | B36: 46.254007 | C36: 0.70369739 | E36: 0.80901961 | F36: 0.37639198 | H36: 2.2383722 | I36: 0.49207058 | K36: 89.210799 | L36: 1.2375223 | N36: 6.192314 | O36: 1.0433583 | Q36: 1.5494949 | R36: 0.43426267
A37: Lithuania | B37: 51.457832 | C37: 0.68790319 | E37: 1.0972423 | F37: 0.26988926 | H37: 3.1608685 | I37: 0.72386016 | K37: 90.294094 | L37: 1.2152794 | N37: 4.0667391 | O37: 0.76800666 | Q37: 1.3810562 | R37: 0.3913515
A38: Luxembourg | B38: 44.887989 | C38: 0.82332997 | E38: 0 | F38: c | H38: 0 | I38: c | K38: 99.665936 | L38: 0.015050266 | N38: 0.33406424 | O38: 0.015050266 | Q38: 0 | R38: c
A39: Mexico | B39: 48.194789 | C39: 0.88520561 | D39: † | E39: 3.6415158 | F39: 1.1062036 | H39: 2.6107131 | I39: 0.85904254 | K39: 87.081026 | L39: 2.1425634 | N39: 2.9984899 | O39: 1.175911 | Q39: 3.6682554 | R39: 1.1266298
A40: Netherlands* | B40: 33.686814 | C40: 0.79162115 | E40: 0 | F40: c | H40: 0 | I40: c | K40: 78.72941 | L40: 3.2810682 | N40: 20.835339 | O40: 3.2773266 | Q40: 0.43525092 | R40: 0.28728633
A41: New Zealand | B41: 64.401915 | C41: 0.68984324 | E41: 0 | F41: c | H41: 15.507577 | I41: 2.3002737 | K41: 83.583268 | L41: 2.2605926 | N41: 0.84644832 | O41: 0.56538066 | Q41: 0.06270697 | R41: 0.088885196
A42: Norway | B42: 69.220283 | C42: 0.70515593 | E42: 3.1491285 | F42: 1.2313726 | H42: 27.420529 | I42: 3.0421837 | K42: 68.504798 | L42: 3.0502119 | N42: 0.62119239 | O42: 0.37559692 | Q42: 0.30435211 | R42: 0.2335358
A43: Poland | B43: 61.763064 | C43: 0.77832483 | E43: 1.0992824 | F43: 0.47563959 | H43: 12.422943 | I43: 2.5009609 | K43: 85.949969 | L43: 2.5408356 | N43: 0 | O43: c | Q43: 0.52780617 | R43: 0.23482632
A44: Portugal* | B44: 57.017213 | C44: 0.77009645 | E44: 0.41150284 | F44: 0.35054475 | H44: 7.2005431 | I44: 1.6182236 | K44: 90.955543 | L44: 1.5314117 | N44: 1.1300171 | O44: 0.61673965 | Q44: 0.3023937 | R44: 0.17741456
A45: Slovak Republic | B45: 44.462784 | C45: 0.85829272 | E45: 1.6414656 | F45: 0.48279279 | H45: 2.567475 | I45: 0.74795679 | K45: 86.201415 | L45: 1.4808157 | N45: 7.3667397 | O45: 1.3450913 | Q45: 2.2229043 | R45: 0.54426561
A46: Slovenia | B46: 40.276831 | C46: 0.80567522 | E46: 1.5473797 | F46: 0.28490846 | H46: 0.22380682 | I46: 0.016334377 | K46: 84.427978 | L46: 0.50878711 | N46: 12.379249 | O46: 0.35855471 | Q46: 1.4215859 | R46: 0.41047821
A47: Spain | B47: 46.727296 | C47: 0.50985684 | D47: † | E47: 0.51444139 | F47: 0.31061897 | H47: 1.0559755 | I47: 0.44118107 | K47: 93.30899 | L47: 1.0964606 | N47: 3.7460859 | O47: 0.72728269 | Q47: 1.3745073 | R47: 0.6627335
A48: Sweden | B48: 52.027607 | C48: 0.94649722 | E48: 0.14054546 | F48: 0.10103079 | H48: 3.7747685 | I48: 1.4144487 | K48: 92.528461 | L48: 1.738295 | N48: 2.2759213 | O48: 0.89814844 | Q48: 1.2803042 | R48: 0.45131306
A49: Switzerland | B49: 46.257495 | C49: 0.84256899 | D49: † | E49: 1.7268804 | F49: 0.63731528 | H49: 0.4810165 | I49: 0.39466999 | K49: 90.290411 | L49: 2.1496424 | N49: 6.5435098 | O49: 2.0363022 | Q49: 0.95818276 | R49: 0.58844163
A50: Turkey | B50: 63.487542 | C50: 0.65573803 | E50: 1.425255 | F50: 1.0124395 | H50: 15.03166 | I50: 2.8243371 | K50: 83.543085 | L50: 2.6380578 | N50: 0 | O50: c | Q50: 0 | R50: c
A51: United Kingdom | B51: 66.266237 | C51: 0.71263143 | E51: 1.7934966 | F51: 0.87880686 | H51: 17.482189 | I51: 2.2681916 | K51: 80.723124 | L51: 2.3543794 | N51: 0 | O51: c | Q51: 0.0011904262 | R51: 0.0012095225
A52: United States* | B52: 63.684635 | C52: 0.85967506 | E52: 0.83134371 | F52: 0.77519826 | H52: 12.696613 | I52: 2.617753 | K52: 86.472043 | L52: 2.6657351 | N52: 0 | O52: c | Q52: 0 | R52: c
A53: OECD average | B53: 49.87583 | C53: 0.13501196 | E53: 1.1681596 | F53: 0.097997169 | H53: 6.3482987 | I53: 0.25043386 | K53: 84.03424 | L53: 0.35829082 | N53: 6.951448 | O53: 0.24371253 | Q53: 1.4978534 | R53: 0.1054251
A54: Partners
A55: Albania | B55: 78.331653 | C55: 0.62667485 | E55: 16.58513 | F55: 1.6745096 | H55: 46.819316 | I55: 2.8721167 | K55: 36.284726 | L55: 3.0418605 | N55: 0.11430598 | O55: 0.11610543 | Q55: 0.19652219 | R55: 0.1131856
A56: Argentina | B56: 35.425382 | C56: 0.82254294 | D56: † | E56: 0.50378589 | F56: 0.3873442 | H56: 0.07911497 | I56: 0.080871127 | K56: 75.654544 | L56: 2.6999277 | N56: 19.423141 | O56: 2.5195952 | Q56: 4.3394148 | R56: 0.97431411
A57: Baku (Azerbaijan) | B57: 58.77789 | C57: 0.91679626 | D57: † | E57: 0 | F57: c | H57: 9.0539593 | I57: 1.9643984 | K57: 89.262458 | L57: 2.1546988 | N57: 0.98958778 | O57: 0.62529787 | Q57: 0.69399458 | R57: 0.58056737
A58: Belarus | B58: 34.159493 | C58: 0.71294648 | E58: 0.24080621 | F58: 0.10805663 | H58: 0.65178213 | I58: 0.31299201 | K58: 80.526772 | L58: 2.9241904 | N58: 17.109601 | O58: 2.7537837 | Q58: 1.4710389 | R58: 0.68822697
A59: Bosnia and Herzegovina | B59: 59.746192 | C59: 0.6432497 | E59: 1.132416 | F59: 0.41768449 | H59: 4.3842046 | I59: 0.72268277 | K59: 94.017466 | L59: 0.86305979 | N59: 0.30598475 | O59: 0.19555615 | Q59: 0.15992899 | R59: 0.14774461
A60: Brazil | B60: 57.032796 | C60: 0.66491765 | D60: † | E60: 3.87495 | F60: 0.74014634 | H60: 7.9694256 | I60: 1.3469422 | K60: 83.276199 | L60: 1.6807141 | N60: 2.8250915 | O60: 0.73831697 | Q60: 2.0543342 | R60: 0.57287012
A61: Brunei Darussalam | B61: 63.21791 | C61: 0.70234052 | D61: † | E61: 0 | F61: c | H61: 7.6079882 | I61: 0.030443097 | K61: 92.392012 | L61: 0.030443097 | N61: 0 | O61: c | Q61: 0 | R61: c
A62: B-S-J-Z (China) | B62: 62.679542 | C62: 0.83725593 | E62: 1.6555666 | F62: 0.87095681 | H62: 13.268103 | I62: 2.2693179 | K62: 85.073495 | L62: 2.3983715 | N62: 0 | O62: c | Q62: 0.0028353989 | R62: 0.0028418102
A63: Bulgaria | B63: 46.671809 | C63: 0.72429952 | D63: † | E63: 0 | F63: c | H63: 2.204609 | I63: 1.12383 | K63: 93.945695 | L63: 1.4795999 | N63: 2.8133264 | O63: 1.076872 | Q63: 1.0363699 | R63: 0.53784239
A64: Costa Rica | B64: 55.91071 | C64: 0.92462603 | E64: 0.21583016 | F64: 0.2172511 | H64: 4.2451023 | I64: 1.4531149 | K64: 93.621018 | L64: 1.7822183 | N64: 1.4733994 | O64: 0.90476135 | Q64: 0.44464971 | R64: 0.43505034
A65: Croatia | B65: 37.9042 | C65: 0.69529468 | E65: 0 | F65: c | H65: 0 | I65: c | K65: 90.811535 | L65: 2.1812973 | N65: 8.5534333 | O65: 2.1046024 | Q65: 0.63503138 | R65: 0.48450644
A66: Cyprus | B66: 50.155819 | C66: 0.71653643 | D66: † | E66: 0.69814395 | F66: 0.039027147 | H66: 0 | I66: c | K66: 98.548954 | L66: 0.46490985 | N66: 0 | O66: c | Q66: 0.752902 | R66: 0.4678402
A67: Dominican Republic | B67: 56.365005 | C67: 1.1839718 | D67: ‡ | E67: 10.87095 | F67: 2.40972 | H67: 9.9915224 | I67: 2.3063654 | K67: 69.992562 | L67: 3.4110624 | N67: 3.0728413 | O67: 1.261728 | Q67: 6.0721241 | R67: 1.8028334
A68: Georgia | B68: 43.041224 | C68: 0.91645085 | E68: 1.1863498 | F68: 0.3988207 | H68: 2.3398964 | I68: 0.68983356 | K68: 86.158884 | L68: 1.4762782 | N68: 6.9830313 | O68: 1.2813329 | Q68: 3.3318386 | R68: 0.78256333
A69: Hong Kong (China)* | B69: 67.375999 | C69: 0.75226936 | E69: 2.3126694 | F69: 1.4406064 | H69: 22.250785 | I69: 3.3376794 | K69: 74.535042 | L69: 3.5019987 | N69: 0 | O69: c | Q69: 0.90150401 | R69: 0.89036613
A70: Indonesia | B70: 57.411349 | C70: 1.0904638 | E70: 1.045637 | F70: 0.53260832 | H70: 11.960412 | I70: 2.6403008 | K70: 86.245645 | L70: 2.7174291 | N70: 0.68474758 | O70: 0.50318775 | Q70: 0.063558402 | R70: 0.063897784
A71: Jordan | B71: 65.13723 | C71: 0.88441441 | E71: 1.0879096 | F71: 0.56072433 | H71: 28.145154 | I71: 2.7343154 | K71: 68.658484 | L71: 2.947788 | N71: 2.1084528 | O71: 0.99044371 | Q71: 0 | R71: c
A72: Kazakhstan | B72: 52.349626 | C72: 0.52245846 | E72: 0.85810893 | F72: 0.24627857 | H72: 5.540939 | I72: 0.86052405 | K72: 92.1864 | L72: 0.97074042 | N72: 1.0739856 | O72: 0.36460331 | Q72: 0.34056652 | R72: 0.11952108
A73: Kosovo | B73: 59.07377 | C73: 0.80228405 | E73: 1.9512822 | F73: 0.40689311 | H73: 5.18098 | I73: 0.99011011 | K73: 92.194439 | L73: 1.0844056 | N73: 0.23597124 | O73: 0.17051047 | Q73: 0.4373279 | R73: 0.11707142
A74: Lebanon | B74: 53.213254 | C74: 1.0908513 | E74: 3.4217455 | F74: 0.87865351 | H74: 6.2147395 | I74: 1.2675573 | K74: 82.925465 | L74: 1.98198 | N74: 4.9414271 | O74: 1.2699672 | Q74: 2.4966231 | R74: 0.77663599
A75: Macao (China) | B75: 58.789738 | C75: 0.84944669 | E75: 0 | F75: c | H75: 1.2512061 | I75: 0.029465826 | K75: 96.968785 | L75: 0.031747976 | N75: 1.6410829 | O75: 0.0095140845 | Q75: 0.13892603 | R75: 0.0077614118
A76: Malaysia | B76: 71.740419 | C76: 1.0865208 | E76: 10.147622 | F76: 2.2755157 | H76: 34.391945 | I76: 3.9821687 | K76: 55.460433 | L76: 3.6219452 | N76: 0 | O76: c | Q76: 0 | R76: c
A77: Malta | B77: 64.179912 | C77: 0.81486809 | E77: 0.088796157 | F77: 0.051095903 | H77: 14.299066 | I77: 0.1130736 | K77: 85.612138 | L77: 0.12626839 | N77: 0 | O77: c | Q77: 0 | R77: c
A78: Moldova | B78: 56.590788 | C78: 0.96232707 | E78: 0.42716994 | F78: 0.29364854 | H78: 7.850388 | I78: 1.7806376 | K78: 90.435883 | L78: 1.8070525 | N78: 0.73916782 | O78: 0.51945667 | Q78: 0.54739106 | R78: 0.21840677
A79: Montenegro | B79: 55.566613 | C79: 0.60624255 | E79: 0.44558093 | F79: 0.30641871 | H79: 0 | I79: c | K79: 98.505294 | L79: 0.68441839 | N79: 0.7908221 | O79: 0.56064622 | Q79: 0.25830289 | R79: 0.2542544
A80: Morocco | B80: 63.670218 | C80: 1.1002943 | D80: ‡ | E80: 5.1477952 | F80: 1.6745942 | H80: 13.910366 | I80: 2.9148044 | K80: 77.775292 | L80: 3.5058639 | N80: 1.3215611 | O80: 0.8014276 | Q80: 1.844986 | R80: 1.0645005
A81: North Macedonia | B81: 58.68761 | C81: 0.73408609 | E81: 0.16355865 | F81: 0.070618264 | H81: 3.2358208 | I81: 0.027209484 | K81: 96.539318 | L81: 0.075493369 | N81: 0.048561238 | O81: 0.0056364446 | Q81: 0.012741642 | R81: 0.012748529
A82: Panama | B82: 50.445698 | C82: 1.4421258 | D82: ‡ | E82: 3.0646824 | F82: 0.62317044 | H82: 10.550963 | I82: 1.588979 | K82: 77.168033 | L82: 2.3110002 | N82: 3.0281269 | O82: 1.1724664 | Q82: 6.1881948 | R82: 1.1673482
A83: Peru | B83: 62.93795 | C83: 1.0224357 | D83: ‡ | E83: 14.987833 | F83: 2.391329 | H83: 14.019728 | I83: 1.990664 | K83: 65.879227 | L83: 2.5087236 | N83: 1.6111185 | O83: 0.88437893 | Q83: 3.5020935 | R83: 1.0569492
A84: Philippines | B84: 56.648568 | C84: 0.72876888 | E84: 0.11891261 | F84: 0.11757345 | H84: 3.9453941 | I84: 1.4059914 | K84: 95.935693 | L84: 1.4132796 | N84: 0 | O84: c | Q84: 0 | R84: c
A85: Qatar | B85: 56.030967 | C85: 0.43677731 | E85: 0.027841953 | F85: 0.0049506217 | H85: 5.0778891 | I85: 0.051058748 | K85: 94.760449 | L85: 0.051544641 | N85: 0.13381978 | O85: 0.0090059322 | Q85: 0 | R85: c
A86: Romania | B86: 57.701123 | C86: 0.8524858 | E86: 0.54496206 | F86: 0.2886592 | H86: 3.5591738 | I86: 1.5708117 | K86: 95.364888 | L86: 1.5157857 | N86: 0.4493683 | O86: 0.34352526 | Q86: 0.081608089 | R86: 0.085764073
A87: Russia | B87: 46.377512 | C87: 0.67848075 | E87: 0.40816194 | F87: 0.14556019 | H87: 2.0405505 | I87: 0.63394876 | K87: 94.436872 | L87: 1.1730742 | N87: 2.5862997 | O87: 0.98959596 | Q87: 0.52811583 | R87: 0.25131201
A88: Saudi Arabia | B88: 57.986143 | C88: 0.82386603 | E88: 0.58313157 | F88: 0.23259519 | H88: 7.1860496 | I88: 1.7570954 | K88: 91.330909 | L88: 1.8780069 | N88: 0.68253171 | O88: 0.4936013 | Q88: 0.21737807 | R88: 0.16621432
A89: Serbia | B89: 47.765105 | C89: 0.94023436 | E89: 0.64619774 | F89: 0.54218731 | H89: 0.71461492 | I89: 0.4822192 | K89: 96.195233 | L89: 1.261488 | N89: 2.1231759 | O89: 1.0653938 | Q89: 0.32077834 | R89: 0.16420674
A90: Singapore | B90: 76.26515 | C90: 0.53740845 | E90: 2.1236278 | F90: 0.07327084 | H90: 54.917106 | I90: 0.89379942 | K90: 42.959266 | L90: 0.90627497 | N90: 0 | O90: c | Q90: 0 | R90: c
A91: Chinese Taipei | B91: 66.196744 | C91: 0.85072205 | E91: 1.3092832 | F91: 1.0958349 | H91: 25.589186 | I91: 3.5580845 | K91: 73.096981 | L91: 3.3794259 | N91: 0.0045503219 | O91: 6.459771e-05 | Q91: 0 | R91: c
A92: Thailand | B92: 54.229155 | C92: 0.77559293 | E92: 0.47350218 | F92: 0.15413603 | H92: 2.8247906 | I92: 1.2489849 | K92: 95.13858 | L92: 1.3702362 | N92: 1.0874749 | O92: 0.59812432 | Q92: 0.47565288 | R92: 0.19707879
A93: Ukraine | B93: 40.139828 | C93: 0.94505659 | E93: 0.4299859 | F93: 0.2092842 | H93: 0.37615271 | I93: 0.3810482 | K93: 88.063077 | L93: 2.0503924 | N93: 9.7452601 | O93: 1.9989378 | Q93: 1.3855239 | R93: 0.5484297
A94: United Arab Emirates | B94: 58.041042 | C94: 0.45639754 | E94: 0.48646763 | F94: 0.020308506 | H94: 8.7703792 | I94: 0.39359962 | K94: 89.810976 | L94: 0.47932471 | N94: 0.86748362 | O94: 0.26420016 | Q94: 0.064693419 | R94: 0.0065681617
A95: Uruguay | B95: 40.049564 | C95: 0.81621414 | D95: † | E95: 1.9430988 | F95: 0.97966588 | H95: 1.7756765 | I95: 0.93156506 | K95: 84.070251 | L95: 2.4865837 | N95: 9.6790286 | O95: 1.9677972 | Q95: 2.5319451 | R95: 0.92004137
A96: Viet Nam | B96: 44.158918 | C96: 1.1967477 | E96: 0.98074119 | F96: 0.85482281 | H96: 0.053091544 | I96: 0.037894796 | K96: 94.243951 | L96: 1.8446572 | N96: 3.9934001 | O96: 1.4684765 | Q96: 0.72881582 | R96: 0.68700823
A101: Information on data for Cyprus: https://oe.cd/cyprus-disclaimer
A102: *Data did not meet the PISA technical standards but were accepted as largely comparable (see Annexes A2 and A4).
A104: Note: Information regarding the proportion of the sample covered is shown next to the standard error. No symbol means at least 75% of the population was covered; one dagger (†) means at least 50% but less than 75%; and one double-dagger (‡) means less than 50% was covered. For comparisons across cycles, the coverage information corresponds to the cycle with the lowest sample coverage.

Sheet Table III.B1.8.6
A1: PISA 2018 Results (Volume III) - © OECD 2019
A2: Annex B1 | B2: Annex B1.8 Results (tables): Student co-operation and competition
A3: Version 2 - Last updated: 02-Dec-2019
A4: Disclaimer: http://oe.cd/disclaimer
A6: Table III.B1.8.6
A7: Student co-operation, by student characteristics
A8: Based on students' reports
B11: Index of student co-operation, by the following student characteristics:
B12: Gender | K12: Socio-economic status1 | T12: Education level | AC12: Immigrant background
B13: Boys | E13: Girls | H13: Girls - boys | K13: Disadvantaged students | N13: Advantaged students | Q13: Advantaged -disadvantaged | T13: Lower secondary (ISCED 2) | W13: Upper secondary (ISCED 3) | Z13: ISCED 3 - ISCED 2 | AC13: Non-immigrant students | AF13: Immigrant students | AI13: Immigrant - non-immigrant
B14: Mean index | C14: S.E. | E14: Mean index | F14: S.E. | H14: Dif. | I14: S.E. | K14: Mean index | L14: S.E. | N14: Mean index | O14: S.E. | Q14: Dif. | R14: S.E. | T14: Mean index | U14: S.E. | W14: Mean index | X14: S.E. | Z14: Dif. | AA14: S.E. | AC14: Mean index | AD14: S.E. | AF14: Mean index | AG14: S.E. | AI14: Dif. | AJ14: S.E.
A15: OECD
A16: Australia | B16: 0.050389841 | C16: 0.016003735 | E16: -0.0032261421 | F16: 0.01773254 | G16: † | H16: -0.053615983 | I16: 0.021776657 | J16: † | K16: -0.16632239 | L16: 0.020953249 | N16: 0.22405114 | O16: 0.021809732 | Q16: 0.39037353 | R16: 0.031266145 | T16: 0.017400355 | U16: 0.012134357 | V16: † | W16: 0.10825284 | X16: 0.054445423 | Z16: 0.090852487 | AA16: 0.053644849 | AB16: † | AC16: 0.0056123041 | AD16: 0.013703594 | AF16: 0.072820805 | AG16: 0.024185035 | AI16: 0.067208501 | AJ16: 0.026288381
A17: Austria | B17: 0.25422123 | C17: 0.028233374 | D17: † | E17: 0.45452928 | F17: 0.030129433 | H17: 0.20030804 | I17: 0.042636681 | J17: † | K17: 0.27142548 | L17: 0.032265785 | M17: † | N17: 0.42951066 | O17: 0.032558149 | Q17: 0.15808518 | R17: 0.041790426 | S17: † | T17: m | U17: m | W17: m | X17: m | Z17: m | AA17: m | AC17: 0.39191129 | AD17: 0.023198498 | AF17: 0.24729447 | AG17: 0.038845296 | AH17: † | AI17: -0.14461682 | AJ17: 0.043201044 | AK17: †
A18: Belgium | B18: -0.030370305 | C18: 0.021814486 | E18: -0.083153254 | F18: 0.021472002 | H18: -0.052782948 | I18: 0.029612694 | K18: -0.19239929 | L18: 0.028652808 | M18: † | N18: 0.075685821 | O18: 0.028265023 | Q18: 0.26808511 | R18: 0.037791615 | S18: † | T18: -0.45627258 | U18: 0.053317629 | V18: ‡ | W18: -0.038355832 | X18: 0.016518866 | Z18: 0.41791674 | AA18: 0.05855176 | AB18: ‡ | AC18: -0.028318729 | AD18: 0.016412889 | AF18: -0.18620232 | AG18: 0.033732297 | AH18: † | AI18: -0.15788359 | AJ18: 0.034055876 | AK18: †
A19: Canada | B19: m | C19: m | E19: m | F19: m | H19: m | I19: m | K19: m | L19: m | N19: m | O19: m | Q19: m | R19: m | T19: m | U19: m | W19: m | X19: m | Z19: m | AA19: m | AC19: m | AD19: m | AF19: m | AG19: m | AI19: m | AJ19: m
A20: Chile | B20: -0.10661562 | C20: 0.03175276 | D20: † | E20: -0.24137892 | F20: 0.029198495 | G20: † | H20: -0.1347633 | I20: 0.034484131 | J20: † | K20: -0.29360426 | L20: 0.03544746 | M20: † | N20: -0.091293608 | O20: 0.033080442 | P20: † | Q20: 0.20231066 | R20: 0.039439125 | S20: † | T20: -0.15496613 | U20: 0.08991275 | V20: ‡ | W20: -0.1734582 | X20: 0.024552879 | Y20: † | Z20: -0.018492074 | AA20: 0.087838731 | AB20: ‡ | AC20: -0.17058071 | AD20: 0.024615626 | AE20: † | AF20: -0.12933619 | AG20: 0.097085387 | AH20: † | AI20: 0.04124452 | AJ20: 0.093043989 | AK20: †
A21: Colombia | B21: -0.087951568 | C21: 0.025415538 | D21: † | E21: -0.17514275 | F21: 0.027973288 | G21: † | H21: -0.087191182 | I21: 0.033737912 | J21: † | K21: -0.19167818 | L21: 0.038683261 | M21: † | N21: 0.00043463758 | O21: 0.034799126 | Q21: 0.19211282 | R21: 0.052154612 | S21: † | T21: -0.17135921 | U21: 0.031055923 | V21: † | W21: -0.11013912 | X21: 0.024535552 | Y21: † | Z21: 0.06122009 | AA21: 0.037001652 | AB21: † | AC21: -0.12935239 | AD21: 0.020868106 | AE21: † | AF21: c | AG21: c | AI21: c | AJ21: c
A22: Czech Republic | B22: -0.24829905 | C22: 0.023581385 | E22: -0.19455013 | F22: 0.025971931 | H22: 0.05374892 | I22: 0.032574215 | K22: -0.38900424 | L22: 0.032181584 | N22: -0.10255608 | O22: 0.030856757 | Q22: 0.28644816 | R22: 0.039930104 | T22: -0.32089743 | U22: 0.025375975 | W22: -0.11833476 | X22: 0.027615902 | Z22: 0.20256267 | AA22: 0.037782986 | AC22: -0.21646507 | AD22: 0.018731818 | AF22: -0.36751231 | AG22: 0.079894796 | AI22: -0.15104724 | AJ22: 0.078109718
A23: Denmark | B23: 0.356253 | C23: 0.02031943 | E23: 0.32932933 | F23: 0.018722945 | H23: -0.026923665 | I23: 0.025297119 | K23: 0.24303922 | L23: 0.034450792 | M23: † | N23: 0.48527253 | O23: 0.025202773 | Q23: 0.24223331 | R23: 0.03934526 | S23: † | T23: 0.3403101 | U23: 0.015280563 | W23: c | X23: c | Z23: c | AA23: c | AC23: 0.36226165 | AD23: 0.015188662 | AF23: 0.19140729 | AG23: 0.041004121 | AI23: -0.17085437 | AJ23: 0.041412443
A24: Estonia | B24: -0.1053322 | C24: 0.019559703 | E24: -0.12806248 | F24: 0.021065127 | H24: -0.022730283 | I24: 0.02610079 | K24: -0.27291891 | L24: 0.034855292 | N24: 0.046428382 | O24: 0.033164981 | Q24: 0.3193473 | R24: 0.049993787 | T24: -0.12275201 | U24: 0.015782085 | W24: 0.31018789 | X24: 0.11100305 | Z24: 0.43293989 | AA24: 0.11384612 | AC24: -0.099926283 | AD24: 0.016146171 | AF24: -0.23288891 | AG24: 0.049590806 | AI24: -0.13296263 | AJ24: 0.051407274
A25: Finland | B25: 0.12520441 | C25: 0.021062505 | E25: 0.042137786 | F25: 0.022363593 | H25: -0.083066628 | I25: 0.028204598 | K25: -0.075998712 | L25: 0.033703087 | N25: 0.21963692 | O25: 0.02858484 | Q25: 0.29563563 | R25: 0.048453545 | T25: 0.083707839 | U25: 0.016544463 | W25: c | X25: c | Z25: c | AA25: c | AC25: 0.091965436 | AD25: 0.016488779 | AF25: -0.027359607 | AG25: 0.069018309 | AI25: -0.11932504 | AJ25: 0.068454446
A26: France | B26: -0.29994037 | C26: 0.022136674 | D26: † | E26: -0.45964392 | F26: 0.024101135 | G26: † | H26: -0.15970355 | I26: 0.033013852 | J26: † | K26: -0.50795205 | L26: 0.030609523 | M26: † | N26: -0.26629534 | O26: 0.030164347 | Q26: 0.24165671 | R26: 0.039785057 | S26: † | T26: -0.43619766 | U26: 0.039619856 | V26: † | W26: -0.37037982 | X26: 0.017396121 | Z26: 0.065817844 | AA26: 0.042395194 | AB26: † | AC26: -0.38043427 | AD26: 0.017844158 | AF26: -0.37158264 | AG26: 0.042931576 | AH26: † | AI26: 0.0088516294 | AJ26: 0.047441854 | AK26: †
A27: Germany | B27: 0.019234548 | C27: 0.032930184 | D27: ‡ | E27: 0.12244073 | F27: 0.036304441 | G27: ‡ | H27: 0.10320618 | I27: 0.04618628 | J27: ‡ | K27: -0.084212275 | L27: 0.05678786 | M27: ‡ | N27: 0.27004046 | O27: 0.040338089 | P27: † | Q27: 0.35425273 | R27: 0.06747555 | S27: ‡ | T27: 0.057668002 | U27: 0.02774265 | V27: ‡ | W27: 0.26673985 | X27: 0.072105419 | Y27: † | Z27: 0.20907185 | AA27: 0.081408191 | AB27: ‡ | AC27: 0.099517003 | AD27: 0.029397864 | AE27: ‡ | AF27: -0.041469239 | AG27: 0.052106982 | AH27: ‡ | AI27: -0.14098624 | AJ27: 0.058773115 | AK27: ‡
A28: Greece | B28: -0.048028113 | C28: 0.025182805 | E28: 0.014393558 | F28: 0.022577305 | H28: 0.062421672 | I28: 0.032936573 | K28: -0.078352529 | L28: 0.030020405 | N28: 0.040955165 | O28: 0.035175887 | Q28: 0.11930769 | R28: 0.044596569 | T28: -0.18978591 | U28: 0.12790879 | V28: † | W28: -0.0098116365 | X28: 0.017079492 | Z28: 0.17997427 | AA28: 0.12778214 | AB28: † | AC28: -0.0086546839 | AD28: 0.018831035 | AF28: -0.07191959 | AG28: 0.046925835 | AI28: -0.063264906 | AJ28: 0.050746829
A29: Hungary | B29: -0.11498397 | C29: 0.026257315 | E29: -0.14721712 | F29: 0.032417211 | H29: -0.032233151 | I29: 0.034600819 | K29: -0.35420744 | L29: 0.04075018 | N29: 0.11666117 | O29: 0.046575574 | Q29: 0.4708686 | R29: 0.065141411 | T29: -0.35105437 | U29: 0.075992939 | V29: † | W29: -0.11202895 | X29: 0.025907624 | Z29: 0.23902542 | AA29: 0.083051564 | AB29: † | AC29: -0.13077252 | AD29: 0.024079729 | AF29: -0.055335829 | AG29: 0.10913613 | AH29: † | AI29: 0.075436691 | AJ29: 0.10655709 | AK29: †
A30: Iceland | B30: 0.26644016 | C30: 0.032233122 | D30: † | E30: 0.35702209 | F30: 0.026298851 | G30: † | H30: 0.090581923 | I30: 0.037860005 | J30: † | K30: 0.13590088 | L30: 0.042126015 | M30: † | N30: 0.43665613 | O30: 0.041253724 | P30: † | Q30: 0.30075525 | R30: 0.053965477 | S30: † | T30: 0.31183606 | U30: 0.022670586 | V30: † | W30: c | X30: c | Z30: c | AA30: c | AC30: 0.33012055 | AD30: 0.022282443 | AE30: † | AF30: 0.089238505 | AG30: 0.089158096 | AH30: † | AI30: -0.24088204 | AJ30: 0.087209844 | AK30: †
A31: Ireland | B31: -0.22956011 | C31: 0.019538851 | E31: -0.11675422 | F31: 0.023690297 | H31: 0.11280589 | I31: 0.028979849 | K31: -0.23885227 | L31: 0.024911625 | N31: -0.10947485 | O31: 0.034296732 | Q31: 0.12937742 | R31: 0.041639159 | T31: -0.17572844 | U31: 0.019664485 | W31: -0.16673616 | X31: 0.025239519 | Z31: 0.008992276 | AA31: 0.030019383 | AC31: -0.18179883 | AD31: 0.018102364 | AF31: -0.13069396 | AG31: 0.035137744 | AH31: † | AI31: 0.051104867 | AJ31: 0.037881567 | AK31: †
A32: Israel | B32: -0.049121484 | C32: 0.028932327 | E32: 0.16257917 | F32: 0.028792182 | H32: 0.21170065 | I32: 0.037201758 | K32: -0.081382046 | L32: 0.036355759 | N32: 0.2631821 | O32: 0.038253889 | Q32: 0.34456415 | R32: 0.051942007 | T32: -0.03047368 | U32: 0.045179882 | W32: 0.083207046 | X32: 0.024630905 | Z32: 0.11368073 | AA32: 0.052888215 | AC32: 0.08671046 | AD32: 0.024757518 | AF32: 0.004769015 | AG32: 0.033903888 | AI32: -0.081941445 | AJ32: 0.039000499
A33: Italy | B33: -0.2975683 | C33: 0.019966762 | E33: -0.32922441 | F33: 0.024861056 | G33: † | H33: -0.031656115 | I33: 0.031928472 | J33: † | K33: -0.40702828 | L33: 0.031662688 | M33: † | N33: -0.2477567 | O33: 0.034463983 | Q33: 0.15927157 | R33: 0.04730457 | S33: † | T33: -0.44069235 | U33: 0.17604685 | V33: † | W33: -0.31168811 | X33: 0.01564615 | Z33: 0.12900424 | AA33: 0.17525987 | AB33: † | AC33: -0.29889405 | AD33: 0.016584225 | AF33: -0.42269931 | AG33: 0.047319069 | AH33: † | AI33: -0.12380526 | AJ33: 0.048694638 | AK33: †
A34: Japan | B34: 0.089272346 | C34: 0.026968812 | E34: 0.1329972 | F34: 0.027763961 | H34: 0.043724855 | I34: 0.030487218 | K34: 0.035778057 | L34: 0.033200762 | N34: 0.17271852 | O34: 0.03722083 | Q34: 0.13694047 | R34: 0.043992508 | T34: m | U34: m | W34: 0.11152416 | X34: 0.022927011 | Z34: m | AA34: m | AC34: w | AD34: w | AF34: w | AG34: w | AI34: w | AJ34: w
A35: Korea | B35: 0.22548543 | C35: 0.022661014 | E35: 0.089493029 | F35: 0.024537175 | H35: -0.1359924 | I35: 0.031023844 | K35: 0.12452462 | L35: 0.028633809 | N35: 0.19711683 | O35: 0.033214768 | Q35: 0.072592204 | R35: 0.040782456 | T35: 0.18683306 | U35: 0.061609877 | W35: 0.15557888 | X35: 0.018045782 | Z35: -0.031254184 | AA35: 0.064089184 | AC35: 0.16562208 | AD35: 0.01864506 | AF35: c | AG35: c | AI35: c | AJ35: c
A36: Latvia | B36: -0.19567025 | C36: 0.018018961 | E36: -0.25023772 | F36: 0.021555766 | H36: -0.054567471 | I36: 0.027050872 | K36: -0.38164039 | L36: 0.028218174 | N36: -0.047688776 | O36: 0.027427973 | Q36: 0.33395161 | R36: 0.037871949 | T36: -0.23289254 | U36: 0.014985924 | W36: 0.019050888 | X36: 0.084606415 | Z36: 0.25194343 | AA36: 0.086887478 | AC36: -0.22291768 | AD36: 0.014664358 | AF36: -0.19761369 | AG36: 0.080914473 | AI36: 0.025303987 | AJ36: 0.08170821
A37: Lithuania | B37: 0.17483026 | C37: 0.023604649 | E37: 0.26479089 | F37: 0.022533594 | H37: 0.089960621 | I37: 0.032629899 | K37: 0.055468659 | L37: 0.031512613 | N37: 0.39828947 | O37: 0.030694139 | Q37: 0.34282081 | R37: 0.048490469 | T37: 0.2192498 | U37: 0.016446788 | W37: m | X37: m | Z37: m | AA37: m | AC37: 0.22494638 | AD37: 0.01670767 | AF37: -0.25500073 | AG37: 0.1138238 | AH37: † | AI37: -0.47994711 | AJ37: 0.11758444 | AK37: †
A38: Luxembourg | B38: -0.036316423 | C38: 0.021191427 | E38: -0.060008137 | F38: 0.020081847 | H38: -0.023691714 | I38: 0.029486214 | K38: -0.17866333 | L38: 0.030889672 | N38: 0.13201796 | O38: 0.029020252 | Q38: 0.31068129 | R38: 0.040631104 | T38: -0.090261797 | U38: 0.022125641 | W38: 0.00064120544 | X38: 0.019489116 | Z38: 0.090903002 | AA38: 0.030340863 | AC38: 0.062658042 | AD38: 0.022891682 | AF38: -0.14032861 | AG38: 0.019679752 | AI38: -0.20298665 | AJ38: 0.030846449
A39: Mexico | B39: -0.056449498 | C39: 0.028080639 | D39: ‡ | E39: -0.052737286 | F39: 0.028341626 | G39: ‡ | H39: 0.0037122122 | I39: 0.034715481 | J39: ‡ | K39: -0.16101304 | L39: 0.048408391 | M39: ‡ | N39: 0.055322512 | O39: 0.037173098 | P39: † | Q39: 0.21633555 | R39: 0.061989007 | S39: ‡ | T39: -0.24239822 | U39: 0.057787838 | V39: ‡ | W39: -0.027188187 | X39: 0.025278747 | Y39: † | Z39: 0.21521004 | AA39: 0.066826029 | AB39: ‡ | AC39: -0.051558663 | AD39: 0.02216092 | AE39: † | AF39: -0.32688568 | AG39: 0.22874318 | AH39: ‡ | AI39: -0.27532702 | AJ39: 0.22455442 | AK39: ‡
A40: Netherlands* | B40: 0.16726682 | C40: 0.024022862 | E40: 0.20181205 | F40: 0.024432811 | H40: 0.03454523 | I40: 0.029769224 | K40: 0.12319883 | L40: 0.033016681 | M40: † | N40: 0.28335137 | O40: 0.035210169 | Q40: 0.16015254 | R40: 0.045223178 | S40: † | T40: 0.13709035 | U40: 0.025950453 | V40: † | W40: 0.25576595 | X40: 0.027192736 | Z40: 0.11867559 | AA40: 0.037033408 | AB40: † | AC40: 0.20015947 | AD40: 0.020210962 | AF40: 0.061207329 | AG40: 0.052620448 | AH40: † | AI40: -0.13895214 | AJ40: 0.055632275 | AK40: †
A41: New Zealand | B41: 0.014391339 | C41: 0.020934531 | E41: -0.041409059 | F41: 0.022973308 | H41: -0.055800399 | I41: 0.02982353 | K41: -0.11427151 | L41: 0.02806374 | N41: 0.11296004 | O41: 0.024995671 | Q41: 0.22723154 | R41: 0.03730673 | T41: 0.10298245 | U41: 0.055206133 | V41: † | W41: -0.021628247 | X41: 0.016372363 | Z41: -0.12461069 | AA41: 0.055480425 | AB41: † | AC41: -0.037816927 | AD41: 0.020680386 | AF41: 0.067283265 | AG41: 0.028698935 | AI41: 0.10510019 | AJ41: 0.037838588
A42: Norway | B42: 0.5949187 | C42: 0.021494024 | E42: 0.64816462 | F42: 0.019335233 | H42: 0.053245928 | I42: 0.026486486 | K42: 0.52787934 | L42: 0.029713424 | N42: 0.66932081 | O42: 0.027631087 | Q42: 0.14144147 | R42: 0.039675904 | T42: 0.62133355 | U42: 0.015569934 | W42: c | X42: c | Z42: c | AA42: c | AC42: 0.64742731 | AD42: 0.016820054 | AF42: 0.45274243 | AG42: 0.035481054 | AI42: -0.19468488 | AJ42: 0.039831069
A43: Poland | B43: 0.01095367 | C43: 0.02091284 | E43: -0.0059847057 | F43: 0.022292862 | H43: -0.016938376 | I43: 0.026154493 | K43: -0.096079413 | L43: 0.033422653 | N43: 0.088726861 | O43: 0.030811848 | Q43: 0.18480627 | R43: 0.04878275 | T43: -0.0019910813 | U43: 0.016599574 | W43: c | X43: c | Z43: c | AA43: c | AC43: 0.0046682418 | AD43: 0.01710828 | AF43: c | AG43: c | AI43: c | AJ43: c
A44: Portugal* | B44: -0.022241248 | C44: 0.023417746 | E44: -0.10017726 | F44: 0.023363815 | H44: -0.077936008 | I44: 0.027026772 | K44: -0.1284321 | L44: 0.035269718 | N44: 0.05550363 | O44: 0.03298172 | Q44: 0.18393573 | R44: 0.04361881 | T44: -0.22908907 | U44: 0.030972635 | V44: † | W44: 0.0046750169 | X44: 0.022757181 | Z44: 0.23376409 | AA44: 0.03789682 | AB44: † | AC44: -0.051983424 | AD44: 0.019325393 | AF44: -0.22607065 | AG44: 0.069677518 | AI44: -0.17408722 | AJ44: 0.069843366
A45: Slovak Republic | B45: -0.26962207 | C45: 0.022014251 | E45: -0.18793635 | F45: 0.026978744 | H45: 0.08168572 | I45: 0.038986096 | K45: -0.37269058 | L45: 0.03054975 | M45: † | N45: -0.060050578 | O45: 0.031303216 | Q45: 0.31264 | R45: 0.045063405 | S45: † | T45: -0.29806449 | U45: 0.023539624 | W45: -0.17281422 | X45: 0.021945868 | Z45: 0.12525027 | AA45: 0.034142934 | AC45: -0.22381677 | AD45: 0.015158221 | AF45: -0.31010389 | AG45: 0.18107775 | AI45: -0.086287116 | AJ45: 0.18267681
A46: Slovenia | B46: -0.075640723 | C46: 0.020923643 | E46: 0.024711878 | F46: 0.024009388 | H46: 0.1003526 | I46: 0.030662898 | K46: -0.16877962 | L46: 0.031080896 | N46: 0.13494367 | O46: 0.036361549 | Q46: 0.30372328 | R46: 0.047616354 | T46: -0.1370614 | U46: 0.085367766 | V46: † | W46: -0.018815973 | X46: 0.015806411 | Z46: 0.11824543 | AA46: 0.083753758 | AB46: † | AC46: -0.011638466 | AD46: 0.016208054 | AF46: -0.18174644 | AG46: 0.065444555 | AH46: † | AI46: -0.17010797 | AJ46: 0.0643402 | AK46: †
A47: Spain | B47: -0.13105081 | C47: 0.015198358 | D47: † | E47: -0.13477752 | F47: 0.018893759 | G47: † | H47: -0.0037267102 | I47: 0.019864689 | J47: † | K47: -0.26015766 | L47: 0.021067851 | M47: † | N47: 0.020820115 | O47: 0.021913251 | P47: † | Q47: 0.28097778 | R47: 0.027404643 | S47: † | T47: -0.13301851 | U47: 0.013906551 | V47: † | W47: c | X47: c | Z47: c | AA47: c | AC47: -0.11819876 | AD47: 0.015096562 | AE47: † | AF47: -0.20101703 | AG47: 0.027107026 | AH47: † | AI47: -0.082818262 | AJ47: 0.029460157 | AK47: †
A48: Sweden | B48: 0.046879171 | C48: 0.022100331 | E48: -0.14594793 | F48: 0.025102094 | H48: -0.1928271 | I48: 0.030651754 | K48: -0.13297128 | L48: 0.033806323 | N48: 0.062517598 | O48: 0.032256686 | Q48: 0.19548888 | R48: 0.043881543 | T48: -0.061396889 | U48: 0.018256033 | W48: 0.49102052 | X48: 0.089731187 | Z48: 0.55241741 | AA48: 0.091107127 | AC48: -0.060804439 | AD48: 0.021628999 | AF48: -0.0058284236 | AG48: 0.042115127 | AI48: 0.054976015 | AJ48: 0.049267215
A49: Switzerland | B49: 0.10411563 | C49: 0.033882109 | D49: † | E49: 0.16398291 | F49: 0.03744859 | G49: † | H49: 0.059867277 | I49: 0.038467599 | J49: † | K49: -0.0062678379 | L49: 0.050872774 | M49: † | N49: 0.24828696 | O49: 0.042709175 | P49: † | Q49: 0.2545548 | R49: 0.067523148 | S49: † | T49: 0.11214265 | U49: 0.036780839 | V49: † | W49: 0.17708564 | X49: 0.047633579 | Y49: † | Z49: 0.06494299 | AA49: 0.058976892 | AB49: † | AC49: 0.1696361 | AD49: 0.031615247 | AE49: † | AF49: 0.058354885 | AG49: 0.048352546 | AH49: † | AI49: -0.11128121 | AJ49: 0.050779434 | AK49: †
A50: Turkey | B50: -0.043527488 | C50: 0.019672239 | E50: 0.02181611 | F50: 0.026205035 | H50: 0.065343598 | I50: 0.031347576 | K50: -0.042029083 | L50: 0.034064366 | N50: 0.029963969 | O50: 0.035843205 | Q50: 0.071993052 | R50: 0.046896243 | T50: c | U50: c | W50: -0.0088725627 | X50: 0.017457813 | Z50: c | AA50: c | AC50: -0.0070698625 | AD50: 0.017505363 | AF50: -0.13929842 | AG50: 0.13152185 | AI50: -0.13222855 | AJ50: 0.12988717
A51: United Kingdom | B51: -0.10447218 | C51: 0.019582248 | E51: -0.17143682 | F51: 0.022469366 | H51: -0.066964633 | I51: 0.028337425 | K51: -0.22989542 | L51: 0.028074944 | N51: -0.036108094 | O51: 0.029487052 | Q51: 0.19378732 | R51: 0.041666148 | T51: c | U51: c | W51: -0.13938938 | X51: 0.015354551 | Z51: c | AA51: c | AC51: -0.15158387 | AD51: 0.017108122 | AF51: -0.092983731 | AG51: 0.040037184 | AI51: 0.058600134 | AJ51: 0.044853255
A52: United States* | B52: -0.097724618 | C52: 0.026781313 | E52: -0.22412748 | F52: 0.025915018 | H52: -0.12640286 | I52: 0.03307241 | K52: -0.24316953 | L52: 0.031349867 | N52: -0.052447166 | O52: 0.034355923 | Q52: 0.19072236 | R52: 0.043130223 | T52: -0.22504895 | U52: 0.059687412 | W52: -0.15561147 | X52: 0.020969193 | Z52: 0.069437483 | AA52: 0.061996115 | AC52: -0.1813053 | AD52: 0.021706959 | AF52: -0.069712562 | AG52: 0.039382303 | AI52: 0.11159274 | AJ52: 0.042489847
A53: OECD average | B53: -0.0041841619 | C53: 0.0039901438 | E53: -0.0061925829 | F53: 0.0042215763 | H53: -0.002008421 | I53: 0.0053188542 | K53: -0.1203544 | L53: 0.0057067266 | N53: 0.11824178 | O53: 0.0055326446 | Q53: 0.23859619 | R53: 0.0077513386 | T53: -0.072214016 | U53: 0.0098052551 | W53: 0.0010170447 | X53: 0.0078299612 | Z53: 0.15269965 | AA53: 0.015103682 | AC53: 0.0022664175 | AD53: 0.0033661465 | AF53: -0.091827243 | AG53: 0.01409644 | AI53: -0.093026827 | AJ53: 0.014218873
A54: Partners
A55: Albania | B55: 0.57396428 | C55: 0.021782939 | E55: 0.71964077 | F55: 0.020421642 | H55: 0.14567649 | I55: 0.026339135 | K55: 0.5710254 | L55: 0.029098018 | N55: 0.73192796 | O55: 0.025568655 | Q55: 0.16090256 | R55: 0.035165055 | T55: 0.72421402 | U55: 0.028080257 | W55: 0.60063213 | X55: 0.021088535 | Z55: -0.12358188 | AA55: 0.036005801 | AC55: 0.65057575 | AD55: 0.016635105 | AF55: 0.59756785 | AG55: 0.25536307 | AI55: -0.053007899 | AJ55: 0.25962077
A56: Argentina | B56: -0.44598722 | C56: 0.02572391 | D56: † | E56: -0.64459681 | F56: 0.02461255 | G56: † | H56: -0.19860959 | I56: 0.034576973 | J56: † | K56: -0.62800477 | L56: 0.033390813 | M56: † | N56: -0.43108023 | O56: 0.040693183 | P56: † | Q56: 0.19692454 | R56: 0.053011391 | S56: † | T56: -0.62261796 | U56: 0.030557647 | V56: † | W56: -0.51316544 | X56: 0.022643356 | Y56: † | Z56: 0.10945252 | AA56: 0.037256822 | AB56: † | AC56: -0.53994083 | AD56: 0.020176603 | AE56: † | AF56: -0.54734309 | AG56: 0.080020024 | AH56: † | AI56: -0.0074022598 | AJ56: 0.086545563 | AK56: †
A57: Baku (Azerbaijan) | B57: 0.11519333 | C57: 0.028790284 | D57: ‡ | E57: 0.05796876 | F57: 0.03006382 | G57: † | H57: -0.057224571 | I57: 0.039941615 | J57: ‡ | K57: -0.037239344 | L57: 0.045029099 | M57: † | N57: 0.20812994 | O57: 0.032456863 | P57: † | Q57: 0.24536928 | R57: 0.055688527 | S57: † | T57: 0.019971758 | U57: 0.040598807 | V57: ‡ | W57: 0.12315195 | X57: 0.023249582 | Y57: † | Z57: 0.10318019 | AA57: 0.04407115 | AB57: ‡ | AC57: 0.10241307 | AD57: 0.022598964 | AE57: † | AF57: -0.26681495 | AG57: 0.096856673 | AH57: † | AI57: -0.36922803 | AJ57: 0.1030684 | AK57: †
A58: Belarus | B58: -0.080604817 | C58: 0.023487434 | E58: -0.11620685 | F58: 0.025689095 | H58: -0.035602034 | I58: 0.0273817 | K58: -0.26257551 | L58: 0.029040692 | N58: 0.067747529 | O58: 0.038189933 | Q58: 0.33032304 | R58: 0.043693415 | T58: -0.10917409 | U58: 0.028934312 | W58: -0.089174435 | X58: 0.021758104 | Z58: 0.019999655 | AA58: 0.029407304 | AC58: -0.088385693 | AD58: 0.021552903 | AF58: -0.21047118 | AG58: 0.07097369 | AI58: -0.12208549 | AJ58: 0.073016762
A59: Bosnia and Herzegovina | B59: 0.060202 | C59: 0.024206339 | E59: 0.030875061 | F59: 0.027284151 | H59: -0.029326939 | I59: 0.03361112 | K59: -0.012773752 | L59: 0.037460183 | N59: 0.082906792 | O59: 0.030777882 | Q59: 0.095680543 | R59: 0.050544825 | T59: 0.060673306 | U59: 0.045209212 | W59: 0.042780038 | X59: 0.021299829 | Z59: -0.017893269 | AA59: 0.049121958 | AC59: 0.046632188 | AD59: 0.019138707 | AF59: 0.087384739 | AG59: 0.094768613 | AI59: 0.040752551 | AJ59: 0.089184374
A60: Brazil | B60: -0.29081513 | C60: 0.022689934 | D60: † | E60: -0.41321158 | F60: 0.025607238 | G60: † | H60: -0.12239645 | I60: 0.029813447 | J60: † | K60: -0.37912381 | L60: 0.043770189 | M60: ‡ | N60: -0.25103638 | O60: 0.032207157 | P60: † | Q60: 0.12808743 | R60: 0.049295042 | S60: ‡ | T60: -0.46588327 | U60: 0.04008648 | V60: ‡ | W60: -0.32486876 | X60: 0.020693797 | Y60: † | Z60: 0.14101452 | AA60: 0.04402001 | AB60: ‡ | AC60: -0.34791486 | AD60: 0.019494496 | AE60: † | AF60: -0.66040404 | AG60: 0.22797247 | AH60: † | AI60: -0.31248918 | AJ60: 0.22676986 | AK60: †
A61: Brunei Darussalam | B61: -0.080177608 | C61: 0.016755453 | D61: † | E61: -0.075891596 | F61: 0.019900324 | G61: † | H61: 0.0042860116 | I61: 0.024421472 | J61: † | K61: -0.22540503 | L61: 0.028458139 | M61: † | N61: 0.073064688 | O61: 0.022803057 | Q61: 0.29846972 | R61: 0.036834063 | S61: † | T61: c | U61: c | W61: -0.077542799 | X61: 0.013818405 | Y61: † | Z61: c | AA61: c | AC61: -0.082045042 | AD61: 0.014133245 | AE61: † | AF61: -0.038146343 | AG61: 0.04646456 | AI61: 0.0438987 | AJ61: 0.048238625 | AK61: †
A62: B-S-J-Z (China) | B62: 0.22585249 | C62: 0.020220635 | E62: 0.13866199 | F62: 0.021480043 | H62: -0.087190501 | I62: 0.023433511 | K62: 0.059539806 | L62: 0.034177446 | N62: 0.34198253 | O62: 0.024125844 | Q62: 0.28244272 | R62: 0.038499081 | T62: 0.30165033 | U62: 0.032700625 | W62: 0.10500658 | X62: 0.019733884 | Z62: -0.19664375 | AA62: 0.039012941 | AC62: 0.18498803 | AD62: 0.017162745 | AF62: c | AG62: c | AI62: c | AJ62: c
A63: Bulgaria | B63: -0.35163381 | C63: 0.028690309 | D63: † | E63: -0.37066759 | F63: 0.029214616 | G63: † | H63: -0.01903378 | I63: 0.036313058 | J63: † | K63: -0.4257302 | L63: 0.045440499 | M63: † | N63: -0.22424244 | O63: 0.0501222 | Q63: 0.20148776 | R63: 0.067169415 | S63: † | T63: c | U63: c | W63: -0.36002847 | X63: 0.022561547 | Y63: † | Z63: c | AA63: c | AC63: -0.35510107 | AD63: 0.02399576 | AE63: † | AF63: -0.42738066 | AG63: 0.18223586 | AH63: † | AI63: -0.072279595 | AJ63: 0.18913017 | AK63: †
A64: Costa Rica | B64: -0.094371014 | C64: 0.020811396 | E64: -0.23264238 | F64: 0.036705995 | H64: -0.13827137 | I64: 0.03678972 | K64: -0.22881929 | L64: 0.031589033 | N64: -0.083183398 | O64: 0.043730824 | Q64: 0.14563589 | R64: 0.055438852 | T64: -0.21895482 | U64: 0.020693334 | W64: -0.10401515 | X64: 0.040870442 | Z64: 0.11493968 | AA64: 0.045143831 | AC64: -0.16297174 | AD64: 0.025280884 | AF64: -0.16090332 | AG64: 0.044387329 | AI64: 0.002068417 | AJ64: 0.049754498
A65: Croatia | B65: 0.0052187474 | C65: 0.023268532 | E65: -0.015972758 | F65: 0.025320505 | H65: -0.021191505 | I65: 0.030339455 | K65: -0.16606223 | L65: 0.029712157 | N65: 0.081077606 | O65: 0.030637862 | Q65: 0.24713984 | R65: 0.038029452 | T65: c | U65: c | W65: -0.0056212859 | X65: 0.018831949 | Z65: c | AA65: c | AC65: 0.0025159369 | AD65: 0.019504831 | AF65: -0.058517349 | AG65: 0.048619348 | AI65: -0.061033286 | AJ65: 0.048026746
A66: Cyprus | B66: -0.23293052 | C66: 0.025294562 | D66: † | E66: -0.20670859 | F66: 0.023863869 | G66: † | H66: 0.026221928 | I66: 0.032753139 | J66: † | K66: -0.32382972 | L66: 0.038831301 | M66: † | N66: -0.10281809 | O66: 0.037511939 | P66: † | Q66: 0.22101163 | R66: 0.054705318 | S66: † | T66: -0.47523781 | U66: 0.12792274 | V66: † | W66: -0.20751504 | X66: 0.019906448 | Y66: † | Z66: 0.26772277 | AA66: 0.13449536 | AB66: † | AC66: -0.20490308 | AD66: 0.020831113 | AE66: † | AF66: -0.29082723 | AG66: 0.049827494 | AH66: † | AI66: -0.085924154 | AJ66: 0.055882075 | AK66: †
A67: Dominican Republic | B67: -0.043265307 | C67: 0.044541269 | D67: ‡ | E67: -0.13282605 | F67: 0.042272861 | G67: ‡ | H67: -0.089560743 | I67: 0.062295134 | J67: ‡ | K67: -0.19860602 | L67: 0.083672544 | M67: ‡ | N67: 0.0067350337 | O67: 0.055656827 | P67: ‡ | Q67: 0.20534106 | R67: 0.09924339 | S67: ‡ | T67: -0.21599409 | U67: 0.056770365 | V67: ‡ | W67: -0.025061248 | X67: 0.035516741 | Y67: ‡ | Z67: 0.19093285 | AA67: 0.066275928 | AB67: ‡ | AC67: -0.073066165 | AD67: 0.031690971 | AE67: ‡ | AF67: -0.28500416 | AG67: 0.2374521 | AH67: ‡ | AI67: -0.21193799 | AJ67: 0.2353717 | AK67: ‡
